player,href,season,date,team,opp,home_away,result,gs,mp,fg,fga,fg3,fg3a,ft,fta,orb,drb,trb,ast,stl,blk,tov,pf,pts
Kobe Bufkin,https://www.basketball-reference.com/players/b/bufkiko01.html,2024,2023-10-25,ATL,CHO,@,"L, 110-116",,,,,,,,,,,,,,,,,
Kobe Bufkin,https://www.basketball-reference.com/players/b/bufkiko01.html,2024,2023-10-27,ATL,NYK,,"L, 120-126",,,,,,,,,,,,,,,,,
Kobe Bufkin,https://www.basketball-reference.com/players/b/bufkiko01.html,2024,2023-10-29,ATL,MIL,@,"W, 127-110",,03:14,0,2,0,1,1,2,1,1,2,0,0,0,0,0,1
Kobe Bufkin,https://www.basketball-reference.com/players/b/bufkiko01.html,2024,2023-10-30,ATL,MIN,,"W, 127-113",,01:11,0,1,0,0,0,0,0,0,0,0,0,0,0,0,0
Kobe Bufkin,https://www.basketball-reference.com/players/b/bufkiko01.html,2024,,,,,,,,,,,,,,,,,,,,,,
Kobe Bufkin,https://www.basketball-reference.com/players/b/bufkiko01.html,2024,2023-11-01,ATL,WAS,,"W, 130-121",,,,,,,,,,,,,,,,,
Kobe Bufkin,https://www.basketball-reference.com/players/b/bufkiko01.html,2024,2023-11-04,ATL,NOP,@,"W, 123-105",,,,,,,,,,,,,,,,,
Kobe Bufkin,https://www.basketball-reference.com/players/b/bufkiko01.html,2024,2023-11-06,ATL,OKC,@,"L, 117-126",,,,,,,,,,,,,,,,,
Kobe Bufkin,https://www.basketball-reference.com/players/b/bufkiko01.html,2024,2023-11-09,ATL,ORL,@,"W, 120-119",,,,,,,,,,,,,,,,,
Kobe Bufkin,https://www.basketball-reference.com/players/b/bufkiko01.html,2024,2023-11-11,ATL,MIA,,"L, 109-117",,,,,,,,,,,,,,,,,
Kobe Bufkin,https://www.basketball-reference.com/players/b/bufkiko01.html,2024,2023-11-14,ATL,DET,@,"W, 126-120",,,,,,,,,,,,,,,,,
Kobe Bufkin,https://www.basketball-reference.com/players/b/bufkiko01.html,2024,2023-11-15,ATL,NYK,,"L, 114-116",,,,,,,,,,,,,,,,,
Kobe Bufkin,https://www.basketball-reference.com/players/b/bufkiko01.html,2024,2023-11-17,ATL,PHI,,"L, 116-126",,,,,,,,,,,,,,,,,
Kobe Bufkin,https://www.basketball-reference.com/players/b/bufkiko01.html,2024,2023-11-21,ATL,IND,,"L, 152-157",,,,,,,,,,,,,,,,,
Kobe Bufkin,https://www.basketball-reference.com/players/b/bufkiko01.html,2024,2023-11-22,ATL,BRK,,"W, 147-145 (OT)",,,,,,,,,,,,,,,,,
Kobe Bufkin,https://www.basketball-reference.com/players/b/bufkiko01.html,2024,2023-11-25,ATL,WAS,@,"W, 136-108",,,,,,,,,,,,,,,,,
Kobe Bufkin,https://www.basketball-reference.com/players/b/bufkiko01.html,2024,2023-11-26,ATL,BOS,@,"L, 103-113",,,,,,,,,,,,,,,,,
Kobe Bufkin,https://www.basketball-reference.com/players/b/bufkiko01.html,2024,2023-11-28,ATL,CLE,@,"L, 105-128",,,,,,,,,,,,,,,,,
Kobe Bufkin,https://www.basketball-reference.com/players/b/bufkiko01.html,2024,2023-11-30,ATL,SAS,@,"W, 137-135",,,,,,,,,,,,,,,,,
Kobe Bufkin,https://www.basketball-reference.com/players/b/bufkiko01.html,2024,2023-12-02,ATL,MIL,@,"L, 121-132",,,,,,,,,,,,,,,,,
Kobe Bufkin,https://www.basketball-reference.com/players/b/bufkiko01.html,2024,2023-12-06,ATL,BRK,,"L, 113-114",,,,,,,,,,,,,,,,,
Kobe Bufkin,https://www.basketball-reference.com/players/b/bufkiko01.html,2024,2023-12-08,ATL,PHI,@,"L, 114-125",,,,,,,,,,,,,,,,,
Kobe Bufkin,https://www.basketball-reference.com/players/b/bufkiko01.html,2024,2023-12-11,ATL,DEN,,"L, 122-129",,,,,,,,,,,,,,,,,
Kobe Bufkin,https://www.basketball-reference.com/players/b/bufkiko01.html,2024,2023-12-13,ATL,TOR,@,"L, 128-135",,,,,,,,,,,,,,,,,
Kobe Bufkin,https://www.basketball-reference.com/players/b/bufkiko01.html,2024,2023-12-15,ATL,TOR,@,"W, 125-104",,,,,,,,,,,,,,,,,
Kobe Bufkin,https://www.basketball-reference.com/players/b/bufkiko01.html,2024,2023-12-16,ATL,CLE,@,"L, 119-127",,,,,,,,,,,,,,,,,
Kobe Bufkin,https://www.basketball-reference.com/players/b/bufkiko01.html,2024,2023-12-18,ATL,DET,,"W, 130-124",,,,,,,,,,,,,,,,,
Kobe Bufkin,https://www.basketball-reference.com/players/b/bufkiko01.html,2024,2023-12-20,ATL,HOU,@,"W, 134-127",,,,,,,,,,,,,,,,,
Kobe Bufkin,https://www.basketball-reference.com/players/b/bufkiko01.html,2024,2023-12-22,ATL,MIA,@,"L, 113-122",,,,,,,,,,,,,,,,,
Kobe Bufkin,https://www.basketball-reference.com/players/b/bufkiko01.html,2024,2023-12-23,ATL,MEM,,"L, 119-125",,,,,,,,,,,,,,,,,
Kobe Bufkin,https://www.basketball-reference.com/players/b/bufkiko01.html,2024,2023-12-26,ATL,CHI,@,"L, 113-118",,,,,,,,,,,,,,,,,
Kobe Bufkin,https://www.basketball-reference.com/players/b/bufkiko01.html,2024,2023-12-29,ATL,SAC,,"L, 110-117",,,,,,,,,,,,,,,,,
Kobe Bufkin,https://www.basketball-reference.com/players/b/bufkiko01.html,2024,2023-12-31,ATL,WAS,@,"W, 130-126",,,,,,,,,,,,,,,,,
Kobe Bufkin,https://www.basketball-reference.com/players/b/bufkiko01.html,2024,2024-01-03,ATL,OKC,,"W, 141-138",,,,,,,,,,,,,,,,,
Kobe Bufkin,https://www.basketball-reference.com/players/b/bufkiko01.html,2024,2024-01-05,ATL,IND,@,"L, 116-150",,,,,,,,,,,,,,,,,
Kobe Bufkin,https://www.basketball-reference.com/players/b/bufkiko01.html,2024,2024-01-07,ATL,ORL,@,"L, 110-117 (OT)",,,,,,,,,,,,,,,,,
Kobe Bufkin,https://www.basketball-reference.com/players/b/bufkiko01.html,2024,2024-01-10,ATL,PHI,,"W, 139-132 (OT)",,,,,,,,,,,,,,,,,
Kobe Bufkin,https://www.basketball-reference.com/players/b/bufkiko01.html,2024,2024-01-12,ATL,IND,,"L, 108-126",,,,,,,,,,,,,,,,,
Kobe Bufkin,https://www.basketball-reference.com/players/b/bufkiko01.html,2024,2024-01-13,ATL,WAS,,"L, 99-127",,,,,,,,,,,,,,,,,
Kobe Bufkin,https://www.basketball-reference.com/players/b/bufkiko01.html,2024,2024-01-15,ATL,SAS,,"W, 109-99",,,,,,,,,,,,,,,,,
Kobe Bufkin,https://www.basketball-reference.com/players/b/bufkiko01.html,2024,2024-01-17,ATL,ORL,,"W, 106-104",,,,,,,,,,,,,,,,,
Kobe Bufkin,https://www.basketball-reference.com/players/b/bufkiko01.html,2024,2024-01-19,ATL,MIA,@,"W, 109-108",,,,,,,,,,,,,,,,,
Kobe Bufkin,https://www.basketball-reference.com/players/b/bufkiko01.html,2024,2024-01-20,ATL,CLE,,"L, 95-116",,,,,,,,,,,,,,,,,
Kobe Bufkin,https://www.basketball-reference.com/players/b/bufkiko01.html,2024,2024-01-22,ATL,SAC,@,"L, 107-122",,,,,,,,,,,,,,,,,
Kobe Bufkin,https://www.basketball-reference.com/players/b/bufkiko01.html,2024,2024-01-24,ATL,GSW,@,"L, 112-134",,,,,,,,,,,,,,,,,
Kobe Bufkin,https://www.basketball-reference.com/players/b/bufkiko01.html,2024,2024-01-26,ATL,DAL,,"L, 143-148",,,,,,,,,,,,,,,,,
Kobe Bufkin,https://www.basketball-reference.com/players/b/bufkiko01.html,2024,2024-01-28,ATL,TOR,,"W, 126-125",,,,,,,,,,,,,,,,,
Kobe Bufkin,https://www.basketball-reference.com/players/b/bufkiko01.html,2024,2024-01-30,ATL,LAL,,"W, 138-122",,01:52,1,1,1,1,0,0,0,1,1,1,0,0,0,0,3
Kobe Bufkin,https://www.basketball-reference.com/players/b/bufkiko01.html,2024,2024-02-02,ATL,PHO,,"W, 129-120",,,,,,,,,,,,,,,,,
Kobe Bufkin,https://www.basketball-reference.com/players/b/bufkiko01.html,2024,2024-02-03,ATL,GSW,,"W, 141-134 (OT)",,,,,,,,,,,,,,,,,
Kobe Bufkin,https://www.basketball-reference.com/players/b/bufkiko01.html,2024,2024-02-05,ATL,LAC,,"L, 144-149",,,,,,,,,,,,,,,,,
Kobe Bufkin,https://www.basketball-reference.com/players/b/bufkiko01.html,2024,2024-02-07,ATL,BOS,@,"L, 117-125",,,,,,,,,,,,,,,,,
Kobe Bufkin,https://www.basketball-reference.com/players/b/bufkiko01.html,2024,2024-02-09,ATL,PHI,@,"W, 127-121",,,,,,,,,,,,,,,,,
Kobe Bufkin,https://www.basketball-reference.com/players/b/bufkiko01.html,2024,2024-02-10,ATL,HOU,,"W, 122-113",,15:46,1,4,1,4,0,0,1,2,3,0,0,0,0,1,3
Kobe Bufkin,https://www.basketball-reference.com/players/b/bufkiko01.html,2024,2024-02-12,ATL,CHI,,"L, 126-136",,,,,,,,,,,,,,,,,
Kobe Bufkin,https://www.basketball-reference.com/players/b/bufkiko01.html,2024,2024-02-14,ATL,CHO,@,"L, 99-122",,02:27,1,2,0,1,0,0,0,0,0,0,0,0,1,0,2
Kobe Bufkin,https://www.basketball-reference.com/players/b/bufkiko01.html,2024,2024-02-23,ATL,TOR,,"L, 121-123",,,,,,,,,,,,,,,,,
Kobe Bufkin,https://www.basketball-reference.com/players/b/bufkiko01.html,2024,2024-02-25,ATL,ORL,,"W, 109-92",,10:45,1,4,0,2,0,0,0,1,1,3,1,1,1,1,2
Kobe Bufkin,https://www.basketball-reference.com/players/b/bufkiko01.html,2024,2024-02-27,ATL,UTA,,"W, 124-97",,21:06,3,7,1,2,0,0,0,2,2,5,2,0,0,1,7
Kobe Bufkin,https://www.basketball-reference.com/players/b/bufkiko01.html,2024,2024-02-29,ATL,BRK,@,"L, 97-124",,18:40,5,11,2,5,0,0,0,3,3,3,0,0,2,1,12
Kobe Bufkin,https://www.basketball-reference.com/players/b/bufkiko01.html,2024,2024-03-02,ATL,BRK,@,"L, 102-114",,14:02,1,5,0,1,1,2,0,2,2,3,0,0,1,2,3
Kobe Bufkin,https://www.basketball-reference.com/players/b/bufkiko01.html,2024,2024-03-05,ATL,NYK,@,"W, 116-100",,,,,,,,,,,,,,,,,
Kobe Bufkin,https://www.basketball-reference.com/players/b/bufkiko01.html,2024,2024-03-06,ATL,CLE,,"W, 112-101",,,,,,,,,,,,,,,,,
Kobe Bufkin,https://www.basketball-reference.com/players/b/bufkiko01.html,2024,2024-03-08,ATL,MEM,@,"W, 99-92",,,,,,,,,,,,,,,,,
Kobe Bufkin,https://www.basketball-reference.com/players/b/bufkiko01.html,2024,2024-03-10,ATL,NOP,,"L, 103-116",,,,,,,,,,,,,,,,,
Kobe Bufkin,https://www.basketball-reference.com/players/b/bufkiko01.html,2024,2024-03-13,ATL,POR,@,"L, 102-106",,,,,,,,,,,,,,,,,
Kobe Bufkin,https://www.basketball-reference.com/players/b/bufkiko01.html,2024,2024-03-15,ATL,UTA,@,"L, 122-124",,,,,,,,,,,,,,,,,
Kobe Bufkin,https://www.basketball-reference.com/players/b/bufkiko01.html,2024,2024-03-17,ATL,LAC,@,"W, 110-93",,,,,,,,,,,,,,,,,
Kobe Bufkin,https://www.basketball-reference.com/players/b/bufkiko01.html,2024,2024-03-18,ATL,LAL,@,"L, 105-136",,,,,,,,,,,,,,,,,
Kobe Bufkin,https://www.basketball-reference.com/players/b/bufkiko01.html,2024,2024-03-21,ATL,PHO,@,"L, 115-128",,,,,,,,,,,,,,,,,
Kobe Bufkin,https://www.basketball-reference.com/players/b/bufkiko01.html,2024,2024-03-23,ATL,CHO,,"W, 132-91",,,,,,,,,,,,,,,,,
Kobe Bufkin,https://www.basketball-reference.com/players/b/bufkiko01.html,2024,2024-03-25,ATL,BOS,,"W, 120-118",,,,,,,,,,,,,,,,,
Kobe Bufkin,https://www.basketball-reference.com/players/b/bufkiko01.html,2024,2024-03-27,ATL,POR,,"W, 120-106",,,,,,,,,,,,,,,,,
Kobe Bufkin,https://www.basketball-reference.com/players/b/bufkiko01.html,2024,2024-03-28,ATL,BOS,,"W, 123-122 (OT)",,,,,,,,,,,,,,,,,
Kobe Bufkin,https://www.basketball-reference.com/players/b/bufkiko01.html,2024,2024-03-30,ATL,MIL,,"L, 113-122",,,,,,,,,,,,,,,,,
Kobe Bufkin,https://www.basketball-reference.com/players/b/bufkiko01.html,2024,2024-04-01,ATL,CHI,@,"W, 113-101",,17:11,1,4,1,3,0,0,0,2,2,3,0,1,1,1,3
Kobe Bufkin,https://www.basketball-reference.com/players/b/bufkiko01.html,2024,2024-04-03,ATL,DET,,"W, 121-113",,12:34,4,8,1,5,0,0,1,0,1,1,2,2,0,1,9
Kobe Bufkin,https://www.basketball-reference.com/players/b/bufkiko01.html,2024,2024-04-04,ATL,DAL,@,"L, 95-109",,12:39,4,8,1,4,0,0,0,3,3,1,1,0,0,3,9
Kobe Bufkin,https://www.basketball-reference.com/players/b/bufkiko01.html,2024,2024-04-06,ATL,DEN,@,"L, 110-142",,13:39,2,6,0,3,0,0,0,3,3,3,0,0,0,1,4
Kobe Bufkin,https://www.basketball-reference.com/players/b/bufkiko01.html,2024,2024-04-09,ATL,MIA,,"L, 111-117 (2OT)",,10:31,2,9,0,3,0,1,1,3,4,3,1,0,2,1,4
Kobe Bufkin,https://www.basketball-reference.com/players/b/bufkiko01.html,2024,2024-04-10,ATL,CHO,,"L, 114-115",,23:51,4,12,1,3,2,3,1,1,2,1,0,1,1,5,11
Kobe Bufkin,https://www.basketball-reference.com/players/b/bufkiko01.html,2024,2024-04-12,ATL,MIN,@,"L, 106-109",,09:44,3,5,0,1,0,0,1,2,3,0,0,0,1,2,6
Kobe Bufkin,https://www.basketball-reference.com/players/b/bufkiko01.html,2024,2024-04-14,ATL,IND,@,"L, 115-157",,06:48,1,3,0,1,0,0,0,1,1,0,0,0,0,0,2
Mouhamed Gueye,https://www.basketball-reference.com/players/g/gueyemo02.html,2024,2023-10-25,ATL,CHO,@,"L, 110-116",,,,,,,,,,,,,,,,,
Mouhamed Gueye,https://www.basketball-reference.com/players/g/gueyemo02.html,2024,2023-10-27,ATL,NYK,,"L, 120-126",,,,,,,,,,,,,,,,,
Mouhamed Gueye,https://www.basketball-reference.com/players/g/gueyemo02.html,2024,2023-10-29,ATL,MIL,@,"W, 127-110",,03:12,0,1,0,1,0,0,0,0,0,0,1,0,0,1,0
Mouhamed Gueye,https://www.basketball-reference.com/players/g/gueyemo02.html,2024,2023-10-30,ATL,MIN,,"W, 127-113",,01:11,0,0,0,0,0,0,0,0,0,0,0,0,0,0,0
Mouhamed Gueye,https://www.basketball-reference.com/players/g/gueyemo02.html,2024,,,,,,,,,,,,,,,,,,,,,,
Mouhamed Gueye,https://www.basketball-reference.com/players/g/gueyemo02.html,2024,2023-11-01,ATL,WAS,,"W, 130-121",,,,,,,,,,,,,,,,,
Mouhamed Gueye,https://www.basketball-reference.com/players/g/gueyemo02.html,2024,2023-11-04,ATL,NOP,@,"W, 123-105",,,,,,,,,,,,,,,,,
Mouhamed Gueye,https://www.basketball-reference.com/players/g/gueyemo02.html,2024,2023-11-06,ATL,OKC,@,"L, 117-126",,,,,,,,,,,,,,,,,
Mouhamed Gueye,https://www.basketball-reference.com/players/g/gueyemo02.html,2024,2023-11-09,ATL,ORL,@,"W, 120-119",,,,,,,,,,,,,,,,,
Mouhamed Gueye,https://www.basketball-reference.com/players/g/gueyemo02.html,2024,2023-11-11,ATL,MIA,,"L, 109-117",,,,,,,,,,,,,,,,,
Mouhamed Gueye,https://www.basketball-reference.com/players/g/gueyemo02.html,2024,2023-11-14,ATL,DET,@,"W, 126-120",,,,,,,,,,,,,,,,,
Mouhamed Gueye,https://www.basketball-reference.com/players/g/gueyemo02.html,2024,2023-11-15,ATL,NYK,,"L, 114-116",,,,,,,,,,,,,,,,,
Mouhamed Gueye,https://www.basketball-reference.com/players/g/gueyemo02.html,2024,2023-11-17,ATL,PHI,,"L, 116-126",,,,,,,,,,,,,,,,,
Mouhamed Gueye,https://www.basketball-reference.com/players/g/gueyemo02.html,2024,2023-11-21,ATL,IND,,"L, 152-157",,,,,,,,,,,,,,,,,
Mouhamed Gueye,https://www.basketball-reference.com/players/g/gueyemo02.html,2024,2023-11-22,ATL,BRK,,"W, 147-145 (OT)",,,,,,,,,,,,,,,,,
Mouhamed Gueye,https://www.basketball-reference.com/players/g/gueyemo02.html,2024,2023-11-25,ATL,WAS,@,"W, 136-108",,,,,,,,,,,,,,,,,
Mouhamed Gueye,https://www.basketball-reference.com/players/g/gueyemo02.html,2024,2023-11-26,ATL,BOS,@,"L, 103-113",,,,,,,,,,,,,,,,,
Mouhamed Gueye,https://www.basketball-reference.com/players/g/gueyemo02.html,2024,2023-11-28,ATL,CLE,@,"L, 105-128",,,,,,,,,,,,,,,,,
Mouhamed Gueye,https://www.basketball-reference.com/players/g/gueyemo02.html,2024,2023-11-30,ATL,SAS,@,"W, 137-135",,,,,,,,,,,,,,,,,
Mouhamed Gueye,https://www.basketball-reference.com/players/g/gueyemo02.html,2024,2023-12-02,ATL,MIL,@,"L, 121-132",,,,,,,,,,,,,,,,,
Mouhamed Gueye,https://www.basketball-reference.com/players/g/gueyemo02.html,2024,2023-12-06,ATL,BRK,,"L, 113-114",,,,,,,,,,,,,,,,,
Mouhamed Gueye,https://www.basketball-reference.com/players/g/gueyemo02.html,2024,2023-12-08,ATL,PHI,@,"L, 114-125",,,,,,,,,,,,,,,,,
Mouhamed Gueye,https://www.basketball-reference.com/players/g/gueyemo02.html,2024,2023-12-11,ATL,DEN,,"L, 122-129",,,,,,,,,,,,,,,,,
Mouhamed Gueye,https://www.basketball-reference.com/players/g/gueyemo02.html,2024,2023-12-13,ATL,TOR,@,"L, 128-135",,,,,,,,,,,,,,,,,
Mouhamed Gueye,https://www.basketball-reference.com/players/g/gueyemo02.html,2024,2023-12-15,ATL,TOR,@,"W, 125-104",,,,,,,,,,,,,,,,,
Mouhamed Gueye,https://www.basketball-reference.com/players/g/gueyemo02.html,2024,2023-12-16,ATL,CLE,@,"L, 119-127",,,,,,,,,,,,,,,,,
Mouhamed Gueye,https://www.basketball-reference.com/players/g/gueyemo02.html,2024,2023-12-18,ATL,DET,,"W, 130-124",,,,,,,,,,,,,,,,,
Mouhamed Gueye,https://www.basketball-reference.com/players/g/gueyemo02.html,2024,2023-12-20,ATL,HOU,@,"W, 134-127",,,,,,,,,,,,,,,,,
Mouhamed Gueye,https://www.basketball-reference.com/players/g/gueyemo02.html,2024,2023-12-22,ATL,MIA,@,"L, 113-122",,,,,,,,,,,,,,,,,
Mouhamed Gueye,https://www.basketball-reference.com/players/g/gueyemo02.html,2024,2023-12-23,ATL,MEM,,"L, 119-125",,,,,,,,,,,,,,,,,
Mouhamed Gueye,https://www.basketball-reference.com/players/g/gueyemo02.html,2024,2023-12-26,ATL,CHI,@,"L, 113-118",,,,,,,,,,,,,,,,,
Mouhamed Gueye,https://www.basketball-reference.com/players/g/gueyemo02.html,2024,2023-12-29,ATL,SAC,,"L, 110-117",,,,,,,,,,,,,,,,,
Mouhamed Gueye,https://www.basketball-reference.com/players/g/gueyemo02.html,2024,2023-12-31,ATL,WAS,@,"W, 130-126",,,,,,,,,,,,,,,,,
Mouhamed Gueye,https://www.basketball-reference.com/players/g/gueyemo02.html,2024,2024-01-03,ATL,OKC,,"W, 141-138",,,,,,,,,,,,,,,,,
Mouhamed Gueye,https://www.basketball-reference.com/players/g/gueyemo02.html,2024,2024-01-05,ATL,IND,@,"L, 116-150",,,,,,,,,,,,,,,,,
Mouhamed Gueye,https://www.basketball-reference.com/players/g/gueyemo02.html,2024,2024-01-07,ATL,ORL,@,"L, 110-117 (OT)",,,,,,,,,,,,,,,,,
Mouhamed Gueye,https://www.basketball-reference.com/players/g/gueyemo02.html,2024,2024-01-10,ATL,PHI,,"W, 139-132 (OT)",,,,,,,,,,,,,,,,,
Mouhamed Gueye,https://www.basketball-reference.com/players/g/gueyemo02.html,2024,2024-01-12,ATL,IND,,"L, 108-126",,,,,,,,,,,,,,,,,
Mouhamed Gueye,https://www.basketball-reference.com/players/g/gueyemo02.html,2024,2024-01-13,ATL,WAS,,"L, 99-127",,,,,,,,,,,,,,,,,
Mouhamed Gueye,https://www.basketball-reference.com/players/g/gueyemo02.html,2024,2024-01-15,ATL,SAS,,"W, 109-99",,,,,,,,,,,,,,,,,
Mouhamed Gueye,https://www.basketball-reference.com/players/g/gueyemo02.html,2024,2024-01-17,ATL,ORL,,"W, 106-104",,,,,,,,,,,,,,,,,
Mouhamed Gueye,https://www.basketball-reference.com/players/g/gueyemo02.html,2024,2024-01-19,ATL,MIA,@,"W, 109-108",,,,,,,,,,,,,,,,,
Mouhamed Gueye,https://www.basketball-reference.com/players/g/gueyemo02.html,2024,2024-01-20,ATL,CLE,,"L, 95-116",,,,,,,,,,,,,,,,,
Mouhamed Gueye,https://www.basketball-reference.com/players/g/gueyemo02.html,2024,2024-01-22,ATL,SAC,@,"L, 107-122",,,,,,,,,,,,,,,,,
Mouhamed Gueye,https://www.basketball-reference.com/players/g/gueyemo02.html,2024,2024-01-24,ATL,GSW,@,"L, 112-134",,,,,,,,,,,,,,,,,
Mouhamed Gueye,https://www.basketball-reference.com/players/g/gueyemo02.html,2024,2024-01-26,ATL,DAL,,"L, 143-148",,,,,,,,,,,,,,,,,
Mouhamed Gueye,https://www.basketball-reference.com/players/g/gueyemo02.html,2024,2024-01-28,ATL,TOR,,"W, 126-125",,,,,,,,,,,,,,,,,
Mouhamed Gueye,https://www.basketball-reference.com/players/g/gueyemo02.html,2024,2024-01-30,ATL,LAL,,"W, 138-122",,,,,,,,,,,,,,,,,
Mouhamed Gueye,https://www.basketball-reference.com/players/g/gueyemo02.html,2024,2024-02-02,ATL,PHO,,"W, 129-120",,,,,,,,,,,,,,,,,
Mouhamed Gueye,https://www.basketball-reference.com/players/g/gueyemo02.html,2024,2024-02-03,ATL,GSW,,"W, 141-134 (OT)",,,,,,,,,,,,,,,,,
Mouhamed Gueye,https://www.basketball-reference.com/players/g/gueyemo02.html,2024,2024-02-05,ATL,LAC,,"L, 144-149",,,,,,,,,,,,,,,,,
Mouhamed Gueye,https://www.basketball-reference.com/players/g/gueyemo02.html,2024,2024-02-07,ATL,BOS,@,"L, 117-125",,,,,,,,,,,,,,,,,
Mouhamed Gueye,https://www.basketball-reference.com/players/g/gueyemo02.html,2024,2024-02-09,ATL,PHI,@,"W, 127-121",,,,,,,,,,,,,,,,,
Mouhamed Gueye,https://www.basketball-reference.com/players/g/gueyemo02.html,2024,2024-02-10,ATL,HOU,,"W, 122-113",,,,,,,,,,,,,,,,,
Mouhamed Gueye,https://www.basketball-reference.com/players/g/gueyemo02.html,2024,2024-02-12,ATL,CHI,,"L, 126-136",,,,,,,,,,,,,,,,,
Mouhamed Gueye,https://www.basketball-reference.com/players/g/gueyemo02.html,2024,2024-02-14,ATL,CHO,@,"L, 99-122",,,,,,,,,,,,,,,,,
Mouhamed Gueye,https://www.basketball-reference.com/players/g/gueyemo02.html,2024,2024-02-23,ATL,TOR,,"L, 121-123",,,,,,,,,,,,,,,,,
Mouhamed Gueye,https://www.basketball-reference.com/players/g/gueyemo02.html,2024,2024-02-25,ATL,ORL,,"W, 109-92",,,,,,,,,,,,,,,,,
Mouhamed Gueye,https://www.basketball-reference.com/players/g/gueyemo02.html,2024,2024-02-27,ATL,UTA,,"W, 124-97",,,,,,,,,,,,,,,,,
Mouhamed Gueye,https://www.basketball-reference.com/players/g/gueyemo02.html,2024,2024-02-29,ATL,BRK,@,"L, 97-124",,,,,,,,,,,,,,,,,
Mouhamed Gueye,https://www.basketball-reference.com/players/g/gueyemo02.html,2024,2024-03-02,ATL,BRK,@,"L, 102-114",,,,,,,,,,,,,,,,,
Mouhamed Gueye,https://www.basketball-reference.com/players/g/gueyemo02.html,2024,2024-03-05,ATL,NYK,@,"W, 116-100",,,,,,,,,,,,,,,,,
Mouhamed Gueye,https://www.basketball-reference.com/players/g/gueyemo02.html,2024,2024-03-06,ATL,CLE,,"W, 112-101",,,,,,,,,,,,,,,,,
Mouhamed Gueye,https://www.basketball-reference.com/players/g/gueyemo02.html,2024,2024-03-08,ATL,MEM,@,"W, 99-92",,,,,,,,,,,,,,,,,
Mouhamed Gueye,https://www.basketball-reference.com/players/g/gueyemo02.html,2024,2024-03-10,ATL,NOP,,"L, 103-116",,,,,,,,,,,,,,,,,
Mouhamed Gueye,https://www.basketball-reference.com/players/g/gueyemo02.html,2024,2024-03-13,ATL,POR,@,"L, 102-106",,,,,,,,,,,,,,,,,
Mouhamed Gueye,https://www.basketball-reference.com/players/g/gueyemo02.html,2024,2024-03-15,ATL,UTA,@,"L, 122-124",,,,,,,,,,,,,,,,,
Mouhamed Gueye,https://www.basketball-reference.com/players/g/gueyemo02.html,2024,2024-03-17,ATL,LAC,@,"W, 110-93",,,,,,,,,,,,,,,,,
Mouhamed Gueye,https://www.basketball-reference.com/players/g/gueyemo02.html,2024,2024-03-18,ATL,LAL,@,"L, 105-136",,,,,,,,,,,,,,,,,
Mouhamed Gueye,https://www.basketball-reference.com/players/g/gueyemo02.html,2024,2024-03-21,ATL,PHO,@,"L, 115-128",,,,,,,,,,,,,,,,,
Mouhamed Gueye,https://www.basketball-reference.com/players/g/gueyemo02.html,2024,2024-03-23,ATL,CHO,,"W, 132-91",,,,,,,,,,,,,,,,,
Mouhamed Gueye,https://www.basketball-reference.com/players/g/gueyemo02.html,2024,2024-03-25,ATL,BOS,,"W, 120-118",,,,,,,,,,,,,,,,,
Mouhamed Gueye,https://www.basketball-reference.com/players/g/gueyemo02.html,2024,2024-03-27,ATL,POR,,"W, 120-106",,,,,,,,,,,,,,,,,
Mouhamed Gueye,https://www.basketball-reference.com/players/g/gueyemo02.html,2024,2024-03-28,ATL,BOS,,"W, 123-122 (OT)",,,,,,,,,,,,,,,,,
Mouhamed Gueye,https://www.basketball-reference.com/players/g/gueyemo02.html,2024,2024-03-30,ATL,MIL,,"L, 113-122",,,,,,,,,,,,,,,,,
Mouhamed Gueye,https://www.basketball-reference.com/players/g/gueyemo02.html,2024,2024-04-01,ATL,CHI,@,"W, 113-101",,,,,,,,,,,,,,,,,
Mouhamed Gueye,https://www.basketball-reference.com/players/g/gueyemo02.html,2024,2024-04-03,ATL,DET,,"W, 121-113",,,,,,,,,,,,,,,,,
Mouhamed Gueye,https://www.basketball-reference.com/players/g/gueyemo02.html,2024,2024-04-04,ATL,DAL,@,"L, 95-109",,,,,,,,,,,,,,,,,
Mouhamed Gueye,https://www.basketball-reference.com/players/g/gueyemo02.html,2024,2024-04-06,ATL,DEN,@,"L, 110-142",,03:43,0,3,0,2,0,0,1,0,1,0,0,0,1,0,0
Mouhamed Gueye,https://www.basketball-reference.com/players/g/gueyemo02.html,2024,2024-04-09,ATL,MIA,,"L, 111-117 (2OT)",,,,,,,,,,,,,,,,,
Mouhamed Gueye,https://www.basketball-reference.com/players/g/gueyemo02.html,2024,2024-04-10,ATL,CHO,,"L, 114-115",,17:09,1,3,1,1,0,0,2,5,7,3,1,1,0,4,3
Mouhamed Gueye,https://www.basketball-reference.com/players/g/gueyemo02.html,2024,2024-04-12,ATL,MIN,@,"L, 106-109",,20:45,1,5,0,2,0,0,3,2,5,1,1,0,0,4,2
Mouhamed Gueye,https://www.basketball-reference.com/players/g/gueyemo02.html,2024,2024-04-14,ATL,IND,@,"L, 115-157",,26:48,6,11,2,3,5,6,4,5,9,0,2,3,0,4,19
Seth Lundy,https://www.basketball-reference.com/players/l/lundyse01.html,2024,2023-10-25,ATL,CHO,@,"L, 110-116",,,,,,,,,,,,,,,,,
Seth Lundy,https://www.basketball-reference.com/players/l/lundyse01.html,2024,2023-10-27,ATL,NYK,,"L, 120-126",,,,,,,,,,,,,,,,,
Seth Lundy,https://www.basketball-reference.com/players/l/lundyse01.html,2024,2023-10-29,ATL,MIL,@,"W, 127-110",,,,,,,,,,,,,,,,,
Seth Lundy,https://www.basketball-reference.com/players/l/lundyse01.html,2024,2023-10-30,ATL,MIN,,"W, 127-113",,,,,,,,,,,,,,,,,
Seth Lundy,https://www.basketball-reference.com/players/l/lundyse01.html,2024,,,,,,,,,,,,,,,,,,,,,,
Seth Lundy,https://www.basketball-reference.com/players/l/lundyse01.html,2024,2023-11-01,ATL,WAS,,"W, 130-121",,,,,,,,,,,,,,,,,
Seth Lundy,https://www.basketball-reference.com/players/l/lundyse01.html,2024,2023-11-04,ATL,NOP,@,"W, 123-105",,,,,,,,,,,,,,,,,
Seth Lundy,https://www.basketball-reference.com/players/l/lundyse01.html,2024,2023-11-06,ATL,OKC,@,"L, 117-126",,,,,,,,,,,,,,,,,
Seth Lundy,https://www.basketball-reference.com/players/l/lundyse01.html,2024,2023-11-09,ATL,ORL,@,"W, 120-119",,,,,,,,,,,,,,,,,
Seth Lundy,https://www.basketball-reference.com/players/l/lundyse01.html,2024,2023-11-11,ATL,MIA,,"L, 109-117",,,,,,,,,,,,,,,,,
Seth Lundy,https://www.basketball-reference.com/players/l/lundyse01.html,2024,2023-11-14,ATL,DET,@,"W, 126-120",,,,,,,,,,,,,,,,,
Seth Lundy,https://www.basketball-reference.com/players/l/lundyse01.html,2024,2023-11-15,ATL,NYK,,"L, 114-116",,,,,,,,,,,,,,,,,
Seth Lundy,https://www.basketball-reference.com/players/l/lundyse01.html,2024,2023-11-17,ATL,PHI,,"L, 116-126",,,,,,,,,,,,,,,,,
Seth Lundy,https://www.basketball-reference.com/players/l/lundyse01.html,2024,2023-11-21,ATL,IND,,"L, 152-157",,,,,,,,,,,,,,,,,
Seth Lundy,https://www.basketball-reference.com/players/l/lundyse01.html,2024,2023-11-22,ATL,BRK,,"W, 147-145 (OT)",,,,,,,,,,,,,,,,,
Seth Lundy,https://www.basketball-reference.com/players/l/lundyse01.html,2024,2023-11-25,ATL,WAS,@,"W, 136-108",,,,,,,,,,,,,,,,,
Seth Lundy,https://www.basketball-reference.com/players/l/lundyse01.html,2024,2023-11-26,ATL,BOS,@,"L, 103-113",,,,,,,,,,,,,,,,,
Seth Lundy,https://www.basketball-reference.com/players/l/lundyse01.html,2024,2023-11-28,ATL,CLE,@,"L, 105-128",,,,,,,,,,,,,,,,,
Seth Lundy,https://www.basketball-reference.com/players/l/lundyse01.html,2024,2023-11-30,ATL,SAS,@,"W, 137-135",,,,,,,,,,,,,,,,,
Seth Lundy,https://www.basketball-reference.com/players/l/lundyse01.html,2024,2023-12-02,ATL,MIL,@,"L, 121-132",,,,,,,,,,,,,,,,,
Seth Lundy,https://www.basketball-reference.com/players/l/lundyse01.html,2024,2023-12-06,ATL,BRK,,"L, 113-114",,,,,,,,,,,,,,,,,
Seth Lundy,https://www.basketball-reference.com/players/l/lundyse01.html,2024,2023-12-08,ATL,PHI,@,"L, 114-125",,,,,,,,,,,,,,,,,
Seth Lundy,https://www.basketball-reference.com/players/l/lundyse01.html,2024,2023-12-11,ATL,DEN,,"L, 122-129",,,,,,,,,,,,,,,,,
Seth Lundy,https://www.basketball-reference.com/players/l/lundyse01.html,2024,2023-12-13,ATL,TOR,@,"L, 128-135",,,,,,,,,,,,,,,,,
Seth Lundy,https://www.basketball-reference.com/players/l/lundyse01.html,2024,2023-12-15,ATL,TOR,@,"W, 125-104",,01:04,1,1,0,0,0,0,0,0,0,0,0,0,0,1,2
Seth Lundy,https://www.basketball-reference.com/players/l/lundyse01.html,2024,2023-12-16,ATL,CLE,@,"L, 119-127",,,,,,,,,,,,,,,,,
Seth Lundy,https://www.basketball-reference.com/players/l/lundyse01.html,2024,2023-12-18,ATL,DET,,"W, 130-124",,08:49,0,1,0,1,0,0,0,1,1,0,0,0,0,2,0
Seth Lundy,https://www.basketball-reference.com/players/l/lundyse01.html,2024,2023-12-20,ATL,HOU,@,"W, 134-127",,,,,,,,,,,,,,,,,
Seth Lundy,https://www.basketball-reference.com/players/l/lundyse01.html,2024,2023-12-22,ATL,MIA,@,"L, 113-122",,,,,,,,,,,,,,,,,
Seth Lundy,https://www.basketball-reference.com/players/l/lundyse01.html,2024,2023-12-23,ATL,MEM,,"L, 119-125",,19:09,1,7,1,6,0,0,1,1,2,0,0,0,0,2,3
Seth Lundy,https://www.basketball-reference.com/players/l/lundyse01.html,2024,2023-12-26,ATL,CHI,@,"L, 113-118",,01:17,0,1,0,1,0,0,0,0,0,0,0,0,1,0,0
Seth Lundy,https://www.basketball-reference.com/players/l/lundyse01.html,2024,2023-12-29,ATL,SAC,,"L, 110-117",,,,,,,,,,,,,,,,,
Seth Lundy,https://www.basketball-reference.com/players/l/lundyse01.html,2024,2023-12-31,ATL,WAS,@,"W, 130-126",,,,,,,,,,,,,,,,,
Seth Lundy,https://www.basketball-reference.com/players/l/lundyse01.html,2024,2024-01-03,ATL,OKC,,"W, 141-138",,,,,,,,,,,,,,,,,
Seth Lundy,https://www.basketball-reference.com/players/l/lundyse01.html,2024,2024-01-05,ATL,IND,@,"L, 116-150",,07:02,1,2,1,2,0,0,0,0,0,0,0,0,0,0,3
Seth Lundy,https://www.basketball-reference.com/players/l/lundyse01.html,2024,2024-01-07,ATL,ORL,@,"L, 110-117 (OT)",,,,,,,,,,,,,,,,,
Seth Lundy,https://www.basketball-reference.com/players/l/lundyse01.html,2024,2024-01-10,ATL,PHI,,"W, 139-132 (OT)",,,,,,,,,,,,,,,,,
Seth Lundy,https://www.basketball-reference.com/players/l/lundyse01.html,2024,2024-01-12,ATL,IND,,"L, 108-126",,03:42,0,1,0,1,2,2,0,0,0,0,0,0,0,0,2
Seth Lundy,https://www.basketball-reference.com/players/l/lundyse01.html,2024,2024-01-13,ATL,WAS,,"L, 99-127",,04:47,0,1,0,0,1,2,0,2,2,0,0,0,0,1,1
Seth Lundy,https://www.basketball-reference.com/players/l/lundyse01.html,2024,2024-01-15,ATL,SAS,,"W, 109-99",,,,,,,,,,,,,,,,,
Seth Lundy,https://www.basketball-reference.com/players/l/lundyse01.html,2024,2024-01-17,ATL,ORL,,"W, 106-104",,,,,,,,,,,,,,,,,
Seth Lundy,https://www.basketball-reference.com/players/l/lundyse01.html,2024,2024-01-19,ATL,MIA,@,"W, 109-108",,,,,,,,,,,,,,,,,
Seth Lundy,https://www.basketball-reference.com/players/l/lundyse01.html,2024,2024-01-20,ATL,CLE,,"L, 95-116",,03:15,1,2,1,2,0,0,0,0,0,0,0,0,0,0,3
Seth Lundy,https://www.basketball-reference.com/players/l/lundyse01.html,2024,2024-01-22,ATL,SAC,@,"L, 107-122",,,,,,,,,,,,,,,,,
Seth Lundy,https://www.basketball-reference.com/players/l/lundyse01.html,2024,2024-01-24,ATL,GSW,@,"L, 112-134",,02:54,0,1,0,0,0,0,0,2,2,0,0,0,0,0,0
Seth Lundy,https://www.basketball-reference.com/players/l/lundyse01.html,2024,2024-01-26,ATL,DAL,,"L, 143-148",,,,,,,,,,,,,,,,,
Seth Lundy,https://www.basketball-reference.com/players/l/lundyse01.html,2024,2024-01-28,ATL,TOR,,"W, 126-125",,,,,,,,,,,,,,,,,
Seth Lundy,https://www.basketball-reference.com/players/l/lundyse01.html,2024,2024-01-30,ATL,LAL,,"W, 138-122",,,,,,,,,,,,,,,,,
Seth Lundy,https://www.basketball-reference.com/players/l/lundyse01.html,2024,2024-02-02,ATL,PHO,,"W, 129-120",,,,,,,,,,,,,,,,,
Seth Lundy,https://www.basketball-reference.com/players/l/lundyse01.html,2024,2024-02-03,ATL,GSW,,"W, 141-134 (OT)",,,,,,,,,,,,,,,,,
Seth Lundy,https://www.basketball-reference.com/players/l/lundyse01.html,2024,2024-02-05,ATL,LAC,,"L, 144-149",,,,,,,,,,,,,,,,,
Seth Lundy,https://www.basketball-reference.com/players/l/lundyse01.html,2024,2024-02-07,ATL,BOS,@,"L, 117-125",,,,,,,,,,,,,,,,,
Seth Lundy,https://www.basketball-reference.com/players/l/lundyse01.html,2024,2024-02-09,ATL,PHI,@,"W, 127-121",,,,,,,,,,,,,,,,,
Seth Lundy,https://www.basketball-reference.com/players/l/lundyse01.html,2024,2024-02-10,ATL,HOU,,"W, 122-113",,,,,,,,,,,,,,,,,
Seth Lundy,https://www.basketball-reference.com/players/l/lundyse01.html,2024,2024-02-12,ATL,CHI,,"L, 126-136",,,,,,,,,,,,,,,,,
Seth Lundy,https://www.basketball-reference.com/players/l/lundyse01.html,2024,2024-02-14,ATL,CHO,@,"L, 99-122",,,,,,,,,,,,,,,,,
Seth Lundy,https://www.basketball-reference.com/players/l/lundyse01.html,2024,2024-02-23,ATL,TOR,,"L, 121-123",,,,,,,,,,,,,,,,,
Seth Lundy,https://www.basketball-reference.com/players/l/lundyse01.html,2024,2024-02-25,ATL,ORL,,"W, 109-92",,,,,,,,,,,,,,,,,
Seth Lundy,https://www.basketball-reference.com/players/l/lundyse01.html,2024,2024-02-27,ATL,UTA,,"W, 124-97",,,,,,,,,,,,,,,,,
Seth Lundy,https://www.basketball-reference.com/players/l/lundyse01.html,2024,2024-02-29,ATL,BRK,@,"L, 97-124",,,,,,,,,,,,,,,,,
Seth Lundy,https://www.basketball-reference.com/players/l/lundyse01.html,2024,2024-03-02,ATL,BRK,@,"L, 102-114",,,,,,,,,,,,,,,,,
Seth Lundy,https://www.basketball-reference.com/players/l/lundyse01.html,2024,2024-03-05,ATL,NYK,@,"W, 116-100",,,,,,,,,,,,,,,,,
Seth Lundy,https://www.basketball-reference.com/players/l/lundyse01.html,2024,2024-03-06,ATL,CLE,,"W, 112-101",,,,,,,,,,,,,,,,,
Seth Lundy,https://www.basketball-reference.com/players/l/lundyse01.html,2024,2024-03-08,ATL,MEM,@,"W, 99-92",,,,,,,,,,,,,,,,,
Seth Lundy,https://www.basketball-reference.com/players/l/lundyse01.html,2024,2024-03-10,ATL,NOP,,"L, 103-116",,,,,,,,,,,,,,,,,
Seth Lundy,https://www.basketball-reference.com/players/l/lundyse01.html,2024,2024-03-13,ATL,POR,@,"L, 102-106",,,,,,,,,,,,,,,,,
Seth Lundy,https://www.basketball-reference.com/players/l/lundyse01.html,2024,2024-03-15,ATL,UTA,@,"L, 122-124",,,,,,,,,,,,,,,,,
Seth Lundy,https://www.basketball-reference.com/players/l/lundyse01.html,2024,2024-03-17,ATL,LAC,@,"W, 110-93",,,,,,,,,,,,,,,,,
Seth Lundy,https://www.basketball-reference.com/players/l/lundyse01.html,2024,2024-03-18,ATL,LAL,@,"L, 105-136",,,,,,,,,,,,,,,,,
Seth Lundy,https://www.basketball-reference.com/players/l/lundyse01.html,2024,2024-03-21,ATL,PHO,@,"L, 115-128",,,,,,,,,,,,,,,,,
Seth Lundy,https://www.basketball-reference.com/players/l/lundyse01.html,2024,2024-03-23,ATL,CHO,,"W, 132-91",,,,,,,,,,,,,,,,,
Seth Lundy,https://www.basketball-reference.com/players/l/lundyse01.html,2024,2024-03-25,ATL,BOS,,"W, 120-118",,,,,,,,,,,,,,,,,
Seth Lundy,https://www.basketball-reference.com/players/l/lundyse01.html,2024,2024-03-27,ATL,POR,,"W, 120-106",,,,,,,,,,,,,,,,,
Seth Lundy,https://www.basketball-reference.com/players/l/lundyse01.html,2024,2024-03-28,ATL,BOS,,"W, 123-122 (OT)",,,,,,,,,,,,,,,,,
Seth Lundy,https://www.basketball-reference.com/players/l/lundyse01.html,2024,2024-03-30,ATL,MIL,,"L, 113-122",,,,,,,,,,,,,,,,,
Seth Lundy,https://www.basketball-reference.com/players/l/lundyse01.html,2024,2024-04-01,ATL,CHI,@,"W, 113-101",,,,,,,,,,,,,,,,,
Seth Lundy,https://www.basketball-reference.com/players/l/lundyse01.html,2024,2024-04-03,ATL,DET,,"W, 121-113",,,,,,,,,,,,,,,,,
Seth Lundy,https://www.basketball-reference.com/players/l/lundyse01.html,2024,2024-04-04,ATL,DAL,@,"L, 95-109",,,,,,,,,,,,,,,,,
Seth Lundy,https://www.basketball-reference.com/players/l/lundyse01.html,2024,2024-04-06,ATL,DEN,@,"L, 110-142",,,,,,,,,,,,,,,,,
Seth Lundy,https://www.basketball-reference.com/players/l/lundyse01.html,2024,2024-04-09,ATL,MIA,,"L, 111-117 (2OT)",,,,,,,,,,,,,,,,,
Seth Lundy,https://www.basketball-reference.com/players/l/lundyse01.html,2024,2024-04-10,ATL,CHO,,"L, 114-115",,,,,,,,,,,,,,,,,
Seth Lundy,https://www.basketball-reference.com/players/l/lundyse01.html,2024,2024-04-12,ATL,MIN,@,"L, 106-109",,,,,,,,,,,,,,,,,
Seth Lundy,https://www.basketball-reference.com/players/l/lundyse01.html,2024,2024-04-14,ATL,IND,@,"L, 115-157",,,,,,,,,,,,,,,,,
Drew Peterson,https://www.basketball-reference.com/players/p/peterdr01.html,2024,2023-12-14,BOS,CLE,,"W, 116-107",,,,,,,,,,,,,,,,,
Drew Peterson,https://www.basketball-reference.com/players/p/peterdr01.html,2024,2023-12-15,BOS,ORL,,"W, 128-111",,,,,,,,,,,,,,,,,
Drew Peterson,https://www.basketball-reference.com/players/p/peterdr01.html,2024,2023-12-17,BOS,ORL,,"W, 114-97",,,,,,,,,,,,,,,,,
Drew Peterson,https://www.basketball-reference.com/players/p/peterdr01.html,2024,2023-12-19,BOS,GSW,@,"L, 126-132 (OT)",,,,,,,,,,,,,,,,,
Drew Peterson,https://www.basketball-reference.com/players/p/peterdr01.html,2024,2023-12-20,BOS,SAC,@,"W, 144-119",,,,,,,,,,,,,,,,,
Drew Peterson,https://www.basketball-reference.com/players/p/peterdr01.html,2024,2023-12-23,BOS,LAC,@,"W, 145-108",,02:33,1,1,1,1,0,0,0,0,0,1,0,0,0,1,3
Drew Peterson,https://www.basketball-reference.com/players/p/peterdr01.html,2024,2023-12-25,BOS,LAL,@,"W, 126-115",,,,,,,,,,,,,,,,,
Drew Peterson,https://www.basketball-reference.com/players/p/peterdr01.html,2024,2023-12-28,BOS,DET,,"W, 128-122 (OT)",,,,,,,,,,,,,,,,,
Drew Peterson,https://www.basketball-reference.com/players/p/peterdr01.html,2024,2023-12-29,BOS,TOR,,"W, 120-118",,,,,,,,,,,,,,,,,
Drew Peterson,https://www.basketball-reference.com/players/p/peterdr01.html,2024,2023-12-31,BOS,SAS,@,"W, 134-101",,,,,,,,,,,,,,,,,
Drew Peterson,https://www.basketball-reference.com/players/p/peterdr01.html,2024,,,,,,,,,,,,,,,,,,,,,,
Drew Peterson,https://www.basketball-reference.com/players/p/peterdr01.html,2024,2024-01-02,BOS,OKC,@,"L, 123-127",,,,,,,,,,,,,,,,,
Drew Peterson,https://www.basketball-reference.com/players/p/peterdr01.html,2024,2024-01-05,BOS,UTA,,"W, 126-97",,,,,,,,,,,,,,,,,
Drew Peterson,https://www.basketball-reference.com/players/p/peterdr01.html,2024,2024-01-06,BOS,IND,@,"W, 118-101",,,,,,,,,,,,,,,,,
Drew Peterson,https://www.basketball-reference.com/players/p/peterdr01.html,2024,2024-01-08,BOS,IND,@,"L, 131-133",,,,,,,,,,,,,,,,,
Drew Peterson,https://www.basketball-reference.com/players/p/peterdr01.html,2024,2024-01-10,BOS,MIN,,"W, 127-120 (OT)",,,,,,,,,,,,,,,,,
Drew Peterson,https://www.basketball-reference.com/players/p/peterdr01.html,2024,2024-01-11,BOS,MIL,@,"L, 102-135",,,,,,,,,,,,,,,,,
Drew Peterson,https://www.basketball-reference.com/players/p/peterdr01.html,2024,2024-01-13,BOS,HOU,,"W, 145-113",,,,,,,,,,,,,,,,,
Drew Peterson,https://www.basketball-reference.com/players/p/peterdr01.html,2024,2024-01-15,BOS,TOR,@,"W, 105-96",,,,,,,,,,,,,,,,,
Drew Peterson,https://www.basketball-reference.com/players/p/peterdr01.html,2024,2024-01-17,BOS,SAS,,"W, 117-98",,,,,,,,,,,,,,,,,
Drew Peterson,https://www.basketball-reference.com/players/p/peterdr01.html,2024,2024-01-19,BOS,DEN,,"L, 100-102",,,,,,,,,,,,,,,,,
Drew Peterson,https://www.basketball-reference.com/players/p/peterdr01.html,2024,2024-01-21,BOS,HOU,@,"W, 116-107",,,,,,,,,,,,,,,,,
Drew Peterson,https://www.basketball-reference.com/players/p/peterdr01.html,2024,2024-01-22,BOS,DAL,@,"W, 119-110",,,,,,,,,,,,,,,,,
Drew Peterson,https://www.basketball-reference.com/players/p/peterdr01.html,2024,2024-01-25,BOS,MIA,@,"W, 143-110",,,,,,,,,,,,,,,,,
Drew Peterson,https://www.basketball-reference.com/players/p/peterdr01.html,2024,2024-01-27,BOS,LAC,,"L, 96-115",,,,,,,,,,,,,,,,,
Drew Peterson,https://www.basketball-reference.com/players/p/peterdr01.html,2024,2024-01-29,BOS,NOP,,"W, 118-112",,,,,,,,,,,,,,,,,
Drew Peterson,https://www.basketball-reference.com/players/p/peterdr01.html,2024,2024-01-30,BOS,IND,,"W, 129-124",,,,,,,,,,,,,,,,,
Drew Peterson,https://www.basketball-reference.com/players/p/peterdr01.html,2024,2024-02-01,BOS,LAL,,"L, 105-114",,,,,,,,,,,,,,,,,
Drew Peterson,https://www.basketball-reference.com/players/p/peterdr01.html,2024,2024-02-04,BOS,MEM,,"W, 131-91",,,,,,,,,,,,,,,,,
Drew Peterson,https://www.basketball-reference.com/players/p/peterdr01.html,2024,2024-02-07,BOS,ATL,,"W, 125-117",,,,,,,,,,,,,,,,,
Drew Peterson,https://www.basketball-reference.com/players/p/peterdr01.html,2024,2024-02-09,BOS,WAS,,"W, 133-129",,,,,,,,,,,,,,,,,
Drew Peterson,https://www.basketball-reference.com/players/p/peterdr01.html,2024,2024-02-11,BOS,MIA,@,"W, 110-106",,,,,,,,,,,,,,,,,
Drew Peterson,https://www.basketball-reference.com/players/p/peterdr01.html,2024,2024-02-13,BOS,BRK,@,"W, 118-110",,,,,,,,,,,,,,,,,
Drew Peterson,https://www.basketball-reference.com/players/p/peterdr01.html,2024,2024-02-14,BOS,BRK,,"W, 136-86",,,,,,,,,,,,,,,,,
Drew Peterson,https://www.basketball-reference.com/players/p/peterdr01.html,2024,2024-02-22,BOS,CHI,@,"W, 129-112",,,,,,,,,,,,,,,,,
Drew Peterson,https://www.basketball-reference.com/players/p/peterdr01.html,2024,2024-02-24,BOS,NYK,@,"W, 116-102",,,,,,,,,,,,,,,,,
Drew Peterson,https://www.basketball-reference.com/players/p/peterdr01.html,2024,2024-02-27,BOS,PHI,,"W, 117-99",,,,,,,,,,,,,,,,,
Drew Peterson,https://www.basketball-reference.com/players/p/peterdr01.html,2024,2024-03-01,BOS,DAL,,"W, 138-110",,,,,,,,,,,,,,,,,
Drew Peterson,https://www.basketball-reference.com/players/p/peterdr01.html,2024,2024-03-03,BOS,GSW,,"W, 140-88",,,,,,,,,,,,,,,,,
Drew Peterson,https://www.basketball-reference.com/players/p/peterdr01.html,2024,2024-03-05,BOS,CLE,@,"L, 104-105",,,,,,,,,,,,,,,,,
Drew Peterson,https://www.basketball-reference.com/players/p/peterdr01.html,2024,2024-03-07,BOS,DEN,@,"L, 109-115",,,,,,,,,,,,,,,,,
Drew Peterson,https://www.basketball-reference.com/players/p/peterdr01.html,2024,2024-03-09,BOS,PHO,@,"W, 117-107",,,,,,,,,,,,,,,,,
Drew Peterson,https://www.basketball-reference.com/players/p/peterdr01.html,2024,2024-03-11,BOS,POR,@,"W, 121-99",,,,,,,,,,,,,,,,,
Drew Peterson,https://www.basketball-reference.com/players/p/peterdr01.html,2024,2024-03-12,BOS,UTA,@,"W, 123-107",,,,,,,,,,,,,,,,,
Drew Peterson,https://www.basketball-reference.com/players/p/peterdr01.html,2024,2024-03-14,BOS,PHO,,"W, 127-112",,,,,,,,,,,,,,,,,
Drew Peterson,https://www.basketball-reference.com/players/p/peterdr01.html,2024,2024-03-17,BOS,WAS,@,"W, 130-104",,,,,,,,,,,,,,,,,
Drew Peterson,https://www.basketball-reference.com/players/p/peterdr01.html,2024,2024-03-18,BOS,DET,,"W, 119-94",,,,,,,,,,,,,,,,,
Drew Peterson,https://www.basketball-reference.com/players/p/peterdr01.html,2024,2024-03-20,BOS,MIL,,"W, 122-119",,,,,,,,,,,,,,,,,
Drew Peterson,https://www.basketball-reference.com/players/p/peterdr01.html,2024,2024-03-22,BOS,DET,@,"W, 129-102",,,,,,,,,,,,,,,,,
Drew Peterson,https://www.basketball-reference.com/players/p/peterdr01.html,2024,2024-03-23,BOS,CHI,@,"W, 124-113",,,,,,,,,,,,,,,,,
Drew Peterson,https://www.basketball-reference.com/players/p/peterdr01.html,2024,2024-03-25,BOS,ATL,@,"L, 118-120",,,,,,,,,,,,,,,,,
Drew Peterson,https://www.basketball-reference.com/players/p/peterdr01.html,2024,2024-03-28,BOS,ATL,@,"L, 122-123 (OT)",,,,,,,,,,,,,,,,,
Drew Peterson,https://www.basketball-reference.com/players/p/peterdr01.html,2024,2024-03-30,BOS,NOP,@,"W, 104-92",,,,,,,,,,,,,,,,,
Drew Peterson,https://www.basketball-reference.com/players/p/peterdr01.html,2024,2024-04-01,BOS,CHO,@,"W, 118-104",,,,,,,,,,,,,,,,,
Drew Peterson,https://www.basketball-reference.com/players/p/peterdr01.html,2024,2024-04-03,BOS,OKC,,"W, 135-100",,,,,,,,,,,,,,,,,
Drew Peterson,https://www.basketball-reference.com/players/p/peterdr01.html,2024,2024-04-05,BOS,SAC,,"W, 101-100",,,,,,,,,,,,,,,,,
Drew Peterson,https://www.basketball-reference.com/players/p/peterdr01.html,2024,2024-04-07,BOS,POR,,"W, 124-107",,,,,,,,,,,,,,,,,
Drew Peterson,https://www.basketball-reference.com/players/p/peterdr01.html,2024,2024-04-09,BOS,MIL,@,"L, 91-104",,,,,,,,,,,,,,,,,
Drew Peterson,https://www.basketball-reference.com/players/p/peterdr01.html,2024,2024-04-11,BOS,NYK,,"L, 109-118",,,,,,,,,,,,,,,,,
Drew Peterson,https://www.basketball-reference.com/players/p/peterdr01.html,2024,2024-04-12,BOS,CHO,,"W, 131-98",,12:00,3,4,2,3,0,0,0,0,0,0,1,0,0,0,8
Drew Peterson,https://www.basketball-reference.com/players/p/peterdr01.html,2024,2024-04-14,BOS,WAS,,"W, 132-122",,08:08,0,1,0,1,0,0,0,1,1,0,1,0,1,0,0
Jordan Walsh,https://www.basketball-reference.com/players/w/walshjo01.html,2024,2023-10-25,BOS,NYK,@,"W, 108-104",,,,,,,,,,,,,,,,,
Jordan Walsh,https://www.basketball-reference.com/players/w/walshjo01.html,2024,2023-10-27,BOS,MIA,,"W, 119-111",,,,,,,,,,,,,,,,,
Jordan Walsh,https://www.basketball-reference.com/players/w/walshjo01.html,2024,2023-10-30,BOS,WAS,@,"W, 126-107",,,,,,,,,,,,,,,,,
Jordan Walsh,https://www.basketball-reference.com/players/w/walshjo01.html,2024,,,,,,,,,,,,,,,,,,,,,,
Jordan Walsh,https://www.basketball-reference.com/players/w/walshjo01.html,2024,2023-11-01,BOS,IND,,"W, 155-104",,,,,,,,,,,,,,,,,
Jordan Walsh,https://www.basketball-reference.com/players/w/walshjo01.html,2024,2023-11-04,BOS,BRK,@,"W, 124-114",,,,,,,,,,,,,,,,,
Jordan Walsh,https://www.basketball-reference.com/players/w/walshjo01.html,2024,2023-11-06,BOS,MIN,@,"L, 109-114 (OT)",,,,,,,,,,,,,,,,,
Jordan Walsh,https://www.basketball-reference.com/players/w/walshjo01.html,2024,2023-11-08,BOS,PHI,@,"L, 103-106",,,,,,,,,,,,,,,,,
Jordan Walsh,https://www.basketball-reference.com/players/w/walshjo01.html,2024,2023-11-10,BOS,BRK,,"W, 121-107",,,,,,,,,,,,,,,,,
Jordan Walsh,https://www.basketball-reference.com/players/w/walshjo01.html,2024,2023-11-11,BOS,TOR,,"W, 117-94",,,,,,,,,,,,,,,,,
Jordan Walsh,https://www.basketball-reference.com/players/w/walshjo01.html,2024,2023-11-13,BOS,NYK,,"W, 114-98",,,,,,,,,,,,,,,,,
Jordan Walsh,https://www.basketball-reference.com/players/w/walshjo01.html,2024,2023-11-15,BOS,PHI,@,"W, 117-107",,,,,,,,,,,,,,,,,
Jordan Walsh,https://www.basketball-reference.com/players/w/walshjo01.html,2024,2023-11-17,BOS,TOR,@,"W, 108-105",,,,,,,,,,,,,,,,,
Jordan Walsh,https://www.basketball-reference.com/players/w/walshjo01.html,2024,2023-11-19,BOS,MEM,@,"W, 102-100",,,,,,,,,,,,,,,,,
Jordan Walsh,https://www.basketball-reference.com/players/w/walshjo01.html,2024,2023-11-20,BOS,CHO,@,"L, 118-121 (OT)",,,,,,,,,,,,,,,,,
Jordan Walsh,https://www.basketball-reference.com/players/w/walshjo01.html,2024,2023-11-22,BOS,MIL,,"W, 119-116",,,,,,,,,,,,,,,,,
Jordan Walsh,https://www.basketball-reference.com/players/w/walshjo01.html,2024,2023-11-24,BOS,ORL,@,"L, 96-113",,,,,,,,,,,,,,,,,
Jordan Walsh,https://www.basketball-reference.com/players/w/walshjo01.html,2024,2023-11-26,BOS,ATL,,"W, 113-103",,,,,,,,,,,,,,,,,
Jordan Walsh,https://www.basketball-reference.com/players/w/walshjo01.html,2024,2023-11-28,BOS,CHI,,"W, 124-97",,,,,,,,,,,,,,,,,
Jordan Walsh,https://www.basketball-reference.com/players/w/walshjo01.html,2024,2023-12-01,BOS,PHI,,"W, 125-119",,,,,,,,,,,,,,,,,
Jordan Walsh,https://www.basketball-reference.com/players/w/walshjo01.html,2024,2023-12-04,BOS,IND,@,"L, 112-122",,,,,,,,,,,,,,,,,
Jordan Walsh,https://www.basketball-reference.com/players/w/walshjo01.html,2024,2023-12-08,BOS,NYK,,"W, 133-123",,,,,,,,,,,,,,,,,
Jordan Walsh,https://www.basketball-reference.com/players/w/walshjo01.html,2024,2023-12-12,BOS,CLE,,"W, 120-113",,,,,,,,,,,,,,,,,
Jordan Walsh,https://www.basketball-reference.com/players/w/walshjo01.html,2024,2023-12-14,BOS,CLE,,"W, 116-107",,,,,,,,,,,,,,,,,
Jordan Walsh,https://www.basketball-reference.com/players/w/walshjo01.html,2024,2023-12-15,BOS,ORL,,"W, 128-111",,,,,,,,,,,,,,,,,
Jordan Walsh,https://www.basketball-reference.com/players/w/walshjo01.html,2024,2023-12-17,BOS,ORL,,"W, 114-97",,,,,,,,,,,,,,,,,
Jordan Walsh,https://www.basketball-reference.com/players/w/walshjo01.html,2024,2023-12-19,BOS,GSW,@,"L, 126-132 (OT)",,,,,,,,,,,,,,,,,
Jordan Walsh,https://www.basketball-reference.com/players/w/walshjo01.html,2024,2023-12-20,BOS,SAC,@,"W, 144-119",,,,,,,,,,,,,,,,,
Jordan Walsh,https://www.basketball-reference.com/players/w/walshjo01.html,2024,2023-12-23,BOS,LAC,@,"W, 145-108",,,,,,,,,,,,,,,,,
Jordan Walsh,https://www.basketball-reference.com/players/w/walshjo01.html,2024,2023-12-25,BOS,LAL,@,"W, 126-115",,,,,,,,,,,,,,,,,
Jordan Walsh,https://www.basketball-reference.com/players/w/walshjo01.html,2024,2023-12-28,BOS,DET,,"W, 128-122 (OT)",,,,,,,,,,,,,,,,,
Jordan Walsh,https://www.basketball-reference.com/players/w/walshjo01.html,2024,2023-12-29,BOS,TOR,,"W, 120-118",,,,,,,,,,,,,,,,,
Jordan Walsh,https://www.basketball-reference.com/players/w/walshjo01.html,2024,2023-12-31,BOS,SAS,@,"W, 134-101",,,,,,,,,,,,,,,,,
Jordan Walsh,https://www.basketball-reference.com/players/w/walshjo01.html,2024,2024-01-02,BOS,OKC,@,"L, 123-127",,,,,,,,,,,,,,,,,
Jordan Walsh,https://www.basketball-reference.com/players/w/walshjo01.html,2024,2024-01-05,BOS,UTA,,"W, 126-97",,,,,,,,,,,,,,,,,
Jordan Walsh,https://www.basketball-reference.com/players/w/walshjo01.html,2024,2024-01-06,BOS,IND,@,"W, 118-101",,,,,,,,,,,,,,,,,
Jordan Walsh,https://www.basketball-reference.com/players/w/walshjo01.html,2024,2024-01-08,BOS,IND,@,"L, 131-133",,,,,,,,,,,,,,,,,
Jordan Walsh,https://www.basketball-reference.com/players/w/walshjo01.html,2024,2024-01-10,BOS,MIN,,"W, 127-120 (OT)",,,,,,,,,,,,,,,,,
Jordan Walsh,https://www.basketball-reference.com/players/w/walshjo01.html,2024,2024-01-11,BOS,MIL,@,"L, 102-135",,,,,,,,,,,,,,,,,
Jordan Walsh,https://www.basketball-reference.com/players/w/walshjo01.html,2024,2024-01-13,BOS,HOU,,"W, 145-113",,,,,,,,,,,,,,,,,
Jordan Walsh,https://www.basketball-reference.com/players/w/walshjo01.html,2024,2024-01-15,BOS,TOR,@,"W, 105-96",,,,,,,,,,,,,,,,,
Jordan Walsh,https://www.basketball-reference.com/players/w/walshjo01.html,2024,2024-01-17,BOS,SAS,,"W, 117-98",,03:03,0,1,0,1,0,0,0,4,4,0,0,0,0,0,0
Jordan Walsh,https://www.basketball-reference.com/players/w/walshjo01.html,2024,2024-01-19,BOS,DEN,,"L, 100-102",,,,,,,,,,,,,,,,,
Jordan Walsh,https://www.basketball-reference.com/players/w/walshjo01.html,2024,2024-01-21,BOS,HOU,@,"W, 116-107",,,,,,,,,,,,,,,,,
Jordan Walsh,https://www.basketball-reference.com/players/w/walshjo01.html,2024,2024-01-22,BOS,DAL,@,"W, 119-110",,,,,,,,,,,,,,,,,
Jordan Walsh,https://www.basketball-reference.com/players/w/walshjo01.html,2024,2024-01-25,BOS,MIA,@,"W, 143-110",,03:14,0,0,0,0,0,0,0,1,1,1,0,0,0,0,0
Jordan Walsh,https://www.basketball-reference.com/players/w/walshjo01.html,2024,2024-01-27,BOS,LAC,,"L, 96-115",,,,,,,,,,,,,,,,,
Jordan Walsh,https://www.basketball-reference.com/players/w/walshjo01.html,2024,2024-01-29,BOS,NOP,,"W, 118-112",,,,,,,,,,,,,,,,,
Jordan Walsh,https://www.basketball-reference.com/players/w/walshjo01.html,2024,2024-01-30,BOS,IND,,"W, 129-124",,,,,,,,,,,,,,,,,
Jordan Walsh,https://www.basketball-reference.com/players/w/walshjo01.html,2024,2024-02-01,BOS,LAL,,"L, 105-114",,,,,,,,,,,,,,,,,
Jordan Walsh,https://www.basketball-reference.com/players/w/walshjo01.html,2024,2024-02-04,BOS,MEM,,"W, 131-91",,08:33,1,1,0,0,0,0,1,0,1,1,1,0,0,2,2
Jordan Walsh,https://www.basketball-reference.com/players/w/walshjo01.html,2024,2024-02-07,BOS,ATL,,"W, 125-117",,,,,,,,,,,,,,,,,
Jordan Walsh,https://www.basketball-reference.com/players/w/walshjo01.html,2024,2024-02-09,BOS,WAS,,"W, 133-129",,,,,,,,,,,,,,,,,
Jordan Walsh,https://www.basketball-reference.com/players/w/walshjo01.html,2024,2024-02-11,BOS,MIA,@,"W, 110-106",,,,,,,,,,,,,,,,,
Jordan Walsh,https://www.basketball-reference.com/players/w/walshjo01.html,2024,2024-02-13,BOS,BRK,@,"W, 118-110",,,,,,,,,,,,,,,,,
Jordan Walsh,https://www.basketball-reference.com/players/w/walshjo01.html,2024,2024-02-14,BOS,BRK,,"W, 136-86",,18:10,0,3,0,2,0,0,1,4,5,0,1,1,2,3,0
Jordan Walsh,https://www.basketball-reference.com/players/w/walshjo01.html,2024,2024-02-22,BOS,CHI,@,"W, 129-112",,,,,,,,,,,,,,,,,
Jordan Walsh,https://www.basketball-reference.com/players/w/walshjo01.html,2024,2024-02-24,BOS,NYK,@,"W, 116-102",,,,,,,,,,,,,,,,,
Jordan Walsh,https://www.basketball-reference.com/players/w/walshjo01.html,2024,2024-02-27,BOS,PHI,,"W, 117-99",,,,,,,,,,,,,,,,,
Jordan Walsh,https://www.basketball-reference.com/players/w/walshjo01.html,2024,2024-03-01,BOS,DAL,,"W, 138-110",,,,,,,,,,,,,,,,,
Jordan Walsh,https://www.basketball-reference.com/players/w/walshjo01.html,2024,2024-03-03,BOS,GSW,,"W, 140-88",,,,,,,,,,,,,,,,,
Jordan Walsh,https://www.basketball-reference.com/players/w/walshjo01.html,2024,2024-03-05,BOS,CLE,@,"L, 104-105",,,,,,,,,,,,,,,,,
Jordan Walsh,https://www.basketball-reference.com/players/w/walshjo01.html,2024,2024-03-07,BOS,DEN,@,"L, 109-115",,,,,,,,,,,,,,,,,
Jordan Walsh,https://www.basketball-reference.com/players/w/walshjo01.html,2024,2024-03-09,BOS,PHO,@,"W, 117-107",,,,,,,,,,,,,,,,,
Jordan Walsh,https://www.basketball-reference.com/players/w/walshjo01.html,2024,2024-03-11,BOS,POR,@,"W, 121-99",,,,,,,,,,,,,,,,,
Jordan Walsh,https://www.basketball-reference.com/players/w/walshjo01.html,2024,2024-03-12,BOS,UTA,@,"W, 123-107",,,,,,,,,,,,,,,,,
Jordan Walsh,https://www.basketball-reference.com/players/w/walshjo01.html,2024,2024-03-14,BOS,PHO,,"W, 127-112",,,,,,,,,,,,,,,,,
Jordan Walsh,https://www.basketball-reference.com/players/w/walshjo01.html,2024,2024-03-17,BOS,WAS,@,"W, 130-104",,,,,,,,,,,,,,,,,
Jordan Walsh,https://www.basketball-reference.com/players/w/walshjo01.html,2024,2024-03-18,BOS,DET,,"W, 119-94",,04:09,1,1,0,0,0,0,1,1,2,2,0,0,0,0,2
Jordan Walsh,https://www.basketball-reference.com/players/w/walshjo01.html,2024,2024-03-20,BOS,MIL,,"W, 122-119",,,,,,,,,,,,,,,,,
Jordan Walsh,https://www.basketball-reference.com/players/w/walshjo01.html,2024,2024-03-22,BOS,DET,@,"W, 129-102",,02:48,1,2,0,1,0,0,0,0,0,0,0,0,0,1,2
Jordan Walsh,https://www.basketball-reference.com/players/w/walshjo01.html,2024,2024-03-23,BOS,CHI,@,"W, 124-113",,,,,,,,,,,,,,,,,
Jordan Walsh,https://www.basketball-reference.com/players/w/walshjo01.html,2024,2024-03-25,BOS,ATL,@,"L, 118-120",,,,,,,,,,,,,,,,,
Jordan Walsh,https://www.basketball-reference.com/players/w/walshjo01.html,2024,2024-03-28,BOS,ATL,@,"L, 122-123 (OT)",,,,,,,,,,,,,,,,,
Jordan Walsh,https://www.basketball-reference.com/players/w/walshjo01.html,2024,2024-03-30,BOS,NOP,@,"W, 104-92",,,,,,,,,,,,,,,,,
Jordan Walsh,https://www.basketball-reference.com/players/w/walshjo01.html,2024,2024-04-01,BOS,CHO,@,"W, 118-104",,,,,,,,,,,,,,,,,
Jordan Walsh,https://www.basketball-reference.com/players/w/walshjo01.html,2024,2024-04-03,BOS,OKC,,"W, 135-100",,,,,,,,,,,,,,,,,
Jordan Walsh,https://www.basketball-reference.com/players/w/walshjo01.html,2024,2024-04-05,BOS,SAC,,"W, 101-100",,06:26,0,1,0,1,0,0,1,0,1,0,0,0,0,1,0
Jordan Walsh,https://www.basketball-reference.com/players/w/walshjo01.html,2024,2024-04-07,BOS,POR,,"W, 124-107",,,,,,,,,,,,,,,,,
Jordan Walsh,https://www.basketball-reference.com/players/w/walshjo01.html,2024,2024-04-09,BOS,MIL,@,"L, 91-104",,,,,,,,,,,,,,,,,
Jordan Walsh,https://www.basketball-reference.com/players/w/walshjo01.html,2024,2024-04-11,BOS,NYK,,"L, 109-118",,,,,,,,,,,,,,,,,
Jordan Walsh,https://www.basketball-reference.com/players/w/walshjo01.html,2024,2024-04-12,BOS,CHO,,"W, 131-98",,19:57,3,4,2,3,0,0,1,2,3,0,1,0,0,3,8
Jordan Walsh,https://www.basketball-reference.com/players/w/walshjo01.html,2024,2024-04-14,BOS,WAS,,"W, 132-122",,17:08,0,2,0,1,1,2,0,3,3,1,2,0,1,1,1
Onuralp Bitim,https://www.basketball-reference.com/players/b/bitimon01.html,2024,2023-10-25,CHI,OKC,,"L, 104-124",,,,,,,,,,,,,,,,,
Onuralp Bitim,https://www.basketball-reference.com/players/b/bitimon01.html,2024,2023-10-27,CHI,TOR,,"W, 104-103 (OT)",,,,,,,,,,,,,,,,,
Onuralp Bitim,https://www.basketball-reference.com/players/b/bitimon01.html,2024,2023-10-28,CHI,DET,@,"L, 102-118",,,,,,,,,,,,,,,,,
Onuralp Bitim,https://www.basketball-reference.com/players/b/bitimon01.html,2024,2023-10-30,CHI,IND,@,"W, 112-105",,,,,,,,,,,,,,,,,
Onuralp Bitim,https://www.basketball-reference.com/players/b/bitimon01.html,2024,,,,,,,,,,,,,,,,,,,,,,
Onuralp Bitim,https://www.basketball-reference.com/players/b/bitimon01.html,2024,2023-11-01,CHI,DAL,@,"L, 105-114",,,,,,,,,,,,,,,,,
Onuralp Bitim,https://www.basketball-reference.com/players/b/bitimon01.html,2024,2023-11-03,CHI,BRK,,"L, 107-109",,,,,,,,,,,,,,,,,
Onuralp Bitim,https://www.basketball-reference.com/players/b/bitimon01.html,2024,2023-11-04,CHI,DEN,@,"L, 101-123",,03:11,0,0,0,0,0,0,0,0,0,0,0,0,0,0,0
Onuralp Bitim,https://www.basketball-reference.com/players/b/bitimon01.html,2024,2023-11-06,CHI,UTA,,"W, 130-113",,,,,,,,,,,,,,,,,
Onuralp Bitim,https://www.basketball-reference.com/players/b/bitimon01.html,2024,2023-11-08,CHI,PHO,,"L, 115-116 (OT)",,,,,,,,,,,,,,,,,
Onuralp Bitim,https://www.basketball-reference.com/players/b/bitimon01.html,2024,2023-11-12,CHI,DET,,"W, 119-108",,,,,,,,,,,,,,,,,
Onuralp Bitim,https://www.basketball-reference.com/players/b/bitimon01.html,2024,2023-11-13,CHI,MIL,@,"L, 109-118",,,,,,,,,,,,,,,,,
Onuralp Bitim,https://www.basketball-reference.com/players/b/bitimon01.html,2024,2023-11-15,CHI,ORL,,"L, 94-96",,,,,,,,,,,,,,,,,
Onuralp Bitim,https://www.basketball-reference.com/players/b/bitimon01.html,2024,2023-11-17,CHI,ORL,,"L, 97-103",,,,,,,,,,,,,,,,,
Onuralp Bitim,https://www.basketball-reference.com/players/b/bitimon01.html,2024,2023-11-18,CHI,MIA,,"W, 102-97",,,,,,,,,,,,,,,,,
Onuralp Bitim,https://www.basketball-reference.com/players/b/bitimon01.html,2024,2023-11-20,CHI,MIA,,"L, 100-118",,,,,,,,,,,,,,,,,
Onuralp Bitim,https://www.basketball-reference.com/players/b/bitimon01.html,2024,2023-11-22,CHI,OKC,@,"L, 102-116",,,,,,,,,,,,,,,,,
Onuralp Bitim,https://www.basketball-reference.com/players/b/bitimon01.html,2024,2023-11-24,CHI,TOR,@,"L, 108-121",,,,,,,,,,,,,,,,,
Onuralp Bitim,https://www.basketball-reference.com/players/b/bitimon01.html,2024,2023-11-26,CHI,BRK,@,"L, 109-118",,,,,,,,,,,,,,,,,
Onuralp Bitim,https://www.basketball-reference.com/players/b/bitimon01.html,2024,2023-11-28,CHI,BOS,@,"L, 97-124",,,,,,,,,,,,,,,,,
Onuralp Bitim,https://www.basketball-reference.com/players/b/bitimon01.html,2024,2023-11-30,CHI,MIL,,"W, 120-113 (OT)",,,,,,,,,,,,,,,,,
Onuralp Bitim,https://www.basketball-reference.com/players/b/bitimon01.html,2024,2023-12-02,CHI,NOP,,"W, 124-118",,,,,,,,,,,,,,,,,
Onuralp Bitim,https://www.basketball-reference.com/players/b/bitimon01.html,2024,2023-12-06,CHI,CHO,,"W, 111-100",,,,,,,,,,,,,,,,,
Onuralp Bitim,https://www.basketball-reference.com/players/b/bitimon01.html,2024,2023-12-08,CHI,SAS,@,"W, 121-112",,,,,,,,,,,,,,,,,
Onuralp Bitim,https://www.basketball-reference.com/players/b/bitimon01.html,2024,2023-12-11,CHI,MIL,@,"L, 129-133 (OT)",,,,,,,,,,,,,,,,,
Onuralp Bitim,https://www.basketball-reference.com/players/b/bitimon01.html,2024,2023-12-12,CHI,DEN,,"L, 106-114",,,,,,,,,,,,,,,,,
Onuralp Bitim,https://www.basketball-reference.com/players/b/bitimon01.html,2024,2023-12-14,CHI,MIA,@,"W, 124-116",,,,,,,,,,,,,,,,,
Onuralp Bitim,https://www.basketball-reference.com/players/b/bitimon01.html,2024,2023-12-16,CHI,MIA,@,"L, 116-118",,,,,,,,,,,,,,,,,
Onuralp Bitim,https://www.basketball-reference.com/players/b/bitimon01.html,2024,2023-12-18,CHI,PHI,@,"W, 108-104",,,,,,,,,,,,,,,,,
Onuralp Bitim,https://www.basketball-reference.com/players/b/bitimon01.html,2024,2023-12-20,CHI,LAL,,"W, 124-108",,,,,,,,,,,,,,,,,
Onuralp Bitim,https://www.basketball-reference.com/players/b/bitimon01.html,2024,2023-12-21,CHI,SAS,,"W, 114-95",,,,,,,,,,,,,,,,,
Onuralp Bitim,https://www.basketball-reference.com/players/b/bitimon01.html,2024,2023-12-23,CHI,CLE,,"L, 95-109",,,,,,,,,,,,,,,,,
Onuralp Bitim,https://www.basketball-reference.com/players/b/bitimon01.html,2024,2023-12-26,CHI,ATL,,"W, 118-113",,,,,,,,,,,,,,,,,
Onuralp Bitim,https://www.basketball-reference.com/players/b/bitimon01.html,2024,2023-12-28,CHI,IND,,"L, 104-120",,,,,,,,,,,,,,,,,
Onuralp Bitim,https://www.basketball-reference.com/players/b/bitimon01.html,2024,2023-12-30,CHI,PHI,,"W, 105-92",,,,,,,,,,,,,,,,,
Onuralp Bitim,https://www.basketball-reference.com/players/b/bitimon01.html,2024,2024-01-02,CHI,PHI,@,"L, 97-110",,,,,,,,,,,,,,,,,
Onuralp Bitim,https://www.basketball-reference.com/players/b/bitimon01.html,2024,2024-01-03,CHI,NYK,@,"L, 100-116",,,,,,,,,,,,,,,,,
Onuralp Bitim,https://www.basketball-reference.com/players/b/bitimon01.html,2024,2024-01-05,CHI,CHO,,"W, 104-91",,,,,,,,,,,,,,,,,
Onuralp Bitim,https://www.basketball-reference.com/players/b/bitimon01.html,2024,2024-01-08,CHI,CHO,@,"W, 119-112 (OT)",,,,,,,,,,,,,,,,,
Onuralp Bitim,https://www.basketball-reference.com/players/b/bitimon01.html,2024,2024-01-10,CHI,HOU,,"W, 124-119 (OT)",,,,,,,,,,,,,,,,,
Onuralp Bitim,https://www.basketball-reference.com/players/b/bitimon01.html,2024,2024-01-12,CHI,GSW,,"L, 131-140",,,,,,,,,,,,,,,,,
Onuralp Bitim,https://www.basketball-reference.com/players/b/bitimon01.html,2024,2024-01-13,CHI,SAS,@,"W, 122-116",,,,,,,,,,,,,,,,,
Onuralp Bitim,https://www.basketball-reference.com/players/b/bitimon01.html,2024,2024-01-15,CHI,CLE,@,"L, 91-109",,,,,,,,,,,,,,,,,
Onuralp Bitim,https://www.basketball-reference.com/players/b/bitimon01.html,2024,2024-01-18,CHI,TOR,@,"W, 116-110",,,,,,,,,,,,,,,,,
Onuralp Bitim,https://www.basketball-reference.com/players/b/bitimon01.html,2024,2024-01-20,CHI,MEM,,"W, 125-96",,,,,,,,,,,,,,,,,
Onuralp Bitim,https://www.basketball-reference.com/players/b/bitimon01.html,2024,2024-01-22,CHI,PHO,@,"L, 113-115",,,,,,,,,,,,,,,,,
Onuralp Bitim,https://www.basketball-reference.com/players/b/bitimon01.html,2024,2024-01-25,CHI,LAL,@,"L, 132-141",,,,,,,,,,,,,,,,,
Onuralp Bitim,https://www.basketball-reference.com/players/b/bitimon01.html,2024,2024-01-28,CHI,POR,@,"W, 104-96",,,,,,,,,,,,,,,,,
Onuralp Bitim,https://www.basketball-reference.com/players/b/bitimon01.html,2024,2024-01-30,CHI,TOR,,"L, 107-118",,,,,,,,,,,,,,,,,
Onuralp Bitim,https://www.basketball-reference.com/players/b/bitimon01.html,2024,2024-01-31,CHI,CHO,@,"W, 117-110",,,,,,,,,,,,,,,,,
Onuralp Bitim,https://www.basketball-reference.com/players/b/bitimon01.html,2024,2024-02-03,CHI,SAC,,"L, 115-123",,,,,,,,,,,,,,,,,
Onuralp Bitim,https://www.basketball-reference.com/players/b/bitimon01.html,2024,2024-02-06,CHI,MIN,,"W, 129-123 (OT)",,,,,,,,,,,,,,,,,
Onuralp Bitim,https://www.basketball-reference.com/players/b/bitimon01.html,2024,2024-02-08,CHI,MEM,@,"W, 118-110",,,,,,,,,,,,,,,,,
Onuralp Bitim,https://www.basketball-reference.com/players/b/bitimon01.html,2024,2024-02-10,CHI,ORL,@,"L, 108-114 (OT)",,,,,,,,,,,,,,,,,
Onuralp Bitim,https://www.basketball-reference.com/players/b/bitimon01.html,2024,2024-02-12,CHI,ATL,@,"W, 136-126",,,,,,,,,,,,,,,,,
Onuralp Bitim,https://www.basketball-reference.com/players/b/bitimon01.html,2024,2024-02-14,CHI,CLE,@,"L, 105-108",,,,,,,,,,,,,,,,,
Onuralp Bitim,https://www.basketball-reference.com/players/b/bitimon01.html,2024,2024-02-22,CHI,BOS,,"L, 112-129",,02:33,0,2,0,1,0,0,0,0,0,0,0,0,0,0,0
Onuralp Bitim,https://www.basketball-reference.com/players/b/bitimon01.html,2024,2024-02-25,CHI,NOP,@,"W, 114-106",,,,,,,,,,,,,,,,,
Onuralp Bitim,https://www.basketball-reference.com/players/b/bitimon01.html,2024,2024-02-27,CHI,DET,,"L, 95-105",,,,,,,,,,,,,,,,,
Onuralp Bitim,https://www.basketball-reference.com/players/b/bitimon01.html,2024,2024-02-28,CHI,CLE,,"W, 132-123 (2OT)",,27:33,3,4,2,2,2,2,0,6,6,0,0,0,2,1,10
Onuralp Bitim,https://www.basketball-reference.com/players/b/bitimon01.html,2024,2024-03-01,CHI,MIL,,"L, 97-113",,16:10,2,7,2,5,0,0,0,4,4,1,0,0,0,2,6
Onuralp Bitim,https://www.basketball-reference.com/players/b/bitimon01.html,2024,2024-03-04,CHI,SAC,@,"W, 113-109",,12:41,0,3,0,2,1,2,1,0,1,1,0,1,1,1,1
Onuralp Bitim,https://www.basketball-reference.com/players/b/bitimon01.html,2024,2024-03-06,CHI,UTA,@,"W, 119-117",,06:27,0,1,0,1,0,0,0,0,0,0,0,0,0,1,0
Onuralp Bitim,https://www.basketball-reference.com/players/b/bitimon01.html,2024,2024-03-07,CHI,GSW,@,"W, 125-122",,16:50,2,4,2,4,0,0,0,0,0,1,2,0,0,1,6
Onuralp Bitim,https://www.basketball-reference.com/players/b/bitimon01.html,2024,2024-03-09,CHI,LAC,@,"L, 102-112",,10:21,2,3,2,3,0,0,1,0,1,0,0,0,0,0,6
Onuralp Bitim,https://www.basketball-reference.com/players/b/bitimon01.html,2024,2024-03-11,CHI,DAL,,"L, 92-127",,25:16,8,16,1,6,0,0,3,2,5,1,0,0,1,3,17
Onuralp Bitim,https://www.basketball-reference.com/players/b/bitimon01.html,2024,2024-03-13,CHI,IND,@,"W, 132-129 (OT)",,12:58,1,1,0,0,0,0,0,1,1,1,0,0,1,0,2
Onuralp Bitim,https://www.basketball-reference.com/players/b/bitimon01.html,2024,2024-03-14,CHI,LAC,,"L, 111-126",,16:55,1,2,0,1,0,0,0,0,0,2,0,0,0,1,2
Onuralp Bitim,https://www.basketball-reference.com/players/b/bitimon01.html,2024,2024-03-16,CHI,WAS,,"W, 127-98",,23:56,3,5,0,2,0,0,0,6,6,2,1,1,0,3,6
Onuralp Bitim,https://www.basketball-reference.com/players/b/bitimon01.html,2024,2024-03-18,CHI,POR,,"W, 110-107",,25:43,4,9,1,3,0,0,1,3,4,1,0,0,1,2,9
Onuralp Bitim,https://www.basketball-reference.com/players/b/bitimon01.html,2024,2024-03-21,CHI,HOU,@,"L, 117-127",,08:05,0,1,0,1,0,0,0,0,0,0,0,0,0,1,0
Onuralp Bitim,https://www.basketball-reference.com/players/b/bitimon01.html,2024,2024-03-23,CHI,BOS,,"L, 113-124",,06:47,1,3,0,0,0,0,0,0,0,1,0,0,0,2,2
Onuralp Bitim,https://www.basketball-reference.com/players/b/bitimon01.html,2024,2024-03-25,CHI,WAS,,"L, 105-107",,04:21,0,2,0,1,0,0,0,1,1,0,0,0,1,1,0
Onuralp Bitim,https://www.basketball-reference.com/players/b/bitimon01.html,2024,2024-03-27,CHI,IND,,"W, 125-99",,01:57,1,1,1,1,0,0,0,0,0,1,0,0,0,0,3
Onuralp Bitim,https://www.basketball-reference.com/players/b/bitimon01.html,2024,2024-03-29,CHI,BRK,@,"L, 108-125",,03:49,0,2,0,2,0,0,0,1,1,1,0,0,0,1,0
Onuralp Bitim,https://www.basketball-reference.com/players/b/bitimon01.html,2024,2024-03-31,CHI,MIN,@,"W, 109-101",,,,,,,,,,,,,,,,,
Onuralp Bitim,https://www.basketball-reference.com/players/b/bitimon01.html,2024,2024-04-01,CHI,ATL,,"L, 101-113",,02:04,0,2,0,1,0,0,0,0,0,0,0,0,0,0,0
Onuralp Bitim,https://www.basketball-reference.com/players/b/bitimon01.html,2024,2024-04-05,CHI,NYK,,"W, 108-100",,02:20,0,0,0,0,0,0,0,0,0,0,0,0,0,0,0
Onuralp Bitim,https://www.basketball-reference.com/players/b/bitimon01.html,2024,2024-04-07,CHI,ORL,@,"L, 98-113",,10:52,2,4,0,1,0,0,0,0,0,0,0,0,0,1,4
Onuralp Bitim,https://www.basketball-reference.com/players/b/bitimon01.html,2024,2024-04-09,CHI,NYK,,"L, 117-128",,,,,,,,,,,,,,,,,
Onuralp Bitim,https://www.basketball-reference.com/players/b/bitimon01.html,2024,2024-04-11,CHI,DET,@,"W, 127-105",,02:19,0,2,0,1,0,0,0,0,0,0,0,0,0,0,0
Onuralp Bitim,https://www.basketball-reference.com/players/b/bitimon01.html,2024,2024-04-12,CHI,WAS,@,"W, 129-127",,24:50,2,10,1,6,1,1,0,2,2,0,0,0,3,3,6
Onuralp Bitim,https://www.basketball-reference.com/players/b/bitimon01.html,2024,2024-04-14,CHI,NYK,@,"L, 119-120 (OT)",,,,,,,,,,,,,,,,,
Henri Drell,https://www.basketball-reference.com/players/d/drellhe01.html,2024,2023-12-16,CHI,MIA,@,"L, 116-118",,,,,,,,,,,,,,,,,
Henri Drell,https://www.basketball-reference.com/players/d/drellhe01.html,2024,2023-12-18,CHI,PHI,@,"W, 108-104",,,,,,,,,,,,,,,,,
Henri Drell,https://www.basketball-reference.com/players/d/drellhe01.html,2024,2023-12-20,CHI,LAL,,"W, 124-108",,,,,,,,,,,,,,,,,
Henri Drell,https://www.basketball-reference.com/players/d/drellhe01.html,2024,2023-12-21,CHI,SAS,,"W, 114-95",,,,,,,,,,,,,,,,,
Henri Drell,https://www.basketball-reference.com/players/d/drellhe01.html,2024,2023-12-23,CHI,CLE,,"L, 95-109",,,,,,,,,,,,,,,,,
Henri Drell,https://www.basketball-reference.com/players/d/drellhe01.html,2024,2023-12-26,CHI,ATL,,"W, 118-113",,,,,,,,,,,,,,,,,
Henri Drell,https://www.basketball-reference.com/players/d/drellhe01.html,2024,2023-12-28,CHI,IND,,"L, 104-120",,,,,,,,,,,,,,,,,
Henri Drell,https://www.basketball-reference.com/players/d/drellhe01.html,2024,2023-12-30,CHI,PHI,,"W, 105-92",,,,,,,,,,,,,,,,,
Henri Drell,https://www.basketball-reference.com/players/d/drellhe01.html,2024,,,,,,,,,,,,,,,,,,,,,,
Henri Drell,https://www.basketball-reference.com/players/d/drellhe01.html,2024,2024-01-02,CHI,PHI,@,"L, 97-110",,,,,,,,,,,,,,,,,
Henri Drell,https://www.basketball-reference.com/players/d/drellhe01.html,2024,2024-01-03,CHI,NYK,@,"L, 100-116",,,,,,,,,,,,,,,,,
Henri Drell,https://www.basketball-reference.com/players/d/drellhe01.html,2024,2024-01-05,CHI,CHO,,"W, 104-91",,,,,,,,,,,,,,,,,
Henri Drell,https://www.basketball-reference.com/players/d/drellhe01.html,2024,2024-01-08,CHI,CHO,@,"W, 119-112 (OT)",,,,,,,,,,,,,,,,,
Henri Drell,https://www.basketball-reference.com/players/d/drellhe01.html,2024,2024-01-10,CHI,HOU,,"W, 124-119 (OT)",,,,,,,,,,,,,,,,,
Henri Drell,https://www.basketball-reference.com/players/d/drellhe01.html,2024,2024-01-12,CHI,GSW,,"L, 131-140",,,,,,,,,,,,,,,,,
Henri Drell,https://www.basketball-reference.com/players/d/drellhe01.html,2024,2024-01-13,CHI,SAS,@,"W, 122-116",,,,,,,,,,,,,,,,,
Henri Drell,https://www.basketball-reference.com/players/d/drellhe01.html,2024,2024-01-15,CHI,CLE,@,"L, 91-109",,,,,,,,,,,,,,,,,
Henri Drell,https://www.basketball-reference.com/players/d/drellhe01.html,2024,2024-01-18,CHI,TOR,@,"W, 116-110",,,,,,,,,,,,,,,,,
Henri Drell,https://www.basketball-reference.com/players/d/drellhe01.html,2024,2024-01-20,CHI,MEM,,"W, 125-96",,,,,,,,,,,,,,,,,
Henri Drell,https://www.basketball-reference.com/players/d/drellhe01.html,2024,2024-01-22,CHI,PHO,@,"L, 113-115",,,,,,,,,,,,,,,,,
Henri Drell,https://www.basketball-reference.com/players/d/drellhe01.html,2024,2024-01-25,CHI,LAL,@,"L, 132-141",,,,,,,,,,,,,,,,,
Henri Drell,https://www.basketball-reference.com/players/d/drellhe01.html,2024,2024-01-28,CHI,POR,@,"W, 104-96",,,,,,,,,,,,,,,,,
Henri Drell,https://www.basketball-reference.com/players/d/drellhe01.html,2024,2024-01-30,CHI,TOR,,"L, 107-118",,,,,,,,,,,,,,,,,
Henri Drell,https://www.basketball-reference.com/players/d/drellhe01.html,2024,2024-01-31,CHI,CHO,@,"W, 117-110",,,,,,,,,,,,,,,,,
Henri Drell,https://www.basketball-reference.com/players/d/drellhe01.html,2024,2024-02-03,CHI,SAC,,"L, 115-123",,,,,,,,,,,,,,,,,
Henri Drell,https://www.basketball-reference.com/players/d/drellhe01.html,2024,2024-02-06,CHI,MIN,,"W, 129-123 (OT)",,,,,,,,,,,,,,,,,
Henri Drell,https://www.basketball-reference.com/players/d/drellhe01.html,2024,2024-02-08,CHI,MEM,@,"W, 118-110",,,,,,,,,,,,,,,,,
Henri Drell,https://www.basketball-reference.com/players/d/drellhe01.html,2024,2024-02-10,CHI,ORL,@,"L, 108-114 (OT)",,,,,,,,,,,,,,,,,
Henri Drell,https://www.basketball-reference.com/players/d/drellhe01.html,2024,2024-02-12,CHI,ATL,@,"W, 136-126",,,,,,,,,,,,,,,,,
Henri Drell,https://www.basketball-reference.com/players/d/drellhe01.html,2024,2024-02-14,CHI,CLE,@,"L, 105-108",,,,,,,,,,,,,,,,,
Henri Drell,https://www.basketball-reference.com/players/d/drellhe01.html,2024,2024-02-22,CHI,BOS,,"L, 112-129",,,,,,,,,,,,,,,,,
Henri Drell,https://www.basketball-reference.com/players/d/drellhe01.html,2024,2024-02-25,CHI,NOP,@,"W, 114-106",,,,,,,,,,,,,,,,,
Henri Drell,https://www.basketball-reference.com/players/d/drellhe01.html,2024,2024-02-27,CHI,DET,,"L, 95-105",,,,,,,,,,,,,,,,,
Henri Drell,https://www.basketball-reference.com/players/d/drellhe01.html,2024,2024-02-28,CHI,CLE,,"W, 132-123 (2OT)",,,,,,,,,,,,,,,,,
Henri Drell,https://www.basketball-reference.com/players/d/drellhe01.html,2024,2024-03-01,CHI,MIL,,"L, 97-113",,,,,,,,,,,,,,,,,
Henri Drell,https://www.basketball-reference.com/players/d/drellhe01.html,2024,2024-03-04,CHI,SAC,@,"W, 113-109",,,,,,,,,,,,,,,,,
Henri Drell,https://www.basketball-reference.com/players/d/drellhe01.html,2024,2024-03-06,CHI,UTA,@,"W, 119-117",,,,,,,,,,,,,,,,,
Henri Drell,https://www.basketball-reference.com/players/d/drellhe01.html,2024,2024-03-07,CHI,GSW,@,"W, 125-122",,,,,,,,,,,,,,,,,
Henri Drell,https://www.basketball-reference.com/players/d/drellhe01.html,2024,2024-03-09,CHI,LAC,@,"L, 102-112",,,,,,,,,,,,,,,,,
Henri Drell,https://www.basketball-reference.com/players/d/drellhe01.html,2024,2024-03-11,CHI,DAL,,"L, 92-127",,,,,,,,,,,,,,,,,
Henri Drell,https://www.basketball-reference.com/players/d/drellhe01.html,2024,2024-03-13,CHI,IND,@,"W, 132-129 (OT)",,,,,,,,,,,,,,,,,
Henri Drell,https://www.basketball-reference.com/players/d/drellhe01.html,2024,2024-03-14,CHI,LAC,,"L, 111-126",,02:53,1,2,0,1,0,0,1,0,1,2,0,0,0,0,2
Henri Drell,https://www.basketball-reference.com/players/d/drellhe01.html,2024,2024-03-16,CHI,WAS,,"W, 127-98",,,,,,,,,,,,,,,,,
Henri Drell,https://www.basketball-reference.com/players/d/drellhe01.html,2024,2024-03-18,CHI,POR,,"W, 110-107",,,,,,,,,,,,,,,,,
Henri Drell,https://www.basketball-reference.com/players/d/drellhe01.html,2024,2024-03-21,CHI,HOU,@,"L, 117-127",,,,,,,,,,,,,,,,,
Henri Drell,https://www.basketball-reference.com/players/d/drellhe01.html,2024,2024-03-23,CHI,BOS,,"L, 113-124",,,,,,,,,,,,,,,,,
Henri Drell,https://www.basketball-reference.com/players/d/drellhe01.html,2024,2024-03-25,CHI,WAS,,"L, 105-107",,,,,,,,,,,,,,,,,
Henri Drell,https://www.basketball-reference.com/players/d/drellhe01.html,2024,2024-03-27,CHI,IND,,"W, 125-99",,,,,,,,,,,,,,,,,
Henri Drell,https://www.basketball-reference.com/players/d/drellhe01.html,2024,2024-03-29,CHI,BRK,@,"L, 108-125",,,,,,,,,,,,,,,,,
Henri Drell,https://www.basketball-reference.com/players/d/drellhe01.html,2024,2024-03-31,CHI,MIN,@,"W, 109-101",,,,,,,,,,,,,,,,,
Henri Drell,https://www.basketball-reference.com/players/d/drellhe01.html,2024,2024-04-01,CHI,ATL,,"L, 101-113",,,,,,,,,,,,,,,,,
Henri Drell,https://www.basketball-reference.com/players/d/drellhe01.html,2024,2024-04-05,CHI,NYK,,"W, 108-100",,,,,,,,,,,,,,,,,
Henri Drell,https://www.basketball-reference.com/players/d/drellhe01.html,2024,2024-04-07,CHI,ORL,@,"L, 98-113",,01:29,0,0,0,0,0,0,0,0,0,1,0,0,1,0,0
Henri Drell,https://www.basketball-reference.com/players/d/drellhe01.html,2024,2024-04-09,CHI,NYK,,"L, 117-128",,,,,,,,,,,,,,,,,
Henri Drell,https://www.basketball-reference.com/players/d/drellhe01.html,2024,2024-04-11,CHI,DET,@,"W, 127-105",,02:19,0,1,0,1,0,0,0,1,1,0,0,0,0,1,0
Henri Drell,https://www.basketball-reference.com/players/d/drellhe01.html,2024,2024-04-12,CHI,WAS,@,"W, 129-127",,23:14,3,7,2,4,1,2,0,2,2,1,2,1,1,5,9
Henri Drell,https://www.basketball-reference.com/players/d/drellhe01.html,2024,2024-04-14,CHI,NYK,@,"L, 119-120 (OT)",,,,,,,,,,,,,,,,,
Andrew Funk,https://www.basketball-reference.com/players/f/funkan01.html,2024,2024-02-25,CHI,NOP,@,"W, 114-106",,,,,,,,,,,,,,,,,
Andrew Funk,https://www.basketball-reference.com/players/f/funkan01.html,2024,2024-02-27,CHI,DET,,"L, 95-105",,,,,,,,,,,,,,,,,
Andrew Funk,https://www.basketball-reference.com/players/f/funkan01.html,2024,2024-02-28,CHI,CLE,,"W, 132-123 (2OT)",,,,,,,,,,,,,,,,,
Andrew Funk,https://www.basketball-reference.com/players/f/funkan01.html,2024,,,,,,,,,,,,,,,,,,,,,,
Andrew Funk,https://www.basketball-reference.com/players/f/funkan01.html,2024,2024-03-01,CHI,MIL,,"L, 97-113",,,,,,,,,,,,,,,,,
Andrew Funk,https://www.basketball-reference.com/players/f/funkan01.html,2024,2024-03-04,CHI,SAC,@,"W, 113-109",,,,,,,,,,,,,,,,,
Andrew Funk,https://www.basketball-reference.com/players/f/funkan01.html,2024,2024-03-06,CHI,UTA,@,"W, 119-117",,,,,,,,,,,,,,,,,
Andrew Funk,https://www.basketball-reference.com/players/f/funkan01.html,2024,2024-03-07,CHI,GSW,@,"W, 125-122",,,,,,,,,,,,,,,,,
Andrew Funk,https://www.basketball-reference.com/players/f/funkan01.html,2024,2024-03-09,CHI,LAC,@,"L, 102-112",,,,,,,,,,,,,,,,,
Andrew Funk,https://www.basketball-reference.com/players/f/funkan01.html,2024,2024-03-11,CHI,DAL,,"L, 92-127",,,,,,,,,,,,,,,,,
Andrew Funk,https://www.basketball-reference.com/players/f/funkan01.html,2024,2024-03-13,CHI,IND,@,"W, 132-129 (OT)",,,,,,,,,,,,,,,,,
Andrew Funk,https://www.basketball-reference.com/players/f/funkan01.html,2024,2024-03-14,CHI,LAC,,"L, 111-126",,01:25,0,0,0,0,0,0,0,0,0,0,0,0,0,0,0
Andrew Funk,https://www.basketball-reference.com/players/f/funkan01.html,2024,2024-03-16,CHI,WAS,,"W, 127-98",,01:08,0,1,0,0,0,0,0,0,0,0,0,0,0,0,0
Andrew Funk,https://www.basketball-reference.com/players/f/funkan01.html,2024,2024-03-18,CHI,POR,,"W, 110-107",,,,,,,,,,,,,,,,,
Andrew Funk,https://www.basketball-reference.com/players/f/funkan01.html,2024,2024-03-21,CHI,HOU,@,"L, 117-127",,,,,,,,,,,,,,,,,
Andrew Funk,https://www.basketball-reference.com/players/f/funkan01.html,2024,2024-03-23,CHI,BOS,,"L, 113-124",,,,,,,,,,,,,,,,,
Andrew Funk,https://www.basketball-reference.com/players/f/funkan01.html,2024,2024-03-25,CHI,WAS,,"L, 105-107",,,,,,,,,,,,,,,,,
Andrew Funk,https://www.basketball-reference.com/players/f/funkan01.html,2024,2024-03-27,CHI,IND,,"W, 125-99",,,,,,,,,,,,,,,,,
Andrew Funk,https://www.basketball-reference.com/players/f/funkan01.html,2024,2024-03-29,CHI,BRK,@,"L, 108-125",,,,,,,,,,,,,,,,,
Andrew Funk,https://www.basketball-reference.com/players/f/funkan01.html,2024,2024-03-31,CHI,MIN,@,"W, 109-101",,,,,,,,,,,,,,,,,
Andrew Funk,https://www.basketball-reference.com/players/f/funkan01.html,2024,2024-04-01,CHI,ATL,,"L, 101-113",,,,,,,,,,,,,,,,,
Andrew Funk,https://www.basketball-reference.com/players/f/funkan01.html,2024,2024-04-05,CHI,NYK,,"W, 108-100",,,,,,,,,,,,,,,,,
Andrew Funk,https://www.basketball-reference.com/players/f/funkan01.html,2024,2024-04-07,CHI,ORL,@,"L, 98-113",,01:29,0,0,0,0,0,0,0,0,0,0,0,0,0,0,0
Andrew Funk,https://www.basketball-reference.com/players/f/funkan01.html,2024,2024-04-09,CHI,NYK,,"L, 117-128",,,,,,,,,,,,,,,,,
Andrew Funk,https://www.basketball-reference.com/players/f/funkan01.html,2024,2024-04-11,CHI,DET,@,"W, 127-105",,02:19,0,1,0,1,0,0,0,0,0,0,1,0,0,0,0
Andrew Funk,https://www.basketball-reference.com/players/f/funkan01.html,2024,2024-04-12,CHI,WAS,@,"W, 129-127",,07:03,0,2,0,2,0,0,0,0,0,0,0,1,0,0,0
Andrew Funk,https://www.basketball-reference.com/players/f/funkan01.html,2024,2024-04-14,CHI,NYK,@,"L, 119-120 (OT)",,,,,,,,,,,,,,,,,
Julian Phillips,https://www.basketball-reference.com/players/p/phillju01.html,2024,2023-10-25,CHI,OKC,,"L, 104-124",,03:40,0,0,0,0,0,0,0,0,0,0,0,0,0,0,0
Julian Phillips,https://www.basketball-reference.com/players/p/phillju01.html,2024,2023-10-27,CHI,TOR,,"W, 104-103 (OT)",,,,,,,,,,,,,,,,,
Julian Phillips,https://www.basketball-reference.com/players/p/phillju01.html,2024,2023-10-28,CHI,DET,@,"L, 102-118",,01:11,0,0,0,0,0,0,0,0,0,0,0,0,0,0,0
Julian Phillips,https://www.basketball-reference.com/players/p/phillju01.html,2024,2023-10-30,CHI,IND,@,"W, 112-105",,,,,,,,,,,,,,,,,
Julian Phillips,https://www.basketball-reference.com/players/p/phillju01.html,2024,,,,,,,,,,,,,,,,,,,,,,
Julian Phillips,https://www.basketball-reference.com/players/p/phillju01.html,2024,2023-11-01,CHI,DAL,@,"L, 105-114",,,,,,,,,,,,,,,,,
Julian Phillips,https://www.basketball-reference.com/players/p/phillju01.html,2024,2023-11-03,CHI,BRK,,"L, 107-109",,,,,,,,,,,,,,,,,
Julian Phillips,https://www.basketball-reference.com/players/p/phillju01.html,2024,2023-11-04,CHI,DEN,@,"L, 101-123",,03:11,0,0,0,0,0,0,0,0,0,0,0,0,0,0,0
Julian Phillips,https://www.basketball-reference.com/players/p/phillju01.html,2024,2023-11-06,CHI,UTA,,"W, 130-113",,01:55,0,1,0,1,0,0,0,1,1,0,0,0,0,0,0
Julian Phillips,https://www.basketball-reference.com/players/p/phillju01.html,2024,2023-11-08,CHI,PHO,,"L, 115-116 (OT)",,,,,,,,,,,,,,,,,
Julian Phillips,https://www.basketball-reference.com/players/p/phillju01.html,2024,2023-11-12,CHI,DET,,"W, 119-108",,,,,,,,,,,,,,,,,
Julian Phillips,https://www.basketball-reference.com/players/p/phillju01.html,2024,2023-11-13,CHI,MIL,@,"L, 109-118",,,,,,,,,,,,,,,,,
Julian Phillips,https://www.basketball-reference.com/players/p/phillju01.html,2024,2023-11-15,CHI,ORL,,"L, 94-96",,04:26,0,2,0,1,0,0,0,0,0,0,0,0,0,1,0
Julian Phillips,https://www.basketball-reference.com/players/p/phillju01.html,2024,2023-11-17,CHI,ORL,,"L, 97-103",,,,,,,,,,,,,,,,,
Julian Phillips,https://www.basketball-reference.com/players/p/phillju01.html,2024,2023-11-18,CHI,MIA,,"W, 102-97",,,,,,,,,,,,,,,,,
Julian Phillips,https://www.basketball-reference.com/players/p/phillju01.html,2024,2023-11-20,CHI,MIA,,"L, 100-118",,02:28,1,2,0,0,0,0,0,1,1,0,0,0,0,1,2
Julian Phillips,https://www.basketball-reference.com/players/p/phillju01.html,2024,2023-11-22,CHI,OKC,@,"L, 102-116",,,,,,,,,,,,,,,,,
Julian Phillips,https://www.basketball-reference.com/players/p/phillju01.html,2024,2023-11-24,CHI,TOR,@,"L, 108-121",,04:27,1,2,0,1,0,2,0,0,0,0,0,0,0,1,2
Julian Phillips,https://www.basketball-reference.com/players/p/phillju01.html,2024,2023-11-26,CHI,BRK,@,"L, 109-118",,,,,,,,,,,,,,,,,
Julian Phillips,https://www.basketball-reference.com/players/p/phillju01.html,2024,2023-11-28,CHI,BOS,@,"L, 97-124",,09:50,0,2,0,1,1,2,0,2,2,1,0,0,1,0,1
Julian Phillips,https://www.basketball-reference.com/players/p/phillju01.html,2024,2023-11-30,CHI,MIL,,"W, 120-113 (OT)",,13:35,0,3,0,2,0,0,1,2,3,3,0,0,0,3,0
Julian Phillips,https://www.basketball-reference.com/players/p/phillju01.html,2024,2023-12-02,CHI,NOP,,"W, 124-118",,03:43,1,1,0,0,0,0,0,0,0,0,1,0,0,0,2
Julian Phillips,https://www.basketball-reference.com/players/p/phillju01.html,2024,2023-12-06,CHI,CHO,,"W, 111-100",,05:58,1,2,0,1,0,0,0,0,0,1,0,0,0,0,2
Julian Phillips,https://www.basketball-reference.com/players/p/phillju01.html,2024,2023-12-08,CHI,SAS,@,"W, 121-112",,04:12,1,1,0,0,0,0,1,1,2,0,0,0,0,2,2
Julian Phillips,https://www.basketball-reference.com/players/p/phillju01.html,2024,2023-12-11,CHI,MIL,@,"L, 129-133 (OT)",,03:47,0,0,0,0,0,0,0,0,0,0,0,0,0,0,0
Julian Phillips,https://www.basketball-reference.com/players/p/phillju01.html,2024,2023-12-12,CHI,DEN,,"L, 106-114",,06:42,0,1,0,1,0,0,0,1,1,1,0,0,1,1,0
Julian Phillips,https://www.basketball-reference.com/players/p/phillju01.html,2024,2023-12-14,CHI,MIA,@,"W, 124-116",,,,,,,,,,,,,,,,,
Julian Phillips,https://www.basketball-reference.com/players/p/phillju01.html,2024,2023-12-16,CHI,MIA,@,"L, 116-118",,00:02,0,0,0,0,0,0,0,0,0,0,0,0,0,0,0
Julian Phillips,https://www.basketball-reference.com/players/p/phillju01.html,2024,2023-12-18,CHI,PHI,@,"W, 108-104",,,,,,,,,,,,,,,,,
Julian Phillips,https://www.basketball-reference.com/players/p/phillju01.html,2024,2023-12-20,CHI,LAL,,"W, 124-108",,00:53,0,0,0,0,0,0,0,0,0,0,0,0,0,0,0
Julian Phillips,https://www.basketball-reference.com/players/p/phillju01.html,2024,2023-12-21,CHI,SAS,,"W, 114-95",,04:12,0,1,0,1,0,0,0,0,0,0,0,0,0,1,0
Julian Phillips,https://www.basketball-reference.com/players/p/phillju01.html,2024,2023-12-23,CHI,CLE,,"L, 95-109",,,,,,,,,,,,,,,,,
Julian Phillips,https://www.basketball-reference.com/players/p/phillju01.html,2024,2023-12-26,CHI,ATL,,"W, 118-113",,,,,,,,,,,,,,,,,
Julian Phillips,https://www.basketball-reference.com/players/p/phillju01.html,2024,2023-12-28,CHI,IND,,"L, 104-120",,00:50,0,0,0,0,0,0,0,0,0,0,0,0,0,0,0
Julian Phillips,https://www.basketball-reference.com/players/p/phillju01.html,2024,2023-12-30,CHI,PHI,,"W, 105-92",,01:08,0,0,0,0,0,0,0,0,0,0,0,0,0,0,0
Julian Phillips,https://www.basketball-reference.com/players/p/phillju01.html,2024,2024-01-02,CHI,PHI,@,"L, 97-110",,16:52,3,5,1,3,0,0,0,0,0,0,0,3,0,2,7
Julian Phillips,https://www.basketball-reference.com/players/p/phillju01.html,2024,2024-01-03,CHI,NYK,@,"L, 100-116",,01:43,0,1,0,0,0,0,1,0,1,0,0,0,0,0,0
Julian Phillips,https://www.basketball-reference.com/players/p/phillju01.html,2024,2024-01-05,CHI,CHO,,"W, 104-91",,,,,,,,,,,,,,,,,
Julian Phillips,https://www.basketball-reference.com/players/p/phillju01.html,2024,2024-01-08,CHI,CHO,@,"W, 119-112 (OT)",,,,,,,,,,,,,,,,,
Julian Phillips,https://www.basketball-reference.com/players/p/phillju01.html,2024,2024-01-10,CHI,HOU,,"W, 124-119 (OT)",,,,,,,,,,,,,,,,,
Julian Phillips,https://www.basketball-reference.com/players/p/phillju01.html,2024,2024-01-12,CHI,GSW,,"L, 131-140",,,,,,,,,,,,,,,,,
Julian Phillips,https://www.basketball-reference.com/players/p/phillju01.html,2024,2024-01-13,CHI,SAS,@,"W, 122-116",,,,,,,,,,,,,,,,,
Julian Phillips,https://www.basketball-reference.com/players/p/phillju01.html,2024,2024-01-15,CHI,CLE,@,"L, 91-109",,,,,,,,,,,,,,,,,
Julian Phillips,https://www.basketball-reference.com/players/p/phillju01.html,2024,2024-01-18,CHI,TOR,@,"W, 116-110",,,,,,,,,,,,,,,,,
Julian Phillips,https://www.basketball-reference.com/players/p/phillju01.html,2024,2024-01-20,CHI,MEM,,"W, 125-96",,04:19,0,0,0,0,0,0,0,0,0,1,0,0,0,0,0
Julian Phillips,https://www.basketball-reference.com/players/p/phillju01.html,2024,2024-01-22,CHI,PHO,@,"L, 113-115",,,,,,,,,,,,,,,,,
Julian Phillips,https://www.basketball-reference.com/players/p/phillju01.html,2024,2024-01-25,CHI,LAL,@,"L, 132-141",,,,,,,,,,,,,,,,,
Julian Phillips,https://www.basketball-reference.com/players/p/phillju01.html,2024,2024-01-28,CHI,POR,@,"W, 104-96",,23:26,4,7,1,3,2,4,1,1,2,1,0,1,0,3,11
Julian Phillips,https://www.basketball-reference.com/players/p/phillju01.html,2024,2024-01-30,CHI,TOR,,"L, 107-118",,20:07,3,4,2,3,1,1,0,1,1,0,0,0,2,2,9
Julian Phillips,https://www.basketball-reference.com/players/p/phillju01.html,2024,2024-01-31,CHI,CHO,@,"W, 117-110",,11:24,1,2,0,1,2,2,1,0,1,0,0,0,1,4,4
Julian Phillips,https://www.basketball-reference.com/players/p/phillju01.html,2024,2024-02-03,CHI,SAC,,"L, 115-123",,13:14,1,3,1,3,0,0,0,1,1,0,0,1,1,5,3
Julian Phillips,https://www.basketball-reference.com/players/p/phillju01.html,2024,2024-02-06,CHI,MIN,,"W, 129-123 (OT)",,09:11,1,4,0,1,0,0,1,1,2,0,0,0,0,1,2
Julian Phillips,https://www.basketball-reference.com/players/p/phillju01.html,2024,2024-02-08,CHI,MEM,@,"W, 118-110",,07:58,0,0,0,0,0,0,0,0,0,0,0,1,1,1,0
Julian Phillips,https://www.basketball-reference.com/players/p/phillju01.html,2024,2024-02-10,CHI,ORL,@,"L, 108-114 (OT)",,07:03,0,0,0,0,0,0,0,1,1,0,0,0,0,0,0
Julian Phillips,https://www.basketball-reference.com/players/p/phillju01.html,2024,2024-02-12,CHI,ATL,@,"W, 136-126",,06:36,0,1,0,0,0,0,0,0,0,0,0,0,0,3,0
Julian Phillips,https://www.basketball-reference.com/players/p/phillju01.html,2024,2024-02-14,CHI,CLE,@,"L, 105-108",,,,,,,,,,,,,,,,,
Julian Phillips,https://www.basketball-reference.com/players/p/phillju01.html,2024,2024-02-22,CHI,BOS,,"L, 112-129",,17:45,4,5,1,1,0,0,0,2,2,1,0,0,0,1,9
Julian Phillips,https://www.basketball-reference.com/players/p/phillju01.html,2024,2024-02-25,CHI,NOP,@,"W, 114-106",,01:43,0,0,0,0,0,0,0,0,0,0,0,0,0,0,0
Julian Phillips,https://www.basketball-reference.com/players/p/phillju01.html,2024,2024-02-27,CHI,DET,,"L, 95-105",,,,,,,,,,,,,,,,,
Julian Phillips,https://www.basketball-reference.com/players/p/phillju01.html,2024,2024-02-28,CHI,CLE,,"W, 132-123 (2OT)",,13:42,2,6,1,2,2,3,3,2,5,2,1,0,0,1,7
Julian Phillips,https://www.basketball-reference.com/players/p/phillju01.html,2024,2024-03-01,CHI,MIL,,"L, 97-113",,13:15,0,2,0,1,0,0,0,1,1,2,1,0,0,1,0
Julian Phillips,https://www.basketball-reference.com/players/p/phillju01.html,2024,2024-03-04,CHI,SAC,@,"W, 113-109",,14:17,2,4,0,1,2,2,0,1,1,0,0,0,1,0,6
Julian Phillips,https://www.basketball-reference.com/players/p/phillju01.html,2024,2024-03-06,CHI,UTA,@,"W, 119-117",,14:58,2,3,2,3,0,0,1,3,4,0,1,0,1,2,6
Julian Phillips,https://www.basketball-reference.com/players/p/phillju01.html,2024,2024-03-07,CHI,GSW,@,"W, 125-122",,04:14,1,2,1,2,0,0,0,0,0,0,1,0,0,0,3
Julian Phillips,https://www.basketball-reference.com/players/p/phillju01.html,2024,2024-03-09,CHI,LAC,@,"L, 102-112",,05:27,0,1,0,1,0,0,0,0,0,0,0,0,0,2,0
Julian Phillips,https://www.basketball-reference.com/players/p/phillju01.html,2024,2024-03-11,CHI,DAL,,"L, 92-127",,27:57,3,7,2,3,3,3,2,1,3,0,2,0,0,0,11
Julian Phillips,https://www.basketball-reference.com/players/p/phillju01.html,2024,2024-03-13,CHI,IND,@,"W, 132-129 (OT)",,11:11,0,2,0,1,0,0,0,1,1,0,0,1,1,2,0
Julian Phillips,https://www.basketball-reference.com/players/p/phillju01.html,2024,2024-03-14,CHI,LAC,,"L, 111-126",,,,,,,,,,,,,,,,,
Julian Phillips,https://www.basketball-reference.com/players/p/phillju01.html,2024,2024-03-16,CHI,WAS,,"W, 127-98",,,,,,,,,,,,,,,,,
Julian Phillips,https://www.basketball-reference.com/players/p/phillju01.html,2024,2024-03-18,CHI,POR,,"W, 110-107",,,,,,,,,,,,,,,,,
Julian Phillips,https://www.basketball-reference.com/players/p/phillju01.html,2024,2024-03-21,CHI,HOU,@,"L, 117-127",,,,,,,,,,,,,,,,,
Julian Phillips,https://www.basketball-reference.com/players/p/phillju01.html,2024,2024-03-23,CHI,BOS,,"L, 113-124",,,,,,,,,,,,,,,,,
Julian Phillips,https://www.basketball-reference.com/players/p/phillju01.html,2024,2024-03-25,CHI,WAS,,"L, 105-107",,,,,,,,,,,,,,,,,
Julian Phillips,https://www.basketball-reference.com/players/p/phillju01.html,2024,2024-03-27,CHI,IND,,"W, 125-99",,,,,,,,,,,,,,,,,
Julian Phillips,https://www.basketball-reference.com/players/p/phillju01.html,2024,2024-03-29,CHI,BRK,@,"L, 108-125",,,,,,,,,,,,,,,,,
Julian Phillips,https://www.basketball-reference.com/players/p/phillju01.html,2024,2024-03-31,CHI,MIN,@,"W, 109-101",,,,,,,,,,,,,,,,,
Julian Phillips,https://www.basketball-reference.com/players/p/phillju01.html,2024,2024-04-01,CHI,ATL,,"L, 101-113",,,,,,,,,,,,,,,,,
Julian Phillips,https://www.basketball-reference.com/players/p/phillju01.html,2024,2024-04-05,CHI,NYK,,"W, 108-100",,,,,,,,,,,,,,,,,
Julian Phillips,https://www.basketball-reference.com/players/p/phillju01.html,2024,2024-04-07,CHI,ORL,@,"L, 98-113",,,,,,,,,,,,,,,,,
Julian Phillips,https://www.basketball-reference.com/players/p/phillju01.html,2024,2024-04-09,CHI,NYK,,"L, 117-128",,,,,,,,,,,,,,,,,
Julian Phillips,https://www.basketball-reference.com/players/p/phillju01.html,2024,2024-04-11,CHI,DET,@,"W, 127-105",,,,,,,,,,,,,,,,,
Julian Phillips,https://www.basketball-reference.com/players/p/phillju01.html,2024,2024-04-12,CHI,WAS,@,"W, 129-127",,,,,,,,,,,,,,,,,
Julian Phillips,https://www.basketball-reference.com/players/p/phillju01.html,2024,2024-04-14,CHI,NYK,@,"L, 119-120 (OT)",,,,,,,,,,,,,,,,,
Adama Sanogo,https://www.basketball-reference.com/players/s/sanogad01.html,2024,2023-10-25,CHI,OKC,,"L, 104-124",,,,,,,,,,,,,,,,,
Adama Sanogo,https://www.basketball-reference.com/players/s/sanogad01.html,2024,2023-10-27,CHI,TOR,,"W, 104-103 (OT)",,,,,,,,,,,,,,,,,
Adama Sanogo,https://www.basketball-reference.com/players/s/sanogad01.html,2024,2023-10-28,CHI,DET,@,"L, 102-118",,,,,,,,,,,,,,,,,
Adama Sanogo,https://www.basketball-reference.com/players/s/sanogad01.html,2024,2023-10-30,CHI,IND,@,"W, 112-105",,,,,,,,,,,,,,,,,
Adama Sanogo,https://www.basketball-reference.com/players/s/sanogad01.html,2024,,,,,,,,,,,,,,,,,,,,,,
Adama Sanogo,https://www.basketball-reference.com/players/s/sanogad01.html,2024,2023-11-01,CHI,DAL,@,"L, 105-114",,,,,,,,,,,,,,,,,
Adama Sanogo,https://www.basketball-reference.com/players/s/sanogad01.html,2024,2023-11-03,CHI,BRK,,"L, 107-109",,,,,,,,,,,,,,,,,
Adama Sanogo,https://www.basketball-reference.com/players/s/sanogad01.html,2024,2023-11-04,CHI,DEN,@,"L, 101-123",,,,,,,,,,,,,,,,,
Adama Sanogo,https://www.basketball-reference.com/players/s/sanogad01.html,2024,2023-11-06,CHI,UTA,,"W, 130-113",,,,,,,,,,,,,,,,,
Adama Sanogo,https://www.basketball-reference.com/players/s/sanogad01.html,2024,2023-11-08,CHI,PHO,,"L, 115-116 (OT)",,,,,,,,,,,,,,,,,
Adama Sanogo,https://www.basketball-reference.com/players/s/sanogad01.html,2024,2023-11-12,CHI,DET,,"W, 119-108",,,,,,,,,,,,,,,,,
Adama Sanogo,https://www.basketball-reference.com/players/s/sanogad01.html,2024,2023-11-13,CHI,MIL,@,"L, 109-118",,,,,,,,,,,,,,,,,
Adama Sanogo,https://www.basketball-reference.com/players/s/sanogad01.html,2024,2023-11-15,CHI,ORL,,"L, 94-96",,,,,,,,,,,,,,,,,
Adama Sanogo,https://www.basketball-reference.com/players/s/sanogad01.html,2024,2023-11-17,CHI,ORL,,"L, 97-103",,,,,,,,,,,,,,,,,
Adama Sanogo,https://www.basketball-reference.com/players/s/sanogad01.html,2024,2023-11-18,CHI,MIA,,"W, 102-97",,,,,,,,,,,,,,,,,
Adama Sanogo,https://www.basketball-reference.com/players/s/sanogad01.html,2024,2023-11-20,CHI,MIA,,"L, 100-118",,,,,,,,,,,,,,,,,
Adama Sanogo,https://www.basketball-reference.com/players/s/sanogad01.html,2024,2023-11-22,CHI,OKC,@,"L, 102-116",,,,,,,,,,,,,,,,,
Adama Sanogo,https://www.basketball-reference.com/players/s/sanogad01.html,2024,2023-11-24,CHI,TOR,@,"L, 108-121",,,,,,,,,,,,,,,,,
Adama Sanogo,https://www.basketball-reference.com/players/s/sanogad01.html,2024,2023-11-26,CHI,BRK,@,"L, 109-118",,,,,,,,,,,,,,,,,
Adama Sanogo,https://www.basketball-reference.com/players/s/sanogad01.html,2024,2023-11-28,CHI,BOS,@,"L, 97-124",,,,,,,,,,,,,,,,,
Adama Sanogo,https://www.basketball-reference.com/players/s/sanogad01.html,2024,2023-11-30,CHI,MIL,,"W, 120-113 (OT)",,,,,,,,,,,,,,,,,
Adama Sanogo,https://www.basketball-reference.com/players/s/sanogad01.html,2024,2023-12-02,CHI,NOP,,"W, 124-118",,,,,,,,,,,,,,,,,
Adama Sanogo,https://www.basketball-reference.com/players/s/sanogad01.html,2024,2023-12-06,CHI,CHO,,"W, 111-100",,,,,,,,,,,,,,,,,
Adama Sanogo,https://www.basketball-reference.com/players/s/sanogad01.html,2024,2023-12-08,CHI,SAS,@,"W, 121-112",,,,,,,,,,,,,,,,,
Adama Sanogo,https://www.basketball-reference.com/players/s/sanogad01.html,2024,2023-12-11,CHI,MIL,@,"L, 129-133 (OT)",,,,,,,,,,,,,,,,,
Adama Sanogo,https://www.basketball-reference.com/players/s/sanogad01.html,2024,2023-12-12,CHI,DEN,,"L, 106-114",,,,,,,,,,,,,,,,,
Adama Sanogo,https://www.basketball-reference.com/players/s/sanogad01.html,2024,2023-12-14,CHI,MIA,@,"W, 124-116",,,,,,,,,,,,,,,,,
Adama Sanogo,https://www.basketball-reference.com/players/s/sanogad01.html,2024,2023-12-16,CHI,MIA,@,"L, 116-118",,,,,,,,,,,,,,,,,
Adama Sanogo,https://www.basketball-reference.com/players/s/sanogad01.html,2024,2023-12-18,CHI,PHI,@,"W, 108-104",,,,,,,,,,,,,,,,,
Adama Sanogo,https://www.basketball-reference.com/players/s/sanogad01.html,2024,2023-12-20,CHI,LAL,,"W, 124-108",,,,,,,,,,,,,,,,,
Adama Sanogo,https://www.basketball-reference.com/players/s/sanogad01.html,2024,2023-12-21,CHI,SAS,,"W, 114-95",,,,,,,,,,,,,,,,,
Adama Sanogo,https://www.basketball-reference.com/players/s/sanogad01.html,2024,2023-12-23,CHI,CLE,,"L, 95-109",,,,,,,,,,,,,,,,,
Adama Sanogo,https://www.basketball-reference.com/players/s/sanogad01.html,2024,2023-12-26,CHI,ATL,,"W, 118-113",,,,,,,,,,,,,,,,,
Adama Sanogo,https://www.basketball-reference.com/players/s/sanogad01.html,2024,2023-12-28,CHI,IND,,"L, 104-120",,00:31,0,0,0,0,0,0,0,0,0,0,0,0,0,0,0
Adama Sanogo,https://www.basketball-reference.com/players/s/sanogad01.html,2024,2023-12-30,CHI,PHI,,"W, 105-92",,,,,,,,,,,,,,,,,
Adama Sanogo,https://www.basketball-reference.com/players/s/sanogad01.html,2024,2024-01-02,CHI,PHI,@,"L, 97-110",,08:57,3,3,0,0,2,3,2,4,6,0,0,0,1,0,8
Adama Sanogo,https://www.basketball-reference.com/players/s/sanogad01.html,2024,2024-01-03,CHI,NYK,@,"L, 100-116",,01:08,0,0,0,0,0,0,0,0,0,0,0,0,0,0,0
Adama Sanogo,https://www.basketball-reference.com/players/s/sanogad01.html,2024,2024-01-05,CHI,CHO,,"W, 104-91",,,,,,,,,,,,,,,,,
Adama Sanogo,https://www.basketball-reference.com/players/s/sanogad01.html,2024,2024-01-08,CHI,CHO,@,"W, 119-112 (OT)",,,,,,,,,,,,,,,,,
Adama Sanogo,https://www.basketball-reference.com/players/s/sanogad01.html,2024,2024-01-10,CHI,HOU,,"W, 124-119 (OT)",,,,,,,,,,,,,,,,,
Adama Sanogo,https://www.basketball-reference.com/players/s/sanogad01.html,2024,2024-01-12,CHI,GSW,,"L, 131-140",,,,,,,,,,,,,,,,,
Adama Sanogo,https://www.basketball-reference.com/players/s/sanogad01.html,2024,2024-01-13,CHI,SAS,@,"W, 122-116",,,,,,,,,,,,,,,,,
Adama Sanogo,https://www.basketball-reference.com/players/s/sanogad01.html,2024,2024-01-15,CHI,CLE,@,"L, 91-109",,,,,,,,,,,,,,,,,
Adama Sanogo,https://www.basketball-reference.com/players/s/sanogad01.html,2024,2024-01-18,CHI,TOR,@,"W, 116-110",,,,,,,,,,,,,,,,,
Adama Sanogo,https://www.basketball-reference.com/players/s/sanogad01.html,2024,2024-01-20,CHI,MEM,,"W, 125-96",,,,,,,,,,,,,,,,,
Adama Sanogo,https://www.basketball-reference.com/players/s/sanogad01.html,2024,2024-01-22,CHI,PHO,@,"L, 113-115",,,,,,,,,,,,,,,,,
Adama Sanogo,https://www.basketball-reference.com/players/s/sanogad01.html,2024,2024-01-25,CHI,LAL,@,"L, 132-141",,,,,,,,,,,,,,,,,
Adama Sanogo,https://www.basketball-reference.com/players/s/sanogad01.html,2024,2024-01-28,CHI,POR,@,"W, 104-96",,,,,,,,,,,,,,,,,
Adama Sanogo,https://www.basketball-reference.com/players/s/sanogad01.html,2024,2024-01-30,CHI,TOR,,"L, 107-118",,,,,,,,,,,,,,,,,
Adama Sanogo,https://www.basketball-reference.com/players/s/sanogad01.html,2024,2024-01-31,CHI,CHO,@,"W, 117-110",,,,,,,,,,,,,,,,,
Adama Sanogo,https://www.basketball-reference.com/players/s/sanogad01.html,2024,2024-02-03,CHI,SAC,,"L, 115-123",,,,,,,,,,,,,,,,,
Adama Sanogo,https://www.basketball-reference.com/players/s/sanogad01.html,2024,2024-02-06,CHI,MIN,,"W, 129-123 (OT)",,,,,,,,,,,,,,,,,
Adama Sanogo,https://www.basketball-reference.com/players/s/sanogad01.html,2024,2024-02-08,CHI,MEM,@,"W, 118-110",,,,,,,,,,,,,,,,,
Adama Sanogo,https://www.basketball-reference.com/players/s/sanogad01.html,2024,2024-02-10,CHI,ORL,@,"L, 108-114 (OT)",,,,,,,,,,,,,,,,,
Adama Sanogo,https://www.basketball-reference.com/players/s/sanogad01.html,2024,2024-02-12,CHI,ATL,@,"W, 136-126",,,,,,,,,,,,,,,,,
Adama Sanogo,https://www.basketball-reference.com/players/s/sanogad01.html,2024,2024-02-14,CHI,CLE,@,"L, 105-108",,,,,,,,,,,,,,,,,
Adama Sanogo,https://www.basketball-reference.com/players/s/sanogad01.html,2024,2024-02-22,CHI,BOS,,"L, 112-129",,,,,,,,,,,,,,,,,
Adama Sanogo,https://www.basketball-reference.com/players/s/sanogad01.html,2024,2024-02-25,CHI,NOP,@,"W, 114-106",,,,,,,,,,,,,,,,,
Adama Sanogo,https://www.basketball-reference.com/players/s/sanogad01.html,2024,2024-02-27,CHI,DET,,"L, 95-105",,,,,,,,,,,,,,,,,
Adama Sanogo,https://www.basketball-reference.com/players/s/sanogad01.html,2024,2024-02-28,CHI,CLE,,"W, 132-123 (2OT)",,,,,,,,,,,,,,,,,
Adama Sanogo,https://www.basketball-reference.com/players/s/sanogad01.html,2024,2024-03-01,CHI,MIL,,"L, 97-113",,,,,,,,,,,,,,,,,
Adama Sanogo,https://www.basketball-reference.com/players/s/sanogad01.html,2024,2024-03-04,CHI,SAC,@,"W, 113-109",,,,,,,,,,,,,,,,,
Adama Sanogo,https://www.basketball-reference.com/players/s/sanogad01.html,2024,2024-03-06,CHI,UTA,@,"W, 119-117",,,,,,,,,,,,,,,,,
Adama Sanogo,https://www.basketball-reference.com/players/s/sanogad01.html,2024,2024-03-07,CHI,GSW,@,"W, 125-122",,,,,,,,,,,,,,,,,
Adama Sanogo,https://www.basketball-reference.com/players/s/sanogad01.html,2024,2024-03-09,CHI,LAC,@,"L, 102-112",,,,,,,,,,,,,,,,,
Adama Sanogo,https://www.basketball-reference.com/players/s/sanogad01.html,2024,2024-03-11,CHI,DAL,,"L, 92-127",,,,,,,,,,,,,,,,,
Adama Sanogo,https://www.basketball-reference.com/players/s/sanogad01.html,2024,2024-03-13,CHI,IND,@,"W, 132-129 (OT)",,,,,,,,,,,,,,,,,
Adama Sanogo,https://www.basketball-reference.com/players/s/sanogad01.html,2024,2024-03-14,CHI,LAC,,"L, 111-126",,,,,,,,,,,,,,,,,
Adama Sanogo,https://www.basketball-reference.com/players/s/sanogad01.html,2024,2024-03-16,CHI,WAS,,"W, 127-98",,01:08,1,1,0,0,0,0,1,0,1,0,0,0,0,0,2
Adama Sanogo,https://www.basketball-reference.com/players/s/sanogad01.html,2024,2024-03-18,CHI,POR,,"W, 110-107",,,,,,,,,,,,,,,,,
Adama Sanogo,https://www.basketball-reference.com/players/s/sanogad01.html,2024,2024-03-21,CHI,HOU,@,"L, 117-127",,,,,,,,,,,,,,,,,
Adama Sanogo,https://www.basketball-reference.com/players/s/sanogad01.html,2024,2024-03-23,CHI,BOS,,"L, 113-124",,,,,,,,,,,,,,,,,
Adama Sanogo,https://www.basketball-reference.com/players/s/sanogad01.html,2024,2024-03-25,CHI,WAS,,"L, 105-107",,,,,,,,,,,,,,,,,
Adama Sanogo,https://www.basketball-reference.com/players/s/sanogad01.html,2024,2024-03-27,CHI,IND,,"W, 125-99",,,,,,,,,,,,,,,,,
Adama Sanogo,https://www.basketball-reference.com/players/s/sanogad01.html,2024,2024-03-29,CHI,BRK,@,"L, 108-125",,,,,,,,,,,,,,,,,
Adama Sanogo,https://www.basketball-reference.com/players/s/sanogad01.html,2024,2024-03-31,CHI,MIN,@,"W, 109-101",,,,,,,,,,,,,,,,,
Adama Sanogo,https://www.basketball-reference.com/players/s/sanogad01.html,2024,2024-04-01,CHI,ATL,,"L, 101-113",,02:04,0,0,0,0,0,0,0,1,1,0,0,0,0,0,0
Adama Sanogo,https://www.basketball-reference.com/players/s/sanogad01.html,2024,2024-04-05,CHI,NYK,,"W, 108-100",,,,,,,,,,,,,,,,,
Adama Sanogo,https://www.basketball-reference.com/players/s/sanogad01.html,2024,2024-04-07,CHI,ORL,@,"L, 98-113",,01:29,0,0,0,0,0,0,0,1,1,0,0,0,0,0,0
Adama Sanogo,https://www.basketball-reference.com/players/s/sanogad01.html,2024,2024-04-09,CHI,NYK,,"L, 117-128",,04:42,0,0,0,0,0,0,0,1,1,0,0,0,1,0,0
Adama Sanogo,https://www.basketball-reference.com/players/s/sanogad01.html,2024,2024-04-11,CHI,DET,@,"W, 127-105",,10:41,2,5,0,0,0,0,6,0,6,0,0,0,1,0,4
Adama Sanogo,https://www.basketball-reference.com/players/s/sanogad01.html,2024,2024-04-12,CHI,WAS,@,"W, 129-127",,35:05,8,18,0,0,6,9,10,10,20,0,1,0,2,5,22
Adama Sanogo,https://www.basketball-reference.com/players/s/sanogad01.html,2024,2024-04-14,CHI,NYK,@,"L, 119-120 (OT)",,,,,,,,,,,,,,,,,
Emoni Bates,https://www.basketball-reference.com/players/b/batesem01.html,2024,2023-10-25,CLE,BRK,@,"W, 114-113",,,,,,,,,,,,,,,,,
Emoni Bates,https://www.basketball-reference.com/players/b/batesem01.html,2024,2023-10-27,CLE,OKC,,"L, 105-108",,,,,,,,,,,,,,,,,
Emoni Bates,https://www.basketball-reference.com/players/b/batesem01.html,2024,2023-10-28,CLE,IND,,"L, 113-125",,06:30,0,1,0,1,0,0,0,0,0,0,0,0,0,0,0
Emoni Bates,https://www.basketball-reference.com/players/b/batesem01.html,2024,2023-10-31,CLE,NYK,,"L, 91-109",,22:58,3,8,2,5,1,2,1,5,6,1,0,1,1,1,9
Emoni Bates,https://www.basketball-reference.com/players/b/batesem01.html,2024,,,,,,,,,,,,,,,,,,,,,,
Emoni Bates,https://www.basketball-reference.com/players/b/batesem01.html,2024,2023-11-01,CLE,NYK,@,"W, 95-89",,,,,,,,,,,,,,,,,
Emoni Bates,https://www.basketball-reference.com/players/b/batesem01.html,2024,2023-11-03,CLE,IND,@,"L, 116-121",,,,,,,,,,,,,,,,,
Emoni Bates,https://www.basketball-reference.com/players/b/batesem01.html,2024,2023-11-05,CLE,GSW,,"W, 115-104",,,,,,,,,,,,,,,,,
Emoni Bates,https://www.basketball-reference.com/players/b/batesem01.html,2024,2023-11-08,CLE,OKC,@,"L, 120-128",,,,,,,,,,,,,,,,,
Emoni Bates,https://www.basketball-reference.com/players/b/batesem01.html,2024,2023-11-11,CLE,GSW,@,"W, 118-110",,00:46,0,0,0,0,0,0,0,0,0,0,0,0,0,0,0
Emoni Bates,https://www.basketball-reference.com/players/b/batesem01.html,2024,2023-11-13,CLE,SAC,@,"L, 120-132",,,,,,,,,,,,,,,,,
Emoni Bates,https://www.basketball-reference.com/players/b/batesem01.html,2024,2023-11-15,CLE,POR,@,"W, 109-95",,01:30,0,0,0,0,0,0,0,1,1,0,0,0,0,0,0
Emoni Bates,https://www.basketball-reference.com/players/b/batesem01.html,2024,2023-11-17,CLE,DET,,"W, 108-100",,00:38,0,0,0,0,0,0,0,0,0,0,0,0,0,0,0
Emoni Bates,https://www.basketball-reference.com/players/b/batesem01.html,2024,2023-11-19,CLE,DEN,,"W, 121-109",,04:25,0,1,0,1,0,0,0,1,1,0,0,0,0,0,0
Emoni Bates,https://www.basketball-reference.com/players/b/batesem01.html,2024,2023-11-21,CLE,PHI,@,"W, 122-119 (OT)",,,,,,,,,,,,,,,,,
Emoni Bates,https://www.basketball-reference.com/players/b/batesem01.html,2024,2023-11-22,CLE,MIA,,"L, 96-129",,15:38,1,5,1,5,0,0,0,1,1,1,1,0,0,1,3
Emoni Bates,https://www.basketball-reference.com/players/b/batesem01.html,2024,2023-11-25,CLE,LAL,,"L, 115-121",,,,,,,,,,,,,,,,,
Emoni Bates,https://www.basketball-reference.com/players/b/batesem01.html,2024,2023-11-26,CLE,TOR,,"W, 105-102",,,,,,,,,,,,,,,,,
Emoni Bates,https://www.basketball-reference.com/players/b/batesem01.html,2024,2023-11-28,CLE,ATL,,"W, 128-105",,,,,,,,,,,,,,,,,
Emoni Bates,https://www.basketball-reference.com/players/b/batesem01.html,2024,2023-11-30,CLE,POR,,"L, 95-103",,,,,,,,,,,,,,,,,
Emoni Bates,https://www.basketball-reference.com/players/b/batesem01.html,2024,2023-12-02,CLE,DET,@,"W, 110-101",,,,,,,,,,,,,,,,,
Emoni Bates,https://www.basketball-reference.com/players/b/batesem01.html,2024,2023-12-06,CLE,ORL,,"W, 121-111",,,,,,,,,,,,,,,,,
Emoni Bates,https://www.basketball-reference.com/players/b/batesem01.html,2024,2023-12-08,CLE,MIA,@,"W, 111-99",,,,,,,,,,,,,,,,,
Emoni Bates,https://www.basketball-reference.com/players/b/batesem01.html,2024,2023-12-11,CLE,ORL,@,"L, 94-104",,,,,,,,,,,,,,,,,
Emoni Bates,https://www.basketball-reference.com/players/b/batesem01.html,2024,2023-12-12,CLE,BOS,@,"L, 113-120",,,,,,,,,,,,,,,,,
Emoni Bates,https://www.basketball-reference.com/players/b/batesem01.html,2024,2023-12-14,CLE,BOS,@,"L, 107-116",,,,,,,,,,,,,,,,,
Emoni Bates,https://www.basketball-reference.com/players/b/batesem01.html,2024,2023-12-16,CLE,ATL,,"W, 127-119",,,,,,,,,,,,,,,,,
Emoni Bates,https://www.basketball-reference.com/players/b/batesem01.html,2024,2023-12-18,CLE,HOU,,"W, 135-130 (OT)",,,,,,,,,,,,,,,,,
Emoni Bates,https://www.basketball-reference.com/players/b/batesem01.html,2024,2023-12-20,CLE,UTA,,"W, 124-116",,,,,,,,,,,,,,,,,
Emoni Bates,https://www.basketball-reference.com/players/b/batesem01.html,2024,2023-12-21,CLE,NOP,,"L, 104-123",,08:52,1,5,1,3,0,0,0,0,0,1,0,0,0,1,3
Emoni Bates,https://www.basketball-reference.com/players/b/batesem01.html,2024,2023-12-23,CLE,CHI,@,"W, 109-95",,08:46,1,2,1,2,0,0,0,0,0,0,0,1,0,0,3
Emoni Bates,https://www.basketball-reference.com/players/b/batesem01.html,2024,2023-12-27,CLE,DAL,@,"W, 113-110",,05:52,0,3,0,3,0,0,0,1,1,3,0,0,0,2,0
Emoni Bates,https://www.basketball-reference.com/players/b/batesem01.html,2024,2023-12-29,CLE,MIL,,"L, 111-119",,,,,,,,,,,,,,,,,
Emoni Bates,https://www.basketball-reference.com/players/b/batesem01.html,2024,2024-01-01,CLE,TOR,@,"L, 121-124",,,,,,,,,,,,,,,,,
Emoni Bates,https://www.basketball-reference.com/players/b/batesem01.html,2024,2024-01-03,CLE,WAS,,"W, 140-101",,,,,,,,,,,,,,,,,
Emoni Bates,https://www.basketball-reference.com/players/b/batesem01.html,2024,2024-01-05,CLE,WAS,,"W, 114-90",,,,,,,,,,,,,,,,,
Emoni Bates,https://www.basketball-reference.com/players/b/batesem01.html,2024,2024-01-07,CLE,SAS,,"W, 117-115",,,,,,,,,,,,,,,,,
Emoni Bates,https://www.basketball-reference.com/players/b/batesem01.html,2024,2024-01-11,CLE,BRK,,"W, 111-102",,,,,,,,,,,,,,,,,
Emoni Bates,https://www.basketball-reference.com/players/b/batesem01.html,2024,2024-01-15,CLE,CHI,,"W, 109-91",,,,,,,,,,,,,,,,,
Emoni Bates,https://www.basketball-reference.com/players/b/batesem01.html,2024,2024-01-17,CLE,MIL,,"W, 135-95",,,,,,,,,,,,,,,,,
Emoni Bates,https://www.basketball-reference.com/players/b/batesem01.html,2024,2024-01-20,CLE,ATL,@,"W, 116-95",,,,,,,,,,,,,,,,,
Emoni Bates,https://www.basketball-reference.com/players/b/batesem01.html,2024,2024-01-22,CLE,ORL,@,"W, 126-99",,,,,,,,,,,,,,,,,
Emoni Bates,https://www.basketball-reference.com/players/b/batesem01.html,2024,2024-01-24,CLE,MIL,@,"L, 116-126",,,,,,,,,,,,,,,,,
Emoni Bates,https://www.basketball-reference.com/players/b/batesem01.html,2024,2024-01-26,CLE,MIL,@,"W, 112-100",,,,,,,,,,,,,,,,,
Emoni Bates,https://www.basketball-reference.com/players/b/batesem01.html,2024,2024-01-29,CLE,LAC,,"W, 118-108",,,,,,,,,,,,,,,,,
Emoni Bates,https://www.basketball-reference.com/players/b/batesem01.html,2024,2024-01-31,CLE,DET,,"W, 128-121",,,,,,,,,,,,,,,,,
Emoni Bates,https://www.basketball-reference.com/players/b/batesem01.html,2024,2024-02-01,CLE,MEM,@,"W, 108-101",,,,,,,,,,,,,,,,,
Emoni Bates,https://www.basketball-reference.com/players/b/batesem01.html,2024,2024-02-03,CLE,SAS,@,"W, 117-101",,,,,,,,,,,,,,,,,
Emoni Bates,https://www.basketball-reference.com/players/b/batesem01.html,2024,2024-02-05,CLE,SAC,,"W, 136-110",,,,,,,,,,,,,,,,,
Emoni Bates,https://www.basketball-reference.com/players/b/batesem01.html,2024,2024-02-07,CLE,WAS,@,"W, 114-106",,,,,,,,,,,,,,,,,
Emoni Bates,https://www.basketball-reference.com/players/b/batesem01.html,2024,2024-02-08,CLE,BRK,@,"W, 118-95",,,,,,,,,,,,,,,,,
Emoni Bates,https://www.basketball-reference.com/players/b/batesem01.html,2024,2024-02-10,CLE,TOR,@,"W, 119-95",,,,,,,,,,,,,,,,,
Emoni Bates,https://www.basketball-reference.com/players/b/batesem01.html,2024,2024-02-12,CLE,PHI,,"L, 121-123",,,,,,,,,,,,,,,,,
Emoni Bates,https://www.basketball-reference.com/players/b/batesem01.html,2024,2024-02-14,CLE,CHI,,"W, 108-105",,,,,,,,,,,,,,,,,
Emoni Bates,https://www.basketball-reference.com/players/b/batesem01.html,2024,2024-02-22,CLE,ORL,,"L, 109-116",,,,,,,,,,,,,,,,,
Emoni Bates,https://www.basketball-reference.com/players/b/batesem01.html,2024,2024-02-23,CLE,PHI,@,"L, 97-104",,,,,,,,,,,,,,,,,
Emoni Bates,https://www.basketball-reference.com/players/b/batesem01.html,2024,2024-02-25,CLE,WAS,@,"W, 114-105",,,,,,,,,,,,,,,,,
Emoni Bates,https://www.basketball-reference.com/players/b/batesem01.html,2024,2024-02-27,CLE,DAL,,"W, 121-119",,,,,,,,,,,,,,,,,
Emoni Bates,https://www.basketball-reference.com/players/b/batesem01.html,2024,2024-02-28,CLE,CHI,@,"L, 123-132 (2OT)",,,,,,,,,,,,,,,,,
Emoni Bates,https://www.basketball-reference.com/players/b/batesem01.html,2024,2024-03-01,CLE,DET,@,"W, 110-100",,,,,,,,,,,,,,,,,
Emoni Bates,https://www.basketball-reference.com/players/b/batesem01.html,2024,2024-03-03,CLE,NYK,,"L, 98-107",,,,,,,,,,,,,,,,,
Emoni Bates,https://www.basketball-reference.com/players/b/batesem01.html,2024,2024-03-05,CLE,BOS,,"W, 105-104",,,,,,,,,,,,,,,,,
Emoni Bates,https://www.basketball-reference.com/players/b/batesem01.html,2024,2024-03-06,CLE,ATL,@,"L, 101-112",,,,,,,,,,,,,,,,,
Emoni Bates,https://www.basketball-reference.com/players/b/batesem01.html,2024,2024-03-08,CLE,MIN,,"W, 113-104 (OT)",,,,,,,,,,,,,,,,,
Emoni Bates,https://www.basketball-reference.com/players/b/batesem01.html,2024,2024-03-10,CLE,BRK,,"L, 101-120",,12:00,3,7,1,4,0,2,0,1,1,0,0,0,1,0,7
Emoni Bates,https://www.basketball-reference.com/players/b/batesem01.html,2024,2024-03-11,CLE,PHO,,"L, 111-117",,,,,,,,,,,,,,,,,
Emoni Bates,https://www.basketball-reference.com/players/b/batesem01.html,2024,2024-03-13,CLE,NOP,@,"W, 116-95",,,,,,,,,,,,,,,,,
Emoni Bates,https://www.basketball-reference.com/players/b/batesem01.html,2024,2024-03-16,CLE,HOU,@,"L, 103-117",,,,,,,,,,,,,,,,,
Emoni Bates,https://www.basketball-reference.com/players/b/batesem01.html,2024,2024-03-18,CLE,IND,@,"W, 108-103",,,,,,,,,,,,,,,,,
Emoni Bates,https://www.basketball-reference.com/players/b/batesem01.html,2024,2024-03-20,CLE,MIA,,"L, 104-107",,,,,,,,,,,,,,,,,
Emoni Bates,https://www.basketball-reference.com/players/b/batesem01.html,2024,2024-03-22,CLE,MIN,@,"L, 91-104",,,,,,,,,,,,,,,,,
Emoni Bates,https://www.basketball-reference.com/players/b/batesem01.html,2024,2024-03-24,CLE,MIA,@,"L, 84-121",,10:32,3,5,3,4,0,0,0,0,0,1,0,0,0,0,9
Emoni Bates,https://www.basketball-reference.com/players/b/batesem01.html,2024,2024-03-25,CLE,CHO,,"W, 115-92",,03:06,0,0,0,0,0,0,0,0,0,0,0,0,0,0,0
Emoni Bates,https://www.basketball-reference.com/players/b/batesem01.html,2024,2024-03-27,CLE,CHO,@,"L, 111-118",,,,,,,,,,,,,,,,,
Emoni Bates,https://www.basketball-reference.com/players/b/batesem01.html,2024,2024-03-29,CLE,PHI,,"W, 117-114",,,,,,,,,,,,,,,,,
Emoni Bates,https://www.basketball-reference.com/players/b/batesem01.html,2024,2024-03-31,CLE,DEN,@,"L, 101-130",,,,,,,,,,,,,,,,,
Emoni Bates,https://www.basketball-reference.com/players/b/batesem01.html,2024,2024-04-02,CLE,UTA,@,"W, 129-113",,,,,,,,,,,,,,,,,
Emoni Bates,https://www.basketball-reference.com/players/b/batesem01.html,2024,2024-04-03,CLE,PHO,@,"L, 101-122",,,,,,,,,,,,,,,,,
Emoni Bates,https://www.basketball-reference.com/players/b/batesem01.html,2024,2024-04-06,CLE,LAL,@,"L, 97-116",,,,,,,,,,,,,,,,,
Emoni Bates,https://www.basketball-reference.com/players/b/batesem01.html,2024,2024-04-07,CLE,LAC,@,"L, 118-120",,,,,,,,,,,,,,,,,
Emoni Bates,https://www.basketball-reference.com/players/b/batesem01.html,2024,2024-04-10,CLE,MEM,,"W, 110-98",,01:50,0,0,0,0,0,0,0,0,0,0,0,0,0,0,0
Emoni Bates,https://www.basketball-reference.com/players/b/batesem01.html,2024,2024-04-12,CLE,IND,,"W, 129-120",,,,,,,,,,,,,,,,,
Emoni Bates,https://www.basketball-reference.com/players/b/batesem01.html,2024,2024-04-14,CLE,CHO,,"L, 110-120",,29:25,3,12,1,5,0,0,0,3,3,3,0,0,6,0,7
Pete Nance,https://www.basketball-reference.com/players/n/nancepe01.html,2024,2024-01-20,CLE,ATL,@,"W, 116-95",,02:46,0,2,0,0,0,0,0,0,0,0,0,0,0,0,0
Pete Nance,https://www.basketball-reference.com/players/n/nancepe01.html,2024,2024-01-22,CLE,ORL,@,"W, 126-99",,,,,,,,,,,,,,,,,
Pete Nance,https://www.basketball-reference.com/players/n/nancepe01.html,2024,2024-01-24,CLE,MIL,@,"L, 116-126",,01:23,0,0,0,0,0,0,0,0,0,0,0,0,0,0,0
Pete Nance,https://www.basketball-reference.com/players/n/nancepe01.html,2024,2024-01-26,CLE,MIL,@,"W, 112-100",,,,,,,,,,,,,,,,,
Pete Nance,https://www.basketball-reference.com/players/n/nancepe01.html,2024,,,,,,,,,,,,,,,,,,,,,,
Pete Nance,https://www.basketball-reference.com/players/n/nancepe01.html,2024,2024-02-22,CLE,ORL,,"L, 109-116",,,,,,,,,,,,,,,,,
Pete Nance,https://www.basketball-reference.com/players/n/nancepe01.html,2024,2024-02-23,CLE,PHI,@,"L, 97-104",,,,,,,,,,,,,,,,,
Pete Nance,https://www.basketball-reference.com/players/n/nancepe01.html,2024,2024-02-25,CLE,WAS,@,"W, 114-105",,,,,,,,,,,,,,,,,
Pete Nance,https://www.basketball-reference.com/players/n/nancepe01.html,2024,2024-02-27,CLE,DAL,,"W, 121-119",,,,,,,,,,,,,,,,,
Pete Nance,https://www.basketball-reference.com/players/n/nancepe01.html,2024,2024-02-28,CLE,CHI,@,"L, 123-132 (2OT)",,,,,,,,,,,,,,,,,
Pete Nance,https://www.basketball-reference.com/players/n/nancepe01.html,2024,2024-03-01,CLE,DET,@,"W, 110-100",,,,,,,,,,,,,,,,,
Pete Nance,https://www.basketball-reference.com/players/n/nancepe01.html,2024,2024-03-03,CLE,NYK,,"L, 98-107",,,,,,,,,,,,,,,,,
Pete Nance,https://www.basketball-reference.com/players/n/nancepe01.html,2024,2024-03-05,CLE,BOS,,"W, 105-104",,,,,,,,,,,,,,,,,
Pete Nance,https://www.basketball-reference.com/players/n/nancepe01.html,2024,2024-03-06,CLE,ATL,@,"L, 101-112",,,,,,,,,,,,,,,,,
Pete Nance,https://www.basketball-reference.com/players/n/nancepe01.html,2024,2024-03-08,CLE,MIN,,"W, 113-104 (OT)",,,,,,,,,,,,,,,,,
Pete Nance,https://www.basketball-reference.com/players/n/nancepe01.html,2024,2024-03-10,CLE,BRK,,"L, 101-120",,03:16,0,0,0,0,0,0,0,1,1,0,0,0,0,0,0
Pete Nance,https://www.basketball-reference.com/players/n/nancepe01.html,2024,2024-03-11,CLE,PHO,,"L, 111-117",,,,,,,,,,,,,,,,,
Pete Nance,https://www.basketball-reference.com/players/n/nancepe01.html,2024,2024-03-13,CLE,NOP,@,"W, 116-95",,,,,,,,,,,,,,,,,
Pete Nance,https://www.basketball-reference.com/players/n/nancepe01.html,2024,2024-03-16,CLE,HOU,@,"L, 103-117",,,,,,,,,,,,,,,,,
Pete Nance,https://www.basketball-reference.com/players/n/nancepe01.html,2024,2024-03-18,CLE,IND,@,"W, 108-103",,,,,,,,,,,,,,,,,
Pete Nance,https://www.basketball-reference.com/players/n/nancepe01.html,2024,2024-03-20,CLE,MIA,,"L, 104-107",,,,,,,,,,,,,,,,,
Pete Nance,https://www.basketball-reference.com/players/n/nancepe01.html,2024,2024-03-22,CLE,MIN,@,"L, 91-104",,,,,,,,,,,,,,,,,
Pete Nance,https://www.basketball-reference.com/players/n/nancepe01.html,2024,2024-03-24,CLE,MIA,@,"L, 84-121",,,,,,,,,,,,,,,,,
Pete Nance,https://www.basketball-reference.com/players/n/nancepe01.html,2024,2024-03-25,CLE,CHO,,"W, 115-92",,03:06,0,0,0,0,0,0,0,1,1,0,0,0,0,1,0
Pete Nance,https://www.basketball-reference.com/players/n/nancepe01.html,2024,2024-03-27,CLE,CHO,@,"L, 111-118",,,,,,,,,,,,,,,,,
Pete Nance,https://www.basketball-reference.com/players/n/nancepe01.html,2024,2024-03-29,CLE,PHI,,"W, 117-114",,,,,,,,,,,,,,,,,
Pete Nance,https://www.basketball-reference.com/players/n/nancepe01.html,2024,2024-03-31,CLE,DEN,@,"L, 101-130",,,,,,,,,,,,,,,,,
Pete Nance,https://www.basketball-reference.com/players/n/nancepe01.html,2024,2024-04-02,CLE,UTA,@,"W, 129-113",,,,,,,,,,,,,,,,,
Pete Nance,https://www.basketball-reference.com/players/n/nancepe01.html,2024,2024-04-03,CLE,PHO,@,"L, 101-122",,01:27,0,0,0,0,0,2,0,0,0,0,0,0,0,0,0
Pete Nance,https://www.basketball-reference.com/players/n/nancepe01.html,2024,2024-04-06,CLE,LAL,@,"L, 97-116",,01:33,0,0,0,0,0,0,0,0,0,0,0,0,1,0,0
Pete Nance,https://www.basketball-reference.com/players/n/nancepe01.html,2024,2024-04-07,CLE,LAC,@,"L, 118-120",,,,,,,,,,,,,,,,,
Pete Nance,https://www.basketball-reference.com/players/n/nancepe01.html,2024,2024-04-10,CLE,MEM,,"W, 110-98",,01:50,0,1,0,0,0,0,0,0,0,0,1,0,0,0,0
Pete Nance,https://www.basketball-reference.com/players/n/nancepe01.html,2024,2024-04-12,CLE,IND,,"W, 129-120",,,,,,,,,,,,,,,,,
Pete Nance,https://www.basketball-reference.com/players/n/nancepe01.html,2024,2024-04-14,CLE,CHO,,"L, 110-120",,12:00,1,3,1,1,0,0,0,1,1,0,0,0,0,1,3
Craig Porter Jr.,https://www.basketball-reference.com/players/p/portecr01.html,2024,2023-10-25,CLE,BRK,@,"W, 114-113",,,,,,,,,,,,,,,,,
Craig Porter Jr.,https://www.basketball-reference.com/players/p/portecr01.html,2024,2023-10-27,CLE,OKC,,"L, 105-108",,,,,,,,,,,,,,,,,
Craig Porter Jr.,https://www.basketball-reference.com/players/p/portecr01.html,2024,2023-10-28,CLE,IND,,"L, 113-125",,03:39,0,0,0,0,0,0,0,0,0,1,0,0,0,0,0
Craig Porter Jr.,https://www.basketball-reference.com/players/p/portecr01.html,2024,2023-10-31,CLE,NYK,,"L, 91-109",,22:11,5,12,0,1,0,0,1,3,4,2,2,1,3,3,10
Craig Porter Jr.,https://www.basketball-reference.com/players/p/portecr01.html,2024,,,,,,,,,,,,,,,,,,,,,,
Craig Porter Jr.,https://www.basketball-reference.com/players/p/portecr01.html,2024,2023-11-01,CLE,NYK,@,"W, 95-89",,11:16,1,1,0,0,2,2,0,1,1,0,1,0,0,3,4
Craig Porter Jr.,https://www.basketball-reference.com/players/p/portecr01.html,2024,2023-11-03,CLE,IND,@,"L, 116-121",,,,,,,,,,,,,,,,,
Craig Porter Jr.,https://www.basketball-reference.com/players/p/portecr01.html,2024,2023-11-05,CLE,GSW,,"W, 115-104",,,,,,,,,,,,,,,,,
Craig Porter Jr.,https://www.basketball-reference.com/players/p/portecr01.html,2024,2023-11-08,CLE,OKC,@,"L, 120-128",,,,,,,,,,,,,,,,,
Craig Porter Jr.,https://www.basketball-reference.com/players/p/portecr01.html,2024,2023-11-11,CLE,GSW,@,"W, 118-110",,01:32,0,0,0,0,1,6,0,0,0,0,0,0,0,0,1
Craig Porter Jr.,https://www.basketball-reference.com/players/p/portecr01.html,2024,2023-11-13,CLE,SAC,@,"L, 120-132",,02:58,0,1,0,0,0,0,0,3,3,3,0,0,0,1,0
Craig Porter Jr.,https://www.basketball-reference.com/players/p/portecr01.html,2024,2023-11-15,CLE,POR,@,"W, 109-95",,09:07,2,3,0,0,0,0,0,2,2,0,0,0,2,1,4
Craig Porter Jr.,https://www.basketball-reference.com/players/p/portecr01.html,2024,2023-11-17,CLE,DET,,"W, 108-100",,15:49,5,9,0,0,2,2,0,3,3,5,1,0,0,0,12
Craig Porter Jr.,https://www.basketball-reference.com/players/p/portecr01.html,2024,2023-11-19,CLE,DEN,,"W, 121-109",,24:55,7,10,0,0,7,7,2,2,4,4,2,1,1,3,21
Craig Porter Jr.,https://www.basketball-reference.com/players/p/portecr01.html,2024,2023-11-21,CLE,PHI,@,"W, 122-119 (OT)",,27:09,5,9,0,0,2,2,0,3,3,9,0,1,1,0,12
Craig Porter Jr.,https://www.basketball-reference.com/players/p/portecr01.html,2024,2023-11-22,CLE,MIA,,"L, 96-129",,35:17,6,12,2,5,2,3,0,2,2,5,1,2,4,1,16
Craig Porter Jr.,https://www.basketball-reference.com/players/p/portecr01.html,2024,2023-11-25,CLE,LAL,,"L, 115-121",,16:39,5,7,1,1,0,0,0,1,1,1,0,0,1,2,11
Craig Porter Jr.,https://www.basketball-reference.com/players/p/portecr01.html,2024,2023-11-26,CLE,TOR,,"W, 105-102",,,,,,,,,,,,,,,,,
Craig Porter Jr.,https://www.basketball-reference.com/players/p/portecr01.html,2024,2023-11-28,CLE,ATL,,"W, 128-105",,03:10,1,2,0,0,0,0,0,0,0,0,0,0,2,0,2
Craig Porter Jr.,https://www.basketball-reference.com/players/p/portecr01.html,2024,2023-11-30,CLE,POR,,"L, 95-103",,,,,,,,,,,,,,,,,
Craig Porter Jr.,https://www.basketball-reference.com/players/p/portecr01.html,2024,2023-12-02,CLE,DET,@,"W, 110-101",,04:13,0,0,0,0,0,0,0,0,0,0,0,0,0,1,0
Craig Porter Jr.,https://www.basketball-reference.com/players/p/portecr01.html,2024,2023-12-06,CLE,ORL,,"W, 121-111",,,,,,,,,,,,,,,,,
Craig Porter Jr.,https://www.basketball-reference.com/players/p/portecr01.html,2024,2023-12-08,CLE,MIA,@,"W, 111-99",,22:33,3,7,0,0,2,4,0,3,3,4,2,1,0,0,8
Craig Porter Jr.,https://www.basketball-reference.com/players/p/portecr01.html,2024,2023-12-11,CLE,ORL,@,"L, 94-104",,,,,,,,,,,,,,,,,
Craig Porter Jr.,https://www.basketball-reference.com/players/p/portecr01.html,2024,2023-12-12,CLE,BOS,@,"L, 113-120",,,,,,,,,,,,,,,,,
Craig Porter Jr.,https://www.basketball-reference.com/players/p/portecr01.html,2024,2023-12-14,CLE,BOS,@,"L, 107-116",,,,,,,,,,,,,,,,,
Craig Porter Jr.,https://www.basketball-reference.com/players/p/portecr01.html,2024,2023-12-16,CLE,ATL,,"W, 127-119",,15:03,3,8,0,1,0,0,1,1,2,3,0,0,1,1,6
Craig Porter Jr.,https://www.basketball-reference.com/players/p/portecr01.html,2024,2023-12-18,CLE,HOU,,"W, 135-130 (OT)",,08:45,1,2,1,1,0,0,0,0,0,3,1,0,0,0,3
Craig Porter Jr.,https://www.basketball-reference.com/players/p/portecr01.html,2024,2023-12-20,CLE,UTA,,"W, 124-116",,24:41,2,7,0,2,2,2,3,4,7,6,0,3,0,0,6
Craig Porter Jr.,https://www.basketball-reference.com/players/p/portecr01.html,2024,2023-12-21,CLE,NOP,,"L, 104-123",,29:04,3,9,1,1,0,0,0,3,3,11,1,0,2,1,7
Craig Porter Jr.,https://www.basketball-reference.com/players/p/portecr01.html,2024,2023-12-23,CLE,CHI,@,"W, 109-95",,39:23,8,14,1,3,2,5,1,6,7,8,1,1,3,1,19
Craig Porter Jr.,https://www.basketball-reference.com/players/p/portecr01.html,2024,2023-12-27,CLE,DAL,@,"W, 113-110",,29:35,4,11,0,1,1,2,4,8,12,7,3,1,2,4,9
Craig Porter Jr.,https://www.basketball-reference.com/players/p/portecr01.html,2024,2023-12-29,CLE,MIL,,"L, 111-119",,15:12,6,10,1,3,1,1,0,1,1,1,1,0,0,1,14
Craig Porter Jr.,https://www.basketball-reference.com/players/p/portecr01.html,2024,2024-01-01,CLE,TOR,@,"L, 121-124",,06:05,0,2,0,1,0,0,0,1,1,0,0,0,0,1,0
Craig Porter Jr.,https://www.basketball-reference.com/players/p/portecr01.html,2024,2024-01-03,CLE,WAS,,"W, 140-101",,14:37,4,5,0,0,0,1,1,2,3,3,0,0,1,0,8
Craig Porter Jr.,https://www.basketball-reference.com/players/p/portecr01.html,2024,2024-01-05,CLE,WAS,,"W, 114-90",,11:47,3,6,0,0,1,1,1,3,4,4,1,0,5,2,7
Craig Porter Jr.,https://www.basketball-reference.com/players/p/portecr01.html,2024,2024-01-07,CLE,SAS,,"W, 117-115",,03:40,0,0,0,0,0,0,0,1,1,1,0,1,0,0,0
Craig Porter Jr.,https://www.basketball-reference.com/players/p/portecr01.html,2024,2024-01-11,CLE,BRK,,"W, 111-102",,,,,,,,,,,,,,,,,
Craig Porter Jr.,https://www.basketball-reference.com/players/p/portecr01.html,2024,2024-01-15,CLE,CHI,,"W, 109-91",,,,,,,,,,,,,,,,,
Craig Porter Jr.,https://www.basketball-reference.com/players/p/portecr01.html,2024,2024-01-17,CLE,MIL,,"W, 135-95",,19:58,4,7,0,0,1,2,0,2,2,2,0,0,1,0,9
Craig Porter Jr.,https://www.basketball-reference.com/players/p/portecr01.html,2024,2024-01-20,CLE,ATL,@,"W, 116-95",,20:36,1,3,0,1,2,2,0,5,5,3,0,0,3,2,4
Craig Porter Jr.,https://www.basketball-reference.com/players/p/portecr01.html,2024,2024-01-22,CLE,ORL,@,"W, 126-99",,21:58,5,7,0,0,2,2,0,3,3,5,0,0,1,2,12
Craig Porter Jr.,https://www.basketball-reference.com/players/p/portecr01.html,2024,2024-01-24,CLE,MIL,@,"L, 116-126",,01:23,0,0,0,0,2,2,0,0,0,0,0,0,0,0,2
Craig Porter Jr.,https://www.basketball-reference.com/players/p/portecr01.html,2024,2024-01-26,CLE,MIL,@,"W, 112-100",,,,,,,,,,,,,,,,,
Craig Porter Jr.,https://www.basketball-reference.com/players/p/portecr01.html,2024,2024-01-29,CLE,LAC,,"W, 118-108",,,,,,,,,,,,,,,,,
Craig Porter Jr.,https://www.basketball-reference.com/players/p/portecr01.html,2024,2024-01-31,CLE,DET,,"W, 128-121",,,,,,,,,,,,,,,,,
Craig Porter Jr.,https://www.basketball-reference.com/players/p/portecr01.html,2024,2024-02-01,CLE,MEM,@,"W, 108-101",,,,,,,,,,,,,,,,,
Craig Porter Jr.,https://www.basketball-reference.com/players/p/portecr01.html,2024,2024-02-03,CLE,SAS,@,"W, 117-101",,00:30,0,0,0,0,0,0,0,0,0,0,0,0,0,0,0
Craig Porter Jr.,https://www.basketball-reference.com/players/p/portecr01.html,2024,2024-02-05,CLE,SAC,,"W, 136-110",,02:47,0,0,0,0,0,0,0,0,0,0,0,0,0,0,0
Craig Porter Jr.,https://www.basketball-reference.com/players/p/portecr01.html,2024,2024-02-07,CLE,WAS,@,"W, 114-106",,,,,,,,,,,,,,,,,
Craig Porter Jr.,https://www.basketball-reference.com/players/p/portecr01.html,2024,2024-02-08,CLE,BRK,@,"W, 118-95",,03:11,0,1,0,0,0,0,1,1,2,0,0,0,0,0,0
Craig Porter Jr.,https://www.basketball-reference.com/players/p/portecr01.html,2024,2024-02-10,CLE,TOR,@,"W, 119-95",,,,,,,,,,,,,,,,,
Craig Porter Jr.,https://www.basketball-reference.com/players/p/portecr01.html,2024,2024-02-12,CLE,PHI,,"L, 121-123",,,,,,,,,,,,,,,,,
Craig Porter Jr.,https://www.basketball-reference.com/players/p/portecr01.html,2024,2024-02-14,CLE,CHI,,"W, 108-105",,,,,,,,,,,,,,,,,
Craig Porter Jr.,https://www.basketball-reference.com/players/p/portecr01.html,2024,2024-02-22,CLE,ORL,,"L, 109-116",,03:46,1,2,0,0,0,0,0,1,1,0,0,0,0,0,2
Craig Porter Jr.,https://www.basketball-reference.com/players/p/portecr01.html,2024,2024-02-23,CLE,PHI,@,"L, 97-104",,05:28,1,3,0,0,0,0,0,0,0,1,0,0,0,0,2
Craig Porter Jr.,https://www.basketball-reference.com/players/p/portecr01.html,2024,2024-02-25,CLE,WAS,@,"W, 114-105",,,,,,,,,,,,,,,,,
Craig Porter Jr.,https://www.basketball-reference.com/players/p/portecr01.html,2024,2024-02-27,CLE,DAL,,"W, 121-119",,,,,,,,,,,,,,,,,
Craig Porter Jr.,https://www.basketball-reference.com/players/p/portecr01.html,2024,2024-02-28,CLE,CHI,@,"L, 123-132 (2OT)",,,,,,,,,,,,,,,,,
Craig Porter Jr.,https://www.basketball-reference.com/players/p/portecr01.html,2024,2024-03-01,CLE,DET,@,"W, 110-100",,11:26,1,2,0,0,2,2,0,3,3,0,0,0,1,3,4
Craig Porter Jr.,https://www.basketball-reference.com/players/p/portecr01.html,2024,2024-03-03,CLE,NYK,,"L, 98-107",,08:26,2,4,0,0,0,0,0,1,1,2,1,0,0,0,4
Craig Porter Jr.,https://www.basketball-reference.com/players/p/portecr01.html,2024,2024-03-05,CLE,BOS,,"W, 105-104",,05:57,0,3,0,1,0,0,1,1,2,2,0,0,0,0,0
Craig Porter Jr.,https://www.basketball-reference.com/players/p/portecr01.html,2024,2024-03-06,CLE,ATL,@,"L, 101-112",,14:56,6,8,0,1,1,1,2,2,4,2,1,0,1,0,13
Craig Porter Jr.,https://www.basketball-reference.com/players/p/portecr01.html,2024,2024-03-08,CLE,MIN,,"W, 113-104 (OT)",,03:13,0,0,0,0,0,0,0,0,0,0,0,0,1,1,0
Craig Porter Jr.,https://www.basketball-reference.com/players/p/portecr01.html,2024,2024-03-10,CLE,BRK,,"L, 101-120",,24:38,5,11,3,4,0,0,0,2,2,4,0,0,2,1,13
Craig Porter Jr.,https://www.basketball-reference.com/players/p/portecr01.html,2024,2024-03-11,CLE,PHO,,"L, 111-117",,21:52,5,7,1,2,2,2,2,4,6,1,0,0,1,3,13
Craig Porter Jr.,https://www.basketball-reference.com/players/p/portecr01.html,2024,2024-03-13,CLE,NOP,@,"W, 116-95",,03:37,1,1,0,0,0,0,0,0,0,0,0,0,1,0,2
Craig Porter Jr.,https://www.basketball-reference.com/players/p/portecr01.html,2024,2024-03-16,CLE,HOU,@,"L, 103-117",,05:50,2,3,0,1,0,0,0,1,1,2,0,0,2,0,4
Craig Porter Jr.,https://www.basketball-reference.com/players/p/portecr01.html,2024,2024-03-18,CLE,IND,@,"W, 108-103",,06:55,0,3,0,1,0,0,0,2,2,2,1,0,0,0,0
Craig Porter Jr.,https://www.basketball-reference.com/players/p/portecr01.html,2024,2024-03-20,CLE,MIA,,"L, 104-107",,03:57,0,1,0,1,2,2,0,0,0,0,0,0,0,1,2
Craig Porter Jr.,https://www.basketball-reference.com/players/p/portecr01.html,2024,2024-03-22,CLE,MIN,@,"L, 91-104",,,,,,,,,,,,,,,,,
Craig Porter Jr.,https://www.basketball-reference.com/players/p/portecr01.html,2024,2024-03-24,CLE,MIA,@,"L, 84-121",,26:58,3,6,0,0,2,2,1,3,4,4,0,1,2,0,8
Craig Porter Jr.,https://www.basketball-reference.com/players/p/portecr01.html,2024,2024-03-25,CLE,CHO,,"W, 115-92",,14:26,4,6,1,2,0,1,0,1,1,4,0,1,0,0,9
Craig Porter Jr.,https://www.basketball-reference.com/players/p/portecr01.html,2024,2024-03-27,CLE,CHO,@,"L, 111-118",,06:21,0,1,0,0,0,0,0,0,0,1,0,0,0,0,0
Craig Porter Jr.,https://www.basketball-reference.com/players/p/portecr01.html,2024,2024-03-29,CLE,PHI,,"W, 117-114",,,,,,,,,,,,,,,,,
Craig Porter Jr.,https://www.basketball-reference.com/players/p/portecr01.html,2024,2024-03-31,CLE,DEN,@,"L, 101-130",,,,,,,,,,,,,,,,,
Craig Porter Jr.,https://www.basketball-reference.com/players/p/portecr01.html,2024,2024-04-02,CLE,UTA,@,"W, 129-113",,,,,,,,,,,,,,,,,
Craig Porter Jr.,https://www.basketball-reference.com/players/p/portecr01.html,2024,2024-04-03,CLE,PHO,@,"L, 101-122",,,,,,,,,,,,,,,,,
Craig Porter Jr.,https://www.basketball-reference.com/players/p/portecr01.html,2024,2024-04-06,CLE,LAL,@,"L, 97-116",,01:33,0,0,0,0,0,0,0,0,0,0,0,0,1,0,0
Craig Porter Jr.,https://www.basketball-reference.com/players/p/portecr01.html,2024,2024-04-07,CLE,LAC,@,"L, 118-120",,,,,,,,,,,,,,,,,
Craig Porter Jr.,https://www.basketball-reference.com/players/p/portecr01.html,2024,2024-04-10,CLE,MEM,,"W, 110-98",,01:50,0,0,0,0,0,0,0,0,0,0,0,0,0,0,0
Craig Porter Jr.,https://www.basketball-reference.com/players/p/portecr01.html,2024,2024-04-12,CLE,IND,,"W, 129-120",,,,,,,,,,,,,,,,,
Craig Porter Jr.,https://www.basketball-reference.com/players/p/portecr01.html,2024,2024-04-14,CLE,CHO,,"L, 110-120",,09:30,1,2,0,0,0,0,0,3,3,2,1,1,0,1,2
Dexter Dennis,https://www.basketball-reference.com/players/d/dennide01.html,2024,2023-10-25,DAL,SAS,@,"W, 126-119",,,,,,,,,,,,,,,,,
Dexter Dennis,https://www.basketball-reference.com/players/d/dennide01.html,2024,2023-10-27,DAL,BRK,,"W, 125-120",,,,,,,,,,,,,,,,,
Dexter Dennis,https://www.basketball-reference.com/players/d/dennide01.html,2024,2023-10-30,DAL,MEM,@,"W, 125-110",,,,,,,,,,,,,,,,,
Dexter Dennis,https://www.basketball-reference.com/players/d/dennide01.html,2024,,,,,,,,,,,,,,,,,,,,,,
Dexter Dennis,https://www.basketball-reference.com/players/d/dennide01.html,2024,2023-11-01,DAL,CHI,,"W, 114-105",,,,,,,,,,,,,,,,,
Dexter Dennis,https://www.basketball-reference.com/players/d/dennide01.html,2024,2023-11-03,DAL,DEN,@,"L, 114-125",,,,,,,,,,,,,,,,,
Dexter Dennis,https://www.basketball-reference.com/players/d/dennide01.html,2024,2023-11-05,DAL,CHO,,"W, 124-118",,,,,,,,,,,,,,,,,
Dexter Dennis,https://www.basketball-reference.com/players/d/dennide01.html,2024,2023-11-06,DAL,ORL,@,"W, 117-102",,,,,,,,,,,,,,,,,
Dexter Dennis,https://www.basketball-reference.com/players/d/dennide01.html,2024,2023-11-08,DAL,TOR,,"L, 116-127",,,,,,,,,,,,,,,,,
Dexter Dennis,https://www.basketball-reference.com/players/d/dennide01.html,2024,2023-11-10,DAL,LAC,,"W, 144-126",,,,,,,,,,,,,,,,,
Dexter Dennis,https://www.basketball-reference.com/players/d/dennide01.html,2024,2023-11-12,DAL,NOP,@,"W, 136-124",,,,,,,,,,,,,,,,,
Dexter Dennis,https://www.basketball-reference.com/players/d/dennide01.html,2024,2023-11-14,DAL,NOP,@,"L, 110-131",,,,,,,,,,,,,,,,,
Dexter Dennis,https://www.basketball-reference.com/players/d/dennide01.html,2024,2023-11-15,DAL,WAS,@,"W, 130-117",,,,,,,,,,,,,,,,,
Dexter Dennis,https://www.basketball-reference.com/players/d/dennide01.html,2024,2023-11-18,DAL,MIL,@,"L, 125-132",,,,,,,,,,,,,,,,,
Dexter Dennis,https://www.basketball-reference.com/players/d/dennide01.html,2024,2023-11-19,DAL,SAC,,"L, 113-129",,,,,,,,,,,,,,,,,
Dexter Dennis,https://www.basketball-reference.com/players/d/dennide01.html,2024,2023-11-22,DAL,LAL,@,"W, 104-101",,,,,,,,,,,,,,,,,
Dexter Dennis,https://www.basketball-reference.com/players/d/dennide01.html,2024,2023-11-25,DAL,LAC,@,"L, 88-107",,,,,,,,,,,,,,,,,
Dexter Dennis,https://www.basketball-reference.com/players/d/dennide01.html,2024,2023-11-28,DAL,HOU,,"W, 121-115",,,,,,,,,,,,,,,,,
Dexter Dennis,https://www.basketball-reference.com/players/d/dennide01.html,2024,2023-12-01,DAL,MEM,,"L, 94-108",,04:18,2,4,0,1,0,1,0,0,0,0,0,0,0,0,4
Dexter Dennis,https://www.basketball-reference.com/players/d/dennide01.html,2024,2023-12-02,DAL,OKC,,"L, 120-126",,02:49,0,2,0,2,0,0,1,1,2,0,0,0,0,0,0
Dexter Dennis,https://www.basketball-reference.com/players/d/dennide01.html,2024,2023-12-06,DAL,UTA,,"W, 147-97",,,,,,,,,,,,,,,,,
Dexter Dennis,https://www.basketball-reference.com/players/d/dennide01.html,2024,2023-12-08,DAL,POR,@,"W, 125-112",,,,,,,,,,,,,,,,,
Dexter Dennis,https://www.basketball-reference.com/players/d/dennide01.html,2024,2023-12-11,DAL,MEM,@,"W, 120-113",,,,,,,,,,,,,,,,,
Dexter Dennis,https://www.basketball-reference.com/players/d/dennide01.html,2024,2023-12-12,DAL,LAL,,"W, 127-125",,,,,,,,,,,,,,,,,
Dexter Dennis,https://www.basketball-reference.com/players/d/dennide01.html,2024,2023-12-14,DAL,MIN,,"L, 101-119",,,,,,,,,,,,,,,,,
Dexter Dennis,https://www.basketball-reference.com/players/d/dennide01.html,2024,2023-12-16,DAL,POR,@,"W, 131-120",,,,,,,,,,,,,,,,,
Dexter Dennis,https://www.basketball-reference.com/players/d/dennide01.html,2024,2023-12-18,DAL,DEN,@,"L, 104-130",,,,,,,,,,,,,,,,,
Dexter Dennis,https://www.basketball-reference.com/players/d/dennide01.html,2024,2023-12-20,DAL,LAC,,"L, 111-120",,,,,,,,,,,,,,,,,
Dexter Dennis,https://www.basketball-reference.com/players/d/dennide01.html,2024,2023-12-22,DAL,HOU,@,"L, 96-122",,17:13,8,11,1,3,1,2,0,5,5,4,0,0,0,0,18
Dexter Dennis,https://www.basketball-reference.com/players/d/dennide01.html,2024,2023-12-23,DAL,SAS,,"W, 144-119",,05:32,0,2,0,2,0,0,0,2,2,0,0,1,3,1,0
Dexter Dennis,https://www.basketball-reference.com/players/d/dennide01.html,2024,2023-12-25,DAL,PHO,@,"W, 128-114",,,,,,,,,,,,,,,,,
Dexter Dennis,https://www.basketball-reference.com/players/d/dennide01.html,2024,2023-12-27,DAL,CLE,,"L, 110-113",,,,,,,,,,,,,,,,,
Alex Fudge,https://www.basketball-reference.com/players/f/fudgeal01.html,2024,2023-10-24,LAL,DEN,@,"L, 107-119",,,,,,,,,,,,,,,,,
Alex Fudge,https://www.basketball-reference.com/players/f/fudgeal01.html,2024,2023-10-26,LAL,PHO,,"W, 100-95",,,,,,,,,,,,,,,,,
Alex Fudge,https://www.basketball-reference.com/players/f/fudgeal01.html,2024,2023-10-29,LAL,SAC,@,"L, 127-132 (OT)",,,,,,,,,,,,,,,,,
Alex Fudge,https://www.basketball-reference.com/players/f/fudgeal01.html,2024,2023-10-30,LAL,ORL,,"W, 106-103",,,,,,,,,,,,,,,,,
Alex Fudge,https://www.basketball-reference.com/players/f/fudgeal01.html,2024,,,,,,,,,,,,,,,,,,,,,,
Alex Fudge,https://www.basketball-reference.com/players/f/fudgeal01.html,2024,2023-11-01,LAL,LAC,,"W, 130-125 (OT)",,,,,,,,,,,,,,,,,
Alex Fudge,https://www.basketball-reference.com/players/f/fudgeal01.html,2024,2023-11-04,LAL,ORL,@,"L, 101-120",,04:04,0,1,0,0,0,0,0,0,0,0,0,0,0,0,0
Alex Fudge,https://www.basketball-reference.com/players/f/fudgeal01.html,2024,2023-11-06,LAL,MIA,@,"L, 107-108",,,,,,,,,,,,,,,,,
Alex Fudge,https://www.basketball-reference.com/players/f/fudgeal01.html,2024,2023-11-08,LAL,HOU,@,"L, 94-128",,,,,,,,,,,,,,,,,
Alex Fudge,https://www.basketball-reference.com/players/f/fudgeal01.html,2024,2023-11-10,LAL,PHO,@,"W, 122-119",,,,,,,,,,,,,,,,,
Alex Fudge,https://www.basketball-reference.com/players/f/fudgeal01.html,2024,2023-11-12,LAL,POR,,"W, 116-110",,,,,,,,,,,,,,,,,
Alex Fudge,https://www.basketball-reference.com/players/f/fudgeal01.html,2024,2023-11-14,LAL,MEM,,"W, 134-107",,,,,,,,,,,,,,,,,
Alex Fudge,https://www.basketball-reference.com/players/f/fudgeal01.html,2024,2023-11-15,LAL,SAC,,"L, 110-125",,,,,,,,,,,,,,,,,
Alex Fudge,https://www.basketball-reference.com/players/f/fudgeal01.html,2024,2023-11-17,LAL,POR,@,"W, 107-95",,,,,,,,,,,,,,,,,
Alex Fudge,https://www.basketball-reference.com/players/f/fudgeal01.html,2024,2023-11-19,LAL,HOU,,"W, 105-104",,,,,,,,,,,,,,,,,
Alex Fudge,https://www.basketball-reference.com/players/f/fudgeal01.html,2024,2023-11-21,LAL,UTA,,"W, 131-99",,,,,,,,,,,,,,,,,
Alex Fudge,https://www.basketball-reference.com/players/f/fudgeal01.html,2024,2023-11-22,LAL,DAL,,"L, 101-104",,,,,,,,,,,,,,,,,
Alex Fudge,https://www.basketball-reference.com/players/f/fudgeal01.html,2024,2023-11-25,LAL,CLE,@,"W, 121-115",,,,,,,,,,,,,,,,,
Alex Fudge,https://www.basketball-reference.com/players/f/fudgeal01.html,2024,2023-11-27,LAL,PHI,@,"L, 94-138",,02:23,1,1,0,0,0,0,0,0,0,0,0,0,1,0,2
Alex Fudge,https://www.basketball-reference.com/players/f/fudgeal01.html,2024,2023-11-29,LAL,DET,@,"W, 133-107",,04:00,0,3,0,1,0,0,1,0,1,0,0,0,0,1,0
Alex Fudge,https://www.basketball-reference.com/players/f/fudgeal01.html,2024,2023-11-30,LAL,OKC,@,"L, 110-133",,04:01,0,1,0,1,2,2,1,0,1,0,0,0,0,0,2
Alex Fudge,https://www.basketball-reference.com/players/f/fudgeal01.html,2024,2023-12-02,LAL,HOU,,"W, 107-97",,,,,,,,,,,,,,,,,
Alex Fudge,https://www.basketball-reference.com/players/f/fudgeal01.html,2024,2023-12-05,LAL,PHO,,"W, 106-103",,,,,,,,,,,,,,,,,
Alex Fudge,https://www.basketball-reference.com/players/f/fudgeal01.html,2024,2023-12-07,LAL,NOP,,"W, 133-89",,,,,,,,,,,,,,,,,
Alex Fudge,https://www.basketball-reference.com/players/f/fudgeal01.html,2024,2023-12-12,LAL,DAL,@,"L, 125-127",,,,,,,,,,,,,,,,,
Alex Fudge,https://www.basketball-reference.com/players/f/fudgeal01.html,2024,2023-12-13,LAL,SAS,@,"W, 122-119",,,,,,,,,,,,,,,,,
Alex Fudge,https://www.basketball-reference.com/players/f/fudgeal01.html,2024,2023-12-15,LAL,SAS,@,"L, 115-129",,,,,,,,,,,,,,,,,
Alex Fudge,https://www.basketball-reference.com/players/f/fudgeal01.html,2024,2023-12-18,LAL,NYK,,"L, 109-114",,,,,,,,,,,,,,,,,
Alex Fudge,https://www.basketball-reference.com/players/f/fudgeal01.html,2024,2023-12-20,LAL,CHI,@,"L, 108-124",,,,,,,,,,,,,,,,,
Alex Fudge,https://www.basketball-reference.com/players/f/fudgeal01.html,2024,2023-12-21,LAL,MIN,@,"L, 111-118",,,,,,,,,,,,,,,,,
Alex Fudge,https://www.basketball-reference.com/players/f/fudgeal01.html,2024,2023-12-23,LAL,OKC,@,"W, 129-120",,,,,,,,,,,,,,,,,
Alex Fudge,https://www.basketball-reference.com/players/f/fudgeal01.html,2024,2023-12-25,LAL,BOS,,"L, 115-126",,,,,,,,,,,,,,,,,
Alex Fudge,https://www.basketball-reference.com/players/f/fudgeal01.html,2024,2023-12-28,LAL,CHO,,"W, 133-112",,,,,,,,,,,,,,,,,
Alex Fudge,https://www.basketball-reference.com/players/f/fudgeal01.html,2024,2023-12-30,LAL,MIN,@,"L, 106-108",,,,,,,,,,,,,,,,,
Alex Fudge,https://www.basketball-reference.com/players/f/fudgeal01.html,2024,2023-12-31,LAL,NOP,@,"L, 109-129",,,,,,,,,,,,,,,,,
Alex Fudge,https://www.basketball-reference.com/players/f/fudgeal01.html,2024,2024-01-03,LAL,MIA,,"L, 96-110",,,,,,,,,,,,,,,,,
Alex Fudge,https://www.basketball-reference.com/players/f/fudgeal01.html,2024,2024-01-05,LAL,MEM,,"L, 113-127",,,,,,,,,,,,,,,,,
Alex Fudge,https://www.basketball-reference.com/players/f/fudgeal01.html,2024,2024-03-05,DAL,IND,,"L, 120-137",,,,,,,,,,,,,,,,,
Alex Fudge,https://www.basketball-reference.com/players/f/fudgeal01.html,2024,2024-03-07,DAL,MIA,,"W, 114-108",,,,,,,,,,,,,,,,,
Alex Fudge,https://www.basketball-reference.com/players/f/fudgeal01.html,2024,2024-03-09,DAL,DET,@,"W, 142-124",,,,,,,,,,,,,,,,,
Alex Fudge,https://www.basketball-reference.com/players/f/fudgeal01.html,2024,2024-03-11,DAL,CHI,@,"W, 127-92",,,,,,,,,,,,,,,,,
Alex Fudge,https://www.basketball-reference.com/players/f/fudgeal01.html,2024,2024-03-13,DAL,GSW,,"W, 109-99",,,,,,,,,,,,,,,,,
Alex Fudge,https://www.basketball-reference.com/players/f/fudgeal01.html,2024,2024-03-14,DAL,OKC,@,"L, 119-126",,,,,,,,,,,,,,,,,
Alex Fudge,https://www.basketball-reference.com/players/f/fudgeal01.html,2024,2024-03-17,DAL,DEN,,"W, 107-105",,,,,,,,,,,,,,,,,
Alex Fudge,https://www.basketball-reference.com/players/f/fudgeal01.html,2024,2024-03-19,DAL,SAS,@,"W, 113-107",,,,,,,,,,,,,,,,,
Alex Fudge,https://www.basketball-reference.com/players/f/fudgeal01.html,2024,2024-03-21,DAL,UTA,,"W, 113-97",,,,,,,,,,,,,,,,,
Alex Fudge,https://www.basketball-reference.com/players/f/fudgeal01.html,2024,2024-03-25,DAL,UTA,@,"W, 115-105",,,,,,,,,,,,,,,,,
Alex Fudge,https://www.basketball-reference.com/players/f/fudgeal01.html,2024,2024-03-26,DAL,SAC,@,"W, 132-96",,,,,,,,,,,,,,,,,
Alex Fudge,https://www.basketball-reference.com/players/f/fudgeal01.html,2024,2024-03-29,DAL,SAC,@,"W, 107-103",,,,,,,,,,,,,,,,,
Alex Fudge,https://www.basketball-reference.com/players/f/fudgeal01.html,2024,2024-03-31,DAL,HOU,@,"W, 125-107",,,,,,,,,,,,,,,,,
Alex Fudge,https://www.basketball-reference.com/players/f/fudgeal01.html,2024,2024-04-02,DAL,GSW,@,"L, 100-104",,,,,,,,,,,,,,,,,
Alex Fudge,https://www.basketball-reference.com/players/f/fudgeal01.html,2024,2024-04-04,DAL,ATL,,"W, 109-95",,,,,,,,,,,,,,,,,
Alex Fudge,https://www.basketball-reference.com/players/f/fudgeal01.html,2024,2024-04-05,DAL,GSW,,"W, 108-106",,,,,,,,,,,,,,,,,
Alex Fudge,https://www.basketball-reference.com/players/f/fudgeal01.html,2024,2024-04-07,DAL,HOU,,"W, 147-136 (OT)",,,,,,,,,,,,,,,,,
Alex Fudge,https://www.basketball-reference.com/players/f/fudgeal01.html,2024,2024-04-09,DAL,CHO,@,"W, 130-104",,,,,,,,,,,,,,,,,
Alex Fudge,https://www.basketball-reference.com/players/f/fudgeal01.html,2024,2024-04-10,DAL,MIA,@,"W, 111-92",,,,,,,,,,,,,,,,,
Alex Fudge,https://www.basketball-reference.com/players/f/fudgeal01.html,2024,2024-04-12,DAL,DET,,"L, 89-107",,06:50,0,0,0,0,0,0,0,1,1,0,0,0,1,0,0
Alex Fudge,https://www.basketball-reference.com/players/f/fudgeal01.html,2024,2024-04-14,DAL,OKC,@,"L, 86-135",,18:55,5,9,1,3,0,0,2,0,2,0,3,0,0,1,11
Dereck Lively II,https://www.basketball-reference.com/players/l/livelde01.html,2024,2023-10-25,DAL,SAS,@,"W, 126-119",,30:40,7,8,0,0,2,3,5,5,10,1,1,1,1,4,16
Dereck Lively II,https://www.basketball-reference.com/players/l/livelde01.html,2024,2023-10-27,DAL,BRK,,"W, 125-120",,16:50,4,4,0,0,1,2,1,1,2,0,0,1,1,0,9
Dereck Lively II,https://www.basketball-reference.com/players/l/livelde01.html,2024,2023-10-30,DAL,MEM,@,"W, 125-110",,13:38,1,2,0,0,0,0,1,5,6,0,0,1,0,5,2
Dereck Lively II,https://www.basketball-reference.com/players/l/livelde01.html,2024,,,,,,,,,,,,,,,,,,,,,,
Dereck Lively II,https://www.basketball-reference.com/players/l/livelde01.html,2024,2023-11-01,DAL,CHI,,"W, 114-105",,33:21,3,5,0,0,1,4,7,6,13,6,2,1,1,3,7
Dereck Lively II,https://www.basketball-reference.com/players/l/livelde01.html,2024,2023-11-03,DAL,DEN,@,"L, 114-125",,24:48,2,3,0,1,0,0,1,3,4,0,1,1,0,2,4
Dereck Lively II,https://www.basketball-reference.com/players/l/livelde01.html,2024,2023-11-05,DAL,CHO,,"W, 124-118",,32:24,7,9,0,0,1,2,3,11,14,1,0,1,2,4,15
Dereck Lively II,https://www.basketball-reference.com/players/l/livelde01.html,2024,2023-11-06,DAL,ORL,@,"W, 117-102",,15:50,4,5,0,0,2,2,2,3,5,0,1,1,2,5,10
Dereck Lively II,https://www.basketball-reference.com/players/l/livelde01.html,2024,2023-11-08,DAL,TOR,,"L, 116-127",,,,,,,,,,,,,,,,,
Dereck Lively II,https://www.basketball-reference.com/players/l/livelde01.html,2024,2023-11-10,DAL,LAC,,"W, 144-126",,26:12,3,8,0,0,0,0,2,2,4,1,0,1,1,6,6
Dereck Lively II,https://www.basketball-reference.com/players/l/livelde01.html,2024,2023-11-12,DAL,NOP,@,"W, 136-124",,26:16,4,5,0,0,2,4,1,1,2,0,1,2,1,5,10
Dereck Lively II,https://www.basketball-reference.com/players/l/livelde01.html,2024,2023-11-14,DAL,NOP,@,"L, 110-131",,21:05,1,2,0,1,2,2,3,6,9,2,0,0,0,2,4
Dereck Lively II,https://www.basketball-reference.com/players/l/livelde01.html,2024,2023-11-15,DAL,WAS,@,"W, 130-117",,23:38,7,8,0,0,3,3,4,5,9,2,1,2,1,2,17
Dereck Lively II,https://www.basketball-reference.com/players/l/livelde01.html,2024,2023-11-18,DAL,MIL,@,"L, 125-132",,23:54,3,4,0,0,0,0,3,7,10,2,0,1,3,5,6
Dereck Lively II,https://www.basketball-reference.com/players/l/livelde01.html,2024,2023-11-19,DAL,SAC,,"L, 113-129",,29:09,3,6,0,0,0,0,5,4,9,0,1,2,1,3,6
Dereck Lively II,https://www.basketball-reference.com/players/l/livelde01.html,2024,2023-11-22,DAL,LAL,@,"W, 104-101",,19:08,1,3,0,0,0,0,4,6,10,3,0,0,1,0,2
Dereck Lively II,https://www.basketball-reference.com/players/l/livelde01.html,2024,2023-11-25,DAL,LAC,@,"L, 88-107",,,,,,,,,,,,,,,,,
Dereck Lively II,https://www.basketball-reference.com/players/l/livelde01.html,2024,2023-11-28,DAL,HOU,,"W, 121-115",,27:47,4,4,0,0,0,0,2,3,5,2,0,2,0,5,8
Dereck Lively II,https://www.basketball-reference.com/players/l/livelde01.html,2024,2023-12-01,DAL,MEM,,"L, 94-108",,22:31,2,5,0,0,0,0,1,4,5,1,1,2,2,1,4
Dereck Lively II,https://www.basketball-reference.com/players/l/livelde01.html,2024,2023-12-02,DAL,OKC,,"L, 120-126",,39:19,9,9,0,0,2,5,6,10,16,0,1,7,2,2,20
Dereck Lively II,https://www.basketball-reference.com/players/l/livelde01.html,2024,2023-12-06,DAL,UTA,,"W, 147-97",,24:06,5,6,0,0,0,0,1,3,4,1,1,2,0,2,10
Dereck Lively II,https://www.basketball-reference.com/players/l/livelde01.html,2024,2023-12-08,DAL,POR,@,"W, 125-112",,28:21,5,6,0,0,0,0,1,8,9,2,1,2,2,4,10
Dereck Lively II,https://www.basketball-reference.com/players/l/livelde01.html,2024,2023-12-11,DAL,MEM,@,"W, 120-113",,35:23,8,9,0,0,0,0,5,11,16,2,0,1,4,3,16
Dereck Lively II,https://www.basketball-reference.com/players/l/livelde01.html,2024,2023-12-12,DAL,LAL,,"W, 127-125",,30:02,4,7,0,0,0,0,4,4,8,0,2,3,1,4,8
Dereck Lively II,https://www.basketball-reference.com/players/l/livelde01.html,2024,2023-12-14,DAL,MIN,,"L, 101-119",,31:51,7,9,0,0,1,2,3,3,6,0,1,2,2,3,15
Dereck Lively II,https://www.basketball-reference.com/players/l/livelde01.html,2024,2023-12-16,DAL,POR,@,"W, 131-120",,05:59,0,1,0,0,0,0,1,1,2,0,0,0,0,0,0
Dereck Lively II,https://www.basketball-reference.com/players/l/livelde01.html,2024,2023-12-18,DAL,DEN,@,"L, 104-130",,,,,,,,,,,,,,,,,
Dereck Lively II,https://www.basketball-reference.com/players/l/livelde01.html,2024,2023-12-20,DAL,LAC,,"L, 111-120",,,,,,,,,,,,,,,,,
Dereck Lively II,https://www.basketball-reference.com/players/l/livelde01.html,2024,2023-12-22,DAL,HOU,@,"L, 96-122",,,,,,,,,,,,,,,,,
Dereck Lively II,https://www.basketball-reference.com/players/l/livelde01.html,2024,2023-12-23,DAL,SAS,,"W, 144-119",,,,,,,,,,,,,,,,,
Dereck Lively II,https://www.basketball-reference.com/players/l/livelde01.html,2024,2023-12-25,DAL,PHO,@,"W, 128-114",,31:34,8,9,0,0,4,9,3,7,10,1,0,0,1,3,20
Dereck Lively II,https://www.basketball-reference.com/players/l/livelde01.html,2024,2023-12-27,DAL,CLE,,"L, 110-113",,24:50,2,2,0,0,0,1,2,2,4,1,0,2,1,4,4
Dereck Lively II,https://www.basketball-reference.com/players/l/livelde01.html,2024,2023-12-28,DAL,MIN,@,"L, 110-118",,15:01,1,4,0,0,0,0,3,1,4,2,0,0,2,5,2
Dereck Lively II,https://www.basketball-reference.com/players/l/livelde01.html,2024,2023-12-30,DAL,GSW,@,"W, 132-122",,34:32,5,7,0,0,2,3,1,13,14,1,0,0,1,2,12
Dereck Lively II,https://www.basketball-reference.com/players/l/livelde01.html,2024,2024-01-01,DAL,UTA,@,"L, 90-127",,24:36,5,8,0,0,0,0,2,4,6,2,1,1,0,1,10
Dereck Lively II,https://www.basketball-reference.com/players/l/livelde01.html,2024,2024-01-03,DAL,POR,,"W, 126-97",,18:48,0,1,0,0,0,0,1,3,4,4,2,3,0,1,0
Dereck Lively II,https://www.basketball-reference.com/players/l/livelde01.html,2024,2024-01-05,DAL,POR,,"W, 139-103",,,,,,,,,,,,,,,,,
Dereck Lively II,https://www.basketball-reference.com/players/l/livelde01.html,2024,2024-01-07,DAL,MIN,,"W, 115-108",,,,,,,,,,,,,,,,,
Dereck Lively II,https://www.basketball-reference.com/players/l/livelde01.html,2024,2024-01-09,DAL,MEM,,"L, 103-120",,,,,,,,,,,,,,,,,
Dereck Lively II,https://www.basketball-reference.com/players/l/livelde01.html,2024,2024-01-11,DAL,NYK,,"W, 128-124",,,,,,,,,,,,,,,,,
Dereck Lively II,https://www.basketball-reference.com/players/l/livelde01.html,2024,2024-01-13,DAL,NOP,,"L, 108-118",,,,,,,,,,,,,,,,,
Dereck Lively II,https://www.basketball-reference.com/players/l/livelde01.html,2024,2024-01-15,DAL,NOP,,"W, 125-120",,26:14,2,2,0,0,2,2,7,5,12,1,0,0,2,4,6
Dereck Lively II,https://www.basketball-reference.com/players/l/livelde01.html,2024,2024-01-17,DAL,LAL,@,"L, 110-127",,28:01,8,9,0,0,0,0,5,6,11,2,1,0,2,2,16
Dereck Lively II,https://www.basketball-reference.com/players/l/livelde01.html,2024,2024-01-22,DAL,BOS,,"L, 110-119",,24:33,3,3,0,0,0,0,4,4,8,1,0,2,1,2,6
Dereck Lively II,https://www.basketball-reference.com/players/l/livelde01.html,2024,2024-01-24,DAL,PHO,,"L, 109-132",,25:29,4,5,0,0,0,0,1,1,2,1,1,1,0,2,8
Dereck Lively II,https://www.basketball-reference.com/players/l/livelde01.html,2024,2024-01-26,DAL,ATL,@,"W, 148-143",,27:33,4,7,0,0,1,2,2,9,11,4,1,4,1,5,9
Dereck Lively II,https://www.basketball-reference.com/players/l/livelde01.html,2024,2024-01-27,DAL,SAC,,"L, 115-120",,31:03,6,9,0,0,1,2,4,5,9,0,1,0,1,5,13
Dereck Lively II,https://www.basketball-reference.com/players/l/livelde01.html,2024,2024-01-29,DAL,ORL,,"W, 131-129",,40:38,8,9,0,0,4,9,3,8,11,1,1,1,2,5,20
Dereck Lively II,https://www.basketball-reference.com/players/l/livelde01.html,2024,2024-01-31,DAL,MIN,@,"L, 87-121",,,,,,,,,,,,,,,,,
Dereck Lively II,https://www.basketball-reference.com/players/l/livelde01.html,2024,2024-02-03,DAL,MIL,,"L, 117-129",,,,,,,,,,,,,,,,,
Dereck Lively II,https://www.basketball-reference.com/players/l/livelde01.html,2024,2024-02-05,DAL,PHI,@,"W, 118-102",,,,,,,,,,,,,,,,,
Dereck Lively II,https://www.basketball-reference.com/players/l/livelde01.html,2024,2024-02-06,DAL,BRK,@,"W, 119-107",,,,,,,,,,,,,,,,,
Dereck Lively II,https://www.basketball-reference.com/players/l/livelde01.html,2024,2024-02-08,DAL,NYK,@,"W, 122-108",,,,,,,,,,,,,,,,,
Dereck Lively II,https://www.basketball-reference.com/players/l/livelde01.html,2024,2024-02-10,DAL,OKC,,"W, 146-111",,,,,,,,,,,,,,,,,
Dereck Lively II,https://www.basketball-reference.com/players/l/livelde01.html,2024,2024-02-12,DAL,WAS,,"W, 112-104",,,,,,,,,,,,,,,,,
Dereck Lively II,https://www.basketball-reference.com/players/l/livelde01.html,2024,2024-02-14,DAL,SAS,,"W, 116-93",,17:08,3,5,0,0,2,2,1,4,5,1,0,4,0,0,8
Dereck Lively II,https://www.basketball-reference.com/players/l/livelde01.html,2024,2024-02-22,DAL,PHO,,"W, 123-113",,15:53,2,3,0,0,1,2,3,1,4,1,0,2,0,1,5
Dereck Lively II,https://www.basketball-reference.com/players/l/livelde01.html,2024,2024-02-25,DAL,IND,@,"L, 111-133",,14:29,2,3,0,0,0,1,1,2,3,0,4,0,0,3,4
Dereck Lively II,https://www.basketball-reference.com/players/l/livelde01.html,2024,2024-02-27,DAL,CLE,@,"L, 119-121",,22:09,4,4,0,0,1,4,2,4,6,0,0,2,0,1,9
Dereck Lively II,https://www.basketball-reference.com/players/l/livelde01.html,2024,2024-02-28,DAL,TOR,@,"W, 136-125",,23:24,4,4,0,0,1,2,1,3,4,1,2,5,0,1,9
Dereck Lively II,https://www.basketball-reference.com/players/l/livelde01.html,2024,2024-03-01,DAL,BOS,@,"L, 110-138",,23:26,7,7,0,0,1,2,2,2,4,1,2,1,0,0,15
Dereck Lively II,https://www.basketball-reference.com/players/l/livelde01.html,2024,2024-03-03,DAL,PHI,,"L, 116-120",,18:22,2,3,0,0,0,0,2,1,3,0,0,1,1,5,4
Dereck Lively II,https://www.basketball-reference.com/players/l/livelde01.html,2024,2024-03-05,DAL,IND,,"L, 120-137",,15:30,0,2,0,0,0,0,1,0,1,0,0,0,1,3,0
Dereck Lively II,https://www.basketball-reference.com/players/l/livelde01.html,2024,2024-03-07,DAL,MIA,,"W, 114-108",,23:02,2,3,0,0,0,0,2,0,2,1,0,0,0,4,4
Dereck Lively II,https://www.basketball-reference.com/players/l/livelde01.html,2024,2024-03-09,DAL,DET,@,"W, 142-124",,,,,,,,,,,,,,,,,
Dereck Lively II,https://www.basketball-reference.com/players/l/livelde01.html,2024,2024-03-11,DAL,CHI,@,"W, 127-92",,20:00,11,12,0,0,0,0,2,5,7,3,2,2,1,3,22
Dereck Lively II,https://www.basketball-reference.com/players/l/livelde01.html,2024,2024-03-13,DAL,GSW,,"W, 109-99",,19:42,6,8,0,0,0,0,1,7,8,0,0,2,1,0,12
Dereck Lively II,https://www.basketball-reference.com/players/l/livelde01.html,2024,2024-03-14,DAL,OKC,@,"L, 119-126",,14:01,2,3,0,0,0,0,1,1,2,0,0,0,0,2,4
Dereck Lively II,https://www.basketball-reference.com/players/l/livelde01.html,2024,2024-03-17,DAL,DEN,,"W, 107-105",,23:06,7,8,0,0,0,3,4,4,8,0,0,2,3,3,14
Dereck Lively II,https://www.basketball-reference.com/players/l/livelde01.html,2024,2024-03-19,DAL,SAS,@,"W, 113-107",,16:03,5,7,0,0,2,2,1,4,5,1,0,1,0,3,12
Dereck Lively II,https://www.basketball-reference.com/players/l/livelde01.html,2024,2024-03-21,DAL,UTA,,"W, 113-97",,15:29,3,5,0,0,0,2,3,2,5,1,0,0,1,0,6
Dereck Lively II,https://www.basketball-reference.com/players/l/livelde01.html,2024,2024-03-25,DAL,UTA,@,"W, 115-105",,18:20,3,3,0,0,0,0,0,9,9,0,1,0,0,1,6
Dereck Lively II,https://www.basketball-reference.com/players/l/livelde01.html,2024,2024-03-26,DAL,SAC,@,"W, 132-96",,21:58,2,5,0,0,0,0,0,7,7,1,1,2,0,1,4
Dereck Lively II,https://www.basketball-reference.com/players/l/livelde01.html,2024,2024-03-29,DAL,SAC,@,"W, 107-103",,23:46,5,7,0,0,2,4,3,6,9,2,0,1,0,1,12
Dereck Lively II,https://www.basketball-reference.com/players/l/livelde01.html,2024,2024-03-31,DAL,HOU,@,"W, 125-107",,13:20,1,1,0,0,0,0,1,1,2,0,1,2,0,1,2
Dereck Lively II,https://www.basketball-reference.com/players/l/livelde01.html,2024,2024-04-02,DAL,GSW,@,"L, 100-104",,,,,,,,,,,,,,,,,
Dereck Lively II,https://www.basketball-reference.com/players/l/livelde01.html,2024,2024-04-04,DAL,ATL,,"W, 109-95",,,,,,,,,,,,,,,,,
Dereck Lively II,https://www.basketball-reference.com/players/l/livelde01.html,2024,2024-04-05,DAL,GSW,,"W, 108-106",,,,,,,,,,,,,,,,,
Dereck Lively II,https://www.basketball-reference.com/players/l/livelde01.html,2024,2024-04-07,DAL,HOU,,"W, 147-136 (OT)",,,,,,,,,,,,,,,,,
Dereck Lively II,https://www.basketball-reference.com/players/l/livelde01.html,2024,2024-04-09,DAL,CHO,@,"W, 130-104",,,,,,,,,,,,,,,,,
Dereck Lively II,https://www.basketball-reference.com/players/l/livelde01.html,2024,2024-04-10,DAL,MIA,@,"W, 111-92",,,,,,,,,,,,,,,,,
Dereck Lively II,https://www.basketball-reference.com/players/l/livelde01.html,2024,2024-04-12,DAL,DET,,"L, 89-107",,,,,,,,,,,,,,,,,
Dereck Lively II,https://www.basketball-reference.com/players/l/livelde01.html,2024,2024-04-14,DAL,OKC,@,"L, 86-135",,,,,,,,,,,,,,,,,
Olivier-Maxence Prosper,https://www.basketball-reference.com/players/p/prospol01.html,2024,2023-10-25,DAL,SAS,@,"W, 126-119",,,,,,,,,,,,,,,,,
Olivier-Maxence Prosper,https://www.basketball-reference.com/players/p/prospol01.html,2024,2023-10-27,DAL,BRK,,"W, 125-120",,,,,,,,,,,,,,,,,
Olivier-Maxence Prosper,https://www.basketball-reference.com/players/p/prospol01.html,2024,2023-10-30,DAL,MEM,@,"W, 125-110",,,,,,,,,,,,,,,,,
Olivier-Maxence Prosper,https://www.basketball-reference.com/players/p/prospol01.html,2024,,,,,,,,,,,,,,,,,,,,,,
Olivier-Maxence Prosper,https://www.basketball-reference.com/players/p/prospol01.html,2024,2023-11-01,DAL,CHI,,"W, 114-105",,,,,,,,,,,,,,,,,
Olivier-Maxence Prosper,https://www.basketball-reference.com/players/p/prospol01.html,2024,2023-11-03,DAL,DEN,@,"L, 114-125",,01:11,0,1,0,0,0,0,0,0,0,0,0,0,0,0,0
Olivier-Maxence Prosper,https://www.basketball-reference.com/players/p/prospol01.html,2024,2023-11-05,DAL,CHO,,"W, 124-118",,,,,,,,,,,,,,,,,
Olivier-Maxence Prosper,https://www.basketball-reference.com/players/p/prospol01.html,2024,2023-11-06,DAL,ORL,@,"W, 117-102",,,,,,,,,,,,,,,,,
Olivier-Maxence Prosper,https://www.basketball-reference.com/players/p/prospol01.html,2024,2023-11-08,DAL,TOR,,"L, 116-127",,,,,,,,,,,,,,,,,
Olivier-Maxence Prosper,https://www.basketball-reference.com/players/p/prospol01.html,2024,2023-11-10,DAL,LAC,,"W, 144-126",,05:03,0,1,0,0,1,2,1,0,1,0,0,0,0,1,1
Olivier-Maxence Prosper,https://www.basketball-reference.com/players/p/prospol01.html,2024,2023-11-12,DAL,NOP,@,"W, 136-124",,06:03,1,3,0,2,2,2,0,0,0,0,0,0,0,2,4
Olivier-Maxence Prosper,https://www.basketball-reference.com/players/p/prospol01.html,2024,2023-11-14,DAL,NOP,@,"L, 110-131",,09:02,2,3,1,2,1,2,1,2,3,0,0,0,0,0,6
Olivier-Maxence Prosper,https://www.basketball-reference.com/players/p/prospol01.html,2024,2023-11-15,DAL,WAS,@,"W, 130-117",,07:26,1,2,0,1,0,2,0,2,2,1,0,0,0,0,2
Olivier-Maxence Prosper,https://www.basketball-reference.com/players/p/prospol01.html,2024,2023-11-18,DAL,MIL,@,"L, 125-132",,,,,,,,,,,,,,,,,
Olivier-Maxence Prosper,https://www.basketball-reference.com/players/p/prospol01.html,2024,2023-11-19,DAL,SAC,,"L, 113-129",,05:28,0,1,0,1,0,0,0,3,3,0,0,0,0,0,0
Olivier-Maxence Prosper,https://www.basketball-reference.com/players/p/prospol01.html,2024,2023-11-22,DAL,LAL,@,"W, 104-101",,,,,,,,,,,,,,,,,
Olivier-Maxence Prosper,https://www.basketball-reference.com/players/p/prospol01.html,2024,2023-11-25,DAL,LAC,@,"L, 88-107",,06:28,0,2,0,2,0,0,0,0,0,0,1,0,0,0,0
Olivier-Maxence Prosper,https://www.basketball-reference.com/players/p/prospol01.html,2024,2023-11-28,DAL,HOU,,"W, 121-115",,,,,,,,,,,,,,,,,
Olivier-Maxence Prosper,https://www.basketball-reference.com/players/p/prospol01.html,2024,2023-12-01,DAL,MEM,,"L, 94-108",,11:17,0,1,0,1,2,2,0,0,0,2,0,0,0,0,2
Olivier-Maxence Prosper,https://www.basketball-reference.com/players/p/prospol01.html,2024,2023-12-02,DAL,OKC,,"L, 120-126",,14:01,0,2,0,1,2,2,1,0,1,1,0,0,0,2,2
Olivier-Maxence Prosper,https://www.basketball-reference.com/players/p/prospol01.html,2024,2023-12-06,DAL,UTA,,"W, 147-97",,21:13,2,4,1,2,1,2,1,4,5,2,0,0,0,1,6
Olivier-Maxence Prosper,https://www.basketball-reference.com/players/p/prospol01.html,2024,2023-12-08,DAL,POR,@,"W, 125-112",,04:43,0,1,0,1,0,0,0,1,1,0,0,0,0,0,0
Olivier-Maxence Prosper,https://www.basketball-reference.com/players/p/prospol01.html,2024,2023-12-11,DAL,MEM,@,"W, 120-113",,18:27,4,7,3,6,0,0,0,4,4,2,0,1,1,2,11
Olivier-Maxence Prosper,https://www.basketball-reference.com/players/p/prospol01.html,2024,2023-12-12,DAL,LAL,,"W, 127-125",,01:16,0,0,0,0,0,0,0,0,0,0,0,0,0,0,0
Olivier-Maxence Prosper,https://www.basketball-reference.com/players/p/prospol01.html,2024,2023-12-14,DAL,MIN,,"L, 101-119",,02:54,1,1,0,0,0,0,0,0,0,0,0,0,0,0,2
Olivier-Maxence Prosper,https://www.basketball-reference.com/players/p/prospol01.html,2024,2023-12-16,DAL,POR,@,"W, 131-120",,05:55,0,1,0,1,0,0,2,3,5,1,0,0,0,0,0
Olivier-Maxence Prosper,https://www.basketball-reference.com/players/p/prospol01.html,2024,2023-12-18,DAL,DEN,@,"L, 104-130",,20:02,1,5,0,2,0,0,1,3,4,3,0,0,0,1,2
Olivier-Maxence Prosper,https://www.basketball-reference.com/players/p/prospol01.html,2024,2023-12-20,DAL,LAC,,"L, 111-120",,02:43,0,0,0,0,0,0,0,1,1,1,0,0,0,0,0
Olivier-Maxence Prosper,https://www.basketball-reference.com/players/p/prospol01.html,2024,2023-12-22,DAL,HOU,@,"L, 96-122",,29:48,6,13,1,4,7,9,5,1,6,2,1,0,3,2,20
Olivier-Maxence Prosper,https://www.basketball-reference.com/players/p/prospol01.html,2024,2023-12-23,DAL,SAS,,"W, 144-119",,12:00,0,3,0,1,0,0,0,2,2,0,0,0,0,1,0
Olivier-Maxence Prosper,https://www.basketball-reference.com/players/p/prospol01.html,2024,2023-12-25,DAL,PHO,@,"W, 128-114",,00:29,0,0,0,0,0,0,0,0,0,0,0,0,0,0,0
Olivier-Maxence Prosper,https://www.basketball-reference.com/players/p/prospol01.html,2024,2023-12-27,DAL,CLE,,"L, 110-113",,,,,,,,,,,,,,,,,
Olivier-Maxence Prosper,https://www.basketball-reference.com/players/p/prospol01.html,2024,2023-12-28,DAL,MIN,@,"L, 110-118",,,,,,,,,,,,,,,,,
Olivier-Maxence Prosper,https://www.basketball-reference.com/players/p/prospol01.html,2024,2023-12-30,DAL,GSW,@,"W, 132-122",,,,,,,,,,,,,,,,,
Olivier-Maxence Prosper,https://www.basketball-reference.com/players/p/prospol01.html,2024,2024-01-01,DAL,UTA,@,"L, 90-127",,06:42,0,2,0,1,0,0,0,3,3,0,0,0,0,0,0
Olivier-Maxence Prosper,https://www.basketball-reference.com/players/p/prospol01.html,2024,2024-01-03,DAL,POR,,"W, 126-97",,08:26,1,3,0,0,3,4,2,3,5,1,0,1,0,1,5
Olivier-Maxence Prosper,https://www.basketball-reference.com/players/p/prospol01.html,2024,2024-01-05,DAL,POR,,"W, 139-103",,13:47,3,7,2,3,0,0,1,5,6,3,0,0,0,3,8
Olivier-Maxence Prosper,https://www.basketball-reference.com/players/p/prospol01.html,2024,2024-01-07,DAL,MIN,,"W, 115-108",,,,,,,,,,,,,,,,,
Olivier-Maxence Prosper,https://www.basketball-reference.com/players/p/prospol01.html,2024,2024-01-09,DAL,MEM,,"L, 103-120",,,,,,,,,,,,,,,,,
Olivier-Maxence Prosper,https://www.basketball-reference.com/players/p/prospol01.html,2024,2024-01-11,DAL,NYK,,"W, 128-124",,,,,,,,,,,,,,,,,
Olivier-Maxence Prosper,https://www.basketball-reference.com/players/p/prospol01.html,2024,2024-01-13,DAL,NOP,,"L, 108-118",,,,,,,,,,,,,,,,,
Olivier-Maxence Prosper,https://www.basketball-reference.com/players/p/prospol01.html,2024,2024-01-15,DAL,NOP,,"W, 125-120",,,,,,,,,,,,,,,,,
Olivier-Maxence Prosper,https://www.basketball-reference.com/players/p/prospol01.html,2024,2024-01-17,DAL,LAL,@,"L, 110-127",,,,,,,,,,,,,,,,,
Olivier-Maxence Prosper,https://www.basketball-reference.com/players/p/prospol01.html,2024,2024-01-22,DAL,BOS,,"L, 110-119",,,,,,,,,,,,,,,,,
Olivier-Maxence Prosper,https://www.basketball-reference.com/players/p/prospol01.html,2024,2024-01-24,DAL,PHO,,"L, 109-132",,04:48,0,0,0,0,0,0,0,0,0,0,0,0,0,0,0
Olivier-Maxence Prosper,https://www.basketball-reference.com/players/p/prospol01.html,2024,2024-01-26,DAL,ATL,@,"W, 148-143",,,,,,,,,,,,,,,,,
Olivier-Maxence Prosper,https://www.basketball-reference.com/players/p/prospol01.html,2024,2024-01-27,DAL,SAC,,"L, 115-120",,,,,,,,,,,,,,,,,
Olivier-Maxence Prosper,https://www.basketball-reference.com/players/p/prospol01.html,2024,2024-01-29,DAL,ORL,,"W, 131-129",,,,,,,,,,,,,,,,,
Olivier-Maxence Prosper,https://www.basketball-reference.com/players/p/prospol01.html,2024,2024-01-31,DAL,MIN,@,"L, 87-121",,19:44,1,2,0,1,4,7,1,3,4,0,0,0,0,1,6
Olivier-Maxence Prosper,https://www.basketball-reference.com/players/p/prospol01.html,2024,2024-02-03,DAL,MIL,,"L, 117-129",,,,,,,,,,,,,,,,,
Olivier-Maxence Prosper,https://www.basketball-reference.com/players/p/prospol01.html,2024,2024-02-05,DAL,PHI,@,"W, 118-102",,03:11,0,2,0,0,0,0,1,0,1,0,1,0,0,0,0
Olivier-Maxence Prosper,https://www.basketball-reference.com/players/p/prospol01.html,2024,2024-02-06,DAL,BRK,@,"W, 119-107",,,,,,,,,,,,,,,,,
Olivier-Maxence Prosper,https://www.basketball-reference.com/players/p/prospol01.html,2024,2024-02-08,DAL,NYK,@,"W, 122-108",,01:17,0,0,0,0,0,0,0,0,0,0,0,0,0,0,0
Olivier-Maxence Prosper,https://www.basketball-reference.com/players/p/prospol01.html,2024,2024-02-10,DAL,OKC,,"W, 146-111",,05:44,1,2,0,1,0,0,0,2,2,0,0,0,0,0,2
Olivier-Maxence Prosper,https://www.basketball-reference.com/players/p/prospol01.html,2024,2024-02-12,DAL,WAS,,"W, 112-104",,00:03,0,0,0,0,0,0,0,0,0,0,0,0,0,0,0
Olivier-Maxence Prosper,https://www.basketball-reference.com/players/p/prospol01.html,2024,2024-02-14,DAL,SAS,,"W, 116-93",,05:26,1,2,0,0,0,0,1,1,2,0,1,1,1,0,2
Olivier-Maxence Prosper,https://www.basketball-reference.com/players/p/prospol01.html,2024,2024-02-22,DAL,PHO,,"W, 123-113",,01:02,0,0,0,0,0,0,0,0,0,0,0,0,0,0,0
Olivier-Maxence Prosper,https://www.basketball-reference.com/players/p/prospol01.html,2024,2024-02-25,DAL,IND,@,"L, 111-133",,,,,,,,,,,,,,,,,
Olivier-Maxence Prosper,https://www.basketball-reference.com/players/p/prospol01.html,2024,2024-02-27,DAL,CLE,@,"L, 119-121",,,,,,,,,,,,,,,,,
Olivier-Maxence Prosper,https://www.basketball-reference.com/players/p/prospol01.html,2024,2024-02-28,DAL,TOR,@,"W, 136-125",,00:39,0,1,0,1,0,0,0,0,0,0,0,0,0,0,0
Olivier-Maxence Prosper,https://www.basketball-reference.com/players/p/prospol01.html,2024,2024-03-01,DAL,BOS,@,"L, 110-138",,03:55,1,2,0,0,0,0,0,1,1,0,1,0,0,0,2
Olivier-Maxence Prosper,https://www.basketball-reference.com/players/p/prospol01.html,2024,2024-03-03,DAL,PHI,,"L, 116-120",,,,,,,,,,,,,,,,,
Olivier-Maxence Prosper,https://www.basketball-reference.com/players/p/prospol01.html,2024,2024-03-05,DAL,IND,,"L, 120-137",,,,,,,,,,,,,,,,,
Olivier-Maxence Prosper,https://www.basketball-reference.com/players/p/prospol01.html,2024,2024-03-07,DAL,MIA,,"W, 114-108",,,,,,,,,,,,,,,,,
Olivier-Maxence Prosper,https://www.basketball-reference.com/players/p/prospol01.html,2024,2024-03-09,DAL,DET,@,"W, 142-124",,,,,,,,,,,,,,,,,
Olivier-Maxence Prosper,https://www.basketball-reference.com/players/p/prospol01.html,2024,2024-03-11,DAL,CHI,@,"W, 127-92",,,,,,,,,,,,,,,,,
Olivier-Maxence Prosper,https://www.basketball-reference.com/players/p/prospol01.html,2024,2024-03-13,DAL,GSW,,"W, 109-99",,,,,,,,,,,,,,,,,
Olivier-Maxence Prosper,https://www.basketball-reference.com/players/p/prospol01.html,2024,2024-03-14,DAL,OKC,@,"L, 119-126",,,,,,,,,,,,,,,,,
Olivier-Maxence Prosper,https://www.basketball-reference.com/players/p/prospol01.html,2024,2024-03-17,DAL,DEN,,"W, 107-105",,,,,,,,,,,,,,,,,
Olivier-Maxence Prosper,https://www.basketball-reference.com/players/p/prospol01.html,2024,2024-03-19,DAL,SAS,@,"W, 113-107",,,,,,,,,,,,,,,,,
Olivier-Maxence Prosper,https://www.basketball-reference.com/players/p/prospol01.html,2024,2024-03-21,DAL,UTA,,"W, 113-97",,01:04,0,0,0,0,0,0,0,0,0,0,0,0,0,0,0
Olivier-Maxence Prosper,https://www.basketball-reference.com/players/p/prospol01.html,2024,2024-03-25,DAL,UTA,@,"W, 115-105",,,,,,,,,,,,,,,,,
Olivier-Maxence Prosper,https://www.basketball-reference.com/players/p/prospol01.html,2024,2024-03-26,DAL,SAC,@,"W, 132-96",,,,,,,,,,,,,,,,,
Olivier-Maxence Prosper,https://www.basketball-reference.com/players/p/prospol01.html,2024,2024-03-29,DAL,SAC,@,"W, 107-103",,,,,,,,,,,,,,,,,
Olivier-Maxence Prosper,https://www.basketball-reference.com/players/p/prospol01.html,2024,2024-03-31,DAL,HOU,@,"W, 125-107",,01:58,0,1,0,0,0,0,2,0,2,1,0,0,0,0,0
Olivier-Maxence Prosper,https://www.basketball-reference.com/players/p/prospol01.html,2024,2024-04-02,DAL,GSW,@,"L, 100-104",,,,,,,,,,,,,,,,,
Olivier-Maxence Prosper,https://www.basketball-reference.com/players/p/prospol01.html,2024,2024-04-04,DAL,ATL,,"W, 109-95",,00:45,0,0,0,0,0,0,0,0,0,0,0,0,0,0,0
Olivier-Maxence Prosper,https://www.basketball-reference.com/players/p/prospol01.html,2024,2024-04-05,DAL,GSW,,"W, 108-106",,,,,,,,,,,,,,,,,
Olivier-Maxence Prosper,https://www.basketball-reference.com/players/p/prospol01.html,2024,2024-04-07,DAL,HOU,,"W, 147-136 (OT)",,,,,,,,,,,,,,,,,
Olivier-Maxence Prosper,https://www.basketball-reference.com/players/p/prospol01.html,2024,2024-04-09,DAL,CHO,@,"W, 130-104",,03:52,1,1,1,1,0,0,0,1,1,0,0,0,0,0,3
Olivier-Maxence Prosper,https://www.basketball-reference.com/players/p/prospol01.html,2024,2024-04-10,DAL,MIA,@,"W, 111-92",,01:57,2,2,0,0,0,0,0,0,0,0,0,0,0,0,4
Olivier-Maxence Prosper,https://www.basketball-reference.com/players/p/prospol01.html,2024,2024-04-12,DAL,DET,,"L, 89-107",,29:01,6,12,2,4,2,2,2,4,6,1,2,1,1,1,16
Olivier-Maxence Prosper,https://www.basketball-reference.com/players/p/prospol01.html,2024,2024-04-14,DAL,OKC,@,"L, 86-135",,37:18,5,14,2,6,3,5,3,5,8,1,0,0,2,2,15
P.J. Washington,https://www.basketball-reference.com/players/w/washipj01.html,2024,2023-10-25,CHO,ATL,,"W, 116-110",,31:48,12,18,1,6,0,0,1,4,5,2,0,0,1,4,25
P.J. Washington,https://www.basketball-reference.com/players/w/washipj01.html,2024,2023-10-27,CHO,DET,,"L, 99-111",,28:59,6,13,1,5,0,1,0,3,3,3,2,1,2,6,13
P.J. Washington,https://www.basketball-reference.com/players/w/washipj01.html,2024,2023-10-30,CHO,BRK,,"L, 121-133",,35:22,7,14,1,3,0,1,3,9,12,2,0,0,1,4,15
P.J. Washington,https://www.basketball-reference.com/players/w/washipj01.html,2024,,,,,,,,,,,,,,,,,,,,,,
P.J. Washington,https://www.basketball-reference.com/players/w/washipj01.html,2024,2023-11-01,CHO,HOU,@,"L, 119-128",,35:01,8,13,5,6,2,2,1,2,3,0,0,0,1,2,23
P.J. Washington,https://www.basketball-reference.com/players/w/washipj01.html,2024,2023-11-04,CHO,IND,@,"W, 125-124",,33:17,6,13,1,1,2,2,1,2,3,4,1,2,1,0,15
P.J. Washington,https://www.basketball-reference.com/players/w/washipj01.html,2024,2023-11-05,CHO,DAL,@,"L, 118-124",,34:15,8,15,1,4,3,4,0,4,4,1,0,0,0,3,20
P.J. Washington,https://www.basketball-reference.com/players/w/washipj01.html,2024,2023-11-08,CHO,WAS,,"L, 116-132",,35:47,4,11,0,5,6,7,1,6,7,1,0,2,2,2,14
P.J. Washington,https://www.basketball-reference.com/players/w/washipj01.html,2024,2023-11-10,CHO,WAS,@,"W, 124-117",,37:50,5,15,0,6,1,2,3,7,10,4,1,0,2,0,11
P.J. Washington,https://www.basketball-reference.com/players/w/washipj01.html,2024,2023-11-12,CHO,NYK,@,"L, 107-129",,21:40,1,8,1,5,1,2,1,1,2,3,0,1,2,4,4
P.J. Washington,https://www.basketball-reference.com/players/w/washipj01.html,2024,2023-11-14,CHO,MIA,,"L, 105-111",,36:26,12,23,6,11,2,2,2,4,6,1,0,0,1,1,32
P.J. Washington,https://www.basketball-reference.com/players/w/washipj01.html,2024,2023-11-17,CHO,MIL,,"L, 99-130",,26:23,1,3,1,3,0,0,0,3,3,1,0,0,0,4,3
P.J. Washington,https://www.basketball-reference.com/players/w/washipj01.html,2024,2023-11-18,CHO,NYK,,"L, 108-122",,32:44,1,10,1,7,0,0,0,6,6,2,1,2,6,4,3
P.J. Washington,https://www.basketball-reference.com/players/w/washipj01.html,2024,2023-11-20,CHO,BOS,,"W, 121-118 (OT)",,28:09,6,13,3,9,0,0,0,1,1,1,2,1,0,1,15
P.J. Washington,https://www.basketball-reference.com/players/w/washipj01.html,2024,2023-11-22,CHO,WAS,,"W, 117-114",,,,,,,,,,,,,,,,,
P.J. Washington,https://www.basketball-reference.com/players/w/washipj01.html,2024,2023-11-26,CHO,ORL,@,"L, 117-130",,28:11,3,10,3,9,4,6,0,4,4,2,0,3,1,5,13
P.J. Washington,https://www.basketball-reference.com/players/w/washipj01.html,2024,2023-11-28,CHO,NYK,@,"L, 91-115",,26:54,4,10,3,8,0,2,3,5,8,3,1,1,3,3,11
P.J. Washington,https://www.basketball-reference.com/players/w/washipj01.html,2024,2023-11-30,CHO,BRK,@,"W, 129-128",,33:05,2,11,2,9,4,4,2,6,8,5,3,2,2,2,10
P.J. Washington,https://www.basketball-reference.com/players/w/washipj01.html,2024,2023-12-02,CHO,MIN,,"L, 117-123",,30:55,7,14,4,7,0,0,3,4,7,5,0,1,1,1,18
P.J. Washington,https://www.basketball-reference.com/players/w/washipj01.html,2024,2023-12-06,CHO,CHI,@,"L, 100-111",,28:36,4,13,1,7,0,0,1,5,6,4,1,2,1,5,9
P.J. Washington,https://www.basketball-reference.com/players/w/washipj01.html,2024,2023-12-08,CHO,TOR,,"W, 119-116",,24:34,4,7,3,5,0,0,0,1,1,2,2,0,2,4,11
P.J. Washington,https://www.basketball-reference.com/players/w/washipj01.html,2024,2023-12-11,CHO,MIA,,"L, 114-116",,31:49,5,11,2,6,3,4,1,7,8,3,0,1,0,3,15
P.J. Washington,https://www.basketball-reference.com/players/w/washipj01.html,2024,2023-12-13,CHO,MIA,@,"L, 104-115",,03:44,0,0,0,0,0,0,0,0,0,1,1,0,1,0,0
P.J. Washington,https://www.basketball-reference.com/players/w/washipj01.html,2024,2023-12-15,CHO,NOP,,"L, 107-112",,,,,,,,,,,,,,,,,
P.J. Washington,https://www.basketball-reference.com/players/w/washipj01.html,2024,2023-12-16,CHO,PHI,,"L, 82-135",,,,,,,,,,,,,,,,,
P.J. Washington,https://www.basketball-reference.com/players/w/washipj01.html,2024,2023-12-18,CHO,TOR,@,"L, 99-114",,38:55,5,16,3,9,2,2,1,6,7,5,4,0,2,5,15
P.J. Washington,https://www.basketball-reference.com/players/w/washipj01.html,2024,2023-12-20,CHO,IND,@,"L, 113-144",,26:45,4,10,2,7,2,2,3,1,4,0,0,0,1,1,12
P.J. Washington,https://www.basketball-reference.com/players/w/washipj01.html,2024,2023-12-23,CHO,DEN,,"L, 95-102",,28:18,6,20,1,7,7,9,1,7,8,2,4,2,2,1,20
P.J. Washington,https://www.basketball-reference.com/players/w/washipj01.html,2024,2023-12-26,CHO,LAC,@,"L, 104-113",,26:26,7,10,0,2,4,4,4,4,8,3,2,0,2,3,18
P.J. Washington,https://www.basketball-reference.com/players/w/washipj01.html,2024,2023-12-28,CHO,LAL,@,"L, 112-133",,25:04,4,11,0,4,1,2,1,5,6,0,0,0,3,1,9
P.J. Washington,https://www.basketball-reference.com/players/w/washipj01.html,2024,2023-12-29,CHO,PHO,@,"L, 119-133",,27:37,5,12,3,8,0,0,1,3,4,4,0,1,1,3,13
P.J. Washington,https://www.basketball-reference.com/players/w/washipj01.html,2024,2024-01-01,CHO,DEN,@,"L, 93-111",,25:37,2,5,1,3,1,1,1,5,6,0,0,0,2,2,6
P.J. Washington,https://www.basketball-reference.com/players/w/washipj01.html,2024,2024-01-02,CHO,SAC,@,"W, 111-104",,29:04,7,13,3,6,0,0,1,3,4,4,1,0,1,1,17
P.J. Washington,https://www.basketball-reference.com/players/w/washipj01.html,2024,2024-01-05,CHO,CHI,@,"L, 91-104",,06:04,0,2,0,1,0,0,1,2,3,2,0,0,0,0,0
P.J. Washington,https://www.basketball-reference.com/players/w/washipj01.html,2024,2024-01-08,CHO,CHI,,"L, 112-119 (OT)",,,,,,,,,,,,,,,,,
P.J. Washington,https://www.basketball-reference.com/players/w/washipj01.html,2024,2024-01-10,CHO,SAC,,"L, 98-123",,,,,,,,,,,,,,,,,
P.J. Washington,https://www.basketball-reference.com/players/w/washipj01.html,2024,2024-01-12,CHO,SAS,@,"L, 99-135",,,,,,,,,,,,,,,,,
P.J. Washington,https://www.basketball-reference.com/players/w/washipj01.html,2024,2024-01-14,CHO,MIA,@,"L, 87-104",,28:25,2,7,1,5,0,2,2,4,6,1,1,0,1,3,5
P.J. Washington,https://www.basketball-reference.com/players/w/washipj01.html,2024,2024-01-17,CHO,NOP,@,"L, 112-132",,23:46,3,9,1,4,0,0,4,1,5,2,1,2,1,3,7
P.J. Washington,https://www.basketball-reference.com/players/w/washipj01.html,2024,2024-01-19,CHO,SAS,,"W, 124-120",,27:56,7,11,3,4,3,3,1,5,6,0,1,0,2,4,20
P.J. Washington,https://www.basketball-reference.com/players/w/washipj01.html,2024,2024-01-20,CHO,PHI,,"L, 89-97",,25:51,3,8,1,4,2,2,0,3,3,0,0,0,2,6,9
P.J. Washington,https://www.basketball-reference.com/players/w/washipj01.html,2024,2024-01-22,CHO,MIN,@,"W, 128-125",,33:02,5,7,2,4,0,1,0,7,7,3,1,1,0,4,12
P.J. Washington,https://www.basketball-reference.com/players/w/washipj01.html,2024,2024-01-24,CHO,DET,@,"L, 106-113",,28:30,4,6,4,6,0,0,0,6,6,5,1,1,2,4,12
P.J. Washington,https://www.basketball-reference.com/players/w/washipj01.html,2024,2024-01-26,CHO,HOU,,"L, 104-138",,28:34,4,9,0,2,4,5,0,2,2,2,0,3,2,1,12
P.J. Washington,https://www.basketball-reference.com/players/w/washipj01.html,2024,2024-01-27,CHO,UTA,,"L, 122-134",,35:33,17,22,7,9,2,3,1,1,2,3,2,0,2,1,43
P.J. Washington,https://www.basketball-reference.com/players/w/washipj01.html,2024,2024-01-29,CHO,NYK,,"L, 92-113",,35:07,7,19,2,9,0,0,0,2,2,2,0,1,1,0,16
P.J. Washington,https://www.basketball-reference.com/players/w/washipj01.html,2024,2024-01-31,CHO,CHI,,"L, 110-117",,35:54,10,17,3,9,3,4,3,5,8,1,0,1,3,3,26
P.J. Washington,https://www.basketball-reference.com/players/w/washipj01.html,2024,2024-02-02,CHO,OKC,@,"L, 106-126",,26:25,2,9,0,3,1,2,1,5,6,1,2,0,5,3,5
P.J. Washington,https://www.basketball-reference.com/players/w/washipj01.html,2024,2024-02-04,CHO,IND,,"L, 99-115",,31:47,9,16,1,6,3,5,3,6,9,2,2,1,0,3,22
P.J. Washington,https://www.basketball-reference.com/players/w/washipj01.html,2024,2024-02-05,CHO,LAL,,"L, 118-124",,33:57,6,14,1,5,2,4,1,7,8,4,1,0,0,0,15
P.J. Washington,https://www.basketball-reference.com/players/w/washipj01.html,2024,2024-02-07,CHO,TOR,,"L, 117-123",,31:24,2,11,0,5,2,4,0,5,5,1,0,0,1,2,6
P.J. Washington,https://www.basketball-reference.com/players/w/washipj01.html,2024,2024-02-10,DAL,OKC,,"W, 146-111",,24:29,6,10,1,4,1,2,1,4,5,1,1,0,2,3,14
P.J. Washington,https://www.basketball-reference.com/players/w/washipj01.html,2024,2024-02-12,DAL,WAS,,"W, 112-104",,35:41,4,11,0,5,1,2,0,5,5,3,0,0,2,2,9
P.J. Washington,https://www.basketball-reference.com/players/w/washipj01.html,2024,2024-02-14,DAL,SAS,,"W, 116-93",,27:52,1,6,1,3,0,2,1,5,6,2,0,1,1,2,3
P.J. Washington,https://www.basketball-reference.com/players/w/washipj01.html,2024,2024-02-22,DAL,PHO,,"W, 123-113",,30:35,4,10,2,6,2,2,2,4,6,1,1,1,1,3,12
P.J. Washington,https://www.basketball-reference.com/players/w/washipj01.html,2024,2024-02-25,DAL,IND,@,"L, 111-133",,30:31,1,6,0,3,0,0,0,6,6,1,2,0,4,3,2
P.J. Washington,https://www.basketball-reference.com/players/w/washipj01.html,2024,2024-02-27,DAL,CLE,@,"L, 119-121",,35:26,5,8,1,3,0,1,0,2,2,2,3,1,0,2,11
P.J. Washington,https://www.basketball-reference.com/players/w/washipj01.html,2024,2024-02-28,DAL,TOR,@,"W, 136-125",,31:29,9,16,5,10,0,0,2,4,6,0,0,3,2,1,23
P.J. Washington,https://www.basketball-reference.com/players/w/washipj01.html,2024,2024-03-01,DAL,BOS,@,"L, 110-138",,35:13,7,16,3,9,0,0,2,5,7,0,0,1,0,2,17
P.J. Washington,https://www.basketball-reference.com/players/w/washipj01.html,2024,2024-03-03,DAL,PHI,,"L, 116-120",,35:29,3,10,1,7,6,6,2,2,4,2,1,0,2,2,13
P.J. Washington,https://www.basketball-reference.com/players/w/washipj01.html,2024,2024-03-05,DAL,IND,,"L, 120-137",,37:04,7,12,4,8,2,2,1,6,7,3,1,1,0,1,20
P.J. Washington,https://www.basketball-reference.com/players/w/washipj01.html,2024,2024-03-07,DAL,MIA,,"W, 114-108",,29:05,4,12,1,6,1,2,4,4,8,1,1,1,1,1,10
P.J. Washington,https://www.basketball-reference.com/players/w/washipj01.html,2024,2024-03-09,DAL,DET,@,"W, 142-124",,28:58,2,4,1,3,2,2,0,2,2,1,2,0,0,0,7
P.J. Washington,https://www.basketball-reference.com/players/w/washipj01.html,2024,2024-03-11,DAL,CHI,@,"W, 127-92",,23:13,3,5,1,3,0,0,0,5,5,0,2,1,0,2,7
P.J. Washington,https://www.basketball-reference.com/players/w/washipj01.html,2024,2024-03-13,DAL,GSW,,"W, 109-99",,34:00,5,11,1,6,0,0,1,6,7,1,2,3,1,1,11
P.J. Washington,https://www.basketball-reference.com/players/w/washipj01.html,2024,2024-03-14,DAL,OKC,@,"L, 119-126",,35:30,1,11,0,7,4,8,0,5,5,1,0,0,2,4,6
P.J. Washington,https://www.basketball-reference.com/players/w/washipj01.html,2024,2024-03-17,DAL,DEN,,"W, 107-105",,30:49,2,10,0,4,0,0,2,9,11,3,0,1,0,1,4
P.J. Washington,https://www.basketball-reference.com/players/w/washipj01.html,2024,2024-03-19,DAL,SAS,@,"W, 113-107",,34:01,3,8,2,5,0,0,1,5,6,0,0,1,0,1,8
P.J. Washington,https://www.basketball-reference.com/players/w/washipj01.html,2024,2024-03-21,DAL,UTA,,"W, 113-97",,33:20,3,9,0,4,0,0,1,4,5,1,2,2,1,5,6
P.J. Washington,https://www.basketball-reference.com/players/w/washipj01.html,2024,2024-03-25,DAL,UTA,@,"W, 115-105",,35:07,6,12,2,6,2,2,3,1,4,1,1,0,0,2,16
P.J. Washington,https://www.basketball-reference.com/players/w/washipj01.html,2024,2024-03-26,DAL,SAC,@,"W, 132-96",,32:20,5,11,4,6,0,2,1,12,13,2,0,0,0,2,14
P.J. Washington,https://www.basketball-reference.com/players/w/washipj01.html,2024,2024-03-29,DAL,SAC,@,"W, 107-103",,33:23,2,10,2,8,1,2,0,6,6,2,1,2,0,2,7
P.J. Washington,https://www.basketball-reference.com/players/w/washipj01.html,2024,2024-03-31,DAL,HOU,@,"W, 125-107",,28:09,4,8,3,5,1,2,2,4,6,2,1,1,0,5,12
P.J. Washington,https://www.basketball-reference.com/players/w/washipj01.html,2024,2024-04-02,DAL,GSW,@,"L, 100-104",,35:41,8,19,3,10,1,2,0,5,5,0,3,1,2,1,20
P.J. Washington,https://www.basketball-reference.com/players/w/washipj01.html,2024,2024-04-04,DAL,ATL,,"W, 109-95",,36:09,6,11,5,8,2,2,1,7,8,3,1,1,1,2,19
P.J. Washington,https://www.basketball-reference.com/players/w/washipj01.html,2024,2024-04-05,DAL,GSW,,"W, 108-106",,40:20,12,18,5,8,3,5,0,5,5,3,5,2,4,2,32
P.J. Washington,https://www.basketball-reference.com/players/w/washipj01.html,2024,2024-04-07,DAL,HOU,,"W, 147-136 (OT)",,43:23,5,12,2,7,2,2,2,11,13,2,0,2,0,1,14
P.J. Washington,https://www.basketball-reference.com/players/w/washipj01.html,2024,2024-04-09,DAL,CHO,@,"W, 130-104",,28:09,0,7,0,6,1,2,2,5,7,3,1,0,3,3,1
P.J. Washington,https://www.basketball-reference.com/players/w/washipj01.html,2024,2024-04-10,DAL,MIA,@,"W, 111-92",,34:43,5,11,2,6,0,1,1,5,6,2,2,1,1,1,12
P.J. Washington,https://www.basketball-reference.com/players/w/washipj01.html,2024,2024-04-12,DAL,DET,,"L, 89-107",,14:55,4,8,1,3,0,0,0,3,3,1,1,0,0,0,9
P.J. Washington,https://www.basketball-reference.com/players/w/washipj01.html,2024,2024-04-14,DAL,OKC,@,"L, 86-135",,,,,,,,,,,,,,,,,
Collin Gillespie,https://www.basketball-reference.com/players/g/gilleco01.html,2024,2023-10-24,DEN,LAL,,"W, 119-107",,00:43,0,0,0,0,0,0,0,0,0,0,0,0,0,0,0
Collin Gillespie,https://www.basketball-reference.com/players/g/gilleco01.html,2024,2023-10-27,DEN,MEM,@,"W, 108-104",,,,,,,,,,,,,,,,,
Collin Gillespie,https://www.basketball-reference.com/players/g/gilleco01.html,2024,2023-10-29,DEN,OKC,@,"W, 128-95",,05:31,0,1,0,1,0,0,0,0,0,0,1,0,0,1,0
Collin Gillespie,https://www.basketball-reference.com/players/g/gilleco01.html,2024,2023-10-30,DEN,UTA,,"W, 110-102",,,,,,,,,,,,,,,,,
Collin Gillespie,https://www.basketball-reference.com/players/g/gilleco01.html,2024,,,,,,,,,,,,,,,,,,,,,,
Collin Gillespie,https://www.basketball-reference.com/players/g/gilleco01.html,2024,2023-11-01,DEN,MIN,@,"L, 89-110",,,,,,,,,,,,,,,,,
Collin Gillespie,https://www.basketball-reference.com/players/g/gilleco01.html,2024,2023-11-03,DEN,DAL,,"W, 125-114",,,,,,,,,,,,,,,,,
Collin Gillespie,https://www.basketball-reference.com/players/g/gilleco01.html,2024,2023-11-04,DEN,CHI,,"W, 123-101",,11:44,2,4,1,3,0,0,0,1,1,2,0,0,0,1,5
Collin Gillespie,https://www.basketball-reference.com/players/g/gilleco01.html,2024,2023-11-06,DEN,NOP,,"W, 134-116",,16:59,2,4,1,3,1,1,0,1,1,1,2,0,0,3,6
Collin Gillespie,https://www.basketball-reference.com/players/g/gilleco01.html,2024,2023-11-08,DEN,GSW,,"W, 108-105",,15:39,1,2,1,2,0,0,0,0,0,1,0,0,1,2,3
Collin Gillespie,https://www.basketball-reference.com/players/g/gilleco01.html,2024,2023-11-12,DEN,HOU,@,"L, 104-107",,20:06,3,7,0,2,0,0,0,1,1,3,2,0,1,2,6
Collin Gillespie,https://www.basketball-reference.com/players/g/gilleco01.html,2024,2023-11-14,DEN,LAC,,"W, 111-108",,,,,,,,,,,,,,,,,
Collin Gillespie,https://www.basketball-reference.com/players/g/gilleco01.html,2024,2023-11-17,DEN,NOP,@,"L, 110-115",,,,,,,,,,,,,,,,,
Collin Gillespie,https://www.basketball-reference.com/players/g/gilleco01.html,2024,2023-11-19,DEN,CLE,@,"L, 109-121",,02:50,0,0,0,0,0,0,0,0,0,1,0,0,0,0,0
Collin Gillespie,https://www.basketball-reference.com/players/g/gilleco01.html,2024,2023-11-20,DEN,DET,@,"W, 107-103",,,,,,,,,,,,,,,,,
Collin Gillespie,https://www.basketball-reference.com/players/g/gilleco01.html,2024,2023-11-22,DEN,ORL,@,"L, 119-124",,,,,,,,,,,,,,,,,
Collin Gillespie,https://www.basketball-reference.com/players/g/gilleco01.html,2024,2023-11-24,DEN,HOU,@,"L, 86-105",,03:04,0,0,0,0,0,0,0,0,0,0,0,0,1,0,0
Collin Gillespie,https://www.basketball-reference.com/players/g/gilleco01.html,2024,2023-11-26,DEN,SAS,,"W, 132-120",,01:31,0,0,0,0,0,0,0,0,0,0,0,0,0,0,0
Collin Gillespie,https://www.basketball-reference.com/players/g/gilleco01.html,2024,2023-11-27,DEN,LAC,@,"W, 113-104",,,,,,,,,,,,,,,,,
Collin Gillespie,https://www.basketball-reference.com/players/g/gilleco01.html,2024,2023-11-29,DEN,HOU,,"W, 134-124",,03:08,0,1,0,1,0,0,0,0,0,0,0,0,1,0,0
Collin Gillespie,https://www.basketball-reference.com/players/g/gilleco01.html,2024,2023-12-01,DEN,PHO,@,"W, 119-111",,,,,,,,,,,,,,,,,
Collin Gillespie,https://www.basketball-reference.com/players/g/gilleco01.html,2024,2023-12-02,DEN,SAC,@,"L, 117-123",,,,,,,,,,,,,,,,,
Collin Gillespie,https://www.basketball-reference.com/players/g/gilleco01.html,2024,2023-12-06,DEN,LAC,@,"L, 102-111",,,,,,,,,,,,,,,,,
Collin Gillespie,https://www.basketball-reference.com/players/g/gilleco01.html,2024,2023-12-08,DEN,HOU,,"L, 106-114",,,,,,,,,,,,,,,,,
Collin Gillespie,https://www.basketball-reference.com/players/g/gilleco01.html,2024,2023-12-11,DEN,ATL,@,"W, 129-122",,,,,,,,,,,,,,,,,
Collin Gillespie,https://www.basketball-reference.com/players/g/gilleco01.html,2024,2023-12-12,DEN,CHI,@,"W, 114-106",,,,,,,,,,,,,,,,,
Collin Gillespie,https://www.basketball-reference.com/players/g/gilleco01.html,2024,2023-12-14,DEN,BRK,,"W, 124-101",,,,,,,,,,,,,,,,,
Collin Gillespie,https://www.basketball-reference.com/players/g/gilleco01.html,2024,2023-12-16,DEN,OKC,,"L, 117-118",,,,,,,,,,,,,,,,,
Collin Gillespie,https://www.basketball-reference.com/players/g/gilleco01.html,2024,2023-12-18,DEN,DAL,,"W, 130-104",,05:10,0,1,0,0,0,0,1,0,1,0,0,0,0,1,0
Collin Gillespie,https://www.basketball-reference.com/players/g/gilleco01.html,2024,2023-12-20,DEN,TOR,@,"W, 113-104",,,,,,,,,,,,,,,,,
Collin Gillespie,https://www.basketball-reference.com/players/g/gilleco01.html,2024,2023-12-22,DEN,BRK,@,"W, 122-117",,,,,,,,,,,,,,,,,
Collin Gillespie,https://www.basketball-reference.com/players/g/gilleco01.html,2024,2023-12-23,DEN,CHO,@,"W, 102-95",,,,,,,,,,,,,,,,,
Collin Gillespie,https://www.basketball-reference.com/players/g/gilleco01.html,2024,2023-12-25,DEN,GSW,,"W, 120-114",,,,,,,,,,,,,,,,,
Collin Gillespie,https://www.basketball-reference.com/players/g/gilleco01.html,2024,2023-12-28,DEN,MEM,,"W, 142-105",,,,,,,,,,,,,,,,,
Collin Gillespie,https://www.basketball-reference.com/players/g/gilleco01.html,2024,2023-12-29,DEN,OKC,,"L, 93-119",,,,,,,,,,,,,,,,,
Collin Gillespie,https://www.basketball-reference.com/players/g/gilleco01.html,2024,2024-01-01,DEN,CHO,,"W, 111-93",,,,,,,,,,,,,,,,,
Collin Gillespie,https://www.basketball-reference.com/players/g/gilleco01.html,2024,2024-01-04,DEN,GSW,@,"W, 130-127",,,,,,,,,,,,,,,,,
Collin Gillespie,https://www.basketball-reference.com/players/g/gilleco01.html,2024,2024-01-05,DEN,ORL,,"L, 120-122",,,,,,,,,,,,,,,,,
Collin Gillespie,https://www.basketball-reference.com/players/g/gilleco01.html,2024,2024-01-07,DEN,DET,,"W, 131-114",,02:29,0,0,0,0,0,0,0,0,0,0,0,0,1,1,0
Collin Gillespie,https://www.basketball-reference.com/players/g/gilleco01.html,2024,2024-01-10,DEN,UTA,@,"L, 111-124",,05:46,2,3,1,1,3,4,0,1,1,1,0,0,0,0,8
Collin Gillespie,https://www.basketball-reference.com/players/g/gilleco01.html,2024,2024-01-12,DEN,NOP,,"W, 125-113",,01:56,1,1,0,0,0,0,0,0,0,0,0,0,0,1,2
Collin Gillespie,https://www.basketball-reference.com/players/g/gilleco01.html,2024,2024-01-14,DEN,IND,,"W, 117-109",,,,,,,,,,,,,,,,,
Collin Gillespie,https://www.basketball-reference.com/players/g/gilleco01.html,2024,2024-01-16,DEN,PHI,@,"L, 121-126",,,,,,,,,,,,,,,,,
Collin Gillespie,https://www.basketball-reference.com/players/g/gilleco01.html,2024,2024-01-19,DEN,BOS,@,"W, 102-100",,,,,,,,,,,,,,,,,
Collin Gillespie,https://www.basketball-reference.com/players/g/gilleco01.html,2024,2024-01-21,DEN,WAS,@,"W, 113-104",,,,,,,,,,,,,,,,,
Collin Gillespie,https://www.basketball-reference.com/players/g/gilleco01.html,2024,2024-01-23,DEN,IND,@,"W, 114-109",,,,,,,,,,,,,,,,,
Collin Gillespie,https://www.basketball-reference.com/players/g/gilleco01.html,2024,2024-01-25,DEN,NYK,@,"L, 84-122",,,,,,,,,,,,,,,,,
Collin Gillespie,https://www.basketball-reference.com/players/g/gilleco01.html,2024,2024-01-27,DEN,PHI,,"W, 111-105",,,,,,,,,,,,,,,,,
Collin Gillespie,https://www.basketball-reference.com/players/g/gilleco01.html,2024,2024-01-29,DEN,MIL,,"W, 113-107",,,,,,,,,,,,,,,,,
Collin Gillespie,https://www.basketball-reference.com/players/g/gilleco01.html,2024,2024-01-31,DEN,OKC,@,"L, 100-105",,,,,,,,,,,,,,,,,
Collin Gillespie,https://www.basketball-reference.com/players/g/gilleco01.html,2024,2024-02-02,DEN,POR,,"W, 120-108",,00:44,1,1,0,0,0,0,0,0,0,0,0,0,0,0,2
Collin Gillespie,https://www.basketball-reference.com/players/g/gilleco01.html,2024,2024-02-04,DEN,POR,,"W, 112-103",,,,,,,,,,,,,,,,,
Collin Gillespie,https://www.basketball-reference.com/players/g/gilleco01.html,2024,2024-02-08,DEN,LAL,@,"W, 114-106",,,,,,,,,,,,,,,,,
Collin Gillespie,https://www.basketball-reference.com/players/g/gilleco01.html,2024,2024-02-09,DEN,SAC,@,"L, 106-135",,08:43,1,2,0,1,1,2,0,1,1,1,0,0,0,1,3
Collin Gillespie,https://www.basketball-reference.com/players/g/gilleco01.html,2024,2024-02-12,DEN,MIL,@,"L, 95-112",,13:11,2,4,2,4,0,0,0,1,1,1,2,0,3,0,6
Collin Gillespie,https://www.basketball-reference.com/players/g/gilleco01.html,2024,2024-02-14,DEN,SAC,,"L, 98-102",,18:01,1,5,1,2,0,0,0,3,3,1,2,0,2,4,3
Collin Gillespie,https://www.basketball-reference.com/players/g/gilleco01.html,2024,2024-02-22,DEN,WAS,,"W, 130-110",,,,,,,,,,,,,,,,,
Collin Gillespie,https://www.basketball-reference.com/players/g/gilleco01.html,2024,2024-02-23,DEN,POR,@,"W, 127-112",,23:51,7,9,4,4,0,1,0,2,2,4,1,0,0,1,18
Collin Gillespie,https://www.basketball-reference.com/players/g/gilleco01.html,2024,2024-02-25,DEN,GSW,@,"W, 119-103",,,,,,,,,,,,,,,,,
Collin Gillespie,https://www.basketball-reference.com/players/g/gilleco01.html,2024,2024-02-28,DEN,SAC,,"W, 117-96",,,,,,,,,,,,,,,,,
Collin Gillespie,https://www.basketball-reference.com/players/g/gilleco01.html,2024,2024-02-29,DEN,MIA,,"W, 103-97",,,,,,,,,,,,,,,,,
Collin Gillespie,https://www.basketball-reference.com/players/g/gilleco01.html,2024,2024-03-02,DEN,LAL,@,"W, 124-114",,,,,,,,,,,,,,,,,
Collin Gillespie,https://www.basketball-reference.com/players/g/gilleco01.html,2024,2024-03-05,DEN,PHO,,"L, 107-117 (OT)",,,,,,,,,,,,,,,,,
Collin Gillespie,https://www.basketball-reference.com/players/g/gilleco01.html,2024,2024-03-07,DEN,BOS,,"W, 115-109",,,,,,,,,,,,,,,,,
Collin Gillespie,https://www.basketball-reference.com/players/g/gilleco01.html,2024,2024-03-09,DEN,UTA,,"W, 142-121",,,,,,,,,,,,,,,,,
Collin Gillespie,https://www.basketball-reference.com/players/g/gilleco01.html,2024,2024-03-11,DEN,TOR,,"W, 125-119",,,,,,,,,,,,,,,,,
Collin Gillespie,https://www.basketball-reference.com/players/g/gilleco01.html,2024,2024-03-13,DEN,MIA,@,"W, 100-88",,,,,,,,,,,,,,,,,
Collin Gillespie,https://www.basketball-reference.com/players/g/gilleco01.html,2024,2024-03-15,DEN,SAS,@,"W, 117-106",,,,,,,,,,,,,,,,,
Collin Gillespie,https://www.basketball-reference.com/players/g/gilleco01.html,2024,2024-03-17,DEN,DAL,@,"L, 105-107",,,,,,,,,,,,,,,,,
Collin Gillespie,https://www.basketball-reference.com/players/g/gilleco01.html,2024,2024-03-19,DEN,MIN,@,"W, 115-112",,,,,,,,,,,,,,,,,
Collin Gillespie,https://www.basketball-reference.com/players/g/gilleco01.html,2024,2024-03-21,DEN,NYK,,"W, 113-100",,,,,,,,,,,,,,,,,
Collin Gillespie,https://www.basketball-reference.com/players/g/gilleco01.html,2024,2024-03-23,DEN,POR,@,"W, 114-111",,19:05,4,10,2,4,1,2,0,3,3,1,0,0,2,3,11
Collin Gillespie,https://www.basketball-reference.com/players/g/gilleco01.html,2024,2024-03-25,DEN,MEM,,"W, 128-103",,21:00,2,5,0,3,0,0,0,4,4,7,1,0,2,1,4
Collin Gillespie,https://www.basketball-reference.com/players/g/gilleco01.html,2024,2024-03-27,DEN,PHO,,"L, 97-104",,16:26,2,7,2,6,2,2,0,1,1,3,1,0,0,1,8
Collin Gillespie,https://www.basketball-reference.com/players/g/gilleco01.html,2024,2024-03-29,DEN,MIN,,"L, 98-111",,04:43,0,1,0,1,0,0,0,0,0,0,0,0,0,1,0
Collin Gillespie,https://www.basketball-reference.com/players/g/gilleco01.html,2024,2024-03-31,DEN,CLE,,"W, 130-101",,02:59,1,1,0,0,0,0,0,1,1,0,1,0,0,0,2
Collin Gillespie,https://www.basketball-reference.com/players/g/gilleco01.html,2024,2024-04-02,DEN,SAS,,"W, 110-105",,,,,,,,,,,,,,,,,
Collin Gillespie,https://www.basketball-reference.com/players/g/gilleco01.html,2024,2024-04-04,DEN,LAC,@,"L, 100-102",,,,,,,,,,,,,,,,,
Collin Gillespie,https://www.basketball-reference.com/players/g/gilleco01.html,2024,2024-04-06,DEN,ATL,,"W, 142-110",,,,,,,,,,,,,,,,,
Collin Gillespie,https://www.basketball-reference.com/players/g/gilleco01.html,2024,2024-04-09,DEN,UTA,@,"W, 111-95",,,,,,,,,,,,,,,,,
Collin Gillespie,https://www.basketball-reference.com/players/g/gilleco01.html,2024,2024-04-10,DEN,MIN,,"W, 116-107",,,,,,,,,,,,,,,,,
Collin Gillespie,https://www.basketball-reference.com/players/g/gilleco01.html,2024,2024-04-12,DEN,SAS,@,"L, 120-121",,,,,,,,,,,,,,,,,
Collin Gillespie,https://www.basketball-reference.com/players/g/gilleco01.html,2024,2024-04-14,DEN,MEM,@,"W, 126-111",,,,,,,,,,,,,,,,,
Jalen Pickett,https://www.basketball-reference.com/players/p/pickeja02.html,2024,2023-10-24,DEN,LAL,,"W, 119-107",,00:43,1,1,0,0,0,0,0,0,0,0,0,0,0,0,2
Jalen Pickett,https://www.basketball-reference.com/players/p/pickeja02.html,2024,2023-10-27,DEN,MEM,@,"W, 108-104",,,,,,,,,,,,,,,,,
Jalen Pickett,https://www.basketball-reference.com/players/p/pickeja02.html,2024,2023-10-29,DEN,OKC,@,"W, 128-95",,,,,,,,,,,,,,,,,
Jalen Pickett,https://www.basketball-reference.com/players/p/pickeja02.html,2024,2023-10-30,DEN,UTA,,"W, 110-102",,,,,,,,,,,,,,,,,
Jalen Pickett,https://www.basketball-reference.com/players/p/pickeja02.html,2024,,,,,,,,,,,,,,,,,,,,,,
Jalen Pickett,https://www.basketball-reference.com/players/p/pickeja02.html,2024,2023-11-01,DEN,MIN,@,"L, 89-110",,05:13,1,2,0,1,0,0,0,2,2,0,0,0,0,1,2
Jalen Pickett,https://www.basketball-reference.com/players/p/pickeja02.html,2024,2023-11-03,DEN,DAL,,"W, 125-114",,,,,,,,,,,,,,,,,
Jalen Pickett,https://www.basketball-reference.com/players/p/pickeja02.html,2024,2023-11-04,DEN,CHI,,"W, 123-101",,02:21,1,1,1,1,0,0,0,0,0,0,0,0,0,0,3
Jalen Pickett,https://www.basketball-reference.com/players/p/pickeja02.html,2024,2023-11-06,DEN,NOP,,"W, 134-116",,00:58,1,1,1,1,0,0,0,0,0,0,0,0,0,0,3
Jalen Pickett,https://www.basketball-reference.com/players/p/pickeja02.html,2024,2023-11-08,DEN,GSW,,"W, 108-105",,,,,,,,,,,,,,,,,
Jalen Pickett,https://www.basketball-reference.com/players/p/pickeja02.html,2024,2023-11-12,DEN,HOU,@,"L, 104-107",,,,,,,,,,,,,,,,,
Jalen Pickett,https://www.basketball-reference.com/players/p/pickeja02.html,2024,2023-11-14,DEN,LAC,,"W, 111-108",,16:47,2,3,1,2,0,0,0,2,2,2,1,0,2,2,5
Jalen Pickett,https://www.basketball-reference.com/players/p/pickeja02.html,2024,2023-11-17,DEN,NOP,@,"L, 110-115",,09:40,0,2,0,2,0,0,0,1,1,1,0,0,1,2,0
Jalen Pickett,https://www.basketball-reference.com/players/p/pickeja02.html,2024,2023-11-19,DEN,CLE,@,"L, 109-121",,19:03,2,4,2,3,2,2,0,2,2,3,1,0,1,0,8
Jalen Pickett,https://www.basketball-reference.com/players/p/pickeja02.html,2024,2023-11-20,DEN,DET,@,"W, 107-103",,06:53,1,1,0,0,0,0,1,1,2,1,1,0,0,1,2
Jalen Pickett,https://www.basketball-reference.com/players/p/pickeja02.html,2024,2023-11-22,DEN,ORL,@,"L, 119-124",,08:09,0,4,0,3,0,0,0,1,1,0,0,0,1,0,0
Jalen Pickett,https://www.basketball-reference.com/players/p/pickeja02.html,2024,2023-11-24,DEN,HOU,@,"L, 86-105",,,,,,,,,,,,,,,,,
Jalen Pickett,https://www.basketball-reference.com/players/p/pickeja02.html,2024,2023-11-26,DEN,SAS,,"W, 132-120",,01:31,0,0,0,0,0,0,0,0,0,0,0,0,1,1,0
Jalen Pickett,https://www.basketball-reference.com/players/p/pickeja02.html,2024,2023-11-27,DEN,LAC,@,"W, 113-104",,,,,,,,,,,,,,,,,
Jalen Pickett,https://www.basketball-reference.com/players/p/pickeja02.html,2024,2023-11-29,DEN,HOU,,"W, 134-124",,03:08,0,1,0,1,0,0,0,0,0,0,0,0,0,0,0
Jalen Pickett,https://www.basketball-reference.com/players/p/pickeja02.html,2024,2023-12-01,DEN,PHO,@,"W, 119-111",,,,,,,,,,,,,,,,,
Jalen Pickett,https://www.basketball-reference.com/players/p/pickeja02.html,2024,2023-12-02,DEN,SAC,@,"L, 117-123",,,,,,,,,,,,,,,,,
Jalen Pickett,https://www.basketball-reference.com/players/p/pickeja02.html,2024,2023-12-06,DEN,LAC,@,"L, 102-111",,,,,,,,,,,,,,,,,
Jalen Pickett,https://www.basketball-reference.com/players/p/pickeja02.html,2024,2023-12-08,DEN,HOU,,"L, 106-114",,,,,,,,,,,,,,,,,
Jalen Pickett,https://www.basketball-reference.com/players/p/pickeja02.html,2024,2023-12-11,DEN,ATL,@,"W, 129-122",,,,,,,,,,,,,,,,,
Jalen Pickett,https://www.basketball-reference.com/players/p/pickeja02.html,2024,2023-12-12,DEN,CHI,@,"W, 114-106",,,,,,,,,,,,,,,,,
Jalen Pickett,https://www.basketball-reference.com/players/p/pickeja02.html,2024,2023-12-14,DEN,BRK,,"W, 124-101",,02:13,1,1,1,1,0,0,0,0,0,1,0,0,0,0,3
Jalen Pickett,https://www.basketball-reference.com/players/p/pickeja02.html,2024,2023-12-16,DEN,OKC,,"L, 117-118",,,,,,,,,,,,,,,,,
Jalen Pickett,https://www.basketball-reference.com/players/p/pickeja02.html,2024,2023-12-18,DEN,DAL,,"W, 130-104",,,,,,,,,,,,,,,,,
Jalen Pickett,https://www.basketball-reference.com/players/p/pickeja02.html,2024,2023-12-20,DEN,TOR,@,"W, 113-104",,,,,,,,,,,,,,,,,
Jalen Pickett,https://www.basketball-reference.com/players/p/pickeja02.html,2024,2023-12-22,DEN,BRK,@,"W, 122-117",,,,,,,,,,,,,,,,,
Jalen Pickett,https://www.basketball-reference.com/players/p/pickeja02.html,2024,2023-12-23,DEN,CHO,@,"W, 102-95",,,,,,,,,,,,,,,,,
Jalen Pickett,https://www.basketball-reference.com/players/p/pickeja02.html,2024,2023-12-25,DEN,GSW,,"W, 120-114",,,,,,,,,,,,,,,,,
Jalen Pickett,https://www.basketball-reference.com/players/p/pickeja02.html,2024,2023-12-28,DEN,MEM,,"W, 142-105",,05:31,1,2,1,2,0,0,0,1,1,2,0,0,0,0,3
Jalen Pickett,https://www.basketball-reference.com/players/p/pickeja02.html,2024,2023-12-29,DEN,OKC,,"L, 93-119",,03:24,0,1,0,0,0,0,0,0,0,0,0,0,0,1,0
Jalen Pickett,https://www.basketball-reference.com/players/p/pickeja02.html,2024,2024-01-01,DEN,CHO,,"W, 111-93",,04:08,0,1,0,1,0,0,0,0,0,0,0,0,0,0,0
Jalen Pickett,https://www.basketball-reference.com/players/p/pickeja02.html,2024,2024-01-04,DEN,GSW,@,"W, 130-127",,,,,,,,,,,,,,,,,
Jalen Pickett,https://www.basketball-reference.com/players/p/pickeja02.html,2024,2024-01-05,DEN,ORL,,"L, 120-122",,,,,,,,,,,,,,,,,
Jalen Pickett,https://www.basketball-reference.com/players/p/pickeja02.html,2024,2024-01-07,DEN,DET,,"W, 131-114",,,,,,,,,,,,,,,,,
Jalen Pickett,https://www.basketball-reference.com/players/p/pickeja02.html,2024,2024-01-10,DEN,UTA,@,"L, 111-124",,,,,,,,,,,,,,,,,
Jalen Pickett,https://www.basketball-reference.com/players/p/pickeja02.html,2024,2024-01-12,DEN,NOP,,"W, 125-113",,,,,,,,,,,,,,,,,
Jalen Pickett,https://www.basketball-reference.com/players/p/pickeja02.html,2024,2024-01-14,DEN,IND,,"W, 117-109",,,,,,,,,,,,,,,,,
Jalen Pickett,https://www.basketball-reference.com/players/p/pickeja02.html,2024,2024-01-16,DEN,PHI,@,"L, 121-126",,,,,,,,,,,,,,,,,
Jalen Pickett,https://www.basketball-reference.com/players/p/pickeja02.html,2024,2024-01-19,DEN,BOS,@,"W, 102-100",,,,,,,,,,,,,,,,,
Jalen Pickett,https://www.basketball-reference.com/players/p/pickeja02.html,2024,2024-01-21,DEN,WAS,@,"W, 113-104",,,,,,,,,,,,,,,,,
Jalen Pickett,https://www.basketball-reference.com/players/p/pickeja02.html,2024,2024-01-23,DEN,IND,@,"W, 114-109",,,,,,,,,,,,,,,,,
Jalen Pickett,https://www.basketball-reference.com/players/p/pickeja02.html,2024,2024-01-25,DEN,NYK,@,"L, 84-122",,07:12,1,3,0,2,0,0,0,0,0,2,0,0,0,0,2
Jalen Pickett,https://www.basketball-reference.com/players/p/pickeja02.html,2024,2024-01-27,DEN,PHI,,"W, 111-105",,,,,,,,,,,,,,,,,
Jalen Pickett,https://www.basketball-reference.com/players/p/pickeja02.html,2024,2024-01-29,DEN,MIL,,"W, 113-107",,,,,,,,,,,,,,,,,
Jalen Pickett,https://www.basketball-reference.com/players/p/pickeja02.html,2024,2024-01-31,DEN,OKC,@,"L, 100-105",,,,,,,,,,,,,,,,,
Jalen Pickett,https://www.basketball-reference.com/players/p/pickeja02.html,2024,2024-02-02,DEN,POR,,"W, 120-108",,,,,,,,,,,,,,,,,
Jalen Pickett,https://www.basketball-reference.com/players/p/pickeja02.html,2024,2024-02-04,DEN,POR,,"W, 112-103",,,,,,,,,,,,,,,,,
Jalen Pickett,https://www.basketball-reference.com/players/p/pickeja02.html,2024,2024-02-08,DEN,LAL,@,"W, 114-106",,,,,,,,,,,,,,,,,
Jalen Pickett,https://www.basketball-reference.com/players/p/pickeja02.html,2024,2024-02-09,DEN,SAC,@,"L, 106-135",,,,,,,,,,,,,,,,,
Jalen Pickett,https://www.basketball-reference.com/players/p/pickeja02.html,2024,2024-02-12,DEN,MIL,@,"L, 95-112",,,,,,,,,,,,,,,,,
Jalen Pickett,https://www.basketball-reference.com/players/p/pickeja02.html,2024,2024-02-14,DEN,SAC,,"L, 98-102",,,,,,,,,,,,,,,,,
Jalen Pickett,https://www.basketball-reference.com/players/p/pickeja02.html,2024,2024-02-22,DEN,WAS,,"W, 130-110",,02:03,0,0,0,0,0,0,0,0,0,1,0,0,0,0,0
Jalen Pickett,https://www.basketball-reference.com/players/p/pickeja02.html,2024,2024-02-23,DEN,POR,@,"W, 127-112",,02:26,0,1,0,1,1,2,0,0,0,0,0,0,0,1,1
Jalen Pickett,https://www.basketball-reference.com/players/p/pickeja02.html,2024,2024-02-25,DEN,GSW,@,"W, 119-103",,01:37,0,0,0,0,0,0,0,0,0,0,0,0,0,0,0
Jalen Pickett,https://www.basketball-reference.com/players/p/pickeja02.html,2024,2024-02-28,DEN,SAC,,"W, 117-96",,03:34,0,1,0,1,0,0,0,0,0,1,0,0,1,2,0
Jalen Pickett,https://www.basketball-reference.com/players/p/pickeja02.html,2024,2024-02-29,DEN,MIA,,"W, 103-97",,,,,,,,,,,,,,,,,
Jalen Pickett,https://www.basketball-reference.com/players/p/pickeja02.html,2024,2024-03-02,DEN,LAL,@,"W, 124-114",,,,,,,,,,,,,,,,,
Jalen Pickett,https://www.basketball-reference.com/players/p/pickeja02.html,2024,2024-03-05,DEN,PHO,,"L, 107-117 (OT)",,,,,,,,,,,,,,,,,
Jalen Pickett,https://www.basketball-reference.com/players/p/pickeja02.html,2024,2024-03-07,DEN,BOS,,"W, 115-109",,,,,,,,,,,,,,,,,
Jalen Pickett,https://www.basketball-reference.com/players/p/pickeja02.html,2024,2024-03-09,DEN,UTA,,"W, 142-121",,01:43,0,0,0,0,0,0,0,0,0,1,0,0,1,0,0
Jalen Pickett,https://www.basketball-reference.com/players/p/pickeja02.html,2024,2024-03-11,DEN,TOR,,"W, 125-119",,,,,,,,,,,,,,,,,
Jalen Pickett,https://www.basketball-reference.com/players/p/pickeja02.html,2024,2024-03-13,DEN,MIA,@,"W, 100-88",,,,,,,,,,,,,,,,,
Jalen Pickett,https://www.basketball-reference.com/players/p/pickeja02.html,2024,2024-03-15,DEN,SAS,@,"W, 117-106",,,,,,,,,,,,,,,,,
Jalen Pickett,https://www.basketball-reference.com/players/p/pickeja02.html,2024,2024-03-17,DEN,DAL,@,"L, 105-107",,,,,,,,,,,,,,,,,
Jalen Pickett,https://www.basketball-reference.com/players/p/pickeja02.html,2024,2024-03-19,DEN,MIN,@,"W, 115-112",,,,,,,,,,,,,,,,,
Jalen Pickett,https://www.basketball-reference.com/players/p/pickeja02.html,2024,2024-03-21,DEN,NYK,,"W, 113-100",,,,,,,,,,,,,,,,,
Jalen Pickett,https://www.basketball-reference.com/players/p/pickeja02.html,2024,2024-03-23,DEN,POR,@,"W, 114-111",,,,,,,,,,,,,,,,,
Jalen Pickett,https://www.basketball-reference.com/players/p/pickeja02.html,2024,2024-03-25,DEN,MEM,,"W, 128-103",,04:16,0,1,0,0,0,0,0,1,1,1,0,0,0,2,0
Jalen Pickett,https://www.basketball-reference.com/players/p/pickeja02.html,2024,2024-03-27,DEN,PHO,,"L, 97-104",,,,,,,,,,,,,,,,,
Jalen Pickett,https://www.basketball-reference.com/players/p/pickeja02.html,2024,2024-03-29,DEN,MIN,,"L, 98-111",,00:46,0,0,0,0,0,0,0,0,0,1,0,0,0,0,0
Jalen Pickett,https://www.basketball-reference.com/players/p/pickeja02.html,2024,2024-03-31,DEN,CLE,,"W, 130-101",,02:59,2,2,1,1,0,0,0,0,0,1,0,0,1,0,5
Jalen Pickett,https://www.basketball-reference.com/players/p/pickeja02.html,2024,2024-04-02,DEN,SAS,,"W, 110-105",,,,,,,,,,,,,,,,,
Jalen Pickett,https://www.basketball-reference.com/players/p/pickeja02.html,2024,2024-04-04,DEN,LAC,@,"L, 100-102",,,,,,,,,,,,,,,,,
Jalen Pickett,https://www.basketball-reference.com/players/p/pickeja02.html,2024,2024-04-06,DEN,ATL,,"W, 142-110",,03:15,1,2,1,2,0,0,0,2,2,2,1,0,0,0,3
Jalen Pickett,https://www.basketball-reference.com/players/p/pickeja02.html,2024,2024-04-09,DEN,UTA,@,"W, 111-95",,01:55,0,0,0,0,0,0,0,0,0,1,0,0,0,0,0
Jalen Pickett,https://www.basketball-reference.com/players/p/pickeja02.html,2024,2024-04-10,DEN,MIN,,"W, 116-107",,00:17,0,0,0,0,0,0,0,0,0,0,0,0,0,0,0
Jalen Pickett,https://www.basketball-reference.com/players/p/pickeja02.html,2024,2024-04-12,DEN,SAS,@,"L, 120-121",,,,,,,,,,,,,,,,,
Jalen Pickett,https://www.basketball-reference.com/players/p/pickeja02.html,2024,2024-04-14,DEN,MEM,@,"W, 126-111",,,,,,,,,,,,,,,,,
Julian Strawther,https://www.basketball-reference.com/players/s/strawju01.html,2024,2023-10-24,DEN,LAL,,"W, 119-107",,,,,,,,,,,,,,,,,
Julian Strawther,https://www.basketball-reference.com/players/s/strawju01.html,2024,2023-10-27,DEN,MEM,@,"W, 108-104",,05:26,0,2,0,0,0,0,0,0,0,0,0,0,0,2,0
Julian Strawther,https://www.basketball-reference.com/players/s/strawju01.html,2024,2023-10-29,DEN,OKC,@,"W, 128-95",,07:34,3,5,2,3,0,0,0,1,1,1,0,0,0,0,8
Julian Strawther,https://www.basketball-reference.com/players/s/strawju01.html,2024,2023-10-30,DEN,UTA,,"W, 110-102",,06:13,2,4,0,2,0,0,0,2,2,0,0,0,0,0,4
Julian Strawther,https://www.basketball-reference.com/players/s/strawju01.html,2024,,,,,,,,,,,,,,,,,,,,,,
Julian Strawther,https://www.basketball-reference.com/players/s/strawju01.html,2024,2023-11-01,DEN,MIN,@,"L, 89-110",,15:37,2,7,1,6,0,1,0,0,0,0,1,2,0,0,5
Julian Strawther,https://www.basketball-reference.com/players/s/strawju01.html,2024,2023-11-03,DEN,DAL,,"W, 125-114",,,,,,,,,,,,,,,,,
Julian Strawther,https://www.basketball-reference.com/players/s/strawju01.html,2024,2023-11-04,DEN,CHI,,"W, 123-101",,09:08,1,2,1,2,0,0,0,1,1,1,0,0,0,0,3
Julian Strawther,https://www.basketball-reference.com/players/s/strawju01.html,2024,2023-11-06,DEN,NOP,,"W, 134-116",,19:07,8,13,5,9,0,1,0,2,2,1,0,0,1,1,21
Julian Strawther,https://www.basketball-reference.com/players/s/strawju01.html,2024,2023-11-08,DEN,GSW,,"W, 108-105",,08:14,0,1,0,1,0,0,0,1,1,0,0,0,0,2,0
Julian Strawther,https://www.basketball-reference.com/players/s/strawju01.html,2024,2023-11-12,DEN,HOU,@,"L, 104-107",,07:47,0,2,0,2,0,0,0,0,0,1,0,0,0,2,0
Julian Strawther,https://www.basketball-reference.com/players/s/strawju01.html,2024,2023-11-14,DEN,LAC,,"W, 111-108",,,,,,,,,,,,,,,,,
Julian Strawther,https://www.basketball-reference.com/players/s/strawju01.html,2024,2023-11-17,DEN,NOP,@,"L, 110-115",,08:30,1,4,0,3,0,0,0,0,0,1,1,0,0,2,2
Julian Strawther,https://www.basketball-reference.com/players/s/strawju01.html,2024,2023-11-19,DEN,CLE,@,"L, 109-121",,19:52,2,6,1,3,2,2,0,2,2,1,0,1,0,4,7
Julian Strawther,https://www.basketball-reference.com/players/s/strawju01.html,2024,2023-11-20,DEN,DET,@,"W, 107-103",,15:19,1,5,0,3,2,2,0,2,2,2,0,0,0,1,4
Julian Strawther,https://www.basketball-reference.com/players/s/strawju01.html,2024,2023-11-22,DEN,ORL,@,"L, 119-124",,16:58,2,6,1,4,2,2,1,1,2,2,0,0,0,5,7
Julian Strawther,https://www.basketball-reference.com/players/s/strawju01.html,2024,2023-11-24,DEN,HOU,@,"L, 86-105",,05:52,0,0,0,0,0,0,0,0,0,0,0,0,0,1,0
Julian Strawther,https://www.basketball-reference.com/players/s/strawju01.html,2024,2023-11-26,DEN,SAS,,"W, 132-120",,18:45,4,8,2,4,0,0,0,1,1,4,3,0,1,4,10
Julian Strawther,https://www.basketball-reference.com/players/s/strawju01.html,2024,2023-11-27,DEN,LAC,@,"W, 113-104",,18:59,3,8,3,5,0,0,0,3,3,1,0,1,1,1,9
Julian Strawther,https://www.basketball-reference.com/players/s/strawju01.html,2024,2023-11-29,DEN,HOU,,"W, 134-124",,13:17,0,4,0,2,0,0,0,1,1,1,0,0,0,1,0
Julian Strawther,https://www.basketball-reference.com/players/s/strawju01.html,2024,2023-12-01,DEN,PHO,@,"W, 119-111",,18:07,4,9,3,8,0,0,0,3,3,0,0,1,0,2,11
Julian Strawther,https://www.basketball-reference.com/players/s/strawju01.html,2024,2023-12-02,DEN,SAC,@,"L, 117-123",,12:23,1,3,0,2,1,2,0,1,1,2,0,0,0,0,3
Julian Strawther,https://www.basketball-reference.com/players/s/strawju01.html,2024,2023-12-06,DEN,LAC,@,"L, 102-111",,12:53,0,2,0,2,0,0,0,1,1,2,0,0,1,4,0
Julian Strawther,https://www.basketball-reference.com/players/s/strawju01.html,2024,2023-12-08,DEN,HOU,,"L, 106-114",,04:19,0,0,0,0,0,0,0,0,0,0,0,0,0,1,0
Julian Strawther,https://www.basketball-reference.com/players/s/strawju01.html,2024,2023-12-11,DEN,ATL,@,"W, 129-122",,28:14,8,16,6,11,0,0,0,1,1,2,5,0,2,1,22
Julian Strawther,https://www.basketball-reference.com/players/s/strawju01.html,2024,2023-12-12,DEN,CHI,@,"W, 114-106",,22:48,4,9,2,5,6,8,0,6,6,3,1,0,2,1,16
Julian Strawther,https://www.basketball-reference.com/players/s/strawju01.html,2024,2023-12-14,DEN,BRK,,"W, 124-101",,19:51,3,11,2,6,0,0,0,4,4,1,0,0,0,0,8
Julian Strawther,https://www.basketball-reference.com/players/s/strawju01.html,2024,2023-12-16,DEN,OKC,,"L, 117-118",,14:43,0,3,0,2,0,0,0,1,1,1,0,0,0,0,0
Julian Strawther,https://www.basketball-reference.com/players/s/strawju01.html,2024,2023-12-18,DEN,DAL,,"W, 130-104",,21:04,5,10,2,4,0,0,0,3,3,2,1,0,0,1,12
Julian Strawther,https://www.basketball-reference.com/players/s/strawju01.html,2024,2023-12-20,DEN,TOR,@,"W, 113-104",,13:57,3,6,1,4,0,0,0,1,1,2,2,0,0,2,7
Julian Strawther,https://www.basketball-reference.com/players/s/strawju01.html,2024,2023-12-22,DEN,BRK,@,"W, 122-117",,10:56,0,5,0,3,0,0,1,2,3,0,0,0,1,1,0
Julian Strawther,https://www.basketball-reference.com/players/s/strawju01.html,2024,2023-12-23,DEN,CHO,@,"W, 102-95",,16:05,4,10,2,5,0,0,1,0,1,1,1,0,1,0,10
Julian Strawther,https://www.basketball-reference.com/players/s/strawju01.html,2024,2023-12-25,DEN,GSW,,"W, 120-114",,07:44,1,1,0,0,0,1,0,0,0,0,0,0,0,0,2
Julian Strawther,https://www.basketball-reference.com/players/s/strawju01.html,2024,2023-12-28,DEN,MEM,,"W, 142-105",,24:41,5,13,2,8,0,0,0,3,3,2,0,1,1,4,12
Julian Strawther,https://www.basketball-reference.com/players/s/strawju01.html,2024,2023-12-29,DEN,OKC,,"L, 93-119",,11:37,3,7,1,4,3,4,0,1,1,0,0,0,3,3,10
Julian Strawther,https://www.basketball-reference.com/players/s/strawju01.html,2024,2024-01-01,DEN,CHO,,"W, 111-93",,12:34,1,2,0,1,0,0,0,1,1,1,0,0,1,1,2
Julian Strawther,https://www.basketball-reference.com/players/s/strawju01.html,2024,2024-01-04,DEN,GSW,@,"W, 130-127",,09:18,0,1,0,1,0,0,1,0,1,1,1,0,0,0,0
Julian Strawther,https://www.basketball-reference.com/players/s/strawju01.html,2024,2024-01-05,DEN,ORL,,"L, 120-122",,,,,,,,,,,,,,,,,
Julian Strawther,https://www.basketball-reference.com/players/s/strawju01.html,2024,2024-01-07,DEN,DET,,"W, 131-114",,,,,,,,,,,,,,,,,
Julian Strawther,https://www.basketball-reference.com/players/s/strawju01.html,2024,2024-01-10,DEN,UTA,@,"L, 111-124",,,,,,,,,,,,,,,,,
Julian Strawther,https://www.basketball-reference.com/players/s/strawju01.html,2024,2024-01-12,DEN,NOP,,"W, 125-113",,,,,,,,,,,,,,,,,
Julian Strawther,https://www.basketball-reference.com/players/s/strawju01.html,2024,2024-01-14,DEN,IND,,"W, 117-109",,,,,,,,,,,,,,,,,
Julian Strawther,https://www.basketball-reference.com/players/s/strawju01.html,2024,2024-01-16,DEN,PHI,@,"L, 121-126",,,,,,,,,,,,,,,,,
Julian Strawther,https://www.basketball-reference.com/players/s/strawju01.html,2024,2024-01-19,DEN,BOS,@,"W, 102-100",,,,,,,,,,,,,,,,,
Julian Strawther,https://www.basketball-reference.com/players/s/strawju01.html,2024,2024-01-21,DEN,WAS,@,"W, 113-104",,,,,,,,,,,,,,,,,
Julian Strawther,https://www.basketball-reference.com/players/s/strawju01.html,2024,2024-01-23,DEN,IND,@,"W, 114-109",,,,,,,,,,,,,,,,,
Julian Strawther,https://www.basketball-reference.com/players/s/strawju01.html,2024,2024-01-25,DEN,NYK,@,"L, 84-122",,,,,,,,,,,,,,,,,
Julian Strawther,https://www.basketball-reference.com/players/s/strawju01.html,2024,2024-01-27,DEN,PHI,,"W, 111-105",,,,,,,,,,,,,,,,,
Julian Strawther,https://www.basketball-reference.com/players/s/strawju01.html,2024,2024-01-29,DEN,MIL,,"W, 113-107",,,,,,,,,,,,,,,,,
Julian Strawther,https://www.basketball-reference.com/players/s/strawju01.html,2024,2024-01-31,DEN,OKC,@,"L, 100-105",,,,,,,,,,,,,,,,,
Julian Strawther,https://www.basketball-reference.com/players/s/strawju01.html,2024,2024-02-02,DEN,POR,,"W, 120-108",,,,,,,,,,,,,,,,,
Julian Strawther,https://www.basketball-reference.com/players/s/strawju01.html,2024,2024-02-04,DEN,POR,,"W, 112-103",,,,,,,,,,,,,,,,,
Julian Strawther,https://www.basketball-reference.com/players/s/strawju01.html,2024,2024-02-08,DEN,LAL,@,"W, 114-106",,,,,,,,,,,,,,,,,
Julian Strawther,https://www.basketball-reference.com/players/s/strawju01.html,2024,2024-02-09,DEN,SAC,@,"L, 106-135",,20:17,3,8,1,5,0,0,0,3,3,2,1,0,2,1,7
Julian Strawther,https://www.basketball-reference.com/players/s/strawju01.html,2024,2024-02-12,DEN,MIL,@,"L, 95-112",,06:39,0,3,0,3,2,2,0,0,0,2,0,0,0,0,2
Julian Strawther,https://www.basketball-reference.com/players/s/strawju01.html,2024,2024-02-14,DEN,SAC,,"L, 98-102",,,,,,,,,,,,,,,,,
Julian Strawther,https://www.basketball-reference.com/players/s/strawju01.html,2024,2024-02-22,DEN,WAS,,"W, 130-110",,04:11,0,1,0,1,0,0,0,0,0,0,0,0,0,0,0
Julian Strawther,https://www.basketball-reference.com/players/s/strawju01.html,2024,2024-02-23,DEN,POR,@,"W, 127-112",,02:26,1,1,0,0,0,0,0,0,0,0,0,1,0,0,2
Julian Strawther,https://www.basketball-reference.com/players/s/strawju01.html,2024,2024-02-25,DEN,GSW,@,"W, 119-103",,01:37,0,0,0,0,0,0,0,0,0,0,0,0,0,0,0
Julian Strawther,https://www.basketball-reference.com/players/s/strawju01.html,2024,2024-02-28,DEN,SAC,,"W, 117-96",,01:56,0,2,0,1,0,0,0,0,0,1,0,0,0,0,0
Julian Strawther,https://www.basketball-reference.com/players/s/strawju01.html,2024,2024-02-29,DEN,MIA,,"W, 103-97",,,,,,,,,,,,,,,,,
Julian Strawther,https://www.basketball-reference.com/players/s/strawju01.html,2024,2024-03-02,DEN,LAL,@,"W, 124-114",,,,,,,,,,,,,,,,,
Julian Strawther,https://www.basketball-reference.com/players/s/strawju01.html,2024,2024-03-05,DEN,PHO,,"L, 107-117 (OT)",,,,,,,,,,,,,,,,,
Julian Strawther,https://www.basketball-reference.com/players/s/strawju01.html,2024,2024-03-07,DEN,BOS,,"W, 115-109",,,,,,,,,,,,,,,,,
Julian Strawther,https://www.basketball-reference.com/players/s/strawju01.html,2024,2024-03-09,DEN,UTA,,"W, 142-121",,01:43,0,0,0,0,0,0,0,0,0,1,0,0,0,1,0
Julian Strawther,https://www.basketball-reference.com/players/s/strawju01.html,2024,2024-03-11,DEN,TOR,,"W, 125-119",,,,,,,,,,,,,,,,,
Julian Strawther,https://www.basketball-reference.com/players/s/strawju01.html,2024,2024-03-13,DEN,MIA,@,"W, 100-88",,,,,,,,,,,,,,,,,
Julian Strawther,https://www.basketball-reference.com/players/s/strawju01.html,2024,2024-03-15,DEN,SAS,@,"W, 117-106",,00:42,0,0,0,0,0,0,0,0,0,0,0,0,0,0,0
Julian Strawther,https://www.basketball-reference.com/players/s/strawju01.html,2024,2024-03-17,DEN,DAL,@,"L, 105-107",,,,,,,,,,,,,,,,,
Julian Strawther,https://www.basketball-reference.com/players/s/strawju01.html,2024,2024-03-19,DEN,MIN,@,"W, 115-112",,,,,,,,,,,,,,,,,
Julian Strawther,https://www.basketball-reference.com/players/s/strawju01.html,2024,2024-03-21,DEN,NYK,,"W, 113-100",,,,,,,,,,,,,,,,,
Julian Strawther,https://www.basketball-reference.com/players/s/strawju01.html,2024,2024-03-23,DEN,POR,@,"W, 114-111",,,,,,,,,,,,,,,,,
Julian Strawther,https://www.basketball-reference.com/players/s/strawju01.html,2024,2024-03-25,DEN,MEM,,"W, 128-103",,21:57,5,11,2,7,2,2,1,1,2,1,0,0,2,3,14
Julian Strawther,https://www.basketball-reference.com/players/s/strawju01.html,2024,2024-03-27,DEN,PHO,,"L, 97-104",,03:40,1,3,0,2,0,0,0,0,0,0,0,0,0,0,2
Julian Strawther,https://www.basketball-reference.com/players/s/strawju01.html,2024,2024-03-29,DEN,MIN,,"L, 98-111",,00:46,0,1,0,0,0,0,0,0,0,0,0,0,0,0,0
Julian Strawther,https://www.basketball-reference.com/players/s/strawju01.html,2024,2024-03-31,DEN,CLE,,"W, 130-101",,03:31,0,2,0,1,0,0,0,1,1,1,0,0,0,0,0
Julian Strawther,https://www.basketball-reference.com/players/s/strawju01.html,2024,2024-04-02,DEN,SAS,,"W, 110-105",,,,,,,,,,,,,,,,,
Julian Strawther,https://www.basketball-reference.com/players/s/strawju01.html,2024,2024-04-04,DEN,LAC,@,"L, 100-102",,02:04,0,0,0,0,0,0,0,1,1,0,0,0,0,0,0
Julian Strawther,https://www.basketball-reference.com/players/s/strawju01.html,2024,2024-04-06,DEN,ATL,,"W, 142-110",,12:11,1,4,1,3,2,2,0,4,4,3,0,0,2,2,5
Julian Strawther,https://www.basketball-reference.com/players/s/strawju01.html,2024,2024-04-09,DEN,UTA,@,"W, 111-95",,01:55,0,1,0,0,0,0,0,1,1,0,0,0,1,0,0
Julian Strawther,https://www.basketball-reference.com/players/s/strawju01.html,2024,2024-04-10,DEN,MIN,,"W, 116-107",,00:33,0,0,0,0,0,2,0,0,0,0,0,0,0,0,0
Julian Strawther,https://www.basketball-reference.com/players/s/strawju01.html,2024,2024-04-12,DEN,SAS,@,"L, 120-121",,,,,,,,,,,,,,,,,
Julian Strawther,https://www.basketball-reference.com/players/s/strawju01.html,2024,2024-04-14,DEN,MEM,@,"W, 126-111",,01:23,0,0,0,0,0,0,0,0,0,0,0,0,1,0,0
Hunter Tyson,https://www.basketball-reference.com/players/t/tysonhu01.html,2024,2023-10-24,DEN,LAL,,"W, 119-107",,,,,,,,,,,,,,,,,
Hunter Tyson,https://www.basketball-reference.com/players/t/tysonhu01.html,2024,2023-10-27,DEN,MEM,@,"W, 108-104",,,,,,,,,,,,,,,,,
Hunter Tyson,https://www.basketball-reference.com/players/t/tysonhu01.html,2024,2023-10-29,DEN,OKC,@,"W, 128-95",,03:19,0,0,0,0,0,0,0,1,1,0,0,0,0,1,0
Hunter Tyson,https://www.basketball-reference.com/players/t/tysonhu01.html,2024,2023-10-30,DEN,UTA,,"W, 110-102",,,,,,,,,,,,,,,,,
Hunter Tyson,https://www.basketball-reference.com/players/t/tysonhu01.html,2024,,,,,,,,,,,,,,,,,,,,,,
Hunter Tyson,https://www.basketball-reference.com/players/t/tysonhu01.html,2024,2023-11-01,DEN,MIN,@,"L, 89-110",,04:12,1,2,0,1,0,0,0,1,1,0,0,0,0,2,2
Hunter Tyson,https://www.basketball-reference.com/players/t/tysonhu01.html,2024,2023-11-03,DEN,DAL,,"W, 125-114",,,,,,,,,,,,,,,,,
Hunter Tyson,https://www.basketball-reference.com/players/t/tysonhu01.html,2024,2023-11-04,DEN,CHI,,"W, 123-101",,02:21,0,1,0,1,0,0,0,1,1,0,0,0,0,1,0
Hunter Tyson,https://www.basketball-reference.com/players/t/tysonhu01.html,2024,2023-11-06,DEN,NOP,,"W, 134-116",,00:58,0,0,0,0,0,0,0,0,0,0,0,0,0,0,0
Hunter Tyson,https://www.basketball-reference.com/players/t/tysonhu01.html,2024,2023-11-08,DEN,GSW,,"W, 108-105",,,,,,,,,,,,,,,,,
Hunter Tyson,https://www.basketball-reference.com/players/t/tysonhu01.html,2024,2023-11-12,DEN,HOU,@,"L, 104-107",,,,,,,,,,,,,,,,,
Hunter Tyson,https://www.basketball-reference.com/players/t/tysonhu01.html,2024,2023-11-14,DEN,LAC,,"W, 111-108",,,,,,,,,,,,,,,,,
Hunter Tyson,https://www.basketball-reference.com/players/t/tysonhu01.html,2024,2023-11-17,DEN,NOP,@,"L, 110-115",,,,,,,,,,,,,,,,,
Hunter Tyson,https://www.basketball-reference.com/players/t/tysonhu01.html,2024,2023-11-19,DEN,CLE,@,"L, 109-121",,02:50,0,1,0,1,0,0,0,0,0,1,0,0,0,0,0
Hunter Tyson,https://www.basketball-reference.com/players/t/tysonhu01.html,2024,2023-11-20,DEN,DET,@,"W, 107-103",,,,,,,,,,,,,,,,,
Hunter Tyson,https://www.basketball-reference.com/players/t/tysonhu01.html,2024,2023-11-22,DEN,ORL,@,"L, 119-124",,,,,,,,,,,,,,,,,
Hunter Tyson,https://www.basketball-reference.com/players/t/tysonhu01.html,2024,2023-11-24,DEN,HOU,@,"L, 86-105",,,,,,,,,,,,,,,,,
Hunter Tyson,https://www.basketball-reference.com/players/t/tysonhu01.html,2024,2023-11-26,DEN,SAS,,"W, 132-120",,01:23,0,0,0,0,0,0,0,1,1,0,0,0,0,0,0
Hunter Tyson,https://www.basketball-reference.com/players/t/tysonhu01.html,2024,2023-11-27,DEN,LAC,@,"W, 113-104",,,,,,,,,,,,,,,,,
Hunter Tyson,https://www.basketball-reference.com/players/t/tysonhu01.html,2024,2023-11-29,DEN,HOU,,"W, 134-124",,03:08,0,0,0,0,0,0,0,0,0,0,0,0,0,1,0
Hunter Tyson,https://www.basketball-reference.com/players/t/tysonhu01.html,2024,2023-12-01,DEN,PHO,@,"W, 119-111",,,,,,,,,,,,,,,,,
Hunter Tyson,https://www.basketball-reference.com/players/t/tysonhu01.html,2024,2023-12-02,DEN,SAC,@,"L, 117-123",,,,,,,,,,,,,,,,,
Hunter Tyson,https://www.basketball-reference.com/players/t/tysonhu01.html,2024,2023-12-06,DEN,LAC,@,"L, 102-111",,,,,,,,,,,,,,,,,
Hunter Tyson,https://www.basketball-reference.com/players/t/tysonhu01.html,2024,2023-12-08,DEN,HOU,,"L, 106-114",,,,,,,,,,,,,,,,,
Hunter Tyson,https://www.basketball-reference.com/players/t/tysonhu01.html,2024,2023-12-11,DEN,ATL,@,"W, 129-122",,,,,,,,,,,,,,,,,
Hunter Tyson,https://www.basketball-reference.com/players/t/tysonhu01.html,2024,2023-12-12,DEN,CHI,@,"W, 114-106",,,,,,,,,,,,,,,,,
Hunter Tyson,https://www.basketball-reference.com/players/t/tysonhu01.html,2024,2023-12-14,DEN,BRK,,"W, 124-101",,01:25,0,0,0,0,0,0,0,1,1,0,0,0,0,0,0
Hunter Tyson,https://www.basketball-reference.com/players/t/tysonhu01.html,2024,2023-12-16,DEN,OKC,,"L, 117-118",,,,,,,,,,,,,,,,,
Hunter Tyson,https://www.basketball-reference.com/players/t/tysonhu01.html,2024,2023-12-18,DEN,DAL,,"W, 130-104",,,,,,,,,,,,,,,,,
Hunter Tyson,https://www.basketball-reference.com/players/t/tysonhu01.html,2024,2023-12-20,DEN,TOR,@,"W, 113-104",,,,,,,,,,,,,,,,,
Hunter Tyson,https://www.basketball-reference.com/players/t/tysonhu01.html,2024,2023-12-22,DEN,BRK,@,"W, 122-117",,,,,,,,,,,,,,,,,
Hunter Tyson,https://www.basketball-reference.com/players/t/tysonhu01.html,2024,2023-12-23,DEN,CHO,@,"W, 102-95",,,,,,,,,,,,,,,,,
Hunter Tyson,https://www.basketball-reference.com/players/t/tysonhu01.html,2024,2023-12-25,DEN,GSW,,"W, 120-114",,,,,,,,,,,,,,,,,
Hunter Tyson,https://www.basketball-reference.com/players/t/tysonhu01.html,2024,2023-12-28,DEN,MEM,,"W, 142-105",,,,,,,,,,,,,,,,,
Hunter Tyson,https://www.basketball-reference.com/players/t/tysonhu01.html,2024,2023-12-29,DEN,OKC,,"L, 93-119",,,,,,,,,,,,,,,,,
Hunter Tyson,https://www.basketball-reference.com/players/t/tysonhu01.html,2024,2024-01-01,DEN,CHO,,"W, 111-93",,,,,,,,,,,,,,,,,
Hunter Tyson,https://www.basketball-reference.com/players/t/tysonhu01.html,2024,2024-01-04,DEN,GSW,@,"W, 130-127",,,,,,,,,,,,,,,,,
Hunter Tyson,https://www.basketball-reference.com/players/t/tysonhu01.html,2024,2024-01-05,DEN,ORL,,"L, 120-122",,,,,,,,,,,,,,,,,
Hunter Tyson,https://www.basketball-reference.com/players/t/tysonhu01.html,2024,2024-01-07,DEN,DET,,"W, 131-114",,,,,,,,,,,,,,,,,
Hunter Tyson,https://www.basketball-reference.com/players/t/tysonhu01.html,2024,2024-01-10,DEN,UTA,@,"L, 111-124",,,,,,,,,,,,,,,,,
Hunter Tyson,https://www.basketball-reference.com/players/t/tysonhu01.html,2024,2024-01-12,DEN,NOP,,"W, 125-113",,,,,,,,,,,,,,,,,
Hunter Tyson,https://www.basketball-reference.com/players/t/tysonhu01.html,2024,2024-01-14,DEN,IND,,"W, 117-109",,,,,,,,,,,,,,,,,
Hunter Tyson,https://www.basketball-reference.com/players/t/tysonhu01.html,2024,2024-01-16,DEN,PHI,@,"L, 121-126",,,,,,,,,,,,,,,,,
Hunter Tyson,https://www.basketball-reference.com/players/t/tysonhu01.html,2024,2024-01-19,DEN,BOS,@,"W, 102-100",,,,,,,,,,,,,,,,,
Hunter Tyson,https://www.basketball-reference.com/players/t/tysonhu01.html,2024,2024-01-21,DEN,WAS,@,"W, 113-104",,,,,,,,,,,,,,,,,
Hunter Tyson,https://www.basketball-reference.com/players/t/tysonhu01.html,2024,2024-01-23,DEN,IND,@,"W, 114-109",,,,,,,,,,,,,,,,,
Hunter Tyson,https://www.basketball-reference.com/players/t/tysonhu01.html,2024,2024-01-25,DEN,NYK,@,"L, 84-122",,07:12,0,3,0,3,0,0,0,1,1,0,0,0,2,1,0
Hunter Tyson,https://www.basketball-reference.com/players/t/tysonhu01.html,2024,2024-01-27,DEN,PHI,,"W, 111-105",,,,,,,,,,,,,,,,,
Hunter Tyson,https://www.basketball-reference.com/players/t/tysonhu01.html,2024,2024-01-29,DEN,MIL,,"W, 113-107",,,,,,,,,,,,,,,,,
Hunter Tyson,https://www.basketball-reference.com/players/t/tysonhu01.html,2024,2024-01-31,DEN,OKC,@,"L, 100-105",,,,,,,,,,,,,,,,,
Hunter Tyson,https://www.basketball-reference.com/players/t/tysonhu01.html,2024,2024-02-02,DEN,POR,,"W, 120-108",,,,,,,,,,,,,,,,,
Hunter Tyson,https://www.basketball-reference.com/players/t/tysonhu01.html,2024,2024-02-04,DEN,POR,,"W, 112-103",,,,,,,,,,,,,,,,,
Hunter Tyson,https://www.basketball-reference.com/players/t/tysonhu01.html,2024,2024-02-08,DEN,LAL,@,"W, 114-106",,,,,,,,,,,,,,,,,
Hunter Tyson,https://www.basketball-reference.com/players/t/tysonhu01.html,2024,2024-02-09,DEN,SAC,@,"L, 106-135",,,,,,,,,,,,,,,,,
Hunter Tyson,https://www.basketball-reference.com/players/t/tysonhu01.html,2024,2024-02-12,DEN,MIL,@,"L, 95-112",,,,,,,,,,,,,,,,,
Hunter Tyson,https://www.basketball-reference.com/players/t/tysonhu01.html,2024,2024-02-14,DEN,SAC,,"L, 98-102",,,,,,,,,,,,,,,,,
Hunter Tyson,https://www.basketball-reference.com/players/t/tysonhu01.html,2024,2024-02-22,DEN,WAS,,"W, 130-110",,,,,,,,,,,,,,,,,
Hunter Tyson,https://www.basketball-reference.com/players/t/tysonhu01.html,2024,2024-02-23,DEN,POR,@,"W, 127-112",,,,,,,,,,,,,,,,,
Hunter Tyson,https://www.basketball-reference.com/players/t/tysonhu01.html,2024,2024-02-25,DEN,GSW,@,"W, 119-103",,,,,,,,,,,,,,,,,
Hunter Tyson,https://www.basketball-reference.com/players/t/tysonhu01.html,2024,2024-02-28,DEN,SAC,,"W, 117-96",,03:34,1,3,1,2,0,0,1,1,2,0,0,0,0,0,3
Hunter Tyson,https://www.basketball-reference.com/players/t/tysonhu01.html,2024,2024-02-29,DEN,MIA,,"W, 103-97",,,,,,,,,,,,,,,,,
Hunter Tyson,https://www.basketball-reference.com/players/t/tysonhu01.html,2024,2024-03-02,DEN,LAL,@,"W, 124-114",,,,,,,,,,,,,,,,,
Hunter Tyson,https://www.basketball-reference.com/players/t/tysonhu01.html,2024,2024-03-05,DEN,PHO,,"L, 107-117 (OT)",,,,,,,,,,,,,,,,,
Hunter Tyson,https://www.basketball-reference.com/players/t/tysonhu01.html,2024,2024-03-07,DEN,BOS,,"W, 115-109",,,,,,,,,,,,,,,,,
Hunter Tyson,https://www.basketball-reference.com/players/t/tysonhu01.html,2024,2024-03-09,DEN,UTA,,"W, 142-121",,01:29,1,1,1,1,0,0,0,1,1,0,0,0,0,1,3
Hunter Tyson,https://www.basketball-reference.com/players/t/tysonhu01.html,2024,2024-03-11,DEN,TOR,,"W, 125-119",,,,,,,,,,,,,,,,,
Hunter Tyson,https://www.basketball-reference.com/players/t/tysonhu01.html,2024,2024-03-13,DEN,MIA,@,"W, 100-88",,,,,,,,,,,,,,,,,
Hunter Tyson,https://www.basketball-reference.com/players/t/tysonhu01.html,2024,2024-03-15,DEN,SAS,@,"W, 117-106",,,,,,,,,,,,,,,,,
Hunter Tyson,https://www.basketball-reference.com/players/t/tysonhu01.html,2024,2024-03-17,DEN,DAL,@,"L, 105-107",,,,,,,,,,,,,,,,,
Hunter Tyson,https://www.basketball-reference.com/players/t/tysonhu01.html,2024,2024-03-19,DEN,MIN,@,"W, 115-112",,,,,,,,,,,,,,,,,
Hunter Tyson,https://www.basketball-reference.com/players/t/tysonhu01.html,2024,2024-03-21,DEN,NYK,,"W, 113-100",,,,,,,,,,,,,,,,,
Hunter Tyson,https://www.basketball-reference.com/players/t/tysonhu01.html,2024,2024-03-23,DEN,POR,@,"W, 114-111",,,,,,,,,,,,,,,,,
Hunter Tyson,https://www.basketball-reference.com/players/t/tysonhu01.html,2024,2024-03-25,DEN,MEM,,"W, 128-103",,04:16,2,4,1,2,0,0,0,0,0,1,0,0,0,2,5
Hunter Tyson,https://www.basketball-reference.com/players/t/tysonhu01.html,2024,2024-03-27,DEN,PHO,,"L, 97-104",,,,,,,,,,,,,,,,,
Hunter Tyson,https://www.basketball-reference.com/players/t/tysonhu01.html,2024,2024-03-29,DEN,MIN,,"L, 98-111",,00:46,1,1,0,0,0,0,0,0,0,0,0,0,0,0,2
Hunter Tyson,https://www.basketball-reference.com/players/t/tysonhu01.html,2024,2024-03-31,DEN,CLE,,"W, 130-101",,03:31,1,1,1,1,0,0,0,0,0,0,0,0,0,1,3
Hunter Tyson,https://www.basketball-reference.com/players/t/tysonhu01.html,2024,2024-04-02,DEN,SAS,,"W, 110-105",,,,,,,,,,,,,,,,,
Hunter Tyson,https://www.basketball-reference.com/players/t/tysonhu01.html,2024,2024-04-04,DEN,LAC,@,"L, 100-102",,,,,,,,,,,,,,,,,
Hunter Tyson,https://www.basketball-reference.com/players/t/tysonhu01.html,2024,2024-04-06,DEN,ATL,,"W, 142-110",,03:43,1,2,0,1,0,0,0,0,0,0,0,0,0,0,2
Hunter Tyson,https://www.basketball-reference.com/players/t/tysonhu01.html,2024,2024-04-09,DEN,UTA,@,"W, 111-95",,01:55,0,1,0,1,0,0,0,0,0,0,0,0,0,0,0
Hunter Tyson,https://www.basketball-reference.com/players/t/tysonhu01.html,2024,2024-04-10,DEN,MIN,,"W, 116-107",,00:33,0,0,0,0,0,0,0,0,0,0,1,0,0,0,0
Hunter Tyson,https://www.basketball-reference.com/players/t/tysonhu01.html,2024,2024-04-12,DEN,SAS,@,"L, 120-121",,,,,,,,,,,,,,,,,
Hunter Tyson,https://www.basketball-reference.com/players/t/tysonhu01.html,2024,2024-04-14,DEN,MEM,@,"W, 126-111",,01:23,0,0,0,0,0,0,0,0,0,0,0,0,0,0,0
Malcolm Cazalon,https://www.basketball-reference.com/players/c/cazalma01.html,2024,2023-10-25,DET,MIA,@,"L, 102-103",,,,,,,,,,,,,,,,,
Malcolm Cazalon,https://www.basketball-reference.com/players/c/cazalma01.html,2024,2023-10-27,DET,CHO,@,"W, 111-99",,,,,,,,,,,,,,,,,
Malcolm Cazalon,https://www.basketball-reference.com/players/c/cazalma01.html,2024,2023-10-28,DET,CHI,,"W, 118-102",,,,,,,,,,,,,,,,,
Malcolm Cazalon,https://www.basketball-reference.com/players/c/cazalma01.html,2024,2023-10-30,DET,OKC,@,"L, 112-124",,,,,,,,,,,,,,,,,
Malcolm Cazalon,https://www.basketball-reference.com/players/c/cazalma01.html,2024,,,,,,,,,,,,,,,,,,,,,,
Malcolm Cazalon,https://www.basketball-reference.com/players/c/cazalma01.html,2024,2023-11-01,DET,POR,,"L, 101-110",,,,,,,,,,,,,,,,,
Malcolm Cazalon,https://www.basketball-reference.com/players/c/cazalma01.html,2024,2023-11-02,DET,NOP,@,"L, 116-125",,,,,,,,,,,,,,,,,
Malcolm Cazalon,https://www.basketball-reference.com/players/c/cazalma01.html,2024,2023-11-05,DET,PHO,,"L, 106-120",,02:35,0,0,0,0,0,0,0,0,0,0,0,0,0,0,0
Malcolm Cazalon,https://www.basketball-reference.com/players/c/cazalma01.html,2024,2023-11-06,DET,GSW,,"L, 109-120",,,,,,,,,,,,,,,,,
Malcolm Cazalon,https://www.basketball-reference.com/players/c/cazalma01.html,2024,2023-11-08,DET,MIL,@,"L, 118-120",,,,,,,,,,,,,,,,,
Malcolm Cazalon,https://www.basketball-reference.com/players/c/cazalma01.html,2024,2023-11-10,DET,PHI,,"L, 106-114",,,,,,,,,,,,,,,,,
Malcolm Cazalon,https://www.basketball-reference.com/players/c/cazalma01.html,2024,2023-11-12,DET,CHI,@,"L, 108-119",,,,,,,,,,,,,,,,,
Malcolm Cazalon,https://www.basketball-reference.com/players/c/cazalma01.html,2024,2023-11-14,DET,ATL,,"L, 120-126",,,,,,,,,,,,,,,,,
Malcolm Cazalon,https://www.basketball-reference.com/players/c/cazalma01.html,2024,2023-11-17,DET,CLE,@,"L, 100-108",,,,,,,,,,,,,,,,,
Malcolm Cazalon,https://www.basketball-reference.com/players/c/cazalma01.html,2024,2023-11-19,DET,TOR,@,"L, 113-142",,,,,,,,,,,,,,,,,
Malcolm Cazalon,https://www.basketball-reference.com/players/c/cazalma01.html,2024,2023-11-20,DET,DEN,,"L, 103-107",,,,,,,,,,,,,,,,,
Malcolm Cazalon,https://www.basketball-reference.com/players/c/cazalma01.html,2024,2023-11-24,DET,IND,@,"L, 113-136",,,,,,,,,,,,,,,,,
Malcolm Cazalon,https://www.basketball-reference.com/players/c/cazalma01.html,2024,2023-11-27,DET,WAS,,"L, 107-126",,,,,,,,,,,,,,,,,
Malcolm Cazalon,https://www.basketball-reference.com/players/c/cazalma01.html,2024,2023-11-29,DET,LAL,,"L, 107-133",,,,,,,,,,,,,,,,,
Malcolm Cazalon,https://www.basketball-reference.com/players/c/cazalma01.html,2024,2023-11-30,DET,NYK,@,"L, 112-118",,,,,,,,,,,,,,,,,
Malcolm Cazalon,https://www.basketball-reference.com/players/c/cazalma01.html,2024,2023-12-02,DET,CLE,,"L, 101-110",,,,,,,,,,,,,,,,,
Malcolm Cazalon,https://www.basketball-reference.com/players/c/cazalma01.html,2024,2023-12-06,DET,MEM,,"L, 102-116",,,,,,,,,,,,,,,,,
Malcolm Cazalon,https://www.basketball-reference.com/players/c/cazalma01.html,2024,2023-12-08,DET,ORL,@,"L, 91-123",,,,,,,,,,,,,,,,,
Malcolm Cazalon,https://www.basketball-reference.com/players/c/cazalma01.html,2024,2023-12-11,DET,IND,,"L, 123-131",,,,,,,,,,,,,,,,,
Malcolm Cazalon,https://www.basketball-reference.com/players/c/cazalma01.html,2024,2023-12-13,DET,PHI,,"L, 111-129",,,,,,,,,,,,,,,,,
Malcolm Cazalon,https://www.basketball-reference.com/players/c/cazalma01.html,2024,2023-12-15,DET,PHI,@,"L, 92-124",,,,,,,,,,,,,,,,,
Malcolm Cazalon,https://www.basketball-reference.com/players/c/cazalma01.html,2024,2023-12-16,DET,MIL,@,"L, 114-146",,,,,,,,,,,,,,,,,
Malcolm Cazalon,https://www.basketball-reference.com/players/c/cazalma01.html,2024,2023-12-18,DET,ATL,@,"L, 124-130",,,,,,,,,,,,,,,,,
Malcolm Cazalon,https://www.basketball-reference.com/players/c/cazalma01.html,2024,2023-12-21,DET,UTA,,"L, 111-119",,,,,,,,,,,,,,,,,
Malcolm Cazalon,https://www.basketball-reference.com/players/c/cazalma01.html,2024,2023-12-23,DET,BRK,@,"L, 115-126",,,,,,,,,,,,,,,,,
Malcolm Cazalon,https://www.basketball-reference.com/players/c/cazalma01.html,2024,2023-12-26,DET,BRK,,"L, 112-118",,,,,,,,,,,,,,,,,
Malcolm Cazalon,https://www.basketball-reference.com/players/c/cazalma01.html,2024,2023-12-28,DET,BOS,@,"L, 122-128 (OT)",,,,,,,,,,,,,,,,,
Malcolm Cazalon,https://www.basketball-reference.com/players/c/cazalma01.html,2024,2023-12-30,DET,TOR,,"W, 129-127",,,,,,,,,,,,,,,,,
Malcolm Cazalon,https://www.basketball-reference.com/players/c/cazalma01.html,2024,2024-01-01,DET,HOU,@,"L, 113-136",,,,,,,,,,,,,,,,,
Malcolm Cazalon,https://www.basketball-reference.com/players/c/cazalma01.html,2024,2024-01-03,DET,UTA,@,"L, 148-154 (OT)",,,,,,,,,,,,,,,,,
Malcolm Cazalon,https://www.basketball-reference.com/players/c/cazalma01.html,2024,2024-01-05,DET,GSW,@,"L, 109-113",,,,,,,,,,,,,,,,,
Malcolm Cazalon,https://www.basketball-reference.com/players/c/cazalma01.html,2024,2024-01-07,DET,DEN,@,"L, 114-131",,,,,,,,,,,,,,,,,
Malcolm Cazalon,https://www.basketball-reference.com/players/c/cazalma01.html,2024,2024-01-09,DET,SAC,,"L, 110-131",,,,,,,,,,,,,,,,,
Malcolm Cazalon,https://www.basketball-reference.com/players/c/cazalma01.html,2024,2024-01-10,DET,SAS,,"L, 108-130",,,,,,,,,,,,,,,,,
Malcolm Cazalon,https://www.basketball-reference.com/players/c/cazalma01.html,2024,2024-01-12,DET,HOU,,"L, 110-112",,,,,,,,,,,,,,,,,
Malcolm Cazalon,https://www.basketball-reference.com/players/c/cazalma01.html,2024,2024-01-15,DET,WAS,@,"W, 129-117",,,,,,,,,,,,,,,,,
Malcolm Cazalon,https://www.basketball-reference.com/players/c/cazalma01.html,2024,2024-01-17,DET,MIN,,"L, 117-124",,,,,,,,,,,,,,,,,
Malcolm Cazalon,https://www.basketball-reference.com/players/c/cazalma01.html,2024,2024-01-20,DET,MIL,,"L, 135-141",,,,,,,,,,,,,,,,,
Malcolm Cazalon,https://www.basketball-reference.com/players/c/cazalma01.html,2024,2024-01-22,DET,MIL,,"L, 113-122",,,,,,,,,,,,,,,,,
Malcolm Cazalon,https://www.basketball-reference.com/players/c/cazalma01.html,2024,2024-01-24,DET,CHO,,"W, 113-106",,,,,,,,,,,,,,,,,
Malcolm Cazalon,https://www.basketball-reference.com/players/c/cazalma01.html,2024,2024-01-27,DET,WAS,,"L, 104-118",,,,,,,,,,,,,,,,,
Malcolm Cazalon,https://www.basketball-reference.com/players/c/cazalma01.html,2024,2024-01-28,DET,OKC,,"W, 120-104",,,,,,,,,,,,,,,,,
Malcolm Cazalon,https://www.basketball-reference.com/players/c/cazalma01.html,2024,2024-01-31,DET,CLE,@,"L, 121-128",,,,,,,,,,,,,,,,,
Malcolm Cazalon,https://www.basketball-reference.com/players/c/cazalma01.html,2024,2024-02-02,DET,LAC,,"L, 125-136",,,,,,,,,,,,,,,,,
Malcolm Cazalon,https://www.basketball-reference.com/players/c/cazalma01.html,2024,2024-02-04,DET,ORL,,"L, 99-111",,,,,,,,,,,,,,,,,
Malcolm Cazalon,https://www.basketball-reference.com/players/c/cazalma01.html,2024,2024-02-07,DET,SAC,@,"W, 133-120",,,,,,,,,,,,,,,,,
Malcolm Cazalon,https://www.basketball-reference.com/players/c/cazalma01.html,2024,2024-02-08,DET,POR,@,"W, 128-122 (OT)",,,,,,,,,,,,,,,,,
Malcolm Cazalon,https://www.basketball-reference.com/players/c/cazalma01.html,2024,2024-02-10,DET,LAC,@,"L, 106-112",,,,,,,,,,,,,,,,,
Malcolm Cazalon,https://www.basketball-reference.com/players/c/cazalma01.html,2024,2024-02-13,DET,LAL,@,"L, 111-125",,,,,,,,,,,,,,,,,
Malcolm Cazalon,https://www.basketball-reference.com/players/c/cazalma01.html,2024,2024-02-14,DET,PHO,@,"L, 100-116",,,,,,,,,,,,,,,,,
Tosan Evbuomwan,https://www.basketball-reference.com/players/e/evbuoto01.html,2024,2024-02-01,MEM,CLE,,"L, 101-108",,,,,,,,,,,,,,,,,
Tosan Evbuomwan,https://www.basketball-reference.com/players/e/evbuoto01.html,2024,2024-02-02,MEM,GSW,,"L, 101-121",,16:27,1,2,1,2,0,0,1,0,1,1,0,0,0,1,3
Tosan Evbuomwan,https://www.basketball-reference.com/players/e/evbuoto01.html,2024,2024-02-04,MEM,BOS,@,"L, 91-131",,29:28,1,7,1,3,0,0,7,5,12,3,0,0,1,2,3
Tosan Evbuomwan,https://www.basketball-reference.com/players/e/evbuoto01.html,2024,2024-02-06,MEM,NYK,@,"L, 113-123",,20:30,2,4,0,2,0,0,0,1,1,2,0,0,0,1,4
Tosan Evbuomwan,https://www.basketball-reference.com/players/e/evbuoto01.html,2024,2024-02-08,MEM,CHI,,"L, 110-118",,07:34,0,2,0,1,0,0,0,0,0,0,0,1,0,1,0
Tosan Evbuomwan,https://www.basketball-reference.com/players/e/evbuoto01.html,2024,2024-02-13,DET,LAL,@,"L, 111-125",,,,,,,,,,,,,,,,,
Tosan Evbuomwan,https://www.basketball-reference.com/players/e/evbuoto01.html,2024,2024-02-14,DET,PHO,@,"L, 100-116",,08:24,2,2,1,1,0,0,0,2,2,0,1,0,0,1,5
Tosan Evbuomwan,https://www.basketball-reference.com/players/e/evbuoto01.html,2024,2024-02-22,DET,IND,@,"L, 115-129",,,,,,,,,,,,,,,,,
Tosan Evbuomwan,https://www.basketball-reference.com/players/e/evbuoto01.html,2024,2024-02-24,DET,ORL,,"L, 109-112",,,,,,,,,,,,,,,,,
Tosan Evbuomwan,https://www.basketball-reference.com/players/e/evbuoto01.html,2024,2024-02-26,DET,NYK,@,"L, 111-113",,07:48,1,1,0,0,0,0,0,0,0,0,0,0,0,0,2
Tosan Evbuomwan,https://www.basketball-reference.com/players/e/evbuoto01.html,2024,2024-02-27,DET,CHI,@,"W, 105-95",,,,,,,,,,,,,,,,,
Tosan Evbuomwan,https://www.basketball-reference.com/players/e/evbuoto01.html,2024,,,,,,,,,,,,,,,,,,,,,,
Tosan Evbuomwan,https://www.basketball-reference.com/players/e/evbuoto01.html,2024,2024-03-01,DET,CLE,,"L, 100-110",,,,,,,,,,,,,,,,,
Tosan Evbuomwan,https://www.basketball-reference.com/players/e/evbuoto01.html,2024,2024-03-03,DET,ORL,@,"L, 91-113",,,,,,,,,,,,,,,,,
Tosan Evbuomwan,https://www.basketball-reference.com/players/e/evbuoto01.html,2024,2024-03-05,DET,MIA,@,"L, 110-118",,,,,,,,,,,,,,,,,
Tosan Evbuomwan,https://www.basketball-reference.com/players/e/evbuoto01.html,2024,2024-03-07,DET,BRK,,"W, 118-112",,,,,,,,,,,,,,,,,
Tosan Evbuomwan,https://www.basketball-reference.com/players/e/evbuoto01.html,2024,2024-03-09,DET,DAL,,"L, 124-142",,,,,,,,,,,,,,,,,
Tosan Evbuomwan,https://www.basketball-reference.com/players/e/evbuoto01.html,2024,2024-03-11,DET,CHO,,"W, 114-97",,,,,,,,,,,,,,,,,
Tosan Evbuomwan,https://www.basketball-reference.com/players/e/evbuoto01.html,2024,2024-03-13,DET,TOR,,"W, 113-104",,,,,,,,,,,,,,,,,
Tosan Evbuomwan,https://www.basketball-reference.com/players/e/evbuoto01.html,2024,2024-03-15,DET,MIA,,"L, 95-108",,01:08,0,0,0,0,0,0,0,0,0,0,0,0,0,0,0
Tosan Evbuomwan,https://www.basketball-reference.com/players/e/evbuoto01.html,2024,2024-03-17,DET,MIA,,"L, 101-104",,,,,,,,,,,,,,,,,
Tosan Evbuomwan,https://www.basketball-reference.com/players/e/evbuoto01.html,2024,2024-03-18,DET,BOS,@,"L, 94-119",,17:49,4,5,2,2,1,2,0,2,2,0,1,0,1,1,11
Tosan Evbuomwan,https://www.basketball-reference.com/players/e/evbuoto01.html,2024,2024-03-20,DET,IND,,"L, 103-122",,29:37,4,7,0,1,3,4,0,4,4,0,0,0,0,2,11
Tosan Evbuomwan,https://www.basketball-reference.com/players/e/evbuoto01.html,2024,2024-03-22,DET,BOS,,"L, 102-129",,30:41,4,9,2,5,4,6,2,6,8,1,0,0,2,1,14
Tosan Evbuomwan,https://www.basketball-reference.com/players/e/evbuoto01.html,2024,2024-03-24,DET,NOP,,"L, 101-114",,28:52,3,8,0,4,1,2,1,6,7,1,0,1,2,4,7
Tosan Evbuomwan,https://www.basketball-reference.com/players/e/evbuoto01.html,2024,2024-03-25,DET,NYK,@,"L, 99-124",,15:34,1,3,1,1,0,0,1,1,2,0,0,0,0,3,3
Tosan Evbuomwan,https://www.basketball-reference.com/players/e/evbuoto01.html,2024,2024-03-27,DET,MIN,@,"L, 91-106",,29:11,1,3,1,3,0,2,1,3,4,0,0,0,0,1,3
Tosan Evbuomwan,https://www.basketball-reference.com/players/e/evbuoto01.html,2024,2024-03-29,DET,WAS,@,"W, 96-87",,33:03,2,3,0,1,4,4,1,3,4,2,1,0,1,2,8
Tosan Evbuomwan,https://www.basketball-reference.com/players/e/evbuoto01.html,2024,2024-04-01,DET,MEM,,"L, 108-110",,35:21,4,5,2,3,0,0,2,3,5,2,1,1,1,0,10
Tosan Evbuomwan,https://www.basketball-reference.com/players/e/evbuoto01.html,2024,2024-04-03,DET,ATL,@,"L, 113-121",,31:01,3,5,1,2,2,2,1,5,6,1,1,1,0,2,9
Tosan Evbuomwan,https://www.basketball-reference.com/players/e/evbuoto01.html,2024,2024-04-05,DET,MEM,@,"L, 90-108",,24:07,3,5,0,1,2,3,1,1,2,3,1,1,1,1,8
Tosan Evbuomwan,https://www.basketball-reference.com/players/e/evbuoto01.html,2024,2024-04-06,DET,BRK,@,"L, 103-113",,,,,,,,,,,,,,,,,
Tosan Evbuomwan,https://www.basketball-reference.com/players/e/evbuoto01.html,2024,2024-04-09,DET,PHI,@,"L, 102-120",,,,,,,,,,,,,,,,,
Tosan Evbuomwan,https://www.basketball-reference.com/players/e/evbuoto01.html,2024,2024-04-11,DET,CHI,,"L, 105-127",,,,,,,,,,,,,,,,,
Tosan Evbuomwan,https://www.basketball-reference.com/players/e/evbuoto01.html,2024,2024-04-12,DET,DAL,@,"W, 107-89",,,,,,,,,,,,,,,,,
Tosan Evbuomwan,https://www.basketball-reference.com/players/e/evbuoto01.html,2024,2024-04-14,DET,SAS,@,"L, 95-123",,,,,,,,,,,,,,,,,
Joe Harris,https://www.basketball-reference.com/players/h/harrijo01.html,2024,2023-10-25,DET,MIA,@,"L, 102-103",,11:46,0,2,0,2,0,0,0,0,0,0,0,0,0,2,0
Joe Harris,https://www.basketball-reference.com/players/h/harrijo01.html,2024,2023-10-27,DET,CHO,@,"W, 111-99",,11:19,1,3,0,1,0,0,0,0,0,1,1,0,0,2,2
Joe Harris,https://www.basketball-reference.com/players/h/harrijo01.html,2024,2023-10-28,DET,CHI,,"W, 118-102",,10:31,1,2,1,2,0,0,0,1,1,1,0,0,1,0,3
Joe Harris,https://www.basketball-reference.com/players/h/harrijo01.html,2024,2023-10-30,DET,OKC,@,"L, 112-124",,10:22,0,1,0,0,0,0,0,0,0,1,0,0,1,2,0
Joe Harris,https://www.basketball-reference.com/players/h/harrijo01.html,2024,,,,,,,,,,,,,,,,,,,,,,
Joe Harris,https://www.basketball-reference.com/players/h/harrijo01.html,2024,2023-11-01,DET,POR,,"L, 101-110",,16:56,4,7,3,6,0,0,1,1,2,1,0,0,0,1,11
Joe Harris,https://www.basketball-reference.com/players/h/harrijo01.html,2024,2023-11-02,DET,NOP,@,"L, 116-125",,23:56,3,8,2,6,0,0,1,2,3,1,1,0,1,4,8
Joe Harris,https://www.basketball-reference.com/players/h/harrijo01.html,2024,2023-11-05,DET,PHO,,"L, 106-120",,13:05,0,2,0,2,0,0,0,1,1,1,0,0,0,1,0
Joe Harris,https://www.basketball-reference.com/players/h/harrijo01.html,2024,2023-11-06,DET,GSW,,"L, 109-120",,,,,,,,,,,,,,,,,
Joe Harris,https://www.basketball-reference.com/players/h/harrijo01.html,2024,2023-11-08,DET,MIL,@,"L, 118-120",,,,,,,,,,,,,,,,,
Joe Harris,https://www.basketball-reference.com/players/h/harrijo01.html,2024,2023-11-10,DET,PHI,,"L, 106-114",,,,,,,,,,,,,,,,,
Joe Harris,https://www.basketball-reference.com/players/h/harrijo01.html,2024,2023-11-12,DET,CHI,@,"L, 108-119",,,,,,,,,,,,,,,,,
Joe Harris,https://www.basketball-reference.com/players/h/harrijo01.html,2024,2023-11-14,DET,ATL,,"L, 120-126",,,,,,,,,,,,,,,,,
Joe Harris,https://www.basketball-reference.com/players/h/harrijo01.html,2024,2023-11-17,DET,CLE,@,"L, 100-108",,,,,,,,,,,,,,,,,
Joe Harris,https://www.basketball-reference.com/players/h/harrijo01.html,2024,2023-11-19,DET,TOR,@,"L, 113-142",,,,,,,,,,,,,,,,,
Joe Harris,https://www.basketball-reference.com/players/h/harrijo01.html,2024,2023-11-20,DET,DEN,,"L, 103-107",,,,,,,,,,,,,,,,,
Joe Harris,https://www.basketball-reference.com/players/h/harrijo01.html,2024,2023-11-24,DET,IND,@,"L, 113-136",,,,,,,,,,,,,,,,,
Joe Harris,https://www.basketball-reference.com/players/h/harrijo01.html,2024,2023-11-27,DET,WAS,,"L, 107-126",,,,,,,,,,,,,,,,,
Joe Harris,https://www.basketball-reference.com/players/h/harrijo01.html,2024,2023-11-29,DET,LAL,,"L, 107-133",,,,,,,,,,,,,,,,,
Joe Harris,https://www.basketball-reference.com/players/h/harrijo01.html,2024,2023-11-30,DET,NYK,@,"L, 112-118",,,,,,,,,,,,,,,,,
Joe Harris,https://www.basketball-reference.com/players/h/harrijo01.html,2024,2023-12-02,DET,CLE,,"L, 101-110",,,,,,,,,,,,,,,,,
Joe Harris,https://www.basketball-reference.com/players/h/harrijo01.html,2024,2023-12-06,DET,MEM,,"L, 102-116",,,,,,,,,,,,,,,,,
Joe Harris,https://www.basketball-reference.com/players/h/harrijo01.html,2024,2023-12-08,DET,ORL,@,"L, 91-123",,03:34,0,1,0,0,0,0,0,0,0,0,0,1,0,0,0
Joe Harris,https://www.basketball-reference.com/players/h/harrijo01.html,2024,2023-12-11,DET,IND,,"L, 123-131",,,,,,,,,,,,,,,,,
Joe Harris,https://www.basketball-reference.com/players/h/harrijo01.html,2024,2023-12-13,DET,PHI,,"L, 111-129",,,,,,,,,,,,,,,,,
Joe Harris,https://www.basketball-reference.com/players/h/harrijo01.html,2024,2023-12-15,DET,PHI,@,"L, 92-124",,11:09,1,3,1,3,0,0,0,1,1,1,0,0,0,1,3
Joe Harris,https://www.basketball-reference.com/players/h/harrijo01.html,2024,2023-12-16,DET,MIL,@,"L, 114-146",,06:41,0,1,0,1,0,0,0,0,0,0,0,0,0,1,0
Joe Harris,https://www.basketball-reference.com/players/h/harrijo01.html,2024,2023-12-18,DET,ATL,@,"L, 124-130",,12:11,0,1,0,1,1,2,1,1,2,2,1,1,0,1,1
Joe Harris,https://www.basketball-reference.com/players/h/harrijo01.html,2024,2023-12-21,DET,UTA,,"L, 111-119",,,,,,,,,,,,,,,,,
Joe Harris,https://www.basketball-reference.com/players/h/harrijo01.html,2024,2023-12-23,DET,BRK,@,"L, 115-126",,06:52,0,0,0,0,0,0,0,1,1,0,0,0,0,0,0
Joe Harris,https://www.basketball-reference.com/players/h/harrijo01.html,2024,2023-12-26,DET,BRK,,"L, 112-118",,,,,,,,,,,,,,,,,
Joe Harris,https://www.basketball-reference.com/players/h/harrijo01.html,2024,2023-12-28,DET,BOS,@,"L, 122-128 (OT)",,,,,,,,,,,,,,,,,
Joe Harris,https://www.basketball-reference.com/players/h/harrijo01.html,2024,2023-12-30,DET,TOR,,"W, 129-127",,,,,,,,,,,,,,,,,
Joe Harris,https://www.basketball-reference.com/players/h/harrijo01.html,2024,2024-01-01,DET,HOU,@,"L, 113-136",,,,,,,,,,,,,,,,,
Joe Harris,https://www.basketball-reference.com/players/h/harrijo01.html,2024,2024-01-03,DET,UTA,@,"L, 148-154 (OT)",,,,,,,,,,,,,,,,,
Joe Harris,https://www.basketball-reference.com/players/h/harrijo01.html,2024,2024-01-05,DET,GSW,@,"L, 109-113",,,,,,,,,,,,,,,,,
Joe Harris,https://www.basketball-reference.com/players/h/harrijo01.html,2024,2024-01-07,DET,DEN,@,"L, 114-131",,,,,,,,,,,,,,,,,
Joe Harris,https://www.basketball-reference.com/players/h/harrijo01.html,2024,2024-01-09,DET,SAC,,"L, 110-131",,08:57,3,5,3,5,0,0,0,1,1,0,0,0,0,2,9
Joe Harris,https://www.basketball-reference.com/players/h/harrijo01.html,2024,2024-01-10,DET,SAS,,"L, 108-130",,05:45,0,0,0,0,0,0,0,1,1,0,0,0,0,1,0
Joe Harris,https://www.basketball-reference.com/players/h/harrijo01.html,2024,2024-01-12,DET,HOU,,"L, 110-112",,,,,,,,,,,,,,,,,
Joe Harris,https://www.basketball-reference.com/players/h/harrijo01.html,2024,2024-01-15,DET,WAS,@,"W, 129-117",,04:49,0,0,0,0,0,0,0,0,0,1,0,0,1,0,0
Joe Harris,https://www.basketball-reference.com/players/h/harrijo01.html,2024,2024-01-17,DET,MIN,,"L, 117-124",,,,,,,,,,,,,,,,,
Joe Harris,https://www.basketball-reference.com/players/h/harrijo01.html,2024,2024-01-20,DET,MIL,,"L, 135-141",,,,,,,,,,,,,,,,,
Joe Harris,https://www.basketball-reference.com/players/h/harrijo01.html,2024,2024-01-22,DET,MIL,,"L, 113-122",,,,,,,,,,,,,,,,,
Joe Harris,https://www.basketball-reference.com/players/h/harrijo01.html,2024,2024-01-24,DET,CHO,,"W, 113-106",,,,,,,,,,,,,,,,,
Joe Harris,https://www.basketball-reference.com/players/h/harrijo01.html,2024,2024-01-27,DET,WAS,,"L, 104-118",,,,,,,,,,,,,,,,,
Joe Harris,https://www.basketball-reference.com/players/h/harrijo01.html,2024,2024-01-28,DET,OKC,,"W, 120-104",,,,,,,,,,,,,,,,,
Joe Harris,https://www.basketball-reference.com/players/h/harrijo01.html,2024,2024-01-31,DET,CLE,@,"L, 121-128",,,,,,,,,,,,,,,,,
Joe Harris,https://www.basketball-reference.com/players/h/harrijo01.html,2024,2024-02-02,DET,LAC,,"L, 125-136",,,,,,,,,,,,,,,,,
Joe Harris,https://www.basketball-reference.com/players/h/harrijo01.html,2024,2024-02-04,DET,ORL,,"L, 99-111",,,,,,,,,,,,,,,,,
Joe Harris,https://www.basketball-reference.com/players/h/harrijo01.html,2024,2024-02-07,DET,SAC,@,"W, 133-120",,12:05,1,3,0,1,0,0,0,0,0,0,0,0,0,1,2
Ausar Thompson,https://www.basketball-reference.com/players/t/thompau01.html,2024,2023-10-25,DET,MIA,@,"L, 102-103",,26:53,1,7,1,2,1,2,3,4,7,3,0,5,2,2,4
Ausar Thompson,https://www.basketball-reference.com/players/t/thompau01.html,2024,2023-10-27,DET,CHO,@,"W, 111-99",,29:35,2,9,0,1,2,2,4,9,13,6,0,1,3,5,6
Ausar Thompson,https://www.basketball-reference.com/players/t/thompau01.html,2024,2023-10-28,DET,CHI,,"W, 118-102",,31:15,3,7,0,2,3,4,3,9,12,5,1,1,2,3,9
Ausar Thompson,https://www.basketball-reference.com/players/t/thompau01.html,2024,2023-10-30,DET,OKC,@,"L, 112-124",,30:36,6,14,0,2,3,4,7,3,10,3,1,3,3,4,15
Ausar Thompson,https://www.basketball-reference.com/players/t/thompau01.html,2024,,,,,,,,,,,,,,,,,,,,,,
Ausar Thompson,https://www.basketball-reference.com/players/t/thompau01.html,2024,2023-11-01,DET,POR,,"L, 101-110",,29:56,8,14,0,3,0,0,3,4,7,2,2,0,2,4,16
Ausar Thompson,https://www.basketball-reference.com/players/t/thompau01.html,2024,2023-11-02,DET,NOP,@,"L, 116-125",,25:03,5,17,0,6,6,7,5,2,7,5,0,1,3,5,16
Ausar Thompson,https://www.basketball-reference.com/players/t/thompau01.html,2024,2023-11-05,DET,PHO,,"L, 106-120",,38:07,6,14,2,3,0,0,5,4,9,4,4,4,1,3,14
Ausar Thompson,https://www.basketball-reference.com/players/t/thompau01.html,2024,2023-11-06,DET,GSW,,"L, 109-120",,37:31,6,10,1,4,3,3,4,3,7,2,4,0,1,2,16
Ausar Thompson,https://www.basketball-reference.com/players/t/thompau01.html,2024,2023-11-08,DET,MIL,@,"L, 118-120",,36:48,3,8,0,1,0,0,3,12,15,3,0,1,2,4,6
Ausar Thompson,https://www.basketball-reference.com/players/t/thompau01.html,2024,2023-11-10,DET,PHI,,"L, 106-114",,32:16,6,11,0,1,0,1,3,10,13,4,1,3,2,4,12
Ausar Thompson,https://www.basketball-reference.com/players/t/thompau01.html,2024,2023-11-12,DET,CHI,@,"L, 108-119",,32:21,2,9,0,1,5,7,6,10,16,2,0,2,3,1,9
Ausar Thompson,https://www.basketball-reference.com/players/t/thompau01.html,2024,2023-11-14,DET,ATL,,"L, 120-126",,34:50,9,12,0,1,3,6,1,7,8,5,3,2,2,3,21
Ausar Thompson,https://www.basketball-reference.com/players/t/thompau01.html,2024,2023-11-17,DET,CLE,@,"L, 100-108",,17:19,4,8,0,1,1,3,5,5,10,2,0,0,5,4,9
Ausar Thompson,https://www.basketball-reference.com/players/t/thompau01.html,2024,2023-11-19,DET,TOR,@,"L, 113-142",,30:16,3,5,0,1,3,4,1,9,10,2,1,1,5,6,9
Ausar Thompson,https://www.basketball-reference.com/players/t/thompau01.html,2024,2023-11-20,DET,DEN,,"L, 103-107",,23:45,4,10,0,0,0,0,3,4,7,0,0,2,0,5,8
Ausar Thompson,https://www.basketball-reference.com/players/t/thompau01.html,2024,2023-11-24,DET,IND,@,"L, 113-136",,30:06,4,5,0,0,0,0,1,5,6,3,0,2,1,2,8
Ausar Thompson,https://www.basketball-reference.com/players/t/thompau01.html,2024,2023-11-27,DET,WAS,,"L, 107-126",,27:52,8,14,0,2,0,0,0,4,4,2,2,1,1,4,16
Ausar Thompson,https://www.basketball-reference.com/players/t/thompau01.html,2024,2023-11-29,DET,LAL,,"L, 107-133",,20:53,6,11,0,3,0,0,1,5,6,0,1,0,0,4,12
Ausar Thompson,https://www.basketball-reference.com/players/t/thompau01.html,2024,2023-11-30,DET,NYK,@,"L, 112-118",,13:10,1,2,1,1,0,0,1,6,7,0,0,0,3,5,3
Ausar Thompson,https://www.basketball-reference.com/players/t/thompau01.html,2024,2023-12-02,DET,CLE,,"L, 101-110",,16:02,2,6,0,2,0,0,4,4,8,0,0,0,2,5,4
Ausar Thompson,https://www.basketball-reference.com/players/t/thompau01.html,2024,2023-12-06,DET,MEM,,"L, 102-116",,16:07,2,6,1,4,0,0,2,2,4,0,0,0,0,0,5
Ausar Thompson,https://www.basketball-reference.com/players/t/thompau01.html,2024,2023-12-08,DET,ORL,@,"L, 91-123",,19:36,2,12,0,5,1,2,1,1,2,2,1,0,0,3,5
Ausar Thompson,https://www.basketball-reference.com/players/t/thompau01.html,2024,2023-12-11,DET,IND,,"L, 123-131",,33:22,8,10,1,2,3,5,2,4,6,2,1,1,1,4,20
Ausar Thompson,https://www.basketball-reference.com/players/t/thompau01.html,2024,2023-12-13,DET,PHI,,"L, 111-129",,29:56,5,7,0,1,0,0,2,6,8,3,1,0,0,3,10
Ausar Thompson,https://www.basketball-reference.com/players/t/thompau01.html,2024,2023-12-15,DET,PHI,@,"L, 92-124",,21:50,3,5,0,0,2,2,0,3,3,1,0,1,1,2,8
Ausar Thompson,https://www.basketball-reference.com/players/t/thompau01.html,2024,2023-12-16,DET,MIL,@,"L, 114-146",,23:37,3,6,1,3,0,0,0,6,6,1,0,0,0,4,7
Ausar Thompson,https://www.basketball-reference.com/players/t/thompau01.html,2024,2023-12-18,DET,ATL,@,"L, 124-130",,18:56,1,5,0,1,0,0,3,5,8,3,1,0,2,2,2
Ausar Thompson,https://www.basketball-reference.com/players/t/thompau01.html,2024,2023-12-21,DET,UTA,,"L, 111-119",,18:39,3,3,0,0,1,2,1,1,2,1,1,2,3,2,7
Ausar Thompson,https://www.basketball-reference.com/players/t/thompau01.html,2024,2023-12-23,DET,BRK,@,"L, 115-126",,31:02,2,7,1,3,2,3,1,4,5,2,1,0,0,2,7
Ausar Thompson,https://www.basketball-reference.com/players/t/thompau01.html,2024,2023-12-26,DET,BRK,,"L, 112-118",,08:31,0,2,0,0,2,2,0,1,1,1,1,1,0,2,2
Ausar Thompson,https://www.basketball-reference.com/players/t/thompau01.html,2024,2023-12-28,DET,BOS,@,"L, 122-128 (OT)",,11:51,1,2,0,1,0,0,0,3,3,2,0,0,0,1,2
Ausar Thompson,https://www.basketball-reference.com/players/t/thompau01.html,2024,2023-12-30,DET,TOR,,"W, 129-127",,12:02,2,4,0,2,2,2,0,1,1,0,0,0,0,1,6
Ausar Thompson,https://www.basketball-reference.com/players/t/thompau01.html,2024,2024-01-01,DET,HOU,@,"L, 113-136",,24:26,2,4,0,0,1,2,1,3,4,2,0,2,2,2,5
Ausar Thompson,https://www.basketball-reference.com/players/t/thompau01.html,2024,2024-01-03,DET,UTA,@,"L, 148-154 (OT)",,11:07,1,4,0,1,0,2,2,1,3,1,1,1,0,2,2
Ausar Thompson,https://www.basketball-reference.com/players/t/thompau01.html,2024,2024-01-05,DET,GSW,@,"L, 109-113",,08:31,0,3,0,1,2,2,0,4,4,1,2,0,1,3,2
Ausar Thompson,https://www.basketball-reference.com/players/t/thompau01.html,2024,2024-01-07,DET,DEN,@,"L, 114-131",,20:14,2,5,0,1,1,2,3,2,5,4,0,0,1,2,5
Ausar Thompson,https://www.basketball-reference.com/players/t/thompau01.html,2024,2024-01-09,DET,SAC,,"L, 110-131",,13:31,0,2,0,0,0,0,0,2,2,0,3,0,0,3,0
Ausar Thompson,https://www.basketball-reference.com/players/t/thompau01.html,2024,2024-01-10,DET,SAS,,"L, 108-130",,15:02,1,6,0,3,1,1,0,6,6,1,0,1,1,4,3
Ausar Thompson,https://www.basketball-reference.com/players/t/thompau01.html,2024,2024-01-12,DET,HOU,,"L, 110-112",,18:17,2,3,0,1,0,0,2,6,8,0,0,0,1,2,4
Ausar Thompson,https://www.basketball-reference.com/players/t/thompau01.html,2024,2024-01-15,DET,WAS,@,"W, 129-117",,27:11,6,8,0,1,2,3,1,7,8,2,3,0,0,2,14
Ausar Thompson,https://www.basketball-reference.com/players/t/thompau01.html,2024,2024-01-17,DET,MIN,,"L, 117-124",,21:57,3,6,0,2,1,5,3,6,9,1,0,1,0,0,7
Ausar Thompson,https://www.basketball-reference.com/players/t/thompau01.html,2024,2024-01-20,DET,MIL,,"L, 135-141",,32:04,10,15,2,2,0,0,5,4,9,1,0,1,1,4,22
Ausar Thompson,https://www.basketball-reference.com/players/t/thompau01.html,2024,2024-01-22,DET,MIL,,"L, 113-122",,18:57,0,1,0,0,0,2,1,4,5,1,0,0,0,2,0
Ausar Thompson,https://www.basketball-reference.com/players/t/thompau01.html,2024,2024-01-24,DET,CHO,,"W, 113-106",,26:46,3,4,0,1,1,2,0,2,2,1,2,0,2,4,7
Ausar Thompson,https://www.basketball-reference.com/players/t/thompau01.html,2024,2024-01-27,DET,WAS,,"L, 104-118",,17:11,4,6,0,2,0,0,2,0,2,0,1,2,1,0,8
Ausar Thompson,https://www.basketball-reference.com/players/t/thompau01.html,2024,2024-01-28,DET,OKC,,"W, 120-104",,19:43,3,7,0,1,3,3,2,2,4,1,1,1,0,1,9
Ausar Thompson,https://www.basketball-reference.com/players/t/thompau01.html,2024,2024-01-31,DET,CLE,@,"L, 121-128",,17:42,2,3,0,1,0,0,1,5,6,2,2,0,2,0,4
Ausar Thompson,https://www.basketball-reference.com/players/t/thompau01.html,2024,2024-02-02,DET,LAC,,"L, 125-136",,26:08,1,4,0,1,1,2,4,3,7,1,2,1,1,1,3
Ausar Thompson,https://www.basketball-reference.com/players/t/thompau01.html,2024,2024-02-04,DET,ORL,,"L, 99-111",,27:26,7,10,1,3,2,3,4,3,7,1,1,3,2,1,17
Ausar Thompson,https://www.basketball-reference.com/players/t/thompau01.html,2024,2024-02-07,DET,SAC,@,"W, 133-120",,27:24,5,6,0,0,2,2,1,5,6,2,2,1,2,5,12
Ausar Thompson,https://www.basketball-reference.com/players/t/thompau01.html,2024,2024-02-08,DET,POR,@,"W, 128-122 (OT)",,28:30,3,9,0,0,0,2,2,3,5,1,1,0,0,4,6
Ausar Thompson,https://www.basketball-reference.com/players/t/thompau01.html,2024,2024-02-10,DET,LAC,@,"L, 106-112",,27:30,5,12,0,2,0,0,4,4,8,5,2,0,2,2,10
Ausar Thompson,https://www.basketball-reference.com/players/t/thompau01.html,2024,2024-02-13,DET,LAL,@,"L, 111-125",,28:55,9,13,1,2,0,0,1,1,2,0,1,0,1,4,19
Ausar Thompson,https://www.basketball-reference.com/players/t/thompau01.html,2024,2024-02-14,DET,PHO,@,"L, 100-116",,28:57,7,13,0,0,0,3,4,3,7,1,2,1,0,4,14
Ausar Thompson,https://www.basketball-reference.com/players/t/thompau01.html,2024,2024-02-22,DET,IND,@,"L, 115-129",,35:06,5,10,0,2,1,4,3,4,7,5,2,3,0,2,11
Ausar Thompson,https://www.basketball-reference.com/players/t/thompau01.html,2024,2024-02-24,DET,ORL,,"L, 109-112",,20:44,4,4,0,0,0,0,0,2,2,0,0,0,3,5,8
Ausar Thompson,https://www.basketball-reference.com/players/t/thompau01.html,2024,2024-02-26,DET,NYK,@,"L, 111-113",,35:37,3,5,1,3,0,2,0,4,4,3,3,0,4,3,7
Ausar Thompson,https://www.basketball-reference.com/players/t/thompau01.html,2024,2024-02-27,DET,CHI,@,"W, 105-95",,34:58,5,8,2,4,1,2,0,8,8,3,0,1,1,4,13
Ausar Thompson,https://www.basketball-reference.com/players/t/thompau01.html,2024,2024-03-01,DET,CLE,,"L, 100-110",,36:40,6,11,2,3,1,2,1,6,7,3,5,2,1,0,15
Ausar Thompson,https://www.basketball-reference.com/players/t/thompau01.html,2024,2024-03-03,DET,ORL,@,"L, 91-113",,33:04,2,10,1,6,3,4,1,5,6,1,3,1,2,3,8
Ausar Thompson,https://www.basketball-reference.com/players/t/thompau01.html,2024,2024-03-05,DET,MIA,@,"L, 110-118",,34:25,3,7,0,2,3,4,0,6,6,2,0,2,0,0,9
Ausar Thompson,https://www.basketball-reference.com/players/t/thompau01.html,2024,2024-03-07,DET,BRK,,"W, 118-112",,43:20,6,12,2,7,0,0,2,5,7,3,1,1,3,4,14
Ausar Thompson,https://www.basketball-reference.com/players/t/thompau01.html,2024,2024-03-09,DET,DAL,,"L, 124-142",,11:16,1,7,0,2,2,4,4,1,5,0,1,0,0,1,4
Ausar Thompson,https://www.basketball-reference.com/players/t/thompau01.html,2024,2024-03-11,DET,CHO,,"W, 114-97",,,,,,,,,,,,,,,,,
Ausar Thompson,https://www.basketball-reference.com/players/t/thompau01.html,2024,2024-03-13,DET,TOR,,"W, 113-104",,,,,,,,,,,,,,,,,
Ausar Thompson,https://www.basketball-reference.com/players/t/thompau01.html,2024,2024-03-15,DET,MIA,,"L, 95-108",,,,,,,,,,,,,,,,,
Ausar Thompson,https://www.basketball-reference.com/players/t/thompau01.html,2024,2024-03-17,DET,MIA,,"L, 101-104",,,,,,,,,,,,,,,,,
Ausar Thompson,https://www.basketball-reference.com/players/t/thompau01.html,2024,2024-03-18,DET,BOS,@,"L, 94-119",,,,,,,,,,,,,,,,,
Ausar Thompson,https://www.basketball-reference.com/players/t/thompau01.html,2024,2024-03-20,DET,IND,,"L, 103-122",,,,,,,,,,,,,,,,,
Ausar Thompson,https://www.basketball-reference.com/players/t/thompau01.html,2024,2024-03-22,DET,BOS,,"L, 102-129",,,,,,,,,,,,,,,,,
Ausar Thompson,https://www.basketball-reference.com/players/t/thompau01.html,2024,2024-03-24,DET,NOP,,"L, 101-114",,,,,,,,,,,,,,,,,
Ausar Thompson,https://www.basketball-reference.com/players/t/thompau01.html,2024,2024-03-25,DET,NYK,@,"L, 99-124",,,,,,,,,,,,,,,,,
Ausar Thompson,https://www.basketball-reference.com/players/t/thompau01.html,2024,2024-03-27,DET,MIN,@,"L, 91-106",,,,,,,,,,,,,,,,,
Ausar Thompson,https://www.basketball-reference.com/players/t/thompau01.html,2024,2024-03-29,DET,WAS,@,"W, 96-87",,,,,,,,,,,,,,,,,
Ausar Thompson,https://www.basketball-reference.com/players/t/thompau01.html,2024,2024-04-01,DET,MEM,,"L, 108-110",,,,,,,,,,,,,,,,,
Ausar Thompson,https://www.basketball-reference.com/players/t/thompau01.html,2024,2024-04-03,DET,ATL,@,"L, 113-121",,,,,,,,,,,,,,,,,
Ausar Thompson,https://www.basketball-reference.com/players/t/thompau01.html,2024,2024-04-05,DET,MEM,@,"L, 90-108",,,,,,,,,,,,,,,,,
Ausar Thompson,https://www.basketball-reference.com/players/t/thompau01.html,2024,2024-04-06,DET,BRK,@,"L, 103-113",,,,,,,,,,,,,,,,,
Ausar Thompson,https://www.basketball-reference.com/players/t/thompau01.html,2024,2024-04-09,DET,PHI,@,"L, 102-120",,,,,,,,,,,,,,,,,
Ausar Thompson,https://www.basketball-reference.com/players/t/thompau01.html,2024,2024-04-11,DET,CHI,,"L, 105-127",,,,,,,,,,,,,,,,,
Ausar Thompson,https://www.basketball-reference.com/players/t/thompau01.html,2024,2024-04-12,DET,DAL,@,"W, 107-89",,,,,,,,,,,,,,,,,
Ausar Thompson,https://www.basketball-reference.com/players/t/thompau01.html,2024,2024-04-14,DET,SAS,@,"L, 95-123",,,,,,,,,,,,,,,,,
Trayce Jackson-Davis,https://www.basketball-reference.com/players/j/jackstr02.html,2024,2023-10-24,GSW,PHO,,"L, 104-108",,,,,,,,,,,,,,,,,
Trayce Jackson-Davis,https://www.basketball-reference.com/players/j/jackstr02.html,2024,2023-10-27,GSW,SAC,@,"W, 122-114",,04:41,0,0,0,0,0,0,0,1,1,0,0,0,0,1,0
Trayce Jackson-Davis,https://www.basketball-reference.com/players/j/jackstr02.html,2024,2023-10-29,GSW,HOU,@,"W, 106-95",,,,,,,,,,,,,,,,,
Trayce Jackson-Davis,https://www.basketball-reference.com/players/j/jackstr02.html,2024,2023-10-30,GSW,NOP,@,"W, 130-102",,19:50,5,9,0,0,3,4,7,2,9,0,0,4,2,2,13
Trayce Jackson-Davis,https://www.basketball-reference.com/players/j/jackstr02.html,2024,,,,,,,,,,,,,,,,,,,,,,
Trayce Jackson-Davis,https://www.basketball-reference.com/players/j/jackstr02.html,2024,2023-11-01,GSW,SAC,,"W, 102-101",,00:00,0,0,0,0,0,0,0,0,0,0,0,0,0,0,0
Trayce Jackson-Davis,https://www.basketball-reference.com/players/j/jackstr02.html,2024,2023-11-03,GSW,OKC,@,"W, 141-139",,,,,,,,,,,,,,,,,
Trayce Jackson-Davis,https://www.basketball-reference.com/players/j/jackstr02.html,2024,2023-11-05,GSW,CLE,@,"L, 104-115",,11:35,2,3,0,0,1,5,1,3,4,1,1,1,0,4,5
Trayce Jackson-Davis,https://www.basketball-reference.com/players/j/jackstr02.html,2024,2023-11-06,GSW,DET,@,"W, 120-109",,00:29,0,0,0,0,0,0,0,0,0,0,0,0,0,0,0
Trayce Jackson-Davis,https://www.basketball-reference.com/players/j/jackstr02.html,2024,2023-11-08,GSW,DEN,@,"L, 105-108",,18:13,2,3,0,0,4,5,0,2,2,1,0,0,0,4,8
Trayce Jackson-Davis,https://www.basketball-reference.com/players/j/jackstr02.html,2024,2023-11-11,GSW,CLE,,"L, 110-118",,05:34,0,1,0,0,1,2,1,0,1,0,0,0,0,1,1
Trayce Jackson-Davis,https://www.basketball-reference.com/players/j/jackstr02.html,2024,2023-11-12,GSW,MIN,,"L, 110-116",,01:16,1,1,0,0,0,0,0,0,0,1,0,0,0,0,2
Trayce Jackson-Davis,https://www.basketball-reference.com/players/j/jackstr02.html,2024,2023-11-14,GSW,MIN,,"L, 101-104",,11:40,0,1,0,0,2,2,0,2,2,3,0,0,2,2,2
Trayce Jackson-Davis,https://www.basketball-reference.com/players/j/jackstr02.html,2024,2023-11-16,GSW,OKC,,"L, 109-128",,04:33,0,0,0,0,0,0,0,0,0,0,0,1,0,0,0
Trayce Jackson-Davis,https://www.basketball-reference.com/players/j/jackstr02.html,2024,2023-11-18,GSW,OKC,,"L, 123-130 (OT)",,,,,,,,,,,,,,,,,
Trayce Jackson-Davis,https://www.basketball-reference.com/players/j/jackstr02.html,2024,2023-11-20,GSW,HOU,,"W, 121-116",,04:19,0,0,0,0,0,0,0,0,0,0,0,0,0,0,0
Trayce Jackson-Davis,https://www.basketball-reference.com/players/j/jackstr02.html,2024,2023-11-22,GSW,PHO,@,"L, 115-123",,14:54,2,3,0,0,2,5,2,2,4,0,1,0,1,3,6
Trayce Jackson-Davis,https://www.basketball-reference.com/players/j/jackstr02.html,2024,2023-11-24,GSW,SAS,,"W, 118-112",,05:23,0,1,0,0,2,2,0,0,0,0,0,1,1,1,2
Trayce Jackson-Davis,https://www.basketball-reference.com/players/j/jackstr02.html,2024,2023-11-28,GSW,SAC,@,"L, 123-124",,,,,,,,,,,,,,,,,
Trayce Jackson-Davis,https://www.basketball-reference.com/players/j/jackstr02.html,2024,2023-11-30,GSW,LAC,,"W, 120-114",,,,,,,,,,,,,,,,,
Trayce Jackson-Davis,https://www.basketball-reference.com/players/j/jackstr02.html,2024,2023-12-02,GSW,LAC,@,"L, 112-113",,,,,,,,,,,,,,,,,
Trayce Jackson-Davis,https://www.basketball-reference.com/players/j/jackstr02.html,2024,2023-12-06,GSW,POR,,"W, 110-106",,,,,,,,,,,,,,,,,
Trayce Jackson-Davis,https://www.basketball-reference.com/players/j/jackstr02.html,2024,2023-12-08,GSW,OKC,@,"L, 136-138 (OT)",,,,,,,,,,,,,,,,,
Trayce Jackson-Davis,https://www.basketball-reference.com/players/j/jackstr02.html,2024,2023-12-12,GSW,PHO,@,"L, 116-119",,06:59,1,1,0,0,0,0,0,0,0,0,1,1,0,1,2
Trayce Jackson-Davis,https://www.basketball-reference.com/players/j/jackstr02.html,2024,2023-12-14,GSW,LAC,@,"L, 113-121",,05:13,1,3,0,0,0,0,3,0,3,0,0,0,0,0,2
Trayce Jackson-Davis,https://www.basketball-reference.com/players/j/jackstr02.html,2024,2023-12-16,GSW,BRK,,"W, 124-120",,,,,,,,,,,,,,,,,
Trayce Jackson-Davis,https://www.basketball-reference.com/players/j/jackstr02.html,2024,2023-12-17,GSW,POR,@,"W, 118-114",,17:41,6,9,0,0,2,2,5,3,8,3,2,1,2,2,14
Trayce Jackson-Davis,https://www.basketball-reference.com/players/j/jackstr02.html,2024,2023-12-19,GSW,BOS,,"W, 132-126 (OT)",,28:34,5,7,0,0,0,0,4,9,13,1,0,3,1,3,10
Trayce Jackson-Davis,https://www.basketball-reference.com/players/j/jackstr02.html,2024,2023-12-22,GSW,WAS,,"W, 129-118",,24:34,5,7,0,0,0,0,5,10,15,3,0,1,1,2,10
Trayce Jackson-Davis,https://www.basketball-reference.com/players/j/jackstr02.html,2024,2023-12-23,GSW,POR,,"W, 126-106",,17:19,6,7,0,0,1,4,1,4,5,3,1,0,2,2,13
Trayce Jackson-Davis,https://www.basketball-reference.com/players/j/jackstr02.html,2024,2023-12-25,GSW,DEN,@,"L, 114-120",,14:55,3,4,0,0,2,2,0,3,3,1,0,0,0,5,8
Trayce Jackson-Davis,https://www.basketball-reference.com/players/j/jackstr02.html,2024,2023-12-28,GSW,MIA,,"L, 102-114",,25:44,4,9,0,0,2,2,4,7,11,1,0,2,1,1,10
Trayce Jackson-Davis,https://www.basketball-reference.com/players/j/jackstr02.html,2024,2023-12-30,GSW,DAL,,"L, 122-132",,28:57,8,11,0,0,1,3,3,3,6,2,1,0,1,4,17
Trayce Jackson-Davis,https://www.basketball-reference.com/players/j/jackstr02.html,2024,2024-01-02,GSW,ORL,,"W, 121-115",,23:31,3,4,0,0,4,6,2,2,4,2,1,2,3,1,10
Trayce Jackson-Davis,https://www.basketball-reference.com/players/j/jackstr02.html,2024,2024-01-04,GSW,DEN,,"L, 127-130",,20:32,2,4,0,0,0,0,2,0,2,2,0,0,2,4,4
Trayce Jackson-Davis,https://www.basketball-reference.com/players/j/jackstr02.html,2024,2024-01-05,GSW,DET,,"W, 113-109",,22:48,5,5,0,0,1,1,2,7,9,0,0,1,2,2,11
Trayce Jackson-Davis,https://www.basketball-reference.com/players/j/jackstr02.html,2024,2024-01-07,GSW,TOR,,"L, 118-133",,26:49,8,9,0,0,0,0,3,8,11,2,0,3,0,0,16
Trayce Jackson-Davis,https://www.basketball-reference.com/players/j/jackstr02.html,2024,2024-01-10,GSW,NOP,,"L, 105-141",,21:51,9,11,0,0,1,1,3,2,5,1,1,1,1,1,19
Trayce Jackson-Davis,https://www.basketball-reference.com/players/j/jackstr02.html,2024,2024-01-12,GSW,CHI,@,"W, 140-131",,17:04,4,5,0,0,5,7,3,4,7,2,1,1,1,2,13
Trayce Jackson-Davis,https://www.basketball-reference.com/players/j/jackstr02.html,2024,2024-01-13,GSW,MIL,@,"L, 118-129",,18:11,6,8,0,0,0,2,0,2,2,1,1,1,0,0,12
Trayce Jackson-Davis,https://www.basketball-reference.com/players/j/jackstr02.html,2024,2024-01-15,GSW,MEM,@,"L, 107-116",,09:45,0,2,0,0,0,0,0,2,2,1,0,1,0,2,0
Trayce Jackson-Davis,https://www.basketball-reference.com/players/j/jackstr02.html,2024,2024-01-24,GSW,ATL,,"W, 134-112",,15:17,2,4,0,0,0,4,2,4,6,1,0,2,0,2,4
Trayce Jackson-Davis,https://www.basketball-reference.com/players/j/jackstr02.html,2024,2024-01-25,GSW,SAC,,"L, 133-134",,,,,,,,,,,,,,,,,
Trayce Jackson-Davis,https://www.basketball-reference.com/players/j/jackstr02.html,2024,2024-01-27,GSW,LAL,,"L, 144-145 (2OT)",,05:51,2,2,0,0,0,1,0,1,1,0,1,0,0,1,4
Trayce Jackson-Davis,https://www.basketball-reference.com/players/j/jackstr02.html,2024,2024-01-30,GSW,PHI,,"W, 119-107",,12:15,3,5,0,0,0,0,2,2,4,0,0,0,0,0,6
Trayce Jackson-Davis,https://www.basketball-reference.com/players/j/jackstr02.html,2024,2024-02-02,GSW,MEM,@,"W, 121-101",,09:10,2,2,0,0,1,2,0,2,2,0,0,1,0,1,5
Trayce Jackson-Davis,https://www.basketball-reference.com/players/j/jackstr02.html,2024,2024-02-03,GSW,ATL,@,"L, 134-141 (OT)",,08:34,2,3,0,0,1,1,1,4,5,0,0,1,1,1,5
Trayce Jackson-Davis,https://www.basketball-reference.com/players/j/jackstr02.html,2024,2024-02-05,GSW,BRK,@,"W, 109-98",,,,,,,,,,,,,,,,,
Trayce Jackson-Davis,https://www.basketball-reference.com/players/j/jackstr02.html,2024,2024-02-07,GSW,PHI,@,"W, 127-104",,03:41,1,1,0,0,0,0,0,1,1,1,0,0,0,1,2
Trayce Jackson-Davis,https://www.basketball-reference.com/players/j/jackstr02.html,2024,2024-02-08,GSW,IND,@,"W, 131-109",,03:37,2,3,0,0,2,2,1,1,2,0,0,1,1,2,6
Trayce Jackson-Davis,https://www.basketball-reference.com/players/j/jackstr02.html,2024,2024-02-10,GSW,PHO,,"W, 113-112",,05:26,0,2,0,0,0,0,2,2,4,1,0,0,1,2,0
Trayce Jackson-Davis,https://www.basketball-reference.com/players/j/jackstr02.html,2024,2024-02-12,GSW,UTA,@,"W, 129-107",,09:13,4,4,0,0,3,5,3,1,4,1,0,1,0,0,11
Trayce Jackson-Davis,https://www.basketball-reference.com/players/j/jackstr02.html,2024,2024-02-14,GSW,LAC,,"L, 125-130",,,,,,,,,,,,,,,,,
Trayce Jackson-Davis,https://www.basketball-reference.com/players/j/jackstr02.html,2024,2024-02-15,GSW,UTA,@,"W, 140-137",,07:48,1,2,0,0,2,2,0,1,1,2,0,1,0,2,4
Trayce Jackson-Davis,https://www.basketball-reference.com/players/j/jackstr02.html,2024,2024-02-22,GSW,LAL,,"W, 128-110",,14:50,8,10,0,0,1,1,4,1,5,1,0,2,0,2,17
Trayce Jackson-Davis,https://www.basketball-reference.com/players/j/jackstr02.html,2024,2024-02-23,GSW,CHO,,"W, 97-84",,14:39,1,4,0,0,0,0,5,3,8,2,0,0,1,2,2
Trayce Jackson-Davis,https://www.basketball-reference.com/players/j/jackstr02.html,2024,2024-02-25,GSW,DEN,,"L, 103-119",,12:27,3,4,0,0,0,2,1,1,2,1,1,2,1,2,6
Trayce Jackson-Davis,https://www.basketball-reference.com/players/j/jackstr02.html,2024,2024-02-27,GSW,WAS,@,"W, 123-112",,08:49,2,2,0,0,1,2,1,1,2,0,0,1,0,1,5
Trayce Jackson-Davis,https://www.basketball-reference.com/players/j/jackstr02.html,2024,2024-02-29,GSW,NYK,@,"W, 110-99",,11:28,3,4,0,0,0,2,0,1,1,1,0,0,1,2,6
Trayce Jackson-Davis,https://www.basketball-reference.com/players/j/jackstr02.html,2024,2024-03-01,GSW,TOR,@,"W, 120-105",,16:04,3,4,0,0,3,4,2,2,4,0,0,0,0,3,9
Trayce Jackson-Davis,https://www.basketball-reference.com/players/j/jackstr02.html,2024,2024-03-03,GSW,BOS,@,"L, 88-140",,21:38,4,6,0,0,0,0,4,4,8,2,0,2,1,1,8
Trayce Jackson-Davis,https://www.basketball-reference.com/players/j/jackstr02.html,2024,2024-03-06,GSW,MIL,,"W, 125-90",,18:34,7,8,0,0,1,2,2,4,6,0,1,4,1,1,15
Trayce Jackson-Davis,https://www.basketball-reference.com/players/j/jackstr02.html,2024,2024-03-07,GSW,CHI,,"L, 122-125",,17:58,3,3,0,0,2,3,0,4,4,2,1,0,0,4,8
Trayce Jackson-Davis,https://www.basketball-reference.com/players/j/jackstr02.html,2024,2024-03-09,GSW,SAS,,"L, 113-126",,23:40,5,5,0,0,1,5,1,5,6,0,1,3,1,4,11
Trayce Jackson-Davis,https://www.basketball-reference.com/players/j/jackstr02.html,2024,2024-03-11,GSW,SAS,@,"W, 112-102",,26:28,6,7,0,0,1,1,3,7,10,5,0,0,1,0,13
Trayce Jackson-Davis,https://www.basketball-reference.com/players/j/jackstr02.html,2024,2024-03-13,GSW,DAL,@,"L, 99-109",,25:12,5,9,0,0,0,0,6,3,9,1,0,1,1,1,10
Trayce Jackson-Davis,https://www.basketball-reference.com/players/j/jackstr02.html,2024,2024-03-16,GSW,LAL,@,"W, 128-121",,21:21,4,5,0,0,2,2,2,1,3,4,0,2,1,2,10
Trayce Jackson-Davis,https://www.basketball-reference.com/players/j/jackstr02.html,2024,2024-03-18,GSW,NYK,,"L, 112-119",,25:43,9,9,0,0,1,2,3,6,9,2,0,3,0,2,19
Trayce Jackson-Davis,https://www.basketball-reference.com/players/j/jackstr02.html,2024,2024-03-20,GSW,MEM,,"W, 137-116",,25:31,6,8,0,0,1,4,0,5,5,2,0,2,0,3,13
Trayce Jackson-Davis,https://www.basketball-reference.com/players/j/jackstr02.html,2024,2024-03-22,GSW,IND,,"L, 111-123",,25:46,4,5,0,0,1,3,5,5,10,2,1,2,1,1,9
Trayce Jackson-Davis,https://www.basketball-reference.com/players/j/jackstr02.html,2024,2024-03-24,GSW,MIN,@,"L, 110-114",,28:25,2,6,0,0,2,4,2,3,5,0,3,2,1,1,6
Trayce Jackson-Davis,https://www.basketball-reference.com/players/j/jackstr02.html,2024,2024-03-26,GSW,MIA,@,"W, 113-92",,,,,,,,,,,,,,,,,
Trayce Jackson-Davis,https://www.basketball-reference.com/players/j/jackstr02.html,2024,2024-03-27,GSW,ORL,@,"W, 101-93",,33:14,4,8,0,1,0,0,5,9,14,3,1,1,0,1,8
Trayce Jackson-Davis,https://www.basketball-reference.com/players/j/jackstr02.html,2024,2024-03-29,GSW,CHO,@,"W, 115-97",,30:48,9,13,0,0,0,0,4,4,8,1,2,3,0,2,18
Trayce Jackson-Davis,https://www.basketball-reference.com/players/j/jackstr02.html,2024,2024-03-31,GSW,SAS,@,"W, 117-113",,28:17,3,5,0,0,1,2,4,3,7,3,2,1,1,2,7
Trayce Jackson-Davis,https://www.basketball-reference.com/players/j/jackstr02.html,2024,2024-04-02,GSW,DAL,,"W, 104-100",,21:02,2,3,0,0,0,0,2,8,10,1,0,0,3,0,4
Trayce Jackson-Davis,https://www.basketball-reference.com/players/j/jackstr02.html,2024,2024-04-04,GSW,HOU,@,"W, 133-110",,27:48,8,10,0,0,4,4,2,3,5,4,1,1,1,3,20
Trayce Jackson-Davis,https://www.basketball-reference.com/players/j/jackstr02.html,2024,2024-04-05,GSW,DAL,@,"L, 106-108",,19:44,3,8,0,0,2,4,5,3,8,1,1,1,1,0,8
Trayce Jackson-Davis,https://www.basketball-reference.com/players/j/jackstr02.html,2024,2024-04-07,GSW,UTA,,"W, 118-110",,22:50,8,10,0,0,0,0,2,5,7,0,0,4,2,2,16
Trayce Jackson-Davis,https://www.basketball-reference.com/players/j/jackstr02.html,2024,2024-04-09,GSW,LAL,@,"W, 134-120",,24:44,2,5,0,0,3,5,2,5,7,0,0,3,1,0,7
Trayce Jackson-Davis,https://www.basketball-reference.com/players/j/jackstr02.html,2024,2024-04-11,GSW,POR,@,"W, 100-92",,27:03,3,4,0,0,4,4,3,5,8,4,1,4,1,1,10
Trayce Jackson-Davis,https://www.basketball-reference.com/players/j/jackstr02.html,2024,2024-04-12,GSW,NOP,,"L, 109-114",,21:43,5,7,0,0,0,3,3,8,11,2,1,0,1,2,10
Trayce Jackson-Davis,https://www.basketball-reference.com/players/j/jackstr02.html,2024,2024-04-14,GSW,UTA,,"W, 123-116",,20:50,4,4,0,0,0,1,0,0,0,1,0,0,1,1,8
Brandin Podziemski,https://www.basketball-reference.com/players/p/podzibr01.html,2024,2023-10-24,GSW,PHO,,"L, 104-108",,,,,,,,,,,,,,,,,
Brandin Podziemski,https://www.basketball-reference.com/players/p/podzibr01.html,2024,2023-10-27,GSW,SAC,@,"W, 122-114",,,,,,,,,,,,,,,,,
Brandin Podziemski,https://www.basketball-reference.com/players/p/podzibr01.html,2024,2023-10-29,GSW,HOU,@,"W, 106-95",,,,,,,,,,,,,,,,,
Brandin Podziemski,https://www.basketball-reference.com/players/p/podzibr01.html,2024,2023-10-30,GSW,NOP,@,"W, 130-102",,22:48,2,5,0,1,1,2,1,7,8,2,0,0,2,4,5
Brandin Podziemski,https://www.basketball-reference.com/players/p/podzibr01.html,2024,,,,,,,,,,,,,,,,,,,,,,
Brandin Podziemski,https://www.basketball-reference.com/players/p/podzibr01.html,2024,2023-11-01,GSW,SAC,,"W, 102-101",,,,,,,,,,,,,,,,,
Brandin Podziemski,https://www.basketball-reference.com/players/p/podzibr01.html,2024,2023-11-03,GSW,OKC,@,"W, 141-139",,,,,,,,,,,,,,,,,
Brandin Podziemski,https://www.basketball-reference.com/players/p/podzibr01.html,2024,2023-11-05,GSW,CLE,@,"L, 104-115",,08:17,0,2,0,1,0,0,1,1,2,2,0,0,2,0,0
Brandin Podziemski,https://www.basketball-reference.com/players/p/podzibr01.html,2024,2023-11-06,GSW,DET,@,"W, 120-109",,00:29,0,0,0,0,0,0,0,0,0,0,0,0,0,0,0
Brandin Podziemski,https://www.basketball-reference.com/players/p/podzibr01.html,2024,2023-11-08,GSW,DEN,@,"L, 105-108",,11:14,2,3,0,0,1,1,1,2,3,2,0,0,0,2,5
Brandin Podziemski,https://www.basketball-reference.com/players/p/podzibr01.html,2024,2023-11-11,GSW,CLE,,"L, 110-118",,08:21,1,2,0,0,0,0,1,1,2,2,1,0,1,1,2
Brandin Podziemski,https://www.basketball-reference.com/players/p/podzibr01.html,2024,2023-11-12,GSW,MIN,,"L, 110-116",,01:16,3,5,2,2,0,0,1,0,1,0,1,0,0,0,8
Brandin Podziemski,https://www.basketball-reference.com/players/p/podzibr01.html,2024,2023-11-14,GSW,MIN,,"L, 101-104",,38:57,9,18,3,8,2,2,1,6,7,5,1,0,3,4,23
Brandin Podziemski,https://www.basketball-reference.com/players/p/podzibr01.html,2024,2023-11-16,GSW,OKC,,"L, 109-128",,25:00,4,7,3,4,2,2,2,6,8,3,0,0,1,5,13
Brandin Podziemski,https://www.basketball-reference.com/players/p/podzibr01.html,2024,2023-11-18,GSW,OKC,,"L, 123-130 (OT)",,25:02,2,6,1,4,3,4,0,3,3,3,0,0,3,0,8
Brandin Podziemski,https://www.basketball-reference.com/players/p/podzibr01.html,2024,2023-11-20,GSW,HOU,,"W, 121-116",,17:57,1,2,1,2,0,0,0,5,5,3,0,0,0,2,3
Brandin Podziemski,https://www.basketball-reference.com/players/p/podzibr01.html,2024,2023-11-22,GSW,PHO,@,"L, 115-123",,23:26,4,9,1,3,1,2,2,2,4,2,3,0,0,1,10
Brandin Podziemski,https://www.basketball-reference.com/players/p/podzibr01.html,2024,2023-11-24,GSW,SAS,,"W, 118-112",,11:46,0,5,0,2,0,0,1,2,3,2,0,0,1,0,0
Brandin Podziemski,https://www.basketball-reference.com/players/p/podzibr01.html,2024,2023-11-28,GSW,SAC,@,"L, 123-124",,,,,,,,,,,,,,,,,
Brandin Podziemski,https://www.basketball-reference.com/players/p/podzibr01.html,2024,2023-11-30,GSW,LAC,,"W, 120-114",,31:15,5,10,2,4,1,2,2,6,8,2,0,0,0,2,13
Brandin Podziemski,https://www.basketball-reference.com/players/p/podzibr01.html,2024,2023-12-02,GSW,LAC,@,"L, 112-113",,36:31,5,9,2,3,0,0,0,6,6,3,1,2,1,2,12
Brandin Podziemski,https://www.basketball-reference.com/players/p/podzibr01.html,2024,2023-12-06,GSW,POR,,"W, 110-106",,21:12,1,3,1,1,0,2,1,4,5,1,0,0,1,2,3
Brandin Podziemski,https://www.basketball-reference.com/players/p/podzibr01.html,2024,2023-12-08,GSW,OKC,@,"L, 136-138 (OT)",,23:00,5,11,1,4,1,1,5,1,6,4,1,0,1,2,12
Brandin Podziemski,https://www.basketball-reference.com/players/p/podzibr01.html,2024,2023-12-12,GSW,PHO,@,"L, 116-119",,28:36,9,14,2,4,0,1,5,6,11,5,1,0,3,2,20
Brandin Podziemski,https://www.basketball-reference.com/players/p/podzibr01.html,2024,2023-12-14,GSW,LAC,@,"L, 113-121",,34:33,2,11,0,3,0,0,4,3,7,2,3,1,3,2,4
Brandin Podziemski,https://www.basketball-reference.com/players/p/podzibr01.html,2024,2023-12-16,GSW,BRK,,"W, 124-120",,32:08,7,15,4,9,1,2,1,4,5,5,3,1,5,4,19
Brandin Podziemski,https://www.basketball-reference.com/players/p/podzibr01.html,2024,2023-12-17,GSW,POR,@,"W, 118-114",,33:24,4,8,0,2,2,2,0,5,5,5,1,0,1,3,10
Brandin Podziemski,https://www.basketball-reference.com/players/p/podzibr01.html,2024,2023-12-19,GSW,BOS,,"W, 132-126 (OT)",,16:16,2,4,1,3,0,0,1,4,5,1,1,0,1,2,5
Brandin Podziemski,https://www.basketball-reference.com/players/p/podzibr01.html,2024,2023-12-22,GSW,WAS,,"W, 129-118",,28:57,3,9,2,5,2,2,3,4,7,5,1,0,1,2,10
Brandin Podziemski,https://www.basketball-reference.com/players/p/podzibr01.html,2024,2023-12-23,GSW,POR,,"W, 126-106",,31:32,7,12,1,5,0,0,1,9,10,7,1,1,2,1,15
Brandin Podziemski,https://www.basketball-reference.com/players/p/podzibr01.html,2024,2023-12-25,GSW,DEN,@,"L, 114-120",,34:24,4,7,3,4,2,2,4,5,9,6,5,0,2,1,13
Brandin Podziemski,https://www.basketball-reference.com/players/p/podzibr01.html,2024,2023-12-28,GSW,MIA,,"L, 102-114",,27:47,4,9,2,5,0,0,1,2,3,6,0,0,1,2,10
Brandin Podziemski,https://www.basketball-reference.com/players/p/podzibr01.html,2024,2023-12-30,GSW,DAL,,"L, 122-132",,28:52,5,8,3,5,0,0,1,8,9,4,1,0,2,1,13
Brandin Podziemski,https://www.basketball-reference.com/players/p/podzibr01.html,2024,2024-01-02,GSW,ORL,,"W, 121-115",,28:26,4,7,1,3,1,4,1,3,4,2,2,0,0,2,10
Brandin Podziemski,https://www.basketball-reference.com/players/p/podzibr01.html,2024,2024-01-04,GSW,DEN,,"L, 127-130",,28:15,5,10,3,4,0,0,0,2,2,5,1,0,0,2,13
Brandin Podziemski,https://www.basketball-reference.com/players/p/podzibr01.html,2024,2024-01-05,GSW,DET,,"W, 113-109",,24:38,4,7,2,2,1,3,2,3,5,5,1,0,1,2,11
Brandin Podziemski,https://www.basketball-reference.com/players/p/podzibr01.html,2024,2024-01-07,GSW,TOR,,"L, 118-133",,28:33,2,11,1,8,0,0,2,6,8,4,0,0,0,1,5
Brandin Podziemski,https://www.basketball-reference.com/players/p/podzibr01.html,2024,2024-01-10,GSW,NOP,,"L, 105-141",,25:27,1,6,0,2,0,0,3,6,9,2,0,0,2,1,2
Brandin Podziemski,https://www.basketball-reference.com/players/p/podzibr01.html,2024,2024-01-12,GSW,CHI,@,"W, 140-131",,27:13,2,8,0,4,1,1,1,2,3,4,0,0,0,3,5
Brandin Podziemski,https://www.basketball-reference.com/players/p/podzibr01.html,2024,2024-01-13,GSW,MIL,@,"L, 118-129",,35:44,10,14,3,5,0,1,1,9,10,3,2,0,0,3,23
Brandin Podziemski,https://www.basketball-reference.com/players/p/podzibr01.html,2024,2024-01-15,GSW,MEM,@,"L, 107-116",,26:53,4,12,0,3,0,0,2,2,4,4,0,0,2,4,8
Brandin Podziemski,https://www.basketball-reference.com/players/p/podzibr01.html,2024,2024-01-24,GSW,ATL,,"W, 134-112",,26:42,5,9,0,1,0,0,0,3,3,2,0,0,2,1,10
Brandin Podziemski,https://www.basketball-reference.com/players/p/podzibr01.html,2024,2024-01-25,GSW,SAC,,"L, 133-134",,26:54,3,5,1,2,0,0,1,2,3,2,0,0,1,2,7
Brandin Podziemski,https://www.basketball-reference.com/players/p/podzibr01.html,2024,2024-01-27,GSW,LAL,,"L, 144-145 (2OT)",,27:58,4,9,1,3,1,1,4,3,7,5,1,0,1,1,10
Brandin Podziemski,https://www.basketball-reference.com/players/p/podzibr01.html,2024,2024-01-30,GSW,PHI,,"W, 119-107",,36:33,5,11,1,5,0,1,1,5,6,3,0,0,3,2,11
Brandin Podziemski,https://www.basketball-reference.com/players/p/podzibr01.html,2024,2024-02-02,GSW,MEM,@,"W, 121-101",,34:04,5,8,0,2,2,2,1,6,7,14,2,1,0,2,12
Brandin Podziemski,https://www.basketball-reference.com/players/p/podzibr01.html,2024,2024-02-03,GSW,ATL,@,"L, 134-141 (OT)",,38:52,6,12,0,2,3,5,2,9,11,5,0,1,0,4,15
Brandin Podziemski,https://www.basketball-reference.com/players/p/podzibr01.html,2024,2024-02-05,GSW,BRK,@,"W, 109-98",,37:56,6,14,0,4,3,4,3,8,11,3,0,0,0,3,15
Brandin Podziemski,https://www.basketball-reference.com/players/p/podzibr01.html,2024,2024-02-07,GSW,PHI,@,"W, 127-104",,25:21,3,8,0,2,0,0,1,4,5,5,2,0,0,2,6
Brandin Podziemski,https://www.basketball-reference.com/players/p/podzibr01.html,2024,2024-02-08,GSW,IND,@,"W, 131-109",,33:52,3,9,0,1,3,4,1,6,7,7,2,1,2,3,9
Brandin Podziemski,https://www.basketball-reference.com/players/p/podzibr01.html,2024,2024-02-10,GSW,PHO,,"W, 113-112",,35:11,4,12,2,4,0,0,1,7,8,7,0,0,2,1,10
Brandin Podziemski,https://www.basketball-reference.com/players/p/podzibr01.html,2024,2024-02-12,GSW,UTA,@,"W, 129-107",,24:55,4,9,2,3,0,0,0,4,4,3,1,0,4,1,10
Brandin Podziemski,https://www.basketball-reference.com/players/p/podzibr01.html,2024,2024-02-14,GSW,LAC,,"L, 125-130",,32:24,9,12,5,5,2,6,1,6,7,8,1,0,1,1,25
Brandin Podziemski,https://www.basketball-reference.com/players/p/podzibr01.html,2024,2024-02-15,GSW,UTA,@,"W, 140-137",,33:46,5,12,3,7,0,0,3,3,6,8,0,0,2,1,13
Brandin Podziemski,https://www.basketball-reference.com/players/p/podzibr01.html,2024,2024-02-22,GSW,LAL,,"W, 128-110",,27:50,3,12,2,6,2,2,3,6,9,1,0,0,2,1,10
Brandin Podziemski,https://www.basketball-reference.com/players/p/podzibr01.html,2024,2024-02-23,GSW,CHO,,"W, 97-84",,31:14,6,12,1,6,0,0,1,5,6,6,0,0,0,0,13
Brandin Podziemski,https://www.basketball-reference.com/players/p/podzibr01.html,2024,2024-02-25,GSW,DEN,,"L, 103-119",,30:06,2,6,0,1,0,0,2,4,6,4,1,0,2,0,4
Brandin Podziemski,https://www.basketball-reference.com/players/p/podzibr01.html,2024,2024-02-27,GSW,WAS,@,"W, 123-112",,28:04,3,8,1,2,0,0,2,2,4,4,2,1,2,2,7
Brandin Podziemski,https://www.basketball-reference.com/players/p/podzibr01.html,2024,2024-02-29,GSW,NYK,@,"W, 110-99",,32:13,1,6,0,4,0,1,1,2,3,4,1,0,0,1,2
Brandin Podziemski,https://www.basketball-reference.com/players/p/podzibr01.html,2024,2024-03-01,GSW,TOR,@,"W, 120-105",,,,,,,,,,,,,,,,,
Brandin Podziemski,https://www.basketball-reference.com/players/p/podzibr01.html,2024,2024-03-03,GSW,BOS,@,"L, 88-140",,,,,,,,,,,,,,,,,
Brandin Podziemski,https://www.basketball-reference.com/players/p/podzibr01.html,2024,2024-03-06,GSW,MIL,,"W, 125-90",,26:16,3,7,2,5,0,0,1,6,7,3,0,1,1,1,8
Brandin Podziemski,https://www.basketball-reference.com/players/p/podzibr01.html,2024,2024-03-07,GSW,CHI,,"L, 122-125",,26:58,4,7,1,2,2,4,1,3,4,4,1,0,0,1,11
Brandin Podziemski,https://www.basketball-reference.com/players/p/podzibr01.html,2024,2024-03-09,GSW,SAS,,"L, 113-126",,30:37,2,7,1,1,3,4,4,2,6,7,1,1,2,0,8
Brandin Podziemski,https://www.basketball-reference.com/players/p/podzibr01.html,2024,2024-03-11,GSW,SAS,@,"W, 112-102",,34:32,5,10,3,5,1,1,1,7,8,4,1,1,2,2,14
Brandin Podziemski,https://www.basketball-reference.com/players/p/podzibr01.html,2024,2024-03-13,GSW,DAL,@,"L, 99-109",,27:41,4,12,2,5,1,2,1,4,5,6,4,0,2,1,11
Brandin Podziemski,https://www.basketball-reference.com/players/p/podzibr01.html,2024,2024-03-16,GSW,LAL,@,"W, 128-121",,34:45,2,4,1,2,0,0,3,2,5,3,0,0,1,1,5
Brandin Podziemski,https://www.basketball-reference.com/players/p/podzibr01.html,2024,2024-03-18,GSW,NYK,,"L, 112-119",,25:04,0,2,0,1,0,0,1,1,2,2,0,1,1,3,0
Brandin Podziemski,https://www.basketball-reference.com/players/p/podzibr01.html,2024,2024-03-20,GSW,MEM,,"W, 137-116",,22:51,1,6,0,2,0,0,1,4,5,4,2,0,1,0,2
Brandin Podziemski,https://www.basketball-reference.com/players/p/podzibr01.html,2024,2024-03-22,GSW,IND,,"L, 111-123",,27:09,5,8,3,5,0,0,5,5,10,2,1,0,2,2,13
Brandin Podziemski,https://www.basketball-reference.com/players/p/podzibr01.html,2024,2024-03-24,GSW,MIN,@,"L, 110-114",,18:37,2,4,1,3,2,2,0,2,2,0,0,0,0,2,7
Brandin Podziemski,https://www.basketball-reference.com/players/p/podzibr01.html,2024,2024-03-26,GSW,MIA,@,"W, 113-92",,22:02,3,5,0,2,0,1,1,4,5,1,1,0,1,1,6
Brandin Podziemski,https://www.basketball-reference.com/players/p/podzibr01.html,2024,2024-03-27,GSW,ORL,@,"W, 101-93",,21:29,3,10,0,2,0,0,4,5,9,1,1,0,0,2,6
Brandin Podziemski,https://www.basketball-reference.com/players/p/podzibr01.html,2024,2024-03-29,GSW,CHO,@,"W, 115-97",,25:43,2,5,0,2,0,0,1,4,5,3,0,0,0,3,4
Brandin Podziemski,https://www.basketball-reference.com/players/p/podzibr01.html,2024,2024-03-31,GSW,SAS,@,"W, 117-113",,23:35,5,11,2,5,0,0,3,4,7,4,2,0,1,1,12
Brandin Podziemski,https://www.basketball-reference.com/players/p/podzibr01.html,2024,2024-04-02,GSW,DAL,,"W, 104-100",,30:40,2,4,1,1,0,0,1,9,10,5,0,0,1,3,5
Brandin Podziemski,https://www.basketball-reference.com/players/p/podzibr01.html,2024,2024-04-04,GSW,HOU,@,"W, 133-110",,24:24,2,5,0,0,0,0,2,2,4,2,1,0,2,1,4
Brandin Podziemski,https://www.basketball-reference.com/players/p/podzibr01.html,2024,2024-04-05,GSW,DAL,@,"L, 106-108",,25:01,6,11,2,2,0,0,1,3,4,5,0,0,2,4,14
Brandin Podziemski,https://www.basketball-reference.com/players/p/podzibr01.html,2024,2024-04-07,GSW,UTA,,"W, 118-110",,30:47,6,10,2,4,2,2,2,5,7,6,0,0,1,0,16
Brandin Podziemski,https://www.basketball-reference.com/players/p/podzibr01.html,2024,2024-04-09,GSW,LAL,@,"W, 134-120",,20:21,5,6,3,3,0,0,1,2,3,2,0,0,1,0,13
Brandin Podziemski,https://www.basketball-reference.com/players/p/podzibr01.html,2024,2024-04-11,GSW,POR,@,"W, 100-92",,32:42,4,9,0,1,1,1,1,2,3,4,0,0,0,1,9
Brandin Podziemski,https://www.basketball-reference.com/players/p/podzibr01.html,2024,2024-04-12,GSW,NOP,,"L, 109-114",,23:27,2,4,1,3,0,0,0,7,7,1,0,1,1,0,5
Brandin Podziemski,https://www.basketball-reference.com/players/p/podzibr01.html,2024,2024-04-14,GSW,UTA,,"W, 123-116",,21:27,3,7,1,3,0,0,3,6,9,2,2,0,0,0,7
Gui Santos,https://www.basketball-reference.com/players/s/santogu01.html,2024,2023-11-08,GSW,DEN,@,"L, 105-108",,,,,,,,,,,,,,,,,
Gui Santos,https://www.basketball-reference.com/players/s/santogu01.html,2024,2023-11-11,GSW,CLE,,"L, 110-118",,,,,,,,,,,,,,,,,
Gui Santos,https://www.basketball-reference.com/players/s/santogu01.html,2024,2023-11-12,GSW,MIN,,"L, 110-116",,,,,,,,,,,,,,,,,
Gui Santos,https://www.basketball-reference.com/players/s/santogu01.html,2024,2023-11-14,GSW,MIN,,"L, 101-104",,,,,,,,,,,,,,,,,
Gui Santos,https://www.basketball-reference.com/players/s/santogu01.html,2024,2023-11-16,GSW,OKC,,"L, 109-128",,03:52,1,3,0,1,0,0,2,1,3,1,0,0,0,0,2
Gui Santos,https://www.basketball-reference.com/players/s/santogu01.html,2024,2023-11-18,GSW,OKC,,"L, 123-130 (OT)",,,,,,,,,,,,,,,,,
Gui Santos,https://www.basketball-reference.com/players/s/santogu01.html,2024,2023-11-20,GSW,HOU,,"W, 121-116",,,,,,,,,,,,,,,,,
Gui Santos,https://www.basketball-reference.com/players/s/santogu01.html,2024,2023-11-22,GSW,PHO,@,"L, 115-123",,08:14,1,1,0,0,0,0,0,1,1,0,0,0,2,2,2
Gui Santos,https://www.basketball-reference.com/players/s/santogu01.html,2024,2023-11-24,GSW,SAS,,"W, 118-112",,,,,,,,,,,,,,,,,
Gui Santos,https://www.basketball-reference.com/players/s/santogu01.html,2024,2023-11-28,GSW,SAC,@,"L, 123-124",,,,,,,,,,,,,,,,,
Gui Santos,https://www.basketball-reference.com/players/s/santogu01.html,2024,2023-11-30,GSW,LAC,,"W, 120-114",,,,,,,,,,,,,,,,,
Gui Santos,https://www.basketball-reference.com/players/s/santogu01.html,2024,,,,,,,,,,,,,,,,,,,,,,
Gui Santos,https://www.basketball-reference.com/players/s/santogu01.html,2024,2023-12-02,GSW,LAC,@,"L, 112-113",,,,,,,,,,,,,,,,,
Gui Santos,https://www.basketball-reference.com/players/s/santogu01.html,2024,2023-12-06,GSW,POR,,"W, 110-106",,,,,,,,,,,,,,,,,
Gui Santos,https://www.basketball-reference.com/players/s/santogu01.html,2024,2023-12-08,GSW,OKC,@,"L, 136-138 (OT)",,,,,,,,,,,,,,,,,
Gui Santos,https://www.basketball-reference.com/players/s/santogu01.html,2024,2023-12-12,GSW,PHO,@,"L, 116-119",,,,,,,,,,,,,,,,,
Gui Santos,https://www.basketball-reference.com/players/s/santogu01.html,2024,2023-12-14,GSW,LAC,@,"L, 113-121",,,,,,,,,,,,,,,,,
Gui Santos,https://www.basketball-reference.com/players/s/santogu01.html,2024,2023-12-16,GSW,BRK,,"W, 124-120",,,,,,,,,,,,,,,,,
Gui Santos,https://www.basketball-reference.com/players/s/santogu01.html,2024,2023-12-17,GSW,POR,@,"W, 118-114",,,,,,,,,,,,,,,,,
Gui Santos,https://www.basketball-reference.com/players/s/santogu01.html,2024,2023-12-19,GSW,BOS,,"W, 132-126 (OT)",,,,,,,,,,,,,,,,,
Gui Santos,https://www.basketball-reference.com/players/s/santogu01.html,2024,2023-12-22,GSW,WAS,,"W, 129-118",,06:05,2,3,1,2,2,2,1,1,2,0,0,0,0,1,7
Gui Santos,https://www.basketball-reference.com/players/s/santogu01.html,2024,2023-12-23,GSW,POR,,"W, 126-106",,03:49,0,0,0,0,2,2,1,1,2,0,0,0,0,0,2
Gui Santos,https://www.basketball-reference.com/players/s/santogu01.html,2024,2023-12-25,GSW,DEN,@,"L, 114-120",,,,,,,,,,,,,,,,,
Gui Santos,https://www.basketball-reference.com/players/s/santogu01.html,2024,2023-12-28,GSW,MIA,,"L, 102-114",,,,,,,,,,,,,,,,,
Gui Santos,https://www.basketball-reference.com/players/s/santogu01.html,2024,2023-12-30,GSW,DAL,,"L, 122-132",,,,,,,,,,,,,,,,,
Gui Santos,https://www.basketball-reference.com/players/s/santogu01.html,2024,2024-01-02,GSW,ORL,,"W, 121-115",,,,,,,,,,,,,,,,,
Gui Santos,https://www.basketball-reference.com/players/s/santogu01.html,2024,2024-01-04,GSW,DEN,,"L, 127-130",,,,,,,,,,,,,,,,,
Gui Santos,https://www.basketball-reference.com/players/s/santogu01.html,2024,2024-01-05,GSW,DET,,"W, 113-109",,,,,,,,,,,,,,,,,
Gui Santos,https://www.basketball-reference.com/players/s/santogu01.html,2024,2024-01-07,GSW,TOR,,"L, 118-133",,,,,,,,,,,,,,,,,
Gui Santos,https://www.basketball-reference.com/players/s/santogu01.html,2024,2024-01-10,GSW,NOP,,"L, 105-141",,09:56,0,3,0,3,2,2,0,3,3,1,0,0,0,0,2
Gui Santos,https://www.basketball-reference.com/players/s/santogu01.html,2024,2024-01-12,GSW,CHI,@,"W, 140-131",,,,,,,,,,,,,,,,,
Gui Santos,https://www.basketball-reference.com/players/s/santogu01.html,2024,2024-01-13,GSW,MIL,@,"L, 118-129",,,,,,,,,,,,,,,,,
Gui Santos,https://www.basketball-reference.com/players/s/santogu01.html,2024,2024-01-15,GSW,MEM,@,"L, 107-116",,,,,,,,,,,,,,,,,
Gui Santos,https://www.basketball-reference.com/players/s/santogu01.html,2024,2024-01-24,GSW,ATL,,"W, 134-112",,02:54,0,1,0,0,0,0,1,0,1,0,0,0,0,0,0
Gui Santos,https://www.basketball-reference.com/players/s/santogu01.html,2024,2024-01-25,GSW,SAC,,"L, 133-134",,,,,,,,,,,,,,,,,
Gui Santos,https://www.basketball-reference.com/players/s/santogu01.html,2024,2024-01-27,GSW,LAL,,"L, 144-145 (2OT)",,,,,,,,,,,,,,,,,
Gui Santos,https://www.basketball-reference.com/players/s/santogu01.html,2024,2024-01-30,GSW,PHI,,"W, 119-107",,,,,,,,,,,,,,,,,
Gui Santos,https://www.basketball-reference.com/players/s/santogu01.html,2024,2024-02-02,GSW,MEM,@,"W, 121-101",,10:46,2,2,0,0,0,0,1,1,2,0,0,0,0,2,4
Gui Santos,https://www.basketball-reference.com/players/s/santogu01.html,2024,2024-02-03,GSW,ATL,@,"L, 134-141 (OT)",,15:04,0,2,0,2,2,2,1,1,2,3,0,0,1,4,2
Gui Santos,https://www.basketball-reference.com/players/s/santogu01.html,2024,2024-02-05,GSW,BRK,@,"W, 109-98",,17:43,3,5,0,0,3,3,2,3,5,0,1,2,0,2,9
Gui Santos,https://www.basketball-reference.com/players/s/santogu01.html,2024,2024-02-07,GSW,PHI,@,"W, 127-104",,08:02,0,2,0,1,2,2,0,1,1,1,1,0,0,2,2
Gui Santos,https://www.basketball-reference.com/players/s/santogu01.html,2024,2024-02-08,GSW,IND,@,"W, 131-109",,20:48,5,8,2,2,1,2,2,6,8,1,0,0,0,1,13
Gui Santos,https://www.basketball-reference.com/players/s/santogu01.html,2024,2024-02-10,GSW,PHO,,"W, 113-112",,,,,,,,,,,,,,,,,
Gui Santos,https://www.basketball-reference.com/players/s/santogu01.html,2024,2024-02-12,GSW,UTA,@,"W, 129-107",,02:16,1,2,1,2,0,0,1,1,2,0,1,0,0,0,3
Gui Santos,https://www.basketball-reference.com/players/s/santogu01.html,2024,2024-02-14,GSW,LAC,,"L, 125-130",,,,,,,,,,,,,,,,,
Gui Santos,https://www.basketball-reference.com/players/s/santogu01.html,2024,2024-02-15,GSW,UTA,@,"W, 140-137",,,,,,,,,,,,,,,,,
Gui Santos,https://www.basketball-reference.com/players/s/santogu01.html,2024,2024-02-22,GSW,LAL,,"W, 128-110",,03:49,1,1,1,1,0,0,0,0,0,0,0,0,0,0,3
Gui Santos,https://www.basketball-reference.com/players/s/santogu01.html,2024,2024-02-23,GSW,CHO,,"W, 97-84",,05:04,1,1,1,1,0,0,0,2,2,0,0,0,1,2,3
Gui Santos,https://www.basketball-reference.com/players/s/santogu01.html,2024,2024-02-25,GSW,DEN,,"L, 103-119",,,,,,,,,,,,,,,,,
Gui Santos,https://www.basketball-reference.com/players/s/santogu01.html,2024,2024-02-27,GSW,WAS,@,"W, 123-112",,,,,,,,,,,,,,,,,
Gui Santos,https://www.basketball-reference.com/players/s/santogu01.html,2024,2024-02-29,GSW,NYK,@,"W, 110-99",,,,,,,,,,,,,,,,,
Gui Santos,https://www.basketball-reference.com/players/s/santogu01.html,2024,2024-03-01,GSW,TOR,@,"W, 120-105",,,,,,,,,,,,,,,,,
Gui Santos,https://www.basketball-reference.com/players/s/santogu01.html,2024,2024-03-03,GSW,BOS,@,"L, 88-140",,19:16,2,4,1,2,0,0,3,6,9,3,0,0,3,0,5
Gui Santos,https://www.basketball-reference.com/players/s/santogu01.html,2024,2024-03-06,GSW,MIL,,"W, 125-90",,04:15,0,1,0,1,0,0,0,0,0,0,0,0,0,0,0
Gui Santos,https://www.basketball-reference.com/players/s/santogu01.html,2024,2024-03-07,GSW,CHI,,"L, 122-125",,,,,,,,,,,,,,,,,
Gui Santos,https://www.basketball-reference.com/players/s/santogu01.html,2024,2024-03-09,GSW,SAS,,"L, 113-126",,05:31,0,0,0,0,0,0,0,1,1,1,0,0,0,1,0
Gui Santos,https://www.basketball-reference.com/players/s/santogu01.html,2024,2024-03-11,GSW,SAS,@,"W, 112-102",,,,,,,,,,,,,,,,,
Gui Santos,https://www.basketball-reference.com/players/s/santogu01.html,2024,2024-03-13,GSW,DAL,@,"L, 99-109",,,,,,,,,,,,,,,,,
Gui Santos,https://www.basketball-reference.com/players/s/santogu01.html,2024,2024-03-16,GSW,LAL,@,"W, 128-121",,,,,,,,,,,,,,,,,
Gui Santos,https://www.basketball-reference.com/players/s/santogu01.html,2024,2024-03-18,GSW,NYK,,"L, 112-119",,,,,,,,,,,,,,,,,
Gui Santos,https://www.basketball-reference.com/players/s/santogu01.html,2024,2024-03-20,GSW,MEM,,"W, 137-116",,03:42,0,1,0,1,0,0,0,0,0,0,0,0,0,1,0
Gui Santos,https://www.basketball-reference.com/players/s/santogu01.html,2024,2024-03-22,GSW,IND,,"L, 111-123",,,,,,,,,,,,,,,,,
Gui Santos,https://www.basketball-reference.com/players/s/santogu01.html,2024,2024-03-24,GSW,MIN,@,"L, 110-114",,,,,,,,,,,,,,,,,
Gui Santos,https://www.basketball-reference.com/players/s/santogu01.html,2024,2024-03-26,GSW,MIA,@,"W, 113-92",,01:34,2,2,1,1,0,0,0,0,0,0,0,0,0,0,5
Gui Santos,https://www.basketball-reference.com/players/s/santogu01.html,2024,2024-03-27,GSW,ORL,@,"W, 101-93",,05:33,1,2,1,2,0,0,0,0,0,0,0,0,0,1,3
Gui Santos,https://www.basketball-reference.com/players/s/santogu01.html,2024,2024-03-29,GSW,CHO,@,"W, 115-97",,,,,,,,,,,,,,,,,
Gui Santos,https://www.basketball-reference.com/players/s/santogu01.html,2024,2024-03-31,GSW,SAS,@,"W, 117-113",,,,,,,,,,,,,,,,,
Gui Santos,https://www.basketball-reference.com/players/s/santogu01.html,2024,2024-04-02,GSW,DAL,,"W, 104-100",,,,,,,,,,,,,,,,,
Gui Santos,https://www.basketball-reference.com/players/s/santogu01.html,2024,2024-04-04,GSW,HOU,@,"W, 133-110",,,,,,,,,,,,,,,,,
Gui Santos,https://www.basketball-reference.com/players/s/santogu01.html,2024,2024-04-05,GSW,DAL,@,"L, 106-108",,,,,,,,,,,,,,,,,
Gui Santos,https://www.basketball-reference.com/players/s/santogu01.html,2024,2024-04-07,GSW,UTA,,"W, 118-110",,08:05,0,0,0,0,0,0,0,0,0,1,0,0,0,1,0
Gui Santos,https://www.basketball-reference.com/players/s/santogu01.html,2024,2024-04-09,GSW,LAL,@,"W, 134-120",,01:47,1,1,0,0,0,0,0,0,0,0,0,0,0,0,2
Gui Santos,https://www.basketball-reference.com/players/s/santogu01.html,2024,2024-04-11,GSW,POR,@,"W, 100-92",,,,,,,,,,,,,,,,,
Gui Santos,https://www.basketball-reference.com/players/s/santogu01.html,2024,2024-04-12,GSW,NOP,,"L, 109-114",,,,,,,,,,,,,,,,,
Gui Santos,https://www.basketball-reference.com/players/s/santogu01.html,2024,2024-04-14,GSW,UTA,,"W, 123-116",,24:01,5,10,1,5,2,2,2,3,5,2,1,0,0,3,13
Pat Spencer,https://www.basketball-reference.com/players/s/spencpa01.html,2024,2024-02-22,GSW,LAL,,"W, 128-110",,,,,,,,,,,,,,,,,
Pat Spencer,https://www.basketball-reference.com/players/s/spencpa01.html,2024,2024-02-23,GSW,CHO,,"W, 97-84",,,,,,,,,,,,,,,,,
Pat Spencer,https://www.basketball-reference.com/players/s/spencpa01.html,2024,2024-02-25,GSW,DEN,,"L, 103-119",,01:45,0,0,0,0,0,0,0,0,0,0,0,0,0,0,0
Pat Spencer,https://www.basketball-reference.com/players/s/spencpa01.html,2024,2024-02-27,GSW,WAS,@,"W, 123-112",,,,,,,,,,,,,,,,,
Pat Spencer,https://www.basketball-reference.com/players/s/spencpa01.html,2024,2024-02-29,GSW,NYK,@,"W, 110-99",,,,,,,,,,,,,,,,,
Pat Spencer,https://www.basketball-reference.com/players/s/spencpa01.html,2024,,,,,,,,,,,,,,,,,,,,,,
Pat Spencer,https://www.basketball-reference.com/players/s/spencpa01.html,2024,2024-03-01,GSW,TOR,@,"W, 120-105",,,,,,,,,,,,,,,,,
Pat Spencer,https://www.basketball-reference.com/players/s/spencpa01.html,2024,2024-03-03,GSW,BOS,@,"L, 88-140",,,,,,,,,,,,,,,,,
Pat Spencer,https://www.basketball-reference.com/players/s/spencpa01.html,2024,2024-03-06,GSW,MIL,,"W, 125-90",,,,,,,,,,,,,,,,,
Pat Spencer,https://www.basketball-reference.com/players/s/spencpa01.html,2024,2024-03-07,GSW,CHI,,"L, 122-125",,,,,,,,,,,,,,,,,
Pat Spencer,https://www.basketball-reference.com/players/s/spencpa01.html,2024,2024-03-09,GSW,SAS,,"L, 113-126",,01:36,0,0,0,0,0,0,0,0,0,1,0,0,0,0,0
Pat Spencer,https://www.basketball-reference.com/players/s/spencpa01.html,2024,2024-03-11,GSW,SAS,@,"W, 112-102",,,,,,,,,,,,,,,,,
Pat Spencer,https://www.basketball-reference.com/players/s/spencpa01.html,2024,2024-03-13,GSW,DAL,@,"L, 99-109",,,,,,,,,,,,,,,,,
Pat Spencer,https://www.basketball-reference.com/players/s/spencpa01.html,2024,2024-03-16,GSW,LAL,@,"W, 128-121",,,,,,,,,,,,,,,,,
Pat Spencer,https://www.basketball-reference.com/players/s/spencpa01.html,2024,2024-03-18,GSW,NYK,,"L, 112-119",,,,,,,,,,,,,,,,,
Pat Spencer,https://www.basketball-reference.com/players/s/spencpa01.html,2024,2024-03-20,GSW,MEM,,"W, 137-116",,02:35,1,1,0,0,0,0,0,0,0,1,0,0,0,0,2
Pat Spencer,https://www.basketball-reference.com/players/s/spencpa01.html,2024,2024-03-22,GSW,IND,,"L, 111-123",,,,,,,,,,,,,,,,,
Pat Spencer,https://www.basketball-reference.com/players/s/spencpa01.html,2024,2024-03-24,GSW,MIN,@,"L, 110-114",,,,,,,,,,,,,,,,,
Pat Spencer,https://www.basketball-reference.com/players/s/spencpa01.html,2024,2024-03-26,GSW,MIA,@,"W, 113-92",,,,,,,,,,,,,,,,,
Pat Spencer,https://www.basketball-reference.com/players/s/spencpa01.html,2024,2024-03-27,GSW,ORL,@,"W, 101-93",,,,,,,,,,,,,,,,,
Pat Spencer,https://www.basketball-reference.com/players/s/spencpa01.html,2024,2024-03-29,GSW,CHO,@,"W, 115-97",,,,,,,,,,,,,,,,,
Pat Spencer,https://www.basketball-reference.com/players/s/spencpa01.html,2024,2024-03-31,GSW,SAS,@,"W, 117-113",,,,,,,,,,,,,,,,,
Pat Spencer,https://www.basketball-reference.com/players/s/spencpa01.html,2024,2024-04-02,GSW,DAL,,"W, 104-100",,,,,,,,,,,,,,,,,
Pat Spencer,https://www.basketball-reference.com/players/s/spencpa01.html,2024,2024-04-04,GSW,HOU,@,"W, 133-110",,,,,,,,,,,,,,,,,
Pat Spencer,https://www.basketball-reference.com/players/s/spencpa01.html,2024,2024-04-05,GSW,DAL,@,"L, 106-108",,,,,,,,,,,,,,,,,
Pat Spencer,https://www.basketball-reference.com/players/s/spencpa01.html,2024,2024-04-07,GSW,UTA,,"W, 118-110",,02:47,0,0,0,0,0,0,0,0,0,0,0,0,0,0,0
Pat Spencer,https://www.basketball-reference.com/players/s/spencpa01.html,2024,2024-04-09,GSW,LAL,@,"W, 134-120",,01:47,0,0,0,0,0,0,0,0,0,0,0,0,0,1,0
Pat Spencer,https://www.basketball-reference.com/players/s/spencpa01.html,2024,2024-04-11,GSW,POR,@,"W, 100-92",,,,,,,,,,,,,,,,,
Pat Spencer,https://www.basketball-reference.com/players/s/spencpa01.html,2024,2024-04-12,GSW,NOP,,"L, 109-114",,,,,,,,,,,,,,,,,
Pat Spencer,https://www.basketball-reference.com/players/s/spencpa01.html,2024,2024-04-14,GSW,UTA,,"W, 123-116",,15:09,1,3,0,2,0,0,2,2,4,3,0,0,1,0,2
Jermaine Samuels,https://www.basketball-reference.com/players/s/samueje01.html,2024,2023-10-25,HOU,ORL,@,"L, 86-116",,06:27,0,0,0,0,0,0,0,0,0,0,0,0,0,1,0
Jermaine Samuels,https://www.basketball-reference.com/players/s/samueje01.html,2024,2023-10-27,HOU,SAS,@,"L, 122-126 (OT)",,,,,,,,,,,,,,,,,
Jermaine Samuels,https://www.basketball-reference.com/players/s/samueje01.html,2024,2023-10-29,HOU,GSW,,"L, 95-106",,,,,,,,,,,,,,,,,
Jermaine Samuels,https://www.basketball-reference.com/players/s/samueje01.html,2024,,,,,,,,,,,,,,,,,,,,,,
Jermaine Samuels,https://www.basketball-reference.com/players/s/samueje01.html,2024,2023-11-01,HOU,CHO,,"W, 128-119",,,,,,,,,,,,,,,,,
Jermaine Samuels,https://www.basketball-reference.com/players/s/samueje01.html,2024,2023-11-04,HOU,SAC,,"W, 107-89",,01:22,0,1,0,1,2,2,0,0,0,0,0,0,0,1,2
Jermaine Samuels,https://www.basketball-reference.com/players/s/samueje01.html,2024,2023-11-06,HOU,SAC,,"W, 122-97",,12:00,2,2,0,0,0,0,1,2,3,0,0,1,0,1,4
Jermaine Samuels,https://www.basketball-reference.com/players/s/samueje01.html,2024,2023-11-08,HOU,LAL,,"W, 128-94",,,,,,,,,,,,,,,,,
Jermaine Samuels,https://www.basketball-reference.com/players/s/samueje01.html,2024,2023-11-10,HOU,NOP,,"W, 104-101",,,,,,,,,,,,,,,,,
Jermaine Samuels,https://www.basketball-reference.com/players/s/samueje01.html,2024,2023-11-12,HOU,DEN,,"W, 107-104",,,,,,,,,,,,,,,,,
Jermaine Samuels,https://www.basketball-reference.com/players/s/samueje01.html,2024,2023-11-17,HOU,LAC,@,"L, 100-106",,,,,,,,,,,,,,,,,
Jermaine Samuels,https://www.basketball-reference.com/players/s/samueje01.html,2024,2023-11-19,HOU,LAL,@,"L, 104-105",,,,,,,,,,,,,,,,,
Jermaine Samuels,https://www.basketball-reference.com/players/s/samueje01.html,2024,2023-11-20,HOU,GSW,@,"L, 116-121",,,,,,,,,,,,,,,,,
Jermaine Samuels,https://www.basketball-reference.com/players/s/samueje01.html,2024,2023-11-22,HOU,MEM,,"W, 111-91",,,,,,,,,,,,,,,,,
Jermaine Samuels,https://www.basketball-reference.com/players/s/samueje01.html,2024,2023-11-24,HOU,DEN,,"W, 105-86",,,,,,,,,,,,,,,,,
Jermaine Samuels,https://www.basketball-reference.com/players/s/samueje01.html,2024,2023-11-28,HOU,DAL,@,"L, 115-121",,,,,,,,,,,,,,,,,
Jermaine Samuels,https://www.basketball-reference.com/players/s/samueje01.html,2024,2023-11-29,HOU,DEN,@,"L, 124-134",,05:47,0,1,0,1,0,0,0,2,2,2,0,0,0,0,0
Jermaine Samuels,https://www.basketball-reference.com/players/s/samueje01.html,2024,2023-12-02,HOU,LAL,@,"L, 97-107",,03:05,0,0,0,0,0,0,0,2,2,0,0,0,0,0,0
Jermaine Samuels,https://www.basketball-reference.com/players/s/samueje01.html,2024,2023-12-06,HOU,OKC,,"W, 110-101",,,,,,,,,,,,,,,,,
Jermaine Samuels,https://www.basketball-reference.com/players/s/samueje01.html,2024,2023-12-08,HOU,DEN,@,"W, 114-106",,,,,,,,,,,,,,,,,
Jermaine Samuels,https://www.basketball-reference.com/players/s/samueje01.html,2024,2023-12-11,HOU,SAS,,"W, 93-82",,,,,,,,,,,,,,,,,
Jermaine Samuels,https://www.basketball-reference.com/players/s/samueje01.html,2024,2023-12-13,HOU,MEM,,"W, 117-104",,,,,,,,,,,,,,,,,
Jermaine Samuels,https://www.basketball-reference.com/players/s/samueje01.html,2024,2023-12-15,HOU,MEM,@,"W, 103-96",,,,,,,,,,,,,,,,,
Jermaine Samuels,https://www.basketball-reference.com/players/s/samueje01.html,2024,2023-12-17,HOU,MIL,@,"L, 119-128",,,,,,,,,,,,,,,,,
Jermaine Samuels,https://www.basketball-reference.com/players/s/samueje01.html,2024,2023-12-18,HOU,CLE,@,"L, 130-135 (OT)",,,,,,,,,,,,,,,,,
Jermaine Samuels,https://www.basketball-reference.com/players/s/samueje01.html,2024,2023-12-20,HOU,ATL,,"L, 127-134",,,,,,,,,,,,,,,,,
Jermaine Samuels,https://www.basketball-reference.com/players/s/samueje01.html,2024,2023-12-22,HOU,DAL,,"W, 122-96",,08:55,3,3,0,0,0,0,0,1,1,0,1,0,0,0,6
Jermaine Samuels,https://www.basketball-reference.com/players/s/samueje01.html,2024,2023-12-23,HOU,NOP,@,"W, 106-104",,,,,,,,,,,,,,,,,
Jermaine Samuels,https://www.basketball-reference.com/players/s/samueje01.html,2024,2023-12-26,HOU,IND,,"L, 117-123",,,,,,,,,,,,,,,,,
Jermaine Samuels,https://www.basketball-reference.com/players/s/samueje01.html,2024,2023-12-27,HOU,PHO,,"L, 113-129",,,,,,,,,,,,,,,,,
Jermaine Samuels,https://www.basketball-reference.com/players/s/samueje01.html,2024,2023-12-29,HOU,PHI,,"L, 127-131",,,,,,,,,,,,,,,,,
Jermaine Samuels,https://www.basketball-reference.com/players/s/samueje01.html,2024,2024-01-01,HOU,DET,,"W, 136-113",,,,,,,,,,,,,,,,,
Jermaine Samuels,https://www.basketball-reference.com/players/s/samueje01.html,2024,2024-01-03,HOU,BRK,,"W, 112-101",,,,,,,,,,,,,,,,,
Jermaine Samuels,https://www.basketball-reference.com/players/s/samueje01.html,2024,2024-01-05,HOU,MIN,,"L, 95-122",,,,,,,,,,,,,,,,,
Jermaine Samuels,https://www.basketball-reference.com/players/s/samueje01.html,2024,2024-01-06,HOU,MIL,,"W, 112-108",,,,,,,,,,,,,,,,,
Jermaine Samuels,https://www.basketball-reference.com/players/s/samueje01.html,2024,2024-01-08,HOU,MIA,@,"L, 113-120",,,,,,,,,,,,,,,,,
Jermaine Samuels,https://www.basketball-reference.com/players/s/samueje01.html,2024,2024-01-10,HOU,CHI,@,"L, 119-124 (OT)",,,,,,,,,,,,,,,,,
Jermaine Samuels,https://www.basketball-reference.com/players/s/samueje01.html,2024,2024-01-12,HOU,DET,@,"W, 112-110",,,,,,,,,,,,,,,,,
Jermaine Samuels,https://www.basketball-reference.com/players/s/samueje01.html,2024,2024-01-13,HOU,BOS,@,"L, 113-145",,,,,,,,,,,,,,,,,
Jermaine Samuels,https://www.basketball-reference.com/players/s/samueje01.html,2024,2024-01-15,HOU,PHI,@,"L, 115-124",,,,,,,,,,,,,,,,,
Jermaine Samuels,https://www.basketball-reference.com/players/s/samueje01.html,2024,2024-01-17,HOU,NYK,@,"L, 94-109",,,,,,,,,,,,,,,,,
Jermaine Samuels,https://www.basketball-reference.com/players/s/samueje01.html,2024,2024-01-20,HOU,UTA,,"W, 127-126 (OT)",,,,,,,,,,,,,,,,,
Jermaine Samuels,https://www.basketball-reference.com/players/s/samueje01.html,2024,2024-01-21,HOU,BOS,,"L, 107-116",,,,,,,,,,,,,,,,,
Jermaine Samuels,https://www.basketball-reference.com/players/s/samueje01.html,2024,2024-01-24,HOU,POR,,"L, 131-137 (OT)",,,,,,,,,,,,,,,,,
Jermaine Samuels,https://www.basketball-reference.com/players/s/samueje01.html,2024,2024-01-26,HOU,CHO,@,"W, 138-104",,05:59,0,1,0,0,0,0,1,1,2,0,0,0,0,0,0
Jermaine Samuels,https://www.basketball-reference.com/players/s/samueje01.html,2024,2024-01-27,HOU,BRK,@,"L, 104-106",,,,,,,,,,,,,,,,,
Jermaine Samuels,https://www.basketball-reference.com/players/s/samueje01.html,2024,2024-01-29,HOU,LAL,,"W, 135-119",,00:23,0,0,0,0,0,0,0,0,0,0,0,0,0,0,0
Jermaine Samuels,https://www.basketball-reference.com/players/s/samueje01.html,2024,2024-01-31,HOU,NOP,,"L, 99-110",,00:55,0,0,0,0,0,0,0,0,0,0,0,0,0,0,0
Jermaine Samuels,https://www.basketball-reference.com/players/s/samueje01.html,2024,2024-02-02,HOU,TOR,,"W, 135-106",,03:53,1,1,0,0,0,0,0,0,0,0,0,0,0,1,2
Jermaine Samuels,https://www.basketball-reference.com/players/s/samueje01.html,2024,2024-02-04,HOU,MIN,@,"L, 90-111",,04:16,2,2,0,0,0,0,0,1,1,0,0,0,0,0,4
Jermaine Samuels,https://www.basketball-reference.com/players/s/samueje01.html,2024,2024-02-06,HOU,IND,@,"L, 129-132",,,,,,,,,,,,,,,,,
Jermaine Samuels,https://www.basketball-reference.com/players/s/samueje01.html,2024,2024-02-09,HOU,TOR,@,"L, 104-107",,,,,,,,,,,,,,,,,
Jermaine Samuels,https://www.basketball-reference.com/players/s/samueje01.html,2024,2024-02-10,HOU,ATL,@,"L, 113-122",,,,,,,,,,,,,,,,,
Jermaine Samuels,https://www.basketball-reference.com/players/s/samueje01.html,2024,2024-02-12,HOU,NYK,,"W, 105-103",,,,,,,,,,,,,,,,,
Jermaine Samuels,https://www.basketball-reference.com/players/s/samueje01.html,2024,2024-02-14,HOU,MEM,@,"L, 113-121",,,,,,,,,,,,,,,,,
Jermaine Samuels,https://www.basketball-reference.com/players/s/samueje01.html,2024,2024-02-22,HOU,NOP,@,"L, 105-127",,,,,,,,,,,,,,,,,
Jermaine Samuels,https://www.basketball-reference.com/players/s/samueje01.html,2024,2024-02-23,HOU,PHO,,"W, 114-110",,,,,,,,,,,,,,,,,
Jermaine Samuels,https://www.basketball-reference.com/players/s/samueje01.html,2024,2024-02-25,HOU,OKC,,"L, 110-123",,,,,,,,,,,,,,,,,
Jermaine Samuels,https://www.basketball-reference.com/players/s/samueje01.html,2024,2024-02-27,HOU,OKC,@,"L, 95-112",,,,,,,,,,,,,,,,,
Jermaine Samuels,https://www.basketball-reference.com/players/s/samueje01.html,2024,2024-02-29,HOU,PHO,@,"L, 105-110",,,,,,,,,,,,,,,,,
Jermaine Samuels,https://www.basketball-reference.com/players/s/samueje01.html,2024,2024-03-02,HOU,PHO,@,"W, 118-109",,,,,,,,,,,,,,,,,
Jermaine Samuels,https://www.basketball-reference.com/players/s/samueje01.html,2024,2024-03-05,HOU,SAS,,"W, 114-101",,,,,,,,,,,,,,,,,
Jermaine Samuels,https://www.basketball-reference.com/players/s/samueje01.html,2024,2024-03-06,HOU,LAC,,"L, 116-122",,,,,,,,,,,,,,,,,
Jermaine Samuels,https://www.basketball-reference.com/players/s/samueje01.html,2024,2024-03-08,HOU,POR,@,"W, 123-107",,,,,,,,,,,,,,,,,
Jermaine Samuels,https://www.basketball-reference.com/players/s/samueje01.html,2024,2024-03-10,HOU,SAC,@,"W, 112-104",,,,,,,,,,,,,,,,,
Jermaine Samuels,https://www.basketball-reference.com/players/s/samueje01.html,2024,2024-03-12,HOU,SAS,@,"W, 103-101",,,,,,,,,,,,,,,,,
Jermaine Samuels,https://www.basketball-reference.com/players/s/samueje01.html,2024,2024-03-14,HOU,WAS,,"W, 135-119",,,,,,,,,,,,,,,,,
Jermaine Samuels,https://www.basketball-reference.com/players/s/samueje01.html,2024,2024-03-16,HOU,CLE,,"W, 117-103",,,,,,,,,,,,,,,,,
Jermaine Samuels,https://www.basketball-reference.com/players/s/samueje01.html,2024,2024-03-19,HOU,WAS,@,"W, 137-114",,,,,,,,,,,,,,,,,
Jermaine Samuels,https://www.basketball-reference.com/players/s/samueje01.html,2024,2024-03-21,HOU,CHI,,"W, 127-117",,,,,,,,,,,,,,,,,
Jermaine Samuels,https://www.basketball-reference.com/players/s/samueje01.html,2024,2024-03-23,HOU,UTA,,"W, 147-119",,,,,,,,,,,,,,,,,
Jermaine Samuels,https://www.basketball-reference.com/players/s/samueje01.html,2024,2024-03-25,HOU,POR,,"W, 110-92",,,,,,,,,,,,,,,,,
Jermaine Samuels,https://www.basketball-reference.com/players/s/samueje01.html,2024,2024-03-27,HOU,OKC,@,"W, 132-126 (OT)",,,,,,,,,,,,,,,,,
Jermaine Samuels,https://www.basketball-reference.com/players/s/samueje01.html,2024,2024-03-29,HOU,UTA,@,"W, 101-100",,,,,,,,,,,,,,,,,
Jermaine Samuels,https://www.basketball-reference.com/players/s/samueje01.html,2024,2024-03-31,HOU,DAL,,"L, 107-125",,,,,,,,,,,,,,,,,
Jermaine Samuels,https://www.basketball-reference.com/players/s/samueje01.html,2024,2024-04-02,HOU,MIN,@,"L, 106-113",,,,,,,,,,,,,,,,,
Jermaine Samuels,https://www.basketball-reference.com/players/s/samueje01.html,2024,2024-04-04,HOU,GSW,,"L, 110-133",,,,,,,,,,,,,,,,,
Jermaine Samuels,https://www.basketball-reference.com/players/s/samueje01.html,2024,2024-04-05,HOU,MIA,,"L, 104-119",,01:28,1,2,0,0,0,0,1,0,1,0,0,0,0,0,2
Jermaine Samuels,https://www.basketball-reference.com/players/s/samueje01.html,2024,2024-04-07,HOU,DAL,@,"L, 136-147 (OT)",,,,,,,,,,,,,,,,,
Jermaine Samuels,https://www.basketball-reference.com/players/s/samueje01.html,2024,2024-04-09,HOU,ORL,,"W, 118-106",,00:51,0,1,0,0,0,0,0,0,0,0,0,0,0,0,0
Jermaine Samuels,https://www.basketball-reference.com/players/s/samueje01.html,2024,2024-04-11,HOU,UTA,@,"L, 121-124",,,,,,,,,,,,,,,,,
Jermaine Samuels,https://www.basketball-reference.com/players/s/samueje01.html,2024,2024-04-12,HOU,POR,@,"W, 116-107",,,,,,,,,,,,,,,,,
Jermaine Samuels,https://www.basketball-reference.com/players/s/samueje01.html,2024,2024-04-14,HOU,LAC,@,"W, 116-105",,04:46,0,0,0,0,0,0,0,1,1,1,0,1,0,1,0
Amen Thompson,https://www.basketball-reference.com/players/t/thompam01.html,2024,2023-10-25,HOU,ORL,@,"L, 86-116",,21:20,3,10,1,7,1,2,1,4,5,2,0,0,4,2,8
Amen Thompson,https://www.basketball-reference.com/players/t/thompam01.html,2024,2023-10-27,HOU,SAS,@,"L, 122-126 (OT)",,12:48,2,4,0,1,0,2,0,1,1,3,0,1,1,1,4
Amen Thompson,https://www.basketball-reference.com/players/t/thompam01.html,2024,2023-10-29,HOU,GSW,,"L, 95-106",,19:32,3,5,1,2,2,2,0,4,4,0,1,0,0,3,9
Amen Thompson,https://www.basketball-reference.com/players/t/thompam01.html,2024,,,,,,,,,,,,,,,,,,,,,,
Amen Thompson,https://www.basketball-reference.com/players/t/thompam01.html,2024,2023-11-01,HOU,CHO,,"W, 128-119",,13:13,1,3,0,1,2,2,0,1,1,1,1,0,1,3,4
Amen Thompson,https://www.basketball-reference.com/players/t/thompam01.html,2024,2023-11-04,HOU,SAC,,"W, 107-89",,,,,,,,,,,,,,,,,
Amen Thompson,https://www.basketball-reference.com/players/t/thompam01.html,2024,2023-11-06,HOU,SAC,,"W, 122-97",,,,,,,,,,,,,,,,,
Amen Thompson,https://www.basketball-reference.com/players/t/thompam01.html,2024,2023-11-08,HOU,LAL,,"W, 128-94",,,,,,,,,,,,,,,,,
Amen Thompson,https://www.basketball-reference.com/players/t/thompam01.html,2024,2023-11-10,HOU,NOP,,"W, 104-101",,,,,,,,,,,,,,,,,
Amen Thompson,https://www.basketball-reference.com/players/t/thompam01.html,2024,2023-11-12,HOU,DEN,,"W, 107-104",,,,,,,,,,,,,,,,,
Amen Thompson,https://www.basketball-reference.com/players/t/thompam01.html,2024,2023-11-17,HOU,LAC,@,"L, 100-106",,,,,,,,,,,,,,,,,
Amen Thompson,https://www.basketball-reference.com/players/t/thompam01.html,2024,2023-11-19,HOU,LAL,@,"L, 104-105",,,,,,,,,,,,,,,,,
Amen Thompson,https://www.basketball-reference.com/players/t/thompam01.html,2024,2023-11-20,HOU,GSW,@,"L, 116-121",,,,,,,,,,,,,,,,,
Amen Thompson,https://www.basketball-reference.com/players/t/thompam01.html,2024,2023-11-22,HOU,MEM,,"W, 111-91",,,,,,,,,,,,,,,,,
Amen Thompson,https://www.basketball-reference.com/players/t/thompam01.html,2024,2023-11-24,HOU,DEN,,"W, 105-86",,,,,,,,,,,,,,,,,
Amen Thompson,https://www.basketball-reference.com/players/t/thompam01.html,2024,2023-11-28,HOU,DAL,@,"L, 115-121",,,,,,,,,,,,,,,,,
Amen Thompson,https://www.basketball-reference.com/players/t/thompam01.html,2024,2023-11-29,HOU,DEN,@,"L, 124-134",,,,,,,,,,,,,,,,,
Amen Thompson,https://www.basketball-reference.com/players/t/thompam01.html,2024,2023-12-02,HOU,LAL,@,"L, 97-107",,,,,,,,,,,,,,,,,
Amen Thompson,https://www.basketball-reference.com/players/t/thompam01.html,2024,2023-12-06,HOU,OKC,,"W, 110-101",,,,,,,,,,,,,,,,,
Amen Thompson,https://www.basketball-reference.com/players/t/thompam01.html,2024,2023-12-08,HOU,DEN,@,"W, 114-106",,,,,,,,,,,,,,,,,
Amen Thompson,https://www.basketball-reference.com/players/t/thompam01.html,2024,2023-12-11,HOU,SAS,,"W, 93-82",,10:21,1,2,0,1,0,0,2,3,5,1,0,0,0,1,2
Amen Thompson,https://www.basketball-reference.com/players/t/thompam01.html,2024,2023-12-13,HOU,MEM,,"W, 117-104",,,,,,,,,,,,,,,,,
Amen Thompson,https://www.basketball-reference.com/players/t/thompam01.html,2024,2023-12-15,HOU,MEM,@,"W, 103-96",,,,,,,,,,,,,,,,,
Amen Thompson,https://www.basketball-reference.com/players/t/thompam01.html,2024,2023-12-17,HOU,MIL,@,"L, 119-128",,,,,,,,,,,,,,,,,
Amen Thompson,https://www.basketball-reference.com/players/t/thompam01.html,2024,2023-12-18,HOU,CLE,@,"L, 130-135 (OT)",,,,,,,,,,,,,,,,,
Amen Thompson,https://www.basketball-reference.com/players/t/thompam01.html,2024,2023-12-20,HOU,ATL,,"L, 127-134",,08:26,1,2,0,0,0,0,0,2,2,0,0,0,0,1,2
Amen Thompson,https://www.basketball-reference.com/players/t/thompam01.html,2024,2023-12-22,HOU,DAL,,"W, 122-96",,21:38,4,9,0,2,1,2,0,6,6,4,1,0,3,4,9
Amen Thompson,https://www.basketball-reference.com/players/t/thompam01.html,2024,2023-12-23,HOU,NOP,@,"W, 106-104",,10:29,0,1,0,1,2,4,0,0,0,0,1,0,0,0,2
Amen Thompson,https://www.basketball-reference.com/players/t/thompam01.html,2024,2023-12-26,HOU,IND,,"L, 117-123",,12:27,3,5,0,0,1,1,2,2,4,0,2,0,1,1,7
Amen Thompson,https://www.basketball-reference.com/players/t/thompam01.html,2024,2023-12-27,HOU,PHO,,"L, 113-129",,17:05,1,6,0,1,0,0,2,2,4,3,0,1,0,2,2
Amen Thompson,https://www.basketball-reference.com/players/t/thompam01.html,2024,2023-12-29,HOU,PHI,,"L, 127-131",,08:40,0,1,0,0,1,2,1,2,3,1,0,0,0,1,1
Amen Thompson,https://www.basketball-reference.com/players/t/thompam01.html,2024,2024-01-01,HOU,DET,,"W, 136-113",,28:26,5,6,1,1,1,1,1,3,4,6,2,0,2,3,12
Amen Thompson,https://www.basketball-reference.com/players/t/thompam01.html,2024,2024-01-03,HOU,BRK,,"W, 112-101",,19:52,3,7,1,3,3,7,0,6,6,1,0,0,1,1,10
Amen Thompson,https://www.basketball-reference.com/players/t/thompam01.html,2024,2024-01-05,HOU,MIN,,"L, 95-122",,19:37,2,9,0,2,2,3,1,5,6,1,3,0,2,3,6
Amen Thompson,https://www.basketball-reference.com/players/t/thompam01.html,2024,2024-01-06,HOU,MIL,,"W, 112-108",,15:39,2,3,0,1,0,0,1,2,3,5,0,0,1,2,4
Amen Thompson,https://www.basketball-reference.com/players/t/thompam01.html,2024,2024-01-08,HOU,MIA,@,"L, 113-120",,11:03,1,2,0,0,3,3,0,2,2,1,1,1,2,3,5
Amen Thompson,https://www.basketball-reference.com/players/t/thompam01.html,2024,2024-01-10,HOU,CHI,@,"L, 119-124 (OT)",,13:36,3,7,0,3,0,0,0,2,2,3,1,0,2,2,6
Amen Thompson,https://www.basketball-reference.com/players/t/thompam01.html,2024,2024-01-12,HOU,DET,@,"W, 112-110",,07:49,1,2,0,0,0,0,0,1,1,2,1,0,0,0,2
Amen Thompson,https://www.basketball-reference.com/players/t/thompam01.html,2024,2024-01-13,HOU,BOS,@,"L, 113-145",,24:55,3,10,0,0,4,4,3,7,10,3,3,0,4,0,10
Amen Thompson,https://www.basketball-reference.com/players/t/thompam01.html,2024,2024-01-15,HOU,PHI,@,"L, 115-124",,19:16,7,8,0,1,0,1,2,1,3,0,1,0,1,2,14
Amen Thompson,https://www.basketball-reference.com/players/t/thompam01.html,2024,2024-01-17,HOU,NYK,@,"L, 94-109",,10:09,2,3,0,0,0,0,0,1,1,1,1,2,0,2,4
Amen Thompson,https://www.basketball-reference.com/players/t/thompam01.html,2024,2024-01-20,HOU,UTA,,"W, 127-126 (OT)",,18:28,2,6,0,1,2,2,4,4,8,2,2,2,0,3,6
Amen Thompson,https://www.basketball-reference.com/players/t/thompam01.html,2024,2024-01-21,HOU,BOS,,"L, 107-116",,31:58,5,10,0,2,5,6,3,11,14,5,1,0,2,3,15
Amen Thompson,https://www.basketball-reference.com/players/t/thompam01.html,2024,2024-01-24,HOU,POR,,"L, 131-137 (OT)",,14:19,3,5,0,0,0,0,1,2,3,2,0,1,0,3,6
Amen Thompson,https://www.basketball-reference.com/players/t/thompam01.html,2024,2024-01-26,HOU,CHO,@,"W, 138-104",,22:44,4,6,1,1,4,6,2,4,6,8,2,0,1,2,13
Amen Thompson,https://www.basketball-reference.com/players/t/thompam01.html,2024,2024-01-27,HOU,BRK,@,"L, 104-106",,15:24,2,3,1,2,0,0,1,3,4,2,3,2,2,3,5
Amen Thompson,https://www.basketball-reference.com/players/t/thompam01.html,2024,2024-01-29,HOU,LAL,,"W, 135-119",,11:54,0,1,0,0,0,0,1,6,7,3,1,0,5,3,0
Amen Thompson,https://www.basketball-reference.com/players/t/thompam01.html,2024,2024-01-31,HOU,NOP,,"L, 99-110",,17:10,3,6,0,1,4,4,2,4,6,0,1,0,0,3,10
Amen Thompson,https://www.basketball-reference.com/players/t/thompam01.html,2024,2024-02-02,HOU,TOR,,"W, 135-106",,24:09,9,11,0,1,1,2,1,6,7,4,2,1,2,3,19
Amen Thompson,https://www.basketball-reference.com/players/t/thompam01.html,2024,2024-02-04,HOU,MIN,@,"L, 90-111",,19:41,2,7,0,0,4,6,3,4,7,2,1,0,0,1,8
Amen Thompson,https://www.basketball-reference.com/players/t/thompam01.html,2024,2024-02-06,HOU,IND,@,"L, 129-132",,33:53,6,12,0,2,1,4,7,6,13,6,0,3,3,3,13
Amen Thompson,https://www.basketball-reference.com/players/t/thompam01.html,2024,2024-02-09,HOU,TOR,@,"L, 104-107",,31:44,4,5,0,0,0,0,2,7,9,4,1,0,6,4,8
Amen Thompson,https://www.basketball-reference.com/players/t/thompam01.html,2024,2024-02-10,HOU,ATL,@,"L, 113-122",,32:34,6,10,0,1,0,0,4,7,11,3,1,0,2,5,12
Amen Thompson,https://www.basketball-reference.com/players/t/thompam01.html,2024,2024-02-12,HOU,NYK,,"W, 105-103",,38:17,4,5,0,0,0,2,6,7,13,5,5,0,3,2,8
Amen Thompson,https://www.basketball-reference.com/players/t/thompam01.html,2024,2024-02-14,HOU,MEM,@,"L, 113-121",,33:43,9,17,0,0,1,3,6,6,12,2,2,1,2,6,19
Amen Thompson,https://www.basketball-reference.com/players/t/thompam01.html,2024,2024-02-22,HOU,NOP,@,"L, 105-127",,27:35,9,13,1,3,3,5,2,3,5,4,0,3,3,1,22
Amen Thompson,https://www.basketball-reference.com/players/t/thompam01.html,2024,2024-02-23,HOU,PHO,,"W, 114-110",,33:07,6,11,0,2,3,4,5,5,10,2,1,2,0,1,15
Amen Thompson,https://www.basketball-reference.com/players/t/thompam01.html,2024,2024-02-25,HOU,OKC,,"L, 110-123",,21:04,2,10,0,2,2,4,1,5,6,1,2,3,1,3,6
Amen Thompson,https://www.basketball-reference.com/players/t/thompam01.html,2024,2024-02-27,HOU,OKC,@,"L, 95-112",,17:22,1,5,0,2,0,0,4,4,8,0,0,1,2,1,2
Amen Thompson,https://www.basketball-reference.com/players/t/thompam01.html,2024,2024-02-29,HOU,PHO,@,"L, 105-110",,09:47,0,2,0,0,0,0,2,2,4,0,2,0,1,4,0
Amen Thompson,https://www.basketball-reference.com/players/t/thompam01.html,2024,2024-03-02,HOU,PHO,@,"W, 118-109",,20:36,3,5,0,0,3,3,2,3,5,3,4,0,0,2,9
Amen Thompson,https://www.basketball-reference.com/players/t/thompam01.html,2024,2024-03-05,HOU,SAS,,"W, 114-101",,19:15,0,4,0,2,2,4,1,5,6,1,1,2,1,2,2
Amen Thompson,https://www.basketball-reference.com/players/t/thompam01.html,2024,2024-03-06,HOU,LAC,,"L, 116-122",,17:41,3,6,0,0,0,0,2,1,3,2,1,0,0,3,6
Amen Thompson,https://www.basketball-reference.com/players/t/thompam01.html,2024,2024-03-08,HOU,POR,@,"W, 123-107",,26:28,7,10,0,1,2,2,1,7,8,3,2,5,1,3,16
Amen Thompson,https://www.basketball-reference.com/players/t/thompam01.html,2024,2024-03-10,HOU,SAC,@,"W, 112-104",,19:59,6,9,1,1,0,0,1,4,5,0,0,0,2,3,13
Amen Thompson,https://www.basketball-reference.com/players/t/thompam01.html,2024,2024-03-12,HOU,SAS,@,"W, 103-101",,22:33,2,2,0,0,2,2,1,3,4,2,1,0,1,1,6
Amen Thompson,https://www.basketball-reference.com/players/t/thompam01.html,2024,2024-03-14,HOU,WAS,,"W, 135-119",,27:37,9,12,0,0,2,2,5,6,11,4,3,0,1,3,20
Amen Thompson,https://www.basketball-reference.com/players/t/thompam01.html,2024,2024-03-16,HOU,CLE,,"W, 117-103",,26:02,8,11,0,0,2,3,3,5,8,0,1,0,1,3,18
Amen Thompson,https://www.basketball-reference.com/players/t/thompam01.html,2024,2024-03-19,HOU,WAS,@,"W, 137-114",,32:14,10,12,0,0,5,7,3,7,10,2,0,1,2,1,25
Amen Thompson,https://www.basketball-reference.com/players/t/thompam01.html,2024,2024-03-21,HOU,CHI,,"W, 127-117",,26:19,5,9,0,1,5,6,1,7,8,3,1,0,1,3,15
Amen Thompson,https://www.basketball-reference.com/players/t/thompam01.html,2024,2024-03-23,HOU,UTA,,"W, 147-119",,30:06,2,9,0,1,0,2,7,3,10,6,1,0,2,3,4
Amen Thompson,https://www.basketball-reference.com/players/t/thompam01.html,2024,2024-03-25,HOU,POR,,"W, 110-92",,28:00,6,12,0,1,0,0,6,3,9,2,1,1,1,0,12
Amen Thompson,https://www.basketball-reference.com/players/t/thompam01.html,2024,2024-03-27,HOU,OKC,@,"W, 132-126 (OT)",,38:42,10,18,0,1,5,6,6,9,15,4,1,0,1,5,25
Amen Thompson,https://www.basketball-reference.com/players/t/thompam01.html,2024,2024-03-29,HOU,UTA,@,"W, 101-100",,40:23,6,12,0,0,6,8,8,6,14,5,2,1,3,1,18
Amen Thompson,https://www.basketball-reference.com/players/t/thompam01.html,2024,2024-03-31,HOU,DAL,,"L, 107-125",,20:13,3,8,0,1,2,2,2,5,7,1,2,0,1,3,8
Amen Thompson,https://www.basketball-reference.com/players/t/thompam01.html,2024,2024-04-02,HOU,MIN,@,"L, 106-113",,25:25,4,9,0,0,1,3,4,5,9,4,3,0,0,2,9
Amen Thompson,https://www.basketball-reference.com/players/t/thompam01.html,2024,2024-04-04,HOU,GSW,,"L, 110-133",,29:40,3,7,0,0,2,3,2,2,4,1,1,0,2,3,8
Amen Thompson,https://www.basketball-reference.com/players/t/thompam01.html,2024,2024-04-05,HOU,MIA,,"L, 104-119",,,,,,,,,,,,,,,,,
Amen Thompson,https://www.basketball-reference.com/players/t/thompam01.html,2024,2024-04-07,HOU,DAL,@,"L, 136-147 (OT)",,07:44,1,1,0,0,3,3,0,3,3,3,0,0,0,1,5
Amen Thompson,https://www.basketball-reference.com/players/t/thompam01.html,2024,2024-04-09,HOU,ORL,,"W, 118-106",,37:38,6,7,0,0,1,2,3,5,8,4,2,1,4,2,13
Amen Thompson,https://www.basketball-reference.com/players/t/thompam01.html,2024,2024-04-11,HOU,UTA,@,"L, 121-124",,35:24,6,12,0,1,3,4,6,4,10,4,2,0,1,0,15
Amen Thompson,https://www.basketball-reference.com/players/t/thompam01.html,2024,2024-04-12,HOU,POR,@,"W, 116-107",,35:16,6,12,0,1,5,6,6,9,15,6,0,0,2,1,17
Amen Thompson,https://www.basketball-reference.com/players/t/thompam01.html,2024,2024-04-14,HOU,LAC,@,"W, 116-105",,39:55,8,9,0,0,2,3,5,6,11,10,3,3,3,5,18
Cam Whitmore,https://www.basketball-reference.com/players/w/whitmca01.html,2024,2023-10-25,HOU,ORL,@,"L, 86-116",,09:39,0,4,0,2,0,0,0,1,1,0,0,0,1,0,0
Cam Whitmore,https://www.basketball-reference.com/players/w/whitmca01.html,2024,2023-10-27,HOU,SAS,@,"L, 122-126 (OT)",,,,,,,,,,,,,,,,,
Cam Whitmore,https://www.basketball-reference.com/players/w/whitmca01.html,2024,2023-10-29,HOU,GSW,,"L, 95-106",,,,,,,,,,,,,,,,,
Cam Whitmore,https://www.basketball-reference.com/players/w/whitmca01.html,2024,,,,,,,,,,,,,,,,,,,,,,
Cam Whitmore,https://www.basketball-reference.com/players/w/whitmca01.html,2024,2023-11-01,HOU,CHO,,"W, 128-119",,,,,,,,,,,,,,,,,
Cam Whitmore,https://www.basketball-reference.com/players/w/whitmca01.html,2024,2023-11-04,HOU,SAC,,"W, 107-89",,01:22,0,0,0,0,0,0,0,1,1,0,0,0,1,0,0
Cam Whitmore,https://www.basketball-reference.com/players/w/whitmca01.html,2024,2023-11-06,HOU,SAC,,"W, 122-97",,12:00,3,5,0,1,1,2,0,1,1,1,1,0,0,1,7
Cam Whitmore,https://www.basketball-reference.com/players/w/whitmca01.html,2024,2023-11-08,HOU,LAL,,"W, 128-94",,,,,,,,,,,,,,,,,
Cam Whitmore,https://www.basketball-reference.com/players/w/whitmca01.html,2024,2023-11-10,HOU,NOP,,"W, 104-101",,,,,,,,,,,,,,,,,
Cam Whitmore,https://www.basketball-reference.com/players/w/whitmca01.html,2024,2023-11-12,HOU,DEN,,"W, 107-104",,,,,,,,,,,,,,,,,
Cam Whitmore,https://www.basketball-reference.com/players/w/whitmca01.html,2024,2023-11-17,HOU,LAC,@,"L, 100-106",,,,,,,,,,,,,,,,,
Cam Whitmore,https://www.basketball-reference.com/players/w/whitmca01.html,2024,2023-11-19,HOU,LAL,@,"L, 104-105",,,,,,,,,,,,,,,,,
Cam Whitmore,https://www.basketball-reference.com/players/w/whitmca01.html,2024,2023-11-20,HOU,GSW,@,"L, 116-121",,,,,,,,,,,,,,,,,
Cam Whitmore,https://www.basketball-reference.com/players/w/whitmca01.html,2024,2023-11-22,HOU,MEM,,"W, 111-91",,,,,,,,,,,,,,,,,
Cam Whitmore,https://www.basketball-reference.com/players/w/whitmca01.html,2024,2023-11-24,HOU,DEN,,"W, 105-86",,,,,,,,,,,,,,,,,
Cam Whitmore,https://www.basketball-reference.com/players/w/whitmca01.html,2024,2023-11-28,HOU,DAL,@,"L, 115-121",,,,,,,,,,,,,,,,,
Cam Whitmore,https://www.basketball-reference.com/players/w/whitmca01.html,2024,2023-11-29,HOU,DEN,@,"L, 124-134",,05:47,3,4,1,2,1,2,0,2,2,0,0,0,0,1,8
Cam Whitmore,https://www.basketball-reference.com/players/w/whitmca01.html,2024,2023-12-02,HOU,LAL,@,"L, 97-107",,03:05,1,2,0,0,3,6,1,2,3,1,0,0,0,0,5
Cam Whitmore,https://www.basketball-reference.com/players/w/whitmca01.html,2024,2023-12-06,HOU,OKC,,"W, 110-101",,,,,,,,,,,,,,,,,
Cam Whitmore,https://www.basketball-reference.com/players/w/whitmca01.html,2024,2023-12-08,HOU,DEN,@,"W, 114-106",,,,,,,,,,,,,,,,,
Cam Whitmore,https://www.basketball-reference.com/players/w/whitmca01.html,2024,2023-12-11,HOU,SAS,,"W, 93-82",,,,,,,,,,,,,,,,,
Cam Whitmore,https://www.basketball-reference.com/players/w/whitmca01.html,2024,2023-12-13,HOU,MEM,,"W, 117-104",,,,,,,,,,,,,,,,,
Cam Whitmore,https://www.basketball-reference.com/players/w/whitmca01.html,2024,2023-12-15,HOU,MEM,@,"W, 103-96",,,,,,,,,,,,,,,,,
Cam Whitmore,https://www.basketball-reference.com/players/w/whitmca01.html,2024,2023-12-17,HOU,MIL,@,"L, 119-128",,,,,,,,,,,,,,,,,
Cam Whitmore,https://www.basketball-reference.com/players/w/whitmca01.html,2024,2023-12-18,HOU,CLE,@,"L, 130-135 (OT)",,,,,,,,,,,,,,,,,
Cam Whitmore,https://www.basketball-reference.com/players/w/whitmca01.html,2024,2023-12-20,HOU,ATL,,"L, 127-134",,,,,,,,,,,,,,,,,
Cam Whitmore,https://www.basketball-reference.com/players/w/whitmca01.html,2024,2023-12-22,HOU,DAL,,"W, 122-96",,14:14,6,12,1,6,1,2,2,2,4,0,2,0,0,2,14
Cam Whitmore,https://www.basketball-reference.com/players/w/whitmca01.html,2024,2023-12-23,HOU,NOP,@,"W, 106-104",,,,,,,,,,,,,,,,,
Cam Whitmore,https://www.basketball-reference.com/players/w/whitmca01.html,2024,2023-12-26,HOU,IND,,"L, 117-123",,,,,,,,,,,,,,,,,
Cam Whitmore,https://www.basketball-reference.com/players/w/whitmca01.html,2024,2023-12-27,HOU,PHO,,"L, 113-129",,17:50,4,7,3,4,1,2,0,1,1,0,0,1,1,2,12
Cam Whitmore,https://www.basketball-reference.com/players/w/whitmca01.html,2024,2023-12-29,HOU,PHI,,"L, 127-131",,,,,,,,,,,,,,,,,
Cam Whitmore,https://www.basketball-reference.com/players/w/whitmca01.html,2024,2024-01-01,HOU,DET,,"W, 136-113",,07:33,4,5,1,1,0,0,1,3,4,0,0,0,0,0,9
Cam Whitmore,https://www.basketball-reference.com/players/w/whitmca01.html,2024,2024-01-03,HOU,BRK,,"W, 112-101",,16:34,4,7,3,5,0,0,0,2,2,1,2,0,1,3,11
Cam Whitmore,https://www.basketball-reference.com/players/w/whitmca01.html,2024,2024-01-05,HOU,MIN,,"L, 95-122",,14:53,4,10,1,4,2,2,0,2,2,0,2,0,4,1,11
Cam Whitmore,https://www.basketball-reference.com/players/w/whitmca01.html,2024,2024-01-06,HOU,MIL,,"W, 112-108",,12:47,4,6,1,1,3,3,0,3,3,0,1,0,0,0,12
Cam Whitmore,https://www.basketball-reference.com/players/w/whitmca01.html,2024,2024-01-08,HOU,MIA,@,"L, 113-120",,17:14,5,8,1,2,0,0,1,5,6,0,1,0,1,4,11
Cam Whitmore,https://www.basketball-reference.com/players/w/whitmca01.html,2024,2024-01-10,HOU,CHI,@,"L, 119-124 (OT)",,32:58,6,12,2,5,2,2,1,4,5,1,2,0,1,1,16
Cam Whitmore,https://www.basketball-reference.com/players/w/whitmca01.html,2024,2024-01-12,HOU,DET,@,"W, 112-110",,15:27,1,7,1,5,0,0,0,1,1,0,0,0,0,2,3
Cam Whitmore,https://www.basketball-reference.com/players/w/whitmca01.html,2024,2024-01-13,HOU,BOS,@,"L, 113-145",,27:45,7,13,2,7,6,8,1,6,7,0,1,1,1,2,22
Cam Whitmore,https://www.basketball-reference.com/players/w/whitmca01.html,2024,2024-01-15,HOU,PHI,@,"L, 115-124",,23:25,6,12,2,5,0,1,2,4,6,1,1,0,0,3,14
Cam Whitmore,https://www.basketball-reference.com/players/w/whitmca01.html,2024,2024-01-17,HOU,NYK,@,"L, 94-109",,08:56,0,3,0,1,0,0,0,2,2,0,0,0,0,1,0
Cam Whitmore,https://www.basketball-reference.com/players/w/whitmca01.html,2024,2024-01-20,HOU,UTA,,"W, 127-126 (OT)",,26:53,6,13,4,6,1,3,1,4,5,1,0,2,2,1,17
Cam Whitmore,https://www.basketball-reference.com/players/w/whitmca01.html,2024,2024-01-21,HOU,BOS,,"L, 107-116",,27:27,2,7,1,4,0,2,0,4,4,0,1,1,1,1,5
Cam Whitmore,https://www.basketball-reference.com/players/w/whitmca01.html,2024,2024-01-24,HOU,POR,,"L, 131-137 (OT)",,13:36,5,10,2,6,0,0,0,4,4,0,0,0,0,2,12
Cam Whitmore,https://www.basketball-reference.com/players/w/whitmca01.html,2024,2024-01-26,HOU,CHO,@,"W, 138-104",,20:16,9,18,4,9,2,2,2,9,11,2,0,0,0,2,24
Cam Whitmore,https://www.basketball-reference.com/players/w/whitmca01.html,2024,2024-01-27,HOU,BRK,@,"L, 104-106",,28:57,6,16,3,7,4,4,3,6,9,1,0,1,0,1,19
Cam Whitmore,https://www.basketball-reference.com/players/w/whitmca01.html,2024,2024-01-29,HOU,LAL,,"W, 135-119",,18:10,7,12,2,6,4,6,1,5,6,0,0,0,0,0,20
Cam Whitmore,https://www.basketball-reference.com/players/w/whitmca01.html,2024,2024-01-31,HOU,NOP,,"L, 99-110",,20:14,6,12,3,7,2,3,0,0,0,0,1,0,0,1,17
Cam Whitmore,https://www.basketball-reference.com/players/w/whitmca01.html,2024,2024-02-02,HOU,TOR,,"W, 135-106",,21:23,10,17,3,7,2,2,3,3,6,1,2,0,2,1,25
Cam Whitmore,https://www.basketball-reference.com/players/w/whitmca01.html,2024,2024-02-04,HOU,MIN,@,"L, 90-111",,19:05,4,13,3,8,3,6,0,2,2,1,1,0,2,2,14
Cam Whitmore,https://www.basketball-reference.com/players/w/whitmca01.html,2024,2024-02-06,HOU,IND,@,"L, 129-132",,20:43,4,11,1,3,0,0,0,1,1,1,0,0,1,3,9
Cam Whitmore,https://www.basketball-reference.com/players/w/whitmca01.html,2024,2024-02-09,HOU,TOR,@,"L, 104-107",,17:32,5,9,3,5,4,4,0,3,3,1,0,0,2,1,17
Cam Whitmore,https://www.basketball-reference.com/players/w/whitmca01.html,2024,2024-02-10,HOU,ATL,@,"L, 113-122",,,,,,,,,,,,,,,,,
Cam Whitmore,https://www.basketball-reference.com/players/w/whitmca01.html,2024,2024-02-12,HOU,NYK,,"W, 105-103",,,,,,,,,,,,,,,,,
Cam Whitmore,https://www.basketball-reference.com/players/w/whitmca01.html,2024,2024-02-14,HOU,MEM,@,"L, 113-121",,,,,,,,,,,,,,,,,
Cam Whitmore,https://www.basketball-reference.com/players/w/whitmca01.html,2024,2024-02-22,HOU,NOP,@,"L, 105-127",,24:27,5,11,2,8,1,3,1,3,4,0,0,2,2,1,13
Cam Whitmore,https://www.basketball-reference.com/players/w/whitmca01.html,2024,2024-02-23,HOU,PHO,,"W, 114-110",,20:34,5,11,2,7,3,5,0,3,3,1,0,0,4,0,15
Cam Whitmore,https://www.basketball-reference.com/players/w/whitmca01.html,2024,2024-02-25,HOU,OKC,,"L, 110-123",,16:44,4,9,1,4,3,4,0,3,3,0,1,1,2,3,12
Cam Whitmore,https://www.basketball-reference.com/players/w/whitmca01.html,2024,2024-02-27,HOU,OKC,@,"L, 95-112",,15:58,4,9,1,3,0,0,0,1,1,1,1,0,0,0,9
Cam Whitmore,https://www.basketball-reference.com/players/w/whitmca01.html,2024,2024-02-29,HOU,PHO,@,"L, 105-110",,26:43,5,14,0,5,4,4,3,5,8,0,0,1,2,1,14
Cam Whitmore,https://www.basketball-reference.com/players/w/whitmca01.html,2024,2024-03-02,HOU,PHO,@,"W, 118-109",,10:15,1,6,0,2,2,4,2,2,4,1,1,0,3,3,4
Cam Whitmore,https://www.basketball-reference.com/players/w/whitmca01.html,2024,2024-03-05,HOU,SAS,,"W, 114-101",,20:20,9,16,1,4,0,0,4,4,8,1,1,0,1,0,19
Cam Whitmore,https://www.basketball-reference.com/players/w/whitmca01.html,2024,2024-03-06,HOU,LAC,,"L, 116-122",,23:39,7,15,3,7,0,0,0,2,2,1,0,0,0,1,17
Cam Whitmore,https://www.basketball-reference.com/players/w/whitmca01.html,2024,2024-03-08,HOU,POR,@,"W, 123-107",,23:51,4,10,1,5,4,6,4,4,8,0,1,1,1,2,13
Cam Whitmore,https://www.basketball-reference.com/players/w/whitmca01.html,2024,2024-03-10,HOU,SAC,@,"W, 112-104",,19:41,4,10,2,5,0,0,0,4,4,0,0,0,0,0,10
Cam Whitmore,https://www.basketball-reference.com/players/w/whitmca01.html,2024,2024-03-12,HOU,SAS,@,"W, 103-101",,,,,,,,,,,,,,,,,
Cam Whitmore,https://www.basketball-reference.com/players/w/whitmca01.html,2024,2024-03-14,HOU,WAS,,"W, 135-119",,,,,,,,,,,,,,,,,
Cam Whitmore,https://www.basketball-reference.com/players/w/whitmca01.html,2024,2024-03-16,HOU,CLE,,"W, 117-103",,,,,,,,,,,,,,,,,
Cam Whitmore,https://www.basketball-reference.com/players/w/whitmca01.html,2024,2024-03-19,HOU,WAS,@,"W, 137-114",,,,,,,,,,,,,,,,,
Cam Whitmore,https://www.basketball-reference.com/players/w/whitmca01.html,2024,2024-03-21,HOU,CHI,,"W, 127-117",,,,,,,,,,,,,,,,,
Cam Whitmore,https://www.basketball-reference.com/players/w/whitmca01.html,2024,2024-03-23,HOU,UTA,,"W, 147-119",,,,,,,,,,,,,,,,,
Cam Whitmore,https://www.basketball-reference.com/players/w/whitmca01.html,2024,2024-03-25,HOU,POR,,"W, 110-92",,,,,,,,,,,,,,,,,
Cam Whitmore,https://www.basketball-reference.com/players/w/whitmca01.html,2024,2024-03-27,HOU,OKC,@,"W, 132-126 (OT)",,,,,,,,,,,,,,,,,
Cam Whitmore,https://www.basketball-reference.com/players/w/whitmca01.html,2024,2024-03-29,HOU,UTA,@,"W, 101-100",,,,,,,,,,,,,,,,,
Cam Whitmore,https://www.basketball-reference.com/players/w/whitmca01.html,2024,2024-03-31,HOU,DAL,,"L, 107-125",,22:08,5,12,2,6,1,4,4,1,5,1,3,0,0,0,13
Cam Whitmore,https://www.basketball-reference.com/players/w/whitmca01.html,2024,2024-04-02,HOU,MIN,@,"L, 106-113",,23:17,5,11,3,6,1,2,1,0,1,0,1,0,3,1,14
Cam Whitmore,https://www.basketball-reference.com/players/w/whitmca01.html,2024,2024-04-04,HOU,GSW,,"L, 110-133",,23:20,6,14,1,6,4,5,1,3,4,0,0,1,2,1,17
Cam Whitmore,https://www.basketball-reference.com/players/w/whitmca01.html,2024,2024-04-05,HOU,MIA,,"L, 104-119",,20:32,4,12,2,4,2,2,2,2,4,1,0,0,1,1,12
Cam Whitmore,https://www.basketball-reference.com/players/w/whitmca01.html,2024,2024-04-07,HOU,DAL,@,"L, 136-147 (OT)",,19:14,3,6,1,3,4,4,0,4,4,0,1,2,0,2,11
Cam Whitmore,https://www.basketball-reference.com/players/w/whitmca01.html,2024,2024-04-09,HOU,ORL,,"W, 118-106",,05:46,1,4,0,3,0,0,0,0,0,0,0,0,0,2,2
Cam Whitmore,https://www.basketball-reference.com/players/w/whitmca01.html,2024,2024-04-11,HOU,UTA,@,"L, 121-124",,26:50,5,11,4,8,4,4,0,4,4,4,0,2,2,2,18
Cam Whitmore,https://www.basketball-reference.com/players/w/whitmca01.html,2024,2024-04-12,HOU,POR,@,"W, 116-107",,25:15,4,14,3,9,0,0,0,5,5,4,2,0,1,5,11
Cam Whitmore,https://www.basketball-reference.com/players/w/whitmca01.html,2024,2024-04-14,HOU,LAC,@,"W, 116-105",,35:59,9,17,2,6,1,3,3,3,6,5,0,1,1,1,21
Ben Sheppard,https://www.basketball-reference.com/players/s/sheppbe01.html,2024,2023-10-25,IND,WAS,,"W, 143-120",,05:41,0,1,0,0,0,0,0,0,0,0,0,0,0,0,0
Ben Sheppard,https://www.basketball-reference.com/players/s/sheppbe01.html,2024,2023-10-28,IND,CLE,@,"W, 125-113",,,,,,,,,,,,,,,,,
Ben Sheppard,https://www.basketball-reference.com/players/s/sheppbe01.html,2024,2023-10-30,IND,CHI,,"L, 105-112",,,,,,,,,,,,,,,,,
Ben Sheppard,https://www.basketball-reference.com/players/s/sheppbe01.html,2024,,,,,,,,,,,,,,,,,,,,,,
Ben Sheppard,https://www.basketball-reference.com/players/s/sheppbe01.html,2024,2023-11-01,IND,BOS,@,"L, 104-155",,14:42,2,4,2,4,0,0,1,1,2,2,0,0,0,3,6
Ben Sheppard,https://www.basketball-reference.com/players/s/sheppbe01.html,2024,2023-11-03,IND,CLE,,"W, 121-116",,,,,,,,,,,,,,,,,
Ben Sheppard,https://www.basketball-reference.com/players/s/sheppbe01.html,2024,2023-11-04,IND,CHO,,"L, 124-125",,,,,,,,,,,,,,,,,
Ben Sheppard,https://www.basketball-reference.com/players/s/sheppbe01.html,2024,2023-11-06,IND,SAS,,"W, 152-111",,12:00,3,7,1,4,0,0,0,2,2,0,0,0,0,1,7
Ben Sheppard,https://www.basketball-reference.com/players/s/sheppbe01.html,2024,2023-11-08,IND,UTA,,"W, 134-118",,,,,,,,,,,,,,,,,
Ben Sheppard,https://www.basketball-reference.com/players/s/sheppbe01.html,2024,2023-11-09,IND,MIL,,"W, 126-124",,,,,,,,,,,,,,,,,
Ben Sheppard,https://www.basketball-reference.com/players/s/sheppbe01.html,2024,2023-11-12,IND,PHI,@,"L, 126-137",,,,,,,,,,,,,,,,,
Ben Sheppard,https://www.basketball-reference.com/players/s/sheppbe01.html,2024,2023-11-14,IND,PHI,@,"W, 132-126",,,,,,,,,,,,,,,,,
Ben Sheppard,https://www.basketball-reference.com/players/s/sheppbe01.html,2024,2023-11-19,IND,ORL,,"L, 116-128",,16:10,2,5,1,3,2,2,0,0,0,2,1,0,1,0,7
Ben Sheppard,https://www.basketball-reference.com/players/s/sheppbe01.html,2024,2023-11-21,IND,ATL,@,"W, 157-152",,04:33,2,5,1,4,0,0,0,1,1,1,0,0,0,0,5
Ben Sheppard,https://www.basketball-reference.com/players/s/sheppbe01.html,2024,2023-11-22,IND,TOR,,"L, 131-132",,,,,,,,,,,,,,,,,
Ben Sheppard,https://www.basketball-reference.com/players/s/sheppbe01.html,2024,2023-11-24,IND,DET,,"W, 136-113",,00:35,0,0,0,0,0,0,0,0,0,0,0,0,0,0,0
Ben Sheppard,https://www.basketball-reference.com/players/s/sheppbe01.html,2024,2023-11-27,IND,POR,,"L, 110-114",,01:06,0,0,0,0,0,0,0,0,0,0,0,0,0,0,0
Ben Sheppard,https://www.basketball-reference.com/players/s/sheppbe01.html,2024,2023-11-30,IND,MIA,@,"L, 132-142",,00:08,0,0,0,0,0,0,0,0,0,0,0,0,0,0,0
Ben Sheppard,https://www.basketball-reference.com/players/s/sheppbe01.html,2024,2023-12-02,IND,MIA,@,"W, 144-129",,03:23,0,0,0,0,0,0,0,0,0,0,0,0,0,2,0
Ben Sheppard,https://www.basketball-reference.com/players/s/sheppbe01.html,2024,2023-12-04,IND,BOS,,"W, 122-112",,,,,,,,,,,,,,,,,
Ben Sheppard,https://www.basketball-reference.com/players/s/sheppbe01.html,2024,2023-12-07,IND,MIL,@,"W, 128-119",,,,,,,,,,,,,,,,,
Ben Sheppard,https://www.basketball-reference.com/players/s/sheppbe01.html,2024,2023-12-11,IND,DET,@,"W, 131-123",,,,,,,,,,,,,,,,,
Ben Sheppard,https://www.basketball-reference.com/players/s/sheppbe01.html,2024,2023-12-13,IND,MIL,@,"L, 126-140",,05:54,3,6,2,3,0,0,0,0,0,0,1,0,0,2,8
Ben Sheppard,https://www.basketball-reference.com/players/s/sheppbe01.html,2024,2023-12-15,IND,WAS,@,"L, 123-137",,08:38,0,1,0,1,0,0,0,0,0,3,0,0,0,2,0
Ben Sheppard,https://www.basketball-reference.com/players/s/sheppbe01.html,2024,2023-12-16,IND,MIN,@,"L, 109-127",,16:58,3,5,0,2,2,4,1,2,3,0,2,0,0,1,8
Ben Sheppard,https://www.basketball-reference.com/players/s/sheppbe01.html,2024,2023-12-18,IND,LAC,,"L, 127-151",,,,,,,,,,,,,,,,,
Ben Sheppard,https://www.basketball-reference.com/players/s/sheppbe01.html,2024,2023-12-20,IND,CHO,,"W, 144-113",,,,,,,,,,,,,,,,,
Ben Sheppard,https://www.basketball-reference.com/players/s/sheppbe01.html,2024,2023-12-21,IND,MEM,@,"L, 103-116",,,,,,,,,,,,,,,,,
Ben Sheppard,https://www.basketball-reference.com/players/s/sheppbe01.html,2024,2023-12-23,IND,ORL,,"L, 110-117",,,,,,,,,,,,,,,,,
Ben Sheppard,https://www.basketball-reference.com/players/s/sheppbe01.html,2024,2023-12-26,IND,HOU,@,"W, 123-117",,,,,,,,,,,,,,,,,
Ben Sheppard,https://www.basketball-reference.com/players/s/sheppbe01.html,2024,2023-12-28,IND,CHI,@,"W, 120-104",,,,,,,,,,,,,,,,,
Ben Sheppard,https://www.basketball-reference.com/players/s/sheppbe01.html,2024,2023-12-30,IND,NYK,,"W, 140-126",,01:05,0,0,0,0,0,0,0,0,0,0,0,0,0,0,0
Ben Sheppard,https://www.basketball-reference.com/players/s/sheppbe01.html,2024,2024-01-01,IND,MIL,@,"W, 122-113",,,,,,,,,,,,,,,,,
Ben Sheppard,https://www.basketball-reference.com/players/s/sheppbe01.html,2024,2024-01-03,IND,MIL,,"W, 142-130",,01:56,0,1,0,1,0,0,0,0,0,0,0,0,0,0,0
Ben Sheppard,https://www.basketball-reference.com/players/s/sheppbe01.html,2024,2024-01-05,IND,ATL,,"W, 150-116",,08:58,1,3,1,3,0,0,0,1,1,1,1,0,0,0,3
Ben Sheppard,https://www.basketball-reference.com/players/s/sheppbe01.html,2024,2024-01-06,IND,BOS,,"L, 101-118",,02:57,0,0,0,0,0,0,0,1,1,0,0,0,0,0,0
Ben Sheppard,https://www.basketball-reference.com/players/s/sheppbe01.html,2024,2024-01-08,IND,BOS,,"W, 133-131",,,,,,,,,,,,,,,,,
Ben Sheppard,https://www.basketball-reference.com/players/s/sheppbe01.html,2024,2024-01-10,IND,WAS,,"W, 112-104",,,,,,,,,,,,,,,,,
Ben Sheppard,https://www.basketball-reference.com/players/s/sheppbe01.html,2024,2024-01-12,IND,ATL,@,"W, 126-108",,03:42,0,0,0,0,0,0,0,0,0,0,0,0,0,0,0
Ben Sheppard,https://www.basketball-reference.com/players/s/sheppbe01.html,2024,2024-01-14,IND,DEN,@,"L, 109-117",,,,,,,,,,,,,,,,,
Ben Sheppard,https://www.basketball-reference.com/players/s/sheppbe01.html,2024,2024-01-15,IND,UTA,@,"L, 105-132",,25:22,1,7,0,5,2,2,2,1,3,2,0,0,0,4,4
Ben Sheppard,https://www.basketball-reference.com/players/s/sheppbe01.html,2024,2024-01-18,IND,SAC,@,"W, 126-121",,28:17,2,5,2,3,1,2,0,4,4,2,2,0,0,4,7
Ben Sheppard,https://www.basketball-reference.com/players/s/sheppbe01.html,2024,2024-01-19,IND,POR,@,"L, 115-118",,10:29,1,4,1,3,0,0,0,1,1,0,1,0,0,1,3
Ben Sheppard,https://www.basketball-reference.com/players/s/sheppbe01.html,2024,2024-01-21,IND,PHO,@,"L, 110-117",,19:43,1,4,0,1,2,2,2,2,4,4,2,0,0,3,4
Ben Sheppard,https://www.basketball-reference.com/players/s/sheppbe01.html,2024,2024-01-23,IND,DEN,,"L, 109-114",,12:00,2,2,1,1,0,0,1,0,1,1,1,0,0,1,5
Ben Sheppard,https://www.basketball-reference.com/players/s/sheppbe01.html,2024,2024-01-25,IND,PHI,,"W, 134-122",,14:52,1,4,0,2,0,0,0,5,5,2,0,0,0,5,2
Ben Sheppard,https://www.basketball-reference.com/players/s/sheppbe01.html,2024,2024-01-26,IND,PHO,,"W, 133-131",,18:02,1,4,0,3,0,0,0,2,2,2,0,0,1,2,2
Ben Sheppard,https://www.basketball-reference.com/players/s/sheppbe01.html,2024,2024-01-28,IND,MEM,,"W, 116-110",,19:52,2,6,2,4,0,0,0,0,0,1,1,0,1,2,6
Ben Sheppard,https://www.basketball-reference.com/players/s/sheppbe01.html,2024,2024-01-30,IND,BOS,@,"L, 124-129",,11:33,0,2,0,2,0,0,0,2,2,0,0,0,0,2,0
Ben Sheppard,https://www.basketball-reference.com/players/s/sheppbe01.html,2024,2024-02-01,IND,NYK,@,"L, 105-109",,22:05,2,4,1,3,0,0,0,6,6,1,3,0,2,4,5
Ben Sheppard,https://www.basketball-reference.com/players/s/sheppbe01.html,2024,2024-02-02,IND,SAC,,"L, 122-133",,16:25,2,6,1,5,2,2,0,1,1,0,0,0,0,0,7
Ben Sheppard,https://www.basketball-reference.com/players/s/sheppbe01.html,2024,2024-02-04,IND,CHO,@,"W, 115-99",,01:44,0,1,0,1,0,0,0,0,0,0,0,0,0,0,0
Ben Sheppard,https://www.basketball-reference.com/players/s/sheppbe01.html,2024,2024-02-06,IND,HOU,,"W, 132-129",,03:55,0,1,0,1,0,0,0,0,0,0,0,0,0,0,0
Ben Sheppard,https://www.basketball-reference.com/players/s/sheppbe01.html,2024,2024-02-08,IND,GSW,,"L, 109-131",,20:26,3,5,1,3,1,1,0,0,0,0,0,1,1,2,8
Ben Sheppard,https://www.basketball-reference.com/players/s/sheppbe01.html,2024,2024-02-10,IND,NYK,@,"W, 125-111",,,,,,,,,,,,,,,,,
Ben Sheppard,https://www.basketball-reference.com/players/s/sheppbe01.html,2024,2024-02-12,IND,CHO,@,"L, 102-111",,02:32,0,0,0,0,0,0,0,0,0,0,0,0,0,0,0
Ben Sheppard,https://www.basketball-reference.com/players/s/sheppbe01.html,2024,2024-02-14,IND,TOR,@,"W, 127-125",,20:56,3,6,2,4,2,2,0,5,5,0,1,0,1,1,10
Ben Sheppard,https://www.basketball-reference.com/players/s/sheppbe01.html,2024,2024-02-22,IND,DET,,"W, 129-115",,14:53,3,5,1,2,0,0,0,1,1,0,0,0,0,1,7
Ben Sheppard,https://www.basketball-reference.com/players/s/sheppbe01.html,2024,2024-02-25,IND,DAL,,"W, 133-111",,12:25,5,6,5,5,0,0,0,1,1,4,2,0,0,3,15
Ben Sheppard,https://www.basketball-reference.com/players/s/sheppbe01.html,2024,2024-02-26,IND,TOR,,"L, 122-130",,17:04,1,4,0,3,0,0,0,0,0,0,0,0,0,2,2
Ben Sheppard,https://www.basketball-reference.com/players/s/sheppbe01.html,2024,2024-02-28,IND,NOP,,"W, 123-114",,26:37,4,8,3,7,0,0,0,1,1,1,2,1,0,4,11
Ben Sheppard,https://www.basketball-reference.com/players/s/sheppbe01.html,2024,2024-03-01,IND,NOP,@,"L, 102-129",,,,,,,,,,,,,,,,,
Ben Sheppard,https://www.basketball-reference.com/players/s/sheppbe01.html,2024,2024-03-03,IND,SAS,@,"L, 105-117",,,,,,,,,,,,,,,,,
Ben Sheppard,https://www.basketball-reference.com/players/s/sheppbe01.html,2024,2024-03-05,IND,DAL,@,"W, 137-120",,21:46,4,7,4,6,0,0,1,6,7,0,1,0,0,3,12
Ben Sheppard,https://www.basketball-reference.com/players/s/sheppbe01.html,2024,2024-03-07,IND,MIN,,"L, 111-113",,18:31,2,4,2,2,0,0,0,4,4,0,0,0,0,4,6
Ben Sheppard,https://www.basketball-reference.com/players/s/sheppbe01.html,2024,2024-03-10,IND,ORL,@,"W, 111-97",,11:25,1,2,0,1,0,0,0,0,0,0,0,0,0,0,2
Ben Sheppard,https://www.basketball-reference.com/players/s/sheppbe01.html,2024,2024-03-12,IND,OKC,@,"W, 121-111",,17:27,2,5,0,3,0,0,1,1,2,0,0,0,0,1,4
Ben Sheppard,https://www.basketball-reference.com/players/s/sheppbe01.html,2024,2024-03-13,IND,CHI,,"L, 129-132 (OT)",,20:46,0,5,0,5,2,2,0,3,3,1,0,0,0,2,2
Ben Sheppard,https://www.basketball-reference.com/players/s/sheppbe01.html,2024,2024-03-16,IND,BRK,,"W, 121-100",,24:13,4,7,1,4,2,2,0,1,1,2,1,0,1,0,11
Ben Sheppard,https://www.basketball-reference.com/players/s/sheppbe01.html,2024,2024-03-18,IND,CLE,,"L, 103-108",,19:50,2,6,1,5,0,0,0,1,1,1,1,0,0,2,5
Ben Sheppard,https://www.basketball-reference.com/players/s/sheppbe01.html,2024,2024-03-20,IND,DET,@,"W, 122-103",,21:49,4,8,1,4,0,0,0,2,2,3,0,0,1,1,9
Ben Sheppard,https://www.basketball-reference.com/players/s/sheppbe01.html,2024,2024-03-22,IND,GSW,@,"W, 123-111",,14:14,1,4,1,3,0,0,1,0,1,1,1,0,0,1,3
Ben Sheppard,https://www.basketball-reference.com/players/s/sheppbe01.html,2024,2024-03-24,IND,LAL,@,"L, 145-150",,15:49,1,2,0,1,0,0,0,0,0,3,0,0,1,4,2
Ben Sheppard,https://www.basketball-reference.com/players/s/sheppbe01.html,2024,2024-03-25,IND,LAC,@,"W, 133-116",,21:09,2,3,1,2,2,2,0,5,5,0,2,0,0,3,7
Ben Sheppard,https://www.basketball-reference.com/players/s/sheppbe01.html,2024,2024-03-27,IND,CHI,@,"L, 99-125",,11:12,0,2,0,2,0,0,0,0,0,0,0,0,0,1,0
Ben Sheppard,https://www.basketball-reference.com/players/s/sheppbe01.html,2024,2024-03-29,IND,LAL,,"W, 109-90",,19:39,3,7,1,3,0,0,0,2,2,3,0,0,0,2,7
Ben Sheppard,https://www.basketball-reference.com/players/s/sheppbe01.html,2024,2024-04-01,IND,BRK,,"W, 133-111",,16:21,1,3,0,1,1,1,0,1,1,1,0,0,1,4,3
Ben Sheppard,https://www.basketball-reference.com/players/s/sheppbe01.html,2024,2024-04-03,IND,BRK,@,"L, 111-115",,22:25,2,8,2,7,2,2,1,0,1,2,2,0,1,0,8
Ben Sheppard,https://www.basketball-reference.com/players/s/sheppbe01.html,2024,2024-04-05,IND,OKC,,"W, 126-112",,22:45,3,10,2,6,0,0,1,1,2,0,2,0,1,1,8
Ben Sheppard,https://www.basketball-reference.com/players/s/sheppbe01.html,2024,2024-04-07,IND,MIA,,"W, 117-115",,19:57,0,3,0,3,0,0,0,1,1,2,0,0,0,3,0
Ben Sheppard,https://www.basketball-reference.com/players/s/sheppbe01.html,2024,2024-04-09,IND,TOR,@,"W, 140-123",,27:21,4,12,3,9,0,0,1,1,2,2,2,0,0,2,11
Ben Sheppard,https://www.basketball-reference.com/players/s/sheppbe01.html,2024,2024-04-12,IND,CLE,@,"L, 120-129",,14:23,1,3,1,3,0,0,0,3,3,1,0,0,2,1,3
Ben Sheppard,https://www.basketball-reference.com/players/s/sheppbe01.html,2024,2024-04-14,IND,ATL,,"W, 157-115",,25:30,3,6,1,3,0,0,2,2,4,2,1,0,0,1,7
Oscar Tshiebwe,https://www.basketball-reference.com/players/t/tshieos01.html,2024,2023-10-25,IND,WAS,,"W, 143-120",,,,,,,,,,,,,,,,,
Oscar Tshiebwe,https://www.basketball-reference.com/players/t/tshieos01.html,2024,2023-10-28,IND,CLE,@,"W, 125-113",,,,,,,,,,,,,,,,,
Oscar Tshiebwe,https://www.basketball-reference.com/players/t/tshieos01.html,2024,2023-10-30,IND,CHI,,"L, 105-112",,,,,,,,,,,,,,,,,
Oscar Tshiebwe,https://www.basketball-reference.com/players/t/tshieos01.html,2024,,,,,,,,,,,,,,,,,,,,,,
Oscar Tshiebwe,https://www.basketball-reference.com/players/t/tshieos01.html,2024,2023-11-01,IND,BOS,@,"L, 104-155",,,,,,,,,,,,,,,,,
Oscar Tshiebwe,https://www.basketball-reference.com/players/t/tshieos01.html,2024,2023-11-03,IND,CLE,,"W, 121-116",,,,,,,,,,,,,,,,,
Oscar Tshiebwe,https://www.basketball-reference.com/players/t/tshieos01.html,2024,2023-11-04,IND,CHO,,"L, 124-125",,,,,,,,,,,,,,,,,
Oscar Tshiebwe,https://www.basketball-reference.com/players/t/tshieos01.html,2024,2023-11-06,IND,SAS,,"W, 152-111",,,,,,,,,,,,,,,,,
Oscar Tshiebwe,https://www.basketball-reference.com/players/t/tshieos01.html,2024,2023-11-08,IND,UTA,,"W, 134-118",,,,,,,,,,,,,,,,,
Oscar Tshiebwe,https://www.basketball-reference.com/players/t/tshieos01.html,2024,2023-11-09,IND,MIL,,"W, 126-124",,,,,,,,,,,,,,,,,
Oscar Tshiebwe,https://www.basketball-reference.com/players/t/tshieos01.html,2024,2023-11-12,IND,PHI,@,"L, 126-137",,,,,,,,,,,,,,,,,
Oscar Tshiebwe,https://www.basketball-reference.com/players/t/tshieos01.html,2024,2023-11-14,IND,PHI,@,"W, 132-126",,,,,,,,,,,,,,,,,
Oscar Tshiebwe,https://www.basketball-reference.com/players/t/tshieos01.html,2024,2023-11-19,IND,ORL,,"L, 116-128",,,,,,,,,,,,,,,,,
Oscar Tshiebwe,https://www.basketball-reference.com/players/t/tshieos01.html,2024,2023-11-21,IND,ATL,@,"W, 157-152",,,,,,,,,,,,,,,,,
Oscar Tshiebwe,https://www.basketball-reference.com/players/t/tshieos01.html,2024,2023-11-22,IND,TOR,,"L, 131-132",,,,,,,,,,,,,,,,,
Oscar Tshiebwe,https://www.basketball-reference.com/players/t/tshieos01.html,2024,2023-11-24,IND,DET,,"W, 136-113",,,,,,,,,,,,,,,,,
Oscar Tshiebwe,https://www.basketball-reference.com/players/t/tshieos01.html,2024,2023-11-27,IND,POR,,"L, 110-114",,,,,,,,,,,,,,,,,
Oscar Tshiebwe,https://www.basketball-reference.com/players/t/tshieos01.html,2024,2023-11-30,IND,MIA,@,"L, 132-142",,,,,,,,,,,,,,,,,
Oscar Tshiebwe,https://www.basketball-reference.com/players/t/tshieos01.html,2024,2023-12-02,IND,MIA,@,"W, 144-129",,,,,,,,,,,,,,,,,
Oscar Tshiebwe,https://www.basketball-reference.com/players/t/tshieos01.html,2024,2023-12-04,IND,BOS,,"W, 122-112",,,,,,,,,,,,,,,,,
Oscar Tshiebwe,https://www.basketball-reference.com/players/t/tshieos01.html,2024,2023-12-07,IND,MIL,@,"W, 128-119",,,,,,,,,,,,,,,,,
Oscar Tshiebwe,https://www.basketball-reference.com/players/t/tshieos01.html,2024,2023-12-11,IND,DET,@,"W, 131-123",,,,,,,,,,,,,,,,,
Oscar Tshiebwe,https://www.basketball-reference.com/players/t/tshieos01.html,2024,2023-12-13,IND,MIL,@,"L, 126-140",,05:54,0,1,0,0,1,2,0,1,1,0,0,0,0,1,1
Oscar Tshiebwe,https://www.basketball-reference.com/players/t/tshieos01.html,2024,2023-12-15,IND,WAS,@,"L, 123-137",,04:11,1,1,0,0,0,0,0,0,0,1,0,0,0,0,2
Oscar Tshiebwe,https://www.basketball-reference.com/players/t/tshieos01.html,2024,2023-12-16,IND,MIN,@,"L, 109-127",,07:20,3,6,0,0,2,2,2,2,4,1,0,0,0,0,8
Oscar Tshiebwe,https://www.basketball-reference.com/players/t/tshieos01.html,2024,2023-12-18,IND,LAC,,"L, 127-151",,,,,,,,,,,,,,,,,
Oscar Tshiebwe,https://www.basketball-reference.com/players/t/tshieos01.html,2024,2023-12-20,IND,CHO,,"W, 144-113",,,,,,,,,,,,,,,,,
Oscar Tshiebwe,https://www.basketball-reference.com/players/t/tshieos01.html,2024,2023-12-21,IND,MEM,@,"L, 103-116",,,,,,,,,,,,,,,,,
Oscar Tshiebwe,https://www.basketball-reference.com/players/t/tshieos01.html,2024,2023-12-23,IND,ORL,,"L, 110-117",,,,,,,,,,,,,,,,,
Oscar Tshiebwe,https://www.basketball-reference.com/players/t/tshieos01.html,2024,2023-12-26,IND,HOU,@,"W, 123-117",,,,,,,,,,,,,,,,,
Oscar Tshiebwe,https://www.basketball-reference.com/players/t/tshieos01.html,2024,2023-12-28,IND,CHI,@,"W, 120-104",,,,,,,,,,,,,,,,,
Oscar Tshiebwe,https://www.basketball-reference.com/players/t/tshieos01.html,2024,2023-12-30,IND,NYK,,"W, 140-126",,,,,,,,,,,,,,,,,
Oscar Tshiebwe,https://www.basketball-reference.com/players/t/tshieos01.html,2024,2024-01-01,IND,MIL,@,"W, 122-113",,,,,,,,,,,,,,,,,
Oscar Tshiebwe,https://www.basketball-reference.com/players/t/tshieos01.html,2024,2024-01-03,IND,MIL,,"W, 142-130",,,,,,,,,,,,,,,,,
Oscar Tshiebwe,https://www.basketball-reference.com/players/t/tshieos01.html,2024,2024-01-05,IND,ATL,,"W, 150-116",,,,,,,,,,,,,,,,,
Oscar Tshiebwe,https://www.basketball-reference.com/players/t/tshieos01.html,2024,2024-01-06,IND,BOS,,"L, 101-118",,01:06,1,1,0,0,0,0,0,0,0,0,0,0,0,0,2
Oscar Tshiebwe,https://www.basketball-reference.com/players/t/tshieos01.html,2024,2024-01-08,IND,BOS,,"W, 133-131",,,,,,,,,,,,,,,,,
Oscar Tshiebwe,https://www.basketball-reference.com/players/t/tshieos01.html,2024,2024-01-10,IND,WAS,,"W, 112-104",,,,,,,,,,,,,,,,,
Oscar Tshiebwe,https://www.basketball-reference.com/players/t/tshieos01.html,2024,2024-01-12,IND,ATL,@,"W, 126-108",,03:42,2,2,0,0,0,0,0,1,1,0,0,0,0,0,4
Oscar Tshiebwe,https://www.basketball-reference.com/players/t/tshieos01.html,2024,2024-01-14,IND,DEN,@,"L, 109-117",,,,,,,,,,,,,,,,,
Oscar Tshiebwe,https://www.basketball-reference.com/players/t/tshieos01.html,2024,2024-01-15,IND,UTA,@,"L, 105-132",,12:00,1,5,0,0,2,2,4,2,6,0,2,0,0,0,4
Oscar Tshiebwe,https://www.basketball-reference.com/players/t/tshieos01.html,2024,2024-01-18,IND,SAC,@,"W, 126-121",,,,,,,,,,,,,,,,,
Oscar Tshiebwe,https://www.basketball-reference.com/players/t/tshieos01.html,2024,2024-01-19,IND,POR,@,"L, 115-118",,,,,,,,,,,,,,,,,
Oscar Tshiebwe,https://www.basketball-reference.com/players/t/tshieos01.html,2024,2024-01-21,IND,PHO,@,"L, 110-117",,,,,,,,,,,,,,,,,
Oscar Tshiebwe,https://www.basketball-reference.com/players/t/tshieos01.html,2024,2024-01-23,IND,DEN,,"L, 109-114",,,,,,,,,,,,,,,,,
Oscar Tshiebwe,https://www.basketball-reference.com/players/t/tshieos01.html,2024,2024-01-25,IND,PHI,,"W, 134-122",,,,,,,,,,,,,,,,,
Oscar Tshiebwe,https://www.basketball-reference.com/players/t/tshieos01.html,2024,2024-01-26,IND,PHO,,"W, 133-131",,,,,,,,,,,,,,,,,
Oscar Tshiebwe,https://www.basketball-reference.com/players/t/tshieos01.html,2024,2024-01-28,IND,MEM,,"W, 116-110",,,,,,,,,,,,,,,,,
Oscar Tshiebwe,https://www.basketball-reference.com/players/t/tshieos01.html,2024,2024-01-30,IND,BOS,@,"L, 124-129",,,,,,,,,,,,,,,,,
Oscar Tshiebwe,https://www.basketball-reference.com/players/t/tshieos01.html,2024,2024-02-01,IND,NYK,@,"L, 105-109",,,,,,,,,,,,,,,,,
Oscar Tshiebwe,https://www.basketball-reference.com/players/t/tshieos01.html,2024,2024-02-02,IND,SAC,,"L, 122-133",,,,,,,,,,,,,,,,,
Oscar Tshiebwe,https://www.basketball-reference.com/players/t/tshieos01.html,2024,2024-02-04,IND,CHO,@,"W, 115-99",,,,,,,,,,,,,,,,,
Oscar Tshiebwe,https://www.basketball-reference.com/players/t/tshieos01.html,2024,2024-02-06,IND,HOU,,"W, 132-129",,,,,,,,,,,,,,,,,
Oscar Tshiebwe,https://www.basketball-reference.com/players/t/tshieos01.html,2024,2024-02-08,IND,GSW,,"L, 109-131",,,,,,,,,,,,,,,,,
Oscar Tshiebwe,https://www.basketball-reference.com/players/t/tshieos01.html,2024,2024-02-10,IND,NYK,@,"W, 125-111",,,,,,,,,,,,,,,,,
Oscar Tshiebwe,https://www.basketball-reference.com/players/t/tshieos01.html,2024,2024-02-12,IND,CHO,@,"L, 102-111",,,,,,,,,,,,,,,,,
Oscar Tshiebwe,https://www.basketball-reference.com/players/t/tshieos01.html,2024,2024-02-14,IND,TOR,@,"W, 127-125",,03:00,1,1,0,0,0,0,0,2,2,0,0,0,0,1,2
Oscar Tshiebwe,https://www.basketball-reference.com/players/t/tshieos01.html,2024,2024-02-22,IND,DET,,"W, 129-115",,,,,,,,,,,,,,,,,
Oscar Tshiebwe,https://www.basketball-reference.com/players/t/tshieos01.html,2024,2024-02-25,IND,DAL,,"W, 133-111",,,,,,,,,,,,,,,,,
Oscar Tshiebwe,https://www.basketball-reference.com/players/t/tshieos01.html,2024,2024-02-26,IND,TOR,,"L, 122-130",,,,,,,,,,,,,,,,,
Oscar Tshiebwe,https://www.basketball-reference.com/players/t/tshieos01.html,2024,2024-02-28,IND,NOP,,"W, 123-114",,,,,,,,,,,,,,,,,
Oscar Tshiebwe,https://www.basketball-reference.com/players/t/tshieos01.html,2024,2024-03-01,IND,NOP,@,"L, 102-129",,04:42,1,3,0,0,1,2,2,0,2,0,0,1,0,1,3
Oscar Tshiebwe,https://www.basketball-reference.com/players/t/tshieos01.html,2024,2024-03-03,IND,SAS,@,"L, 105-117",,,,,,,,,,,,,,,,,
Oscar Tshiebwe,https://www.basketball-reference.com/players/t/tshieos01.html,2024,2024-03-05,IND,DAL,@,"W, 137-120",,,,,,,,,,,,,,,,,
Oscar Tshiebwe,https://www.basketball-reference.com/players/t/tshieos01.html,2024,2024-03-07,IND,MIN,,"L, 111-113",,,,,,,,,,,,,,,,,
Oscar Tshiebwe,https://www.basketball-reference.com/players/t/tshieos01.html,2024,2024-03-10,IND,ORL,@,"W, 111-97",,,,,,,,,,,,,,,,,
Oscar Tshiebwe,https://www.basketball-reference.com/players/t/tshieos01.html,2024,2024-03-12,IND,OKC,@,"W, 121-111",,,,,,,,,,,,,,,,,
Oscar Tshiebwe,https://www.basketball-reference.com/players/t/tshieos01.html,2024,2024-03-13,IND,CHI,,"L, 129-132 (OT)",,,,,,,,,,,,,,,,,
Oscar Tshiebwe,https://www.basketball-reference.com/players/t/tshieos01.html,2024,2024-03-16,IND,BRK,,"W, 121-100",,,,,,,,,,,,,,,,,
Oscar Tshiebwe,https://www.basketball-reference.com/players/t/tshieos01.html,2024,2024-03-18,IND,CLE,,"L, 103-108",,,,,,,,,,,,,,,,,
Oscar Tshiebwe,https://www.basketball-reference.com/players/t/tshieos01.html,2024,2024-03-20,IND,DET,@,"W, 122-103",,,,,,,,,,,,,,,,,
Oscar Tshiebwe,https://www.basketball-reference.com/players/t/tshieos01.html,2024,2024-03-22,IND,GSW,@,"W, 123-111",,,,,,,,,,,,,,,,,
Oscar Tshiebwe,https://www.basketball-reference.com/players/t/tshieos01.html,2024,2024-03-24,IND,LAL,@,"L, 145-150",,,,,,,,,,,,,,,,,
Oscar Tshiebwe,https://www.basketball-reference.com/players/t/tshieos01.html,2024,2024-03-25,IND,LAC,@,"W, 133-116",,,,,,,,,,,,,,,,,
Oscar Tshiebwe,https://www.basketball-reference.com/players/t/tshieos01.html,2024,2024-03-27,IND,CHI,@,"L, 99-125",,,,,,,,,,,,,,,,,
Oscar Tshiebwe,https://www.basketball-reference.com/players/t/tshieos01.html,2024,2024-03-29,IND,LAL,,"W, 109-90",,,,,,,,,,,,,,,,,
Oscar Tshiebwe,https://www.basketball-reference.com/players/t/tshieos01.html,2024,2024-04-01,IND,BRK,,"W, 133-111",,,,,,,,,,,,,,,,,
Oscar Tshiebwe,https://www.basketball-reference.com/players/t/tshieos01.html,2024,2024-04-03,IND,BRK,@,"L, 111-115",,,,,,,,,,,,,,,,,
Oscar Tshiebwe,https://www.basketball-reference.com/players/t/tshieos01.html,2024,2024-04-05,IND,OKC,,"W, 126-112",,,,,,,,,,,,,,,,,
Oscar Tshiebwe,https://www.basketball-reference.com/players/t/tshieos01.html,2024,2024-04-07,IND,MIA,,"W, 117-115",,,,,,,,,,,,,,,,,
Oscar Tshiebwe,https://www.basketball-reference.com/players/t/tshieos01.html,2024,2024-04-09,IND,TOR,@,"W, 140-123",,,,,,,,,,,,,,,,,
Oscar Tshiebwe,https://www.basketball-reference.com/players/t/tshieos01.html,2024,2024-04-12,IND,CLE,@,"L, 120-129",,,,,,,,,,,,,,,,,
Oscar Tshiebwe,https://www.basketball-reference.com/players/t/tshieos01.html,2024,2024-04-14,IND,ATL,,"W, 157-115",,,,,,,,,,,,,,,,,
Jarace Walker,https://www.basketball-reference.com/players/w/walkeja02.html,2024,2023-10-25,IND,WAS,,"W, 143-120",,05:41,0,5,0,1,0,0,1,3,4,0,1,0,0,1,0
Jarace Walker,https://www.basketball-reference.com/players/w/walkeja02.html,2024,2023-10-28,IND,CLE,@,"W, 125-113",,,,,,,,,,,,,,,,,
Jarace Walker,https://www.basketball-reference.com/players/w/walkeja02.html,2024,2023-10-30,IND,CHI,,"L, 105-112",,,,,,,,,,,,,,,,,
Jarace Walker,https://www.basketball-reference.com/players/w/walkeja02.html,2024,,,,,,,,,,,,,,,,,,,,,,
Jarace Walker,https://www.basketball-reference.com/players/w/walkeja02.html,2024,2023-11-01,IND,BOS,@,"L, 104-155",,12:00,4,6,0,1,0,0,0,2,2,3,0,1,0,1,8
Jarace Walker,https://www.basketball-reference.com/players/w/walkeja02.html,2024,2023-11-03,IND,CLE,,"W, 121-116",,,,,,,,,,,,,,,,,
Jarace Walker,https://www.basketball-reference.com/players/w/walkeja02.html,2024,2023-11-04,IND,CHO,,"L, 124-125",,,,,,,,,,,,,,,,,
Jarace Walker,https://www.basketball-reference.com/players/w/walkeja02.html,2024,2023-11-06,IND,SAS,,"W, 152-111",,08:49,0,1,0,0,2,2,0,1,1,2,0,0,0,0,2
Jarace Walker,https://www.basketball-reference.com/players/w/walkeja02.html,2024,2023-11-08,IND,UTA,,"W, 134-118",,,,,,,,,,,,,,,,,
Jarace Walker,https://www.basketball-reference.com/players/w/walkeja02.html,2024,2023-11-09,IND,MIL,,"W, 126-124",,,,,,,,,,,,,,,,,
Jarace Walker,https://www.basketball-reference.com/players/w/walkeja02.html,2024,2023-11-12,IND,PHI,@,"L, 126-137",,,,,,,,,,,,,,,,,
Jarace Walker,https://www.basketball-reference.com/players/w/walkeja02.html,2024,2023-11-14,IND,PHI,@,"W, 132-126",,,,,,,,,,,,,,,,,
Jarace Walker,https://www.basketball-reference.com/players/w/walkeja02.html,2024,2023-11-19,IND,ORL,,"L, 116-128",,14:00,3,6,0,3,1,1,0,1,1,1,1,1,1,2,7
Jarace Walker,https://www.basketball-reference.com/players/w/walkeja02.html,2024,2023-11-21,IND,ATL,@,"W, 157-152",,,,,,,,,,,,,,,,,
Jarace Walker,https://www.basketball-reference.com/players/w/walkeja02.html,2024,2023-11-22,IND,TOR,,"L, 131-132",,,,,,,,,,,,,,,,,
Jarace Walker,https://www.basketball-reference.com/players/w/walkeja02.html,2024,2023-11-24,IND,DET,,"W, 136-113",,,,,,,,,,,,,,,,,
Jarace Walker,https://www.basketball-reference.com/players/w/walkeja02.html,2024,2023-11-27,IND,POR,,"L, 110-114",,,,,,,,,,,,,,,,,
Jarace Walker,https://www.basketball-reference.com/players/w/walkeja02.html,2024,2023-11-30,IND,MIA,@,"L, 132-142",,00:08,0,0,0,0,0,0,0,0,0,0,0,0,0,0,0
Jarace Walker,https://www.basketball-reference.com/players/w/walkeja02.html,2024,2023-12-02,IND,MIA,@,"W, 144-129",,,,,,,,,,,,,,,,,
Jarace Walker,https://www.basketball-reference.com/players/w/walkeja02.html,2024,2023-12-04,IND,BOS,,"W, 122-112",,,,,,,,,,,,,,,,,
Jarace Walker,https://www.basketball-reference.com/players/w/walkeja02.html,2024,2023-12-07,IND,MIL,@,"W, 128-119",,,,,,,,,,,,,,,,,
Jarace Walker,https://www.basketball-reference.com/players/w/walkeja02.html,2024,2023-12-11,IND,DET,@,"W, 131-123",,,,,,,,,,,,,,,,,
Jarace Walker,https://www.basketball-reference.com/players/w/walkeja02.html,2024,2023-12-13,IND,MIL,@,"L, 126-140",,06:05,1,3,1,2,0,0,0,0,0,2,0,1,1,4,3
Jarace Walker,https://www.basketball-reference.com/players/w/walkeja02.html,2024,2023-12-15,IND,WAS,@,"L, 123-137",,13:21,2,4,1,2,0,0,0,2,2,0,0,0,0,1,5
Jarace Walker,https://www.basketball-reference.com/players/w/walkeja02.html,2024,2023-12-16,IND,MIN,@,"L, 109-127",,24:12,2,3,1,2,0,0,0,2,2,3,2,0,1,2,5
Jarace Walker,https://www.basketball-reference.com/players/w/walkeja02.html,2024,2023-12-18,IND,LAC,,"L, 127-151",,,,,,,,,,,,,,,,,
Jarace Walker,https://www.basketball-reference.com/players/w/walkeja02.html,2024,2023-12-20,IND,CHO,,"W, 144-113",,,,,,,,,,,,,,,,,
Jarace Walker,https://www.basketball-reference.com/players/w/walkeja02.html,2024,2023-12-21,IND,MEM,@,"L, 103-116",,,,,,,,,,,,,,,,,
Jarace Walker,https://www.basketball-reference.com/players/w/walkeja02.html,2024,2023-12-23,IND,ORL,,"L, 110-117",,,,,,,,,,,,,,,,,
Jarace Walker,https://www.basketball-reference.com/players/w/walkeja02.html,2024,2023-12-26,IND,HOU,@,"W, 123-117",,,,,,,,,,,,,,,,,
Jarace Walker,https://www.basketball-reference.com/players/w/walkeja02.html,2024,2023-12-28,IND,CHI,@,"W, 120-104",,,,,,,,,,,,,,,,,
Jarace Walker,https://www.basketball-reference.com/players/w/walkeja02.html,2024,2023-12-30,IND,NYK,,"W, 140-126",,01:05,0,0,0,0,0,0,0,0,0,0,0,0,0,0,0
Jarace Walker,https://www.basketball-reference.com/players/w/walkeja02.html,2024,2024-01-01,IND,MIL,@,"W, 122-113",,,,,,,,,,,,,,,,,
Jarace Walker,https://www.basketball-reference.com/players/w/walkeja02.html,2024,2024-01-03,IND,MIL,,"W, 142-130",,01:56,0,0,0,0,3,4,0,0,0,0,0,0,0,0,3
Jarace Walker,https://www.basketball-reference.com/players/w/walkeja02.html,2024,2024-01-05,IND,ATL,,"W, 150-116",,12:00,3,6,2,3,0,0,1,0,1,1,0,0,1,1,8
Jarace Walker,https://www.basketball-reference.com/players/w/walkeja02.html,2024,2024-01-06,IND,BOS,,"L, 101-118",,01:06,0,0,0,0,0,0,0,0,0,1,0,0,0,0,0
Jarace Walker,https://www.basketball-reference.com/players/w/walkeja02.html,2024,2024-01-08,IND,BOS,,"W, 133-131",,,,,,,,,,,,,,,,,
Jarace Walker,https://www.basketball-reference.com/players/w/walkeja02.html,2024,2024-01-10,IND,WAS,,"W, 112-104",,,,,,,,,,,,,,,,,
Jarace Walker,https://www.basketball-reference.com/players/w/walkeja02.html,2024,2024-01-12,IND,ATL,@,"W, 126-108",,,,,,,,,,,,,,,,,
Jarace Walker,https://www.basketball-reference.com/players/w/walkeja02.html,2024,2024-01-14,IND,DEN,@,"L, 109-117",,,,,,,,,,,,,,,,,
Jarace Walker,https://www.basketball-reference.com/players/w/walkeja02.html,2024,2024-01-15,IND,UTA,@,"L, 105-132",,26:11,3,11,2,5,0,0,2,2,4,4,4,2,1,2,8
Jarace Walker,https://www.basketball-reference.com/players/w/walkeja02.html,2024,2024-01-18,IND,SAC,@,"W, 126-121",,19:33,6,13,3,8,0,0,1,1,2,2,0,0,2,1,15
Jarace Walker,https://www.basketball-reference.com/players/w/walkeja02.html,2024,2024-01-19,IND,POR,@,"L, 115-118",,,,,,,,,,,,,,,,,
Jarace Walker,https://www.basketball-reference.com/players/w/walkeja02.html,2024,2024-01-21,IND,PHO,@,"L, 110-117",,18:24,4,6,2,3,0,0,3,6,9,1,1,0,1,0,10
Jarace Walker,https://www.basketball-reference.com/players/w/walkeja02.html,2024,2024-01-23,IND,DEN,,"L, 109-114",,,,,,,,,,,,,,,,,
Jarace Walker,https://www.basketball-reference.com/players/w/walkeja02.html,2024,2024-01-25,IND,PHI,,"W, 134-122",,,,,,,,,,,,,,,,,
Jarace Walker,https://www.basketball-reference.com/players/w/walkeja02.html,2024,2024-01-26,IND,PHO,,"W, 133-131",,,,,,,,,,,,,,,,,
Jarace Walker,https://www.basketball-reference.com/players/w/walkeja02.html,2024,2024-01-28,IND,MEM,,"W, 116-110",,,,,,,,,,,,,,,,,
Jarace Walker,https://www.basketball-reference.com/players/w/walkeja02.html,2024,2024-01-30,IND,BOS,@,"L, 124-129",,,,,,,,,,,,,,,,,
Jarace Walker,https://www.basketball-reference.com/players/w/walkeja02.html,2024,2024-02-01,IND,NYK,@,"L, 105-109",,,,,,,,,,,,,,,,,
Jarace Walker,https://www.basketball-reference.com/players/w/walkeja02.html,2024,2024-02-02,IND,SAC,,"L, 122-133",,06:35,0,1,0,1,0,0,0,1,1,0,0,1,2,1,0
Jarace Walker,https://www.basketball-reference.com/players/w/walkeja02.html,2024,2024-02-04,IND,CHO,@,"W, 115-99",,01:44,0,1,0,1,0,0,0,0,0,0,0,0,0,1,0
Jarace Walker,https://www.basketball-reference.com/players/w/walkeja02.html,2024,2024-02-06,IND,HOU,,"W, 132-129",,,,,,,,,,,,,,,,,
Jarace Walker,https://www.basketball-reference.com/players/w/walkeja02.html,2024,2024-02-08,IND,GSW,,"L, 109-131",,,,,,,,,,,,,,,,,
Jarace Walker,https://www.basketball-reference.com/players/w/walkeja02.html,2024,2024-02-10,IND,NYK,@,"W, 125-111",,,,,,,,,,,,,,,,,
Jarace Walker,https://www.basketball-reference.com/players/w/walkeja02.html,2024,2024-02-12,IND,CHO,@,"L, 102-111",,,,,,,,,,,,,,,,,
Jarace Walker,https://www.basketball-reference.com/players/w/walkeja02.html,2024,2024-02-14,IND,TOR,@,"W, 127-125",,,,,,,,,,,,,,,,,
Jarace Walker,https://www.basketball-reference.com/players/w/walkeja02.html,2024,2024-02-22,IND,DET,,"W, 129-115",,,,,,,,,,,,,,,,,
Jarace Walker,https://www.basketball-reference.com/players/w/walkeja02.html,2024,2024-02-25,IND,DAL,,"W, 133-111",,02:57,0,0,0,0,0,0,0,0,0,0,0,0,0,0,0
Jarace Walker,https://www.basketball-reference.com/players/w/walkeja02.html,2024,2024-02-26,IND,TOR,,"L, 122-130",,04:33,0,1,0,1,0,0,0,2,2,1,0,0,0,1,0
Jarace Walker,https://www.basketball-reference.com/players/w/walkeja02.html,2024,2024-02-28,IND,NOP,,"W, 123-114",,,,,,,,,,,,,,,,,
Jarace Walker,https://www.basketball-reference.com/players/w/walkeja02.html,2024,2024-03-01,IND,NOP,@,"L, 102-129",,26:41,2,9,2,4,0,0,0,7,7,6,3,3,2,1,6
Jarace Walker,https://www.basketball-reference.com/players/w/walkeja02.html,2024,2024-03-03,IND,SAS,@,"L, 105-117",,,,,,,,,,,,,,,,,
Jarace Walker,https://www.basketball-reference.com/players/w/walkeja02.html,2024,2024-03-05,IND,DAL,@,"W, 137-120",,00:54,0,0,0,0,0,0,0,0,0,0,0,0,0,0,0
Jarace Walker,https://www.basketball-reference.com/players/w/walkeja02.html,2024,2024-03-07,IND,MIN,,"L, 111-113",,15:40,2,4,1,2,0,0,1,4,5,1,1,0,0,2,5
Jarace Walker,https://www.basketball-reference.com/players/w/walkeja02.html,2024,2024-03-10,IND,ORL,@,"W, 111-97",,03:01,0,2,0,1,0,0,0,0,0,0,0,0,0,1,0
Jarace Walker,https://www.basketball-reference.com/players/w/walkeja02.html,2024,2024-03-12,IND,OKC,@,"W, 121-111",,06:51,1,2,1,2,0,0,1,1,2,0,0,0,0,0,3
Jarace Walker,https://www.basketball-reference.com/players/w/walkeja02.html,2024,2024-03-13,IND,CHI,,"L, 129-132 (OT)",,23:42,3,5,2,4,2,2,1,3,4,0,0,0,0,1,10
Jarace Walker,https://www.basketball-reference.com/players/w/walkeja02.html,2024,2024-03-16,IND,BRK,,"W, 121-100",,09:19,0,5,0,3,0,0,0,1,1,0,0,1,1,2,0
Jarace Walker,https://www.basketball-reference.com/players/w/walkeja02.html,2024,2024-03-18,IND,CLE,,"L, 103-108",,,,,,,,,,,,,,,,,
Jarace Walker,https://www.basketball-reference.com/players/w/walkeja02.html,2024,2024-03-20,IND,DET,@,"W, 122-103",,06:14,1,2,0,0,0,0,0,1,1,0,0,1,0,1,2
Jarace Walker,https://www.basketball-reference.com/players/w/walkeja02.html,2024,2024-03-22,IND,GSW,@,"W, 123-111",,,,,,,,,,,,,,,,,
Jarace Walker,https://www.basketball-reference.com/players/w/walkeja02.html,2024,2024-03-24,IND,LAL,@,"L, 145-150",,,,,,,,,,,,,,,,,
Jarace Walker,https://www.basketball-reference.com/players/w/walkeja02.html,2024,2024-03-25,IND,LAC,@,"W, 133-116",,29:23,3,3,2,2,0,0,0,4,4,7,1,0,0,2,8
Jarace Walker,https://www.basketball-reference.com/players/w/walkeja02.html,2024,2024-03-27,IND,CHI,@,"L, 99-125",,10:46,0,2,0,1,0,0,0,1,1,2,0,0,2,0,0
Jarace Walker,https://www.basketball-reference.com/players/w/walkeja02.html,2024,2024-03-29,IND,LAL,,"W, 109-90",,02:08,0,0,0,0,0,0,0,0,0,0,0,0,0,0,0
Jarace Walker,https://www.basketball-reference.com/players/w/walkeja02.html,2024,2024-04-01,IND,BRK,,"W, 133-111",,13:19,2,4,0,0,0,0,1,1,2,2,0,0,1,1,4
Jarace Walker,https://www.basketball-reference.com/players/w/walkeja02.html,2024,2024-04-03,IND,BRK,@,"L, 111-115",,,,,,,,,,,,,,,,,
Jarace Walker,https://www.basketball-reference.com/players/w/walkeja02.html,2024,2024-04-05,IND,OKC,,"W, 126-112",,,,,,,,,,,,,,,,,
Jarace Walker,https://www.basketball-reference.com/players/w/walkeja02.html,2024,2024-04-07,IND,MIA,,"W, 117-115",,,,,,,,,,,,,,,,,
Jarace Walker,https://www.basketball-reference.com/players/w/walkeja02.html,2024,2024-04-09,IND,TOR,@,"W, 140-123",,01:55,0,0,0,0,0,0,0,0,0,0,0,0,0,0,0
Jarace Walker,https://www.basketball-reference.com/players/w/walkeja02.html,2024,2024-04-12,IND,CLE,@,"L, 120-129",,,,,,,,,,,,,,,,,
Jarace Walker,https://www.basketball-reference.com/players/w/walkeja02.html,2024,2024-04-14,IND,ATL,,"W, 157-115",,10:08,3,5,2,3,0,0,0,5,5,1,1,0,1,0,8
Isaiah Wong,https://www.basketball-reference.com/players/w/wongis01.html,2024,2023-10-25,IND,WAS,,"W, 143-120",,,,,,,,,,,,,,,,,
Isaiah Wong,https://www.basketball-reference.com/players/w/wongis01.html,2024,2023-10-28,IND,CLE,@,"W, 125-113",,,,,,,,,,,,,,,,,
Isaiah Wong,https://www.basketball-reference.com/players/w/wongis01.html,2024,2023-10-30,IND,CHI,,"L, 105-112",,,,,,,,,,,,,,,,,
Isaiah Wong,https://www.basketball-reference.com/players/w/wongis01.html,2024,,,,,,,,,,,,,,,,,,,,,,
Isaiah Wong,https://www.basketball-reference.com/players/w/wongis01.html,2024,2023-11-01,IND,BOS,@,"L, 104-155",,,,,,,,,,,,,,,,,
Isaiah Wong,https://www.basketball-reference.com/players/w/wongis01.html,2024,2023-11-03,IND,CLE,,"W, 121-116",,,,,,,,,,,,,,,,,
Isaiah Wong,https://www.basketball-reference.com/players/w/wongis01.html,2024,2023-11-04,IND,CHO,,"L, 124-125",,,,,,,,,,,,,,,,,
Isaiah Wong,https://www.basketball-reference.com/players/w/wongis01.html,2024,2023-11-06,IND,SAS,,"W, 152-111",,,,,,,,,,,,,,,,,
Isaiah Wong,https://www.basketball-reference.com/players/w/wongis01.html,2024,2023-11-08,IND,UTA,,"W, 134-118",,,,,,,,,,,,,,,,,
Isaiah Wong,https://www.basketball-reference.com/players/w/wongis01.html,2024,2023-11-09,IND,MIL,,"W, 126-124",,,,,,,,,,,,,,,,,
Isaiah Wong,https://www.basketball-reference.com/players/w/wongis01.html,2024,2023-11-12,IND,PHI,@,"L, 126-137",,,,,,,,,,,,,,,,,
Isaiah Wong,https://www.basketball-reference.com/players/w/wongis01.html,2024,2023-11-14,IND,PHI,@,"W, 132-126",,,,,,,,,,,,,,,,,
Isaiah Wong,https://www.basketball-reference.com/players/w/wongis01.html,2024,2023-11-19,IND,ORL,,"L, 116-128",,,,,,,,,,,,,,,,,
Isaiah Wong,https://www.basketball-reference.com/players/w/wongis01.html,2024,2023-11-21,IND,ATL,@,"W, 157-152",,,,,,,,,,,,,,,,,
Isaiah Wong,https://www.basketball-reference.com/players/w/wongis01.html,2024,2023-11-22,IND,TOR,,"L, 131-132",,,,,,,,,,,,,,,,,
Isaiah Wong,https://www.basketball-reference.com/players/w/wongis01.html,2024,2023-11-24,IND,DET,,"W, 136-113",,,,,,,,,,,,,,,,,
Isaiah Wong,https://www.basketball-reference.com/players/w/wongis01.html,2024,2023-11-27,IND,POR,,"L, 110-114",,,,,,,,,,,,,,,,,
Isaiah Wong,https://www.basketball-reference.com/players/w/wongis01.html,2024,2023-11-30,IND,MIA,@,"L, 132-142",,,,,,,,,,,,,,,,,
Isaiah Wong,https://www.basketball-reference.com/players/w/wongis01.html,2024,2023-12-02,IND,MIA,@,"W, 144-129",,,,,,,,,,,,,,,,,
Isaiah Wong,https://www.basketball-reference.com/players/w/wongis01.html,2024,2023-12-04,IND,BOS,,"W, 122-112",,,,,,,,,,,,,,,,,
Isaiah Wong,https://www.basketball-reference.com/players/w/wongis01.html,2024,2023-12-07,IND,MIL,@,"W, 128-119",,,,,,,,,,,,,,,,,
Isaiah Wong,https://www.basketball-reference.com/players/w/wongis01.html,2024,2023-12-11,IND,DET,@,"W, 131-123",,,,,,,,,,,,,,,,,
Isaiah Wong,https://www.basketball-reference.com/players/w/wongis01.html,2024,2023-12-13,IND,MIL,@,"L, 126-140",,,,,,,,,,,,,,,,,
Isaiah Wong,https://www.basketball-reference.com/players/w/wongis01.html,2024,2023-12-15,IND,WAS,@,"L, 123-137",,,,,,,,,,,,,,,,,
Isaiah Wong,https://www.basketball-reference.com/players/w/wongis01.html,2024,2023-12-16,IND,MIN,@,"L, 109-127",,,,,,,,,,,,,,,,,
Isaiah Wong,https://www.basketball-reference.com/players/w/wongis01.html,2024,2023-12-18,IND,LAC,,"L, 127-151",,,,,,,,,,,,,,,,,
Isaiah Wong,https://www.basketball-reference.com/players/w/wongis01.html,2024,2023-12-20,IND,CHO,,"W, 144-113",,,,,,,,,,,,,,,,,
Isaiah Wong,https://www.basketball-reference.com/players/w/wongis01.html,2024,2023-12-21,IND,MEM,@,"L, 103-116",,,,,,,,,,,,,,,,,
Isaiah Wong,https://www.basketball-reference.com/players/w/wongis01.html,2024,2023-12-23,IND,ORL,,"L, 110-117",,,,,,,,,,,,,,,,,
Isaiah Wong,https://www.basketball-reference.com/players/w/wongis01.html,2024,2023-12-26,IND,HOU,@,"W, 123-117",,,,,,,,,,,,,,,,,
Isaiah Wong,https://www.basketball-reference.com/players/w/wongis01.html,2024,2023-12-28,IND,CHI,@,"W, 120-104",,,,,,,,,,,,,,,,,
Isaiah Wong,https://www.basketball-reference.com/players/w/wongis01.html,2024,2023-12-30,IND,NYK,,"W, 140-126",,,,,,,,,,,,,,,,,
Isaiah Wong,https://www.basketball-reference.com/players/w/wongis01.html,2024,2024-01-01,IND,MIL,@,"W, 122-113",,,,,,,,,,,,,,,,,
Isaiah Wong,https://www.basketball-reference.com/players/w/wongis01.html,2024,2024-01-03,IND,MIL,,"W, 142-130",,,,,,,,,,,,,,,,,
Isaiah Wong,https://www.basketball-reference.com/players/w/wongis01.html,2024,2024-01-05,IND,ATL,,"W, 150-116",,,,,,,,,,,,,,,,,
Isaiah Wong,https://www.basketball-reference.com/players/w/wongis01.html,2024,2024-01-06,IND,BOS,,"L, 101-118",,,,,,,,,,,,,,,,,
Isaiah Wong,https://www.basketball-reference.com/players/w/wongis01.html,2024,2024-01-08,IND,BOS,,"W, 133-131",,,,,,,,,,,,,,,,,
Isaiah Wong,https://www.basketball-reference.com/players/w/wongis01.html,2024,2024-01-10,IND,WAS,,"W, 112-104",,,,,,,,,,,,,,,,,
Isaiah Wong,https://www.basketball-reference.com/players/w/wongis01.html,2024,2024-01-12,IND,ATL,@,"W, 126-108",,,,,,,,,,,,,,,,,
Isaiah Wong,https://www.basketball-reference.com/players/w/wongis01.html,2024,2024-01-14,IND,DEN,@,"L, 109-117",,,,,,,,,,,,,,,,,
Isaiah Wong,https://www.basketball-reference.com/players/w/wongis01.html,2024,2024-01-15,IND,UTA,@,"L, 105-132",,,,,,,,,,,,,,,,,
Isaiah Wong,https://www.basketball-reference.com/players/w/wongis01.html,2024,2024-01-18,IND,SAC,@,"W, 126-121",,,,,,,,,,,,,,,,,
Isaiah Wong,https://www.basketball-reference.com/players/w/wongis01.html,2024,2024-01-19,IND,POR,@,"L, 115-118",,,,,,,,,,,,,,,,,
Isaiah Wong,https://www.basketball-reference.com/players/w/wongis01.html,2024,2024-01-21,IND,PHO,@,"L, 110-117",,,,,,,,,,,,,,,,,
Isaiah Wong,https://www.basketball-reference.com/players/w/wongis01.html,2024,2024-01-23,IND,DEN,,"L, 109-114",,,,,,,,,,,,,,,,,
Isaiah Wong,https://www.basketball-reference.com/players/w/wongis01.html,2024,2024-01-25,IND,PHI,,"W, 134-122",,,,,,,,,,,,,,,,,
Isaiah Wong,https://www.basketball-reference.com/players/w/wongis01.html,2024,2024-01-26,IND,PHO,,"W, 133-131",,,,,,,,,,,,,,,,,
Isaiah Wong,https://www.basketball-reference.com/players/w/wongis01.html,2024,2024-01-28,IND,MEM,,"W, 116-110",,,,,,,,,,,,,,,,,
Isaiah Wong,https://www.basketball-reference.com/players/w/wongis01.html,2024,2024-01-30,IND,BOS,@,"L, 124-129",,,,,,,,,,,,,,,,,
Isaiah Wong,https://www.basketball-reference.com/players/w/wongis01.html,2024,2024-02-01,IND,NYK,@,"L, 105-109",,,,,,,,,,,,,,,,,
Isaiah Wong,https://www.basketball-reference.com/players/w/wongis01.html,2024,2024-02-02,IND,SAC,,"L, 122-133",,,,,,,,,,,,,,,,,
Isaiah Wong,https://www.basketball-reference.com/players/w/wongis01.html,2024,2024-02-04,IND,CHO,@,"W, 115-99",,,,,,,,,,,,,,,,,
Isaiah Wong,https://www.basketball-reference.com/players/w/wongis01.html,2024,2024-02-06,IND,HOU,,"W, 132-129",,,,,,,,,,,,,,,,,
Isaiah Wong,https://www.basketball-reference.com/players/w/wongis01.html,2024,2024-02-08,IND,GSW,,"L, 109-131",,,,,,,,,,,,,,,,,
Isaiah Wong,https://www.basketball-reference.com/players/w/wongis01.html,2024,2024-02-10,IND,NYK,@,"W, 125-111",,,,,,,,,,,,,,,,,
Isaiah Wong,https://www.basketball-reference.com/players/w/wongis01.html,2024,2024-02-12,IND,CHO,@,"L, 102-111",,,,,,,,,,,,,,,,,
Isaiah Wong,https://www.basketball-reference.com/players/w/wongis01.html,2024,2024-02-14,IND,TOR,@,"W, 127-125",,,,,,,,,,,,,,,,,
Isaiah Wong,https://www.basketball-reference.com/players/w/wongis01.html,2024,2024-02-22,IND,DET,,"W, 129-115",,,,,,,,,,,,,,,,,
Isaiah Wong,https://www.basketball-reference.com/players/w/wongis01.html,2024,2024-02-25,IND,DAL,,"W, 133-111",,,,,,,,,,,,,,,,,
Isaiah Wong,https://www.basketball-reference.com/players/w/wongis01.html,2024,2024-02-26,IND,TOR,,"L, 122-130",,,,,,,,,,,,,,,,,
Isaiah Wong,https://www.basketball-reference.com/players/w/wongis01.html,2024,2024-02-28,IND,NOP,,"W, 123-114",,,,,,,,,,,,,,,,,
Isaiah Wong,https://www.basketball-reference.com/players/w/wongis01.html,2024,2024-03-01,IND,NOP,@,"L, 102-129",,,,,,,,,,,,,,,,,
Isaiah Wong,https://www.basketball-reference.com/players/w/wongis01.html,2024,2024-03-03,IND,SAS,@,"L, 105-117",,,,,,,,,,,,,,,,,
Isaiah Wong,https://www.basketball-reference.com/players/w/wongis01.html,2024,2024-03-05,IND,DAL,@,"W, 137-120",,,,,,,,,,,,,,,,,
Isaiah Wong,https://www.basketball-reference.com/players/w/wongis01.html,2024,2024-03-07,IND,MIN,,"L, 111-113",,,,,,,,,,,,,,,,,
Isaiah Wong,https://www.basketball-reference.com/players/w/wongis01.html,2024,2024-03-10,IND,ORL,@,"W, 111-97",,,,,,,,,,,,,,,,,
Isaiah Wong,https://www.basketball-reference.com/players/w/wongis01.html,2024,2024-03-12,IND,OKC,@,"W, 121-111",,,,,,,,,,,,,,,,,
Isaiah Wong,https://www.basketball-reference.com/players/w/wongis01.html,2024,2024-03-13,IND,CHI,,"L, 129-132 (OT)",,,,,,,,,,,,,,,,,
Isaiah Wong,https://www.basketball-reference.com/players/w/wongis01.html,2024,2024-03-16,IND,BRK,,"W, 121-100",,,,,,,,,,,,,,,,,
Isaiah Wong,https://www.basketball-reference.com/players/w/wongis01.html,2024,2024-03-18,IND,CLE,,"L, 103-108",,,,,,,,,,,,,,,,,
Isaiah Wong,https://www.basketball-reference.com/players/w/wongis01.html,2024,2024-03-20,IND,DET,@,"W, 122-103",,,,,,,,,,,,,,,,,
Isaiah Wong,https://www.basketball-reference.com/players/w/wongis01.html,2024,2024-03-22,IND,GSW,@,"W, 123-111",,,,,,,,,,,,,,,,,
Isaiah Wong,https://www.basketball-reference.com/players/w/wongis01.html,2024,2024-03-24,IND,LAL,@,"L, 145-150",,,,,,,,,,,,,,,,,
Isaiah Wong,https://www.basketball-reference.com/players/w/wongis01.html,2024,2024-03-25,IND,LAC,@,"W, 133-116",,,,,,,,,,,,,,,,,
Isaiah Wong,https://www.basketball-reference.com/players/w/wongis01.html,2024,2024-03-27,IND,CHI,@,"L, 99-125",,,,,,,,,,,,,,,,,
Isaiah Wong,https://www.basketball-reference.com/players/w/wongis01.html,2024,2024-03-29,IND,LAL,,"W, 109-90",,,,,,,,,,,,,,,,,
Isaiah Wong,https://www.basketball-reference.com/players/w/wongis01.html,2024,2024-04-01,IND,BRK,,"W, 133-111",,04:17,1,3,0,1,0,0,0,0,0,0,0,0,0,0,2
Isaiah Wong,https://www.basketball-reference.com/players/w/wongis01.html,2024,2024-04-03,IND,BRK,@,"L, 111-115",,,,,,,,,,,,,,,,,
Isaiah Wong,https://www.basketball-reference.com/players/w/wongis01.html,2024,2024-04-05,IND,OKC,,"W, 126-112",,,,,,,,,,,,,,,,,
Isaiah Wong,https://www.basketball-reference.com/players/w/wongis01.html,2024,2024-04-07,IND,MIA,,"W, 117-115",,,,,,,,,,,,,,,,,
Isaiah Wong,https://www.basketball-reference.com/players/w/wongis01.html,2024,2024-04-09,IND,TOR,@,"W, 140-123",,,,,,,,,,,,,,,,,
Isaiah Wong,https://www.basketball-reference.com/players/w/wongis01.html,2024,2024-04-12,IND,CLE,@,"L, 120-129",,,,,,,,,,,,,,,,,
Isaiah Wong,https://www.basketball-reference.com/players/w/wongis01.html,2024,2024-04-14,IND,ATL,,"W, 157-115",,,,,,,,,,,,,,,,,
Kobe Brown,https://www.basketball-reference.com/players/b/brownko01.html,2024,2023-10-25,LAC,POR,,"W, 123-111",,05:18,0,2,0,1,0,0,0,0,0,0,0,0,0,1,0
Kobe Brown,https://www.basketball-reference.com/players/b/brownko01.html,2024,2023-10-27,LAC,UTA,@,"L, 118-120",,,,,,,,,,,,,,,,,
Kobe Brown,https://www.basketball-reference.com/players/b/brownko01.html,2024,2023-10-29,LAC,SAS,,"W, 123-83",,04:50,1,2,1,2,0,0,0,4,4,1,1,0,0,1,3
Kobe Brown,https://www.basketball-reference.com/players/b/brownko01.html,2024,2023-10-31,LAC,ORL,,"W, 118-102",,19:02,3,4,1,2,0,0,1,2,3,1,0,1,0,4,7
Kobe Brown,https://www.basketball-reference.com/players/b/brownko01.html,2024,,,,,,,,,,,,,,,,,,,,,,
Kobe Brown,https://www.basketball-reference.com/players/b/brownko01.html,2024,2023-11-01,LAC,LAL,@,"L, 125-130 (OT)",,05:39,0,1,0,1,0,0,0,0,0,0,0,0,0,0,0
Kobe Brown,https://www.basketball-reference.com/players/b/brownko01.html,2024,2023-11-06,LAC,NYK,@,"L, 97-111",,04:25,0,1,0,1,0,0,0,0,0,0,0,0,0,0,0
Kobe Brown,https://www.basketball-reference.com/players/b/brownko01.html,2024,2023-11-08,LAC,BRK,@,"L, 93-100",,,,,,,,,,,,,,,,,
Kobe Brown,https://www.basketball-reference.com/players/b/brownko01.html,2024,2023-11-10,LAC,DAL,@,"L, 126-144",,12:44,3,4,1,1,0,0,1,0,1,0,0,0,1,2,7
Kobe Brown,https://www.basketball-reference.com/players/b/brownko01.html,2024,2023-11-12,LAC,MEM,,"L, 101-105",,,,,,,,,,,,,,,,,
Kobe Brown,https://www.basketball-reference.com/players/b/brownko01.html,2024,2023-11-14,LAC,DEN,@,"L, 108-111",,,,,,,,,,,,,,,,,
Kobe Brown,https://www.basketball-reference.com/players/b/brownko01.html,2024,2023-11-17,LAC,HOU,,"W, 106-100",,,,,,,,,,,,,,,,,
Kobe Brown,https://www.basketball-reference.com/players/b/brownko01.html,2024,2023-11-20,LAC,SAS,@,"W, 124-99",,,,,,,,,,,,,,,,,
Kobe Brown,https://www.basketball-reference.com/players/b/brownko01.html,2024,2023-11-22,LAC,SAS,@,"W, 109-102",,,,,,,,,,,,,,,,,
Kobe Brown,https://www.basketball-reference.com/players/b/brownko01.html,2024,2023-11-24,LAC,NOP,,"L, 106-116",,,,,,,,,,,,,,,,,
Kobe Brown,https://www.basketball-reference.com/players/b/brownko01.html,2024,2023-11-25,LAC,DAL,,"W, 107-88",,04:45,0,2,0,1,0,0,1,2,3,0,0,0,0,0,0
Kobe Brown,https://www.basketball-reference.com/players/b/brownko01.html,2024,2023-11-27,LAC,DEN,,"L, 104-113",,,,,,,,,,,,,,,,,
Kobe Brown,https://www.basketball-reference.com/players/b/brownko01.html,2024,2023-11-29,LAC,SAC,@,"W, 131-117",,10:53,1,2,1,2,0,0,0,2,2,0,0,0,0,3,3
Kobe Brown,https://www.basketball-reference.com/players/b/brownko01.html,2024,2023-11-30,LAC,GSW,@,"L, 114-120",,06:06,0,1,0,1,0,0,0,1,1,0,0,0,0,2,0
Kobe Brown,https://www.basketball-reference.com/players/b/brownko01.html,2024,2023-12-02,LAC,GSW,,"W, 113-112",,11:04,0,3,0,3,0,0,0,1,1,3,0,0,0,1,0
Kobe Brown,https://www.basketball-reference.com/players/b/brownko01.html,2024,2023-12-06,LAC,DEN,,"W, 111-102",,17:10,1,4,1,3,0,0,0,4,4,1,0,0,0,4,3
Kobe Brown,https://www.basketball-reference.com/players/b/brownko01.html,2024,2023-12-08,LAC,UTA,@,"W, 117-103",,13:30,0,2,0,0,1,2,2,1,3,1,0,1,0,3,1
Kobe Brown,https://www.basketball-reference.com/players/b/brownko01.html,2024,2023-12-11,LAC,POR,,"W, 132-127",,05:23,0,1,0,1,0,0,0,0,0,0,0,0,0,1,0
Kobe Brown,https://www.basketball-reference.com/players/b/brownko01.html,2024,2023-12-12,LAC,SAC,,"W, 119-99",,24:19,3,5,1,3,0,0,1,5,6,0,0,1,1,5,7
Kobe Brown,https://www.basketball-reference.com/players/b/brownko01.html,2024,2023-12-14,LAC,GSW,,"W, 121-113",,07:14,1,1,0,0,0,0,0,0,0,0,1,0,0,2,2
Kobe Brown,https://www.basketball-reference.com/players/b/brownko01.html,2024,2023-12-16,LAC,NYK,,"W, 144-122",,04:59,2,3,2,3,0,0,0,0,0,0,0,0,0,0,6
Kobe Brown,https://www.basketball-reference.com/players/b/brownko01.html,2024,2023-12-18,LAC,IND,@,"W, 151-127",,06:09,0,2,0,1,0,0,0,1,1,1,0,0,1,1,0
Kobe Brown,https://www.basketball-reference.com/players/b/brownko01.html,2024,2023-12-20,LAC,DAL,@,"W, 120-111",,,,,,,,,,,,,,,,,
Kobe Brown,https://www.basketball-reference.com/players/b/brownko01.html,2024,2023-12-21,LAC,OKC,@,"L, 115-134",,09:51,1,3,0,2,0,0,0,0,0,0,0,0,0,1,2
Kobe Brown,https://www.basketball-reference.com/players/b/brownko01.html,2024,2023-12-23,LAC,BOS,,"L, 108-145",,25:22,2,2,2,2,0,0,0,2,2,4,1,0,0,3,6
Kobe Brown,https://www.basketball-reference.com/players/b/brownko01.html,2024,2023-12-26,LAC,CHO,,"W, 113-104",,17:17,1,4,0,2,0,0,0,0,0,2,2,0,0,0,2
Kobe Brown,https://www.basketball-reference.com/players/b/brownko01.html,2024,2023-12-29,LAC,MEM,,"W, 117-106",,15:28,3,5,1,3,0,0,0,4,4,0,0,0,0,2,7
Kobe Brown,https://www.basketball-reference.com/players/b/brownko01.html,2024,2024-01-01,LAC,MIA,,"W, 121-104",,02:55,0,0,0,0,0,0,0,0,0,0,0,0,1,0,0
Kobe Brown,https://www.basketball-reference.com/players/b/brownko01.html,2024,2024-01-03,LAC,PHO,@,"W, 131-122",,,,,,,,,,,,,,,,,
Kobe Brown,https://www.basketball-reference.com/players/b/brownko01.html,2024,2024-01-05,LAC,NOP,@,"W, 111-95",,06:29,0,1,0,1,0,0,0,0,0,0,0,0,0,0,0
Kobe Brown,https://www.basketball-reference.com/players/b/brownko01.html,2024,2024-01-07,LAC,LAL,@,"L, 103-106",,,,,,,,,,,,,,,,,
Kobe Brown,https://www.basketball-reference.com/players/b/brownko01.html,2024,2024-01-08,LAC,PHO,,"W, 138-111",,04:38,0,0,0,0,0,0,0,0,0,0,1,0,0,1,0
Kobe Brown,https://www.basketball-reference.com/players/b/brownko01.html,2024,2024-01-10,LAC,TOR,,"W, 126-120",,,,,,,,,,,,,,,,,
Kobe Brown,https://www.basketball-reference.com/players/b/brownko01.html,2024,2024-01-12,LAC,MEM,@,"W, 128-119",,04:13,0,1,0,0,0,0,0,0,0,1,0,0,0,0,0
Kobe Brown,https://www.basketball-reference.com/players/b/brownko01.html,2024,2024-01-14,LAC,MIN,@,"L, 105-109",,,,,,,,,,,,,,,,,
Kobe Brown,https://www.basketball-reference.com/players/b/brownko01.html,2024,2024-01-16,LAC,OKC,,"W, 128-117",,,,,,,,,,,,,,,,,
Kobe Brown,https://www.basketball-reference.com/players/b/brownko01.html,2024,2024-01-21,LAC,BRK,,"W, 125-114",,,,,,,,,,,,,,,,,
Kobe Brown,https://www.basketball-reference.com/players/b/brownko01.html,2024,2024-01-23,LAC,LAL,,"W, 127-116",,00:55,0,0,0,0,0,0,0,0,0,0,0,0,0,0,0
Kobe Brown,https://www.basketball-reference.com/players/b/brownko01.html,2024,2024-01-26,LAC,TOR,@,"W, 127-107",,,,,,,,,,,,,,,,,
Kobe Brown,https://www.basketball-reference.com/players/b/brownko01.html,2024,2024-01-27,LAC,BOS,@,"W, 115-96",,10:27,0,2,0,2,0,0,2,1,3,1,0,0,1,2,0
Kobe Brown,https://www.basketball-reference.com/players/b/brownko01.html,2024,2024-01-29,LAC,CLE,@,"L, 108-118",,00:32,0,0,0,0,0,0,0,0,0,0,0,0,0,0,0
Kobe Brown,https://www.basketball-reference.com/players/b/brownko01.html,2024,2024-01-31,LAC,WAS,@,"W, 125-109",,06:36,0,1,0,0,0,0,1,2,3,1,0,0,0,1,0
Kobe Brown,https://www.basketball-reference.com/players/b/brownko01.html,2024,2024-02-02,LAC,DET,@,"W, 136-125",,02:39,0,1,0,0,0,0,0,0,0,0,0,0,0,0,0
Kobe Brown,https://www.basketball-reference.com/players/b/brownko01.html,2024,2024-02-04,LAC,MIA,@,"W, 103-95",,,,,,,,,,,,,,,,,
Kobe Brown,https://www.basketball-reference.com/players/b/brownko01.html,2024,2024-02-05,LAC,ATL,@,"W, 149-144",,,,,,,,,,,,,,,,,
Kobe Brown,https://www.basketball-reference.com/players/b/brownko01.html,2024,2024-02-07,LAC,NOP,,"L, 106-117",,03:27,1,1,1,1,0,0,0,1,1,0,0,0,0,0,3
Kobe Brown,https://www.basketball-reference.com/players/b/brownko01.html,2024,2024-02-10,LAC,DET,,"W, 112-106",,,,,,,,,,,,,,,,,
Kobe Brown,https://www.basketball-reference.com/players/b/brownko01.html,2024,2024-02-12,LAC,MIN,,"L, 100-121",,04:56,0,1,0,0,0,0,1,1,2,0,0,0,2,0,0
Kobe Brown,https://www.basketball-reference.com/players/b/brownko01.html,2024,2024-02-14,LAC,GSW,@,"W, 130-125",,,,,,,,,,,,,,,,,
Kobe Brown,https://www.basketball-reference.com/players/b/brownko01.html,2024,2024-02-22,LAC,OKC,@,"L, 107-129",,,,,,,,,,,,,,,,,
Kobe Brown,https://www.basketball-reference.com/players/b/brownko01.html,2024,2024-02-23,LAC,MEM,@,"W, 101-95",,,,,,,,,,,,,,,,,
Kobe Brown,https://www.basketball-reference.com/players/b/brownko01.html,2024,2024-02-25,LAC,SAC,,"L, 107-123",,,,,,,,,,,,,,,,,
Kobe Brown,https://www.basketball-reference.com/players/b/brownko01.html,2024,2024-02-28,LAC,LAL,,"L, 112-116",,,,,,,,,,,,,,,,,
Kobe Brown,https://www.basketball-reference.com/players/b/brownko01.html,2024,2024-03-01,LAC,WAS,,"W, 140-115",,05:17,1,1,0,0,0,0,0,1,1,0,0,0,0,1,2
Kobe Brown,https://www.basketball-reference.com/players/b/brownko01.html,2024,2024-03-03,LAC,MIN,@,"W, 89-88",,,,,,,,,,,,,,,,,
Kobe Brown,https://www.basketball-reference.com/players/b/brownko01.html,2024,2024-03-04,LAC,MIL,@,"L, 106-113",,,,,,,,,,,,,,,,,
Kobe Brown,https://www.basketball-reference.com/players/b/brownko01.html,2024,2024-03-06,LAC,HOU,@,"W, 122-116",,,,,,,,,,,,,,,,,
Kobe Brown,https://www.basketball-reference.com/players/b/brownko01.html,2024,2024-03-09,LAC,CHI,,"W, 112-102",,00:29,0,0,0,0,0,0,0,0,0,0,0,0,0,0,0
Kobe Brown,https://www.basketball-reference.com/players/b/brownko01.html,2024,2024-03-10,LAC,MIL,,"L, 117-124",,,,,,,,,,,,,,,,,
Kobe Brown,https://www.basketball-reference.com/players/b/brownko01.html,2024,2024-03-12,LAC,MIN,,"L, 100-118",,04:08,0,0,0,0,0,0,0,1,1,0,0,0,0,0,0
Kobe Brown,https://www.basketball-reference.com/players/b/brownko01.html,2024,2024-03-14,LAC,CHI,@,"W, 126-111",,,,,,,,,,,,,,,,,
Kobe Brown,https://www.basketball-reference.com/players/b/brownko01.html,2024,2024-03-15,LAC,NOP,@,"L, 104-112",,,,,,,,,,,,,,,,,
Kobe Brown,https://www.basketball-reference.com/players/b/brownko01.html,2024,2024-03-17,LAC,ATL,,"L, 93-110",,02:28,0,0,0,0,0,0,0,0,0,0,0,0,0,0,0
Kobe Brown,https://www.basketball-reference.com/players/b/brownko01.html,2024,2024-03-20,LAC,POR,@,"W, 116-103",,,,,,,,,,,,,,,,,
Kobe Brown,https://www.basketball-reference.com/players/b/brownko01.html,2024,2024-03-22,LAC,POR,@,"W, 125-117",,,,,,,,,,,,,,,,,
Kobe Brown,https://www.basketball-reference.com/players/b/brownko01.html,2024,2024-03-24,LAC,PHI,,"L, 107-121",,05:19,2,2,0,0,0,0,0,1,1,0,0,0,0,1,4
Kobe Brown,https://www.basketball-reference.com/players/b/brownko01.html,2024,2024-03-25,LAC,IND,,"L, 116-133",,01:52,0,0,0,0,0,0,0,0,0,0,0,0,0,0,0
Kobe Brown,https://www.basketball-reference.com/players/b/brownko01.html,2024,2024-03-27,LAC,PHI,@,"W, 108-107",,,,,,,,,,,,,,,,,
Kobe Brown,https://www.basketball-reference.com/players/b/brownko01.html,2024,2024-03-29,LAC,ORL,@,"W, 100-97",,,,,,,,,,,,,,,,,
Kobe Brown,https://www.basketball-reference.com/players/b/brownko01.html,2024,2024-03-31,LAC,CHO,@,"W, 130-118",,,,,,,,,,,,,,,,,
Kobe Brown,https://www.basketball-reference.com/players/b/brownko01.html,2024,2024-04-02,LAC,SAC,@,"L, 95-109",,01:39,0,0,0,0,0,0,0,0,0,0,0,0,0,0,0
Kobe Brown,https://www.basketball-reference.com/players/b/brownko01.html,2024,2024-04-04,LAC,DEN,,"W, 102-100",,,,,,,,,,,,,,,,,
Kobe Brown,https://www.basketball-reference.com/players/b/brownko01.html,2024,2024-04-05,LAC,UTA,,"W, 131-102",,07:09,2,2,0,0,0,0,2,1,3,0,0,0,0,0,4
Kobe Brown,https://www.basketball-reference.com/players/b/brownko01.html,2024,2024-04-07,LAC,CLE,,"W, 120-118",,,,,,,,,,,,,,,,,
Kobe Brown,https://www.basketball-reference.com/players/b/brownko01.html,2024,2024-04-09,LAC,PHO,@,"W, 105-92",,01:10,0,0,0,0,0,0,0,0,0,0,0,0,1,0,0
Kobe Brown,https://www.basketball-reference.com/players/b/brownko01.html,2024,2024-04-10,LAC,PHO,,"L, 108-124",,27:56,2,5,0,3,0,0,1,1,2,2,1,1,0,3,4
Kobe Brown,https://www.basketball-reference.com/players/b/brownko01.html,2024,2024-04-12,LAC,UTA,,"L, 109-110",,18:49,3,8,1,3,0,0,4,0,4,2,3,0,1,1,7
Kobe Brown,https://www.basketball-reference.com/players/b/brownko01.html,2024,2024-04-14,LAC,HOU,,"L, 105-116",,38:26,4,10,1,3,0,0,3,3,6,4,2,2,0,3,9
Jordan Miller,https://www.basketball-reference.com/players/m/millejo02.html,2024,2023-10-25,LAC,POR,,"W, 123-111",,03:56,1,2,0,0,0,0,0,0,0,0,0,0,0,1,2
Jordan Miller,https://www.basketball-reference.com/players/m/millejo02.html,2024,2023-10-27,LAC,UTA,@,"L, 118-120",,,,,,,,,,,,,,,,,
Jordan Miller,https://www.basketball-reference.com/players/m/millejo02.html,2024,2023-10-29,LAC,SAS,,"W, 123-83",,,,,,,,,,,,,,,,,
Jordan Miller,https://www.basketball-reference.com/players/m/millejo02.html,2024,2023-10-31,LAC,ORL,,"W, 118-102",,02:55,1,1,1,1,0,0,0,0,0,0,0,0,0,1,3
Jordan Miller,https://www.basketball-reference.com/players/m/millejo02.html,2024,,,,,,,,,,,,,,,,,,,,,,
Jordan Miller,https://www.basketball-reference.com/players/m/millejo02.html,2024,2023-11-01,LAC,LAL,@,"L, 125-130 (OT)",,,,,,,,,,,,,,,,,
Jordan Miller,https://www.basketball-reference.com/players/m/millejo02.html,2024,2023-11-06,LAC,NYK,@,"L, 97-111",,,,,,,,,,,,,,,,,
Jordan Miller,https://www.basketball-reference.com/players/m/millejo02.html,2024,2023-11-08,LAC,BRK,@,"L, 93-100",,,,,,,,,,,,,,,,,
Jordan Miller,https://www.basketball-reference.com/players/m/millejo02.html,2024,2023-11-10,LAC,DAL,@,"L, 126-144",,,,,,,,,,,,,,,,,
Jordan Miller,https://www.basketball-reference.com/players/m/millejo02.html,2024,2023-11-12,LAC,MEM,,"L, 101-105",,,,,,,,,,,,,,,,,
Jordan Miller,https://www.basketball-reference.com/players/m/millejo02.html,2024,2023-11-14,LAC,DEN,@,"L, 108-111",,,,,,,,,,,,,,,,,
Jordan Miller,https://www.basketball-reference.com/players/m/millejo02.html,2024,2023-11-17,LAC,HOU,,"W, 106-100",,,,,,,,,,,,,,,,,
Jordan Miller,https://www.basketball-reference.com/players/m/millejo02.html,2024,2023-11-20,LAC,SAS,@,"W, 124-99",,,,,,,,,,,,,,,,,
Jordan Miller,https://www.basketball-reference.com/players/m/millejo02.html,2024,2023-11-22,LAC,SAS,@,"W, 109-102",,,,,,,,,,,,,,,,,
Jordan Miller,https://www.basketball-reference.com/players/m/millejo02.html,2024,2023-11-24,LAC,NOP,,"L, 106-116",,,,,,,,,,,,,,,,,
Jordan Miller,https://www.basketball-reference.com/players/m/millejo02.html,2024,2023-11-25,LAC,DAL,,"W, 107-88",,,,,,,,,,,,,,,,,
Jordan Miller,https://www.basketball-reference.com/players/m/millejo02.html,2024,2023-11-27,LAC,DEN,,"L, 104-113",,,,,,,,,,,,,,,,,
Jordan Miller,https://www.basketball-reference.com/players/m/millejo02.html,2024,2023-11-29,LAC,SAC,@,"W, 131-117",,,,,,,,,,,,,,,,,
Jordan Miller,https://www.basketball-reference.com/players/m/millejo02.html,2024,2023-11-30,LAC,GSW,@,"L, 114-120",,,,,,,,,,,,,,,,,
Jordan Miller,https://www.basketball-reference.com/players/m/millejo02.html,2024,2023-12-02,LAC,GSW,,"W, 113-112",,,,,,,,,,,,,,,,,
Jordan Miller,https://www.basketball-reference.com/players/m/millejo02.html,2024,2023-12-06,LAC,DEN,,"W, 111-102",,,,,,,,,,,,,,,,,
Jordan Miller,https://www.basketball-reference.com/players/m/millejo02.html,2024,2023-12-08,LAC,UTA,@,"W, 117-103",,,,,,,,,,,,,,,,,
Jordan Miller,https://www.basketball-reference.com/players/m/millejo02.html,2024,2023-12-11,LAC,POR,,"W, 132-127",,,,,,,,,,,,,,,,,
Jordan Miller,https://www.basketball-reference.com/players/m/millejo02.html,2024,2023-12-12,LAC,SAC,,"W, 119-99",,,,,,,,,,,,,,,,,
Jordan Miller,https://www.basketball-reference.com/players/m/millejo02.html,2024,2023-12-14,LAC,GSW,,"W, 121-113",,,,,,,,,,,,,,,,,
Jordan Miller,https://www.basketball-reference.com/players/m/millejo02.html,2024,2023-12-16,LAC,NYK,,"W, 144-122",,04:59,0,0,0,0,0,0,0,1,1,0,0,0,1,0,0
Jordan Miller,https://www.basketball-reference.com/players/m/millejo02.html,2024,2023-12-18,LAC,IND,@,"W, 151-127",,,,,,,,,,,,,,,,,
Jordan Miller,https://www.basketball-reference.com/players/m/millejo02.html,2024,2023-12-20,LAC,DAL,@,"W, 120-111",,,,,,,,,,,,,,,,,
Jordan Miller,https://www.basketball-reference.com/players/m/millejo02.html,2024,2023-12-21,LAC,OKC,@,"L, 115-134",,,,,,,,,,,,,,,,,
Jordan Miller,https://www.basketball-reference.com/players/m/millejo02.html,2024,2023-12-23,LAC,BOS,,"L, 108-145",,,,,,,,,,,,,,,,,
Jordan Miller,https://www.basketball-reference.com/players/m/millejo02.html,2024,2023-12-26,LAC,CHO,,"W, 113-104",,,,,,,,,,,,,,,,,
Jordan Miller,https://www.basketball-reference.com/players/m/millejo02.html,2024,2023-12-29,LAC,MEM,,"W, 117-106",,,,,,,,,,,,,,,,,
Jordan Miller,https://www.basketball-reference.com/players/m/millejo02.html,2024,2024-01-01,LAC,MIA,,"W, 121-104",,,,,,,,,,,,,,,,,
Jordan Miller,https://www.basketball-reference.com/players/m/millejo02.html,2024,2024-01-03,LAC,PHO,@,"W, 131-122",,,,,,,,,,,,,,,,,
Jordan Miller,https://www.basketball-reference.com/players/m/millejo02.html,2024,2024-01-05,LAC,NOP,@,"W, 111-95",,,,,,,,,,,,,,,,,
Jordan Miller,https://www.basketball-reference.com/players/m/millejo02.html,2024,2024-01-07,LAC,LAL,@,"L, 103-106",,,,,,,,,,,,,,,,,
Jordan Miller,https://www.basketball-reference.com/players/m/millejo02.html,2024,2024-01-08,LAC,PHO,,"W, 138-111",,,,,,,,,,,,,,,,,
Jordan Miller,https://www.basketball-reference.com/players/m/millejo02.html,2024,2024-01-10,LAC,TOR,,"W, 126-120",,,,,,,,,,,,,,,,,
Jordan Miller,https://www.basketball-reference.com/players/m/millejo02.html,2024,2024-01-12,LAC,MEM,@,"W, 128-119",,04:13,1,2,0,0,0,0,2,0,2,0,0,0,0,0,2
Jordan Miller,https://www.basketball-reference.com/players/m/millejo02.html,2024,2024-01-14,LAC,MIN,@,"L, 105-109",,,,,,,,,,,,,,,,,
Jordan Miller,https://www.basketball-reference.com/players/m/millejo02.html,2024,2024-01-16,LAC,OKC,,"W, 128-117",,,,,,,,,,,,,,,,,
Jordan Miller,https://www.basketball-reference.com/players/m/millejo02.html,2024,2024-01-21,LAC,BRK,,"W, 125-114",,,,,,,,,,,,,,,,,
Jordan Miller,https://www.basketball-reference.com/players/m/millejo02.html,2024,2024-01-23,LAC,LAL,,"W, 127-116",,,,,,,,,,,,,,,,,
Jordan Miller,https://www.basketball-reference.com/players/m/millejo02.html,2024,2024-01-26,LAC,TOR,@,"W, 127-107",,,,,,,,,,,,,,,,,
Jordan Miller,https://www.basketball-reference.com/players/m/millejo02.html,2024,2024-01-27,LAC,BOS,@,"W, 115-96",,,,,,,,,,,,,,,,,
Jordan Miller,https://www.basketball-reference.com/players/m/millejo02.html,2024,2024-01-29,LAC,CLE,@,"L, 108-118",,,,,,,,,,,,,,,,,
Jordan Miller,https://www.basketball-reference.com/players/m/millejo02.html,2024,2024-01-31,LAC,WAS,@,"W, 125-109",,,,,,,,,,,,,,,,,
Jordan Miller,https://www.basketball-reference.com/players/m/millejo02.html,2024,2024-02-02,LAC,DET,@,"W, 136-125",,,,,,,,,,,,,,,,,
Jordan Miller,https://www.basketball-reference.com/players/m/millejo02.html,2024,2024-02-04,LAC,MIA,@,"W, 103-95",,,,,,,,,,,,,,,,,
Jordan Miller,https://www.basketball-reference.com/players/m/millejo02.html,2024,2024-02-05,LAC,ATL,@,"W, 149-144",,,,,,,,,,,,,,,,,
Jordan Miller,https://www.basketball-reference.com/players/m/millejo02.html,2024,2024-02-07,LAC,NOP,,"L, 106-117",,,,,,,,,,,,,,,,,
Jordan Miller,https://www.basketball-reference.com/players/m/millejo02.html,2024,2024-02-10,LAC,DET,,"W, 112-106",,,,,,,,,,,,,,,,,
Jordan Miller,https://www.basketball-reference.com/players/m/millejo02.html,2024,2024-02-12,LAC,MIN,,"L, 100-121",,04:56,1,1,0,0,2,2,0,1,1,0,0,0,0,0,4
Jordan Miller,https://www.basketball-reference.com/players/m/millejo02.html,2024,2024-02-14,LAC,GSW,@,"W, 130-125",,,,,,,,,,,,,,,,,
Jordan Miller,https://www.basketball-reference.com/players/m/millejo02.html,2024,2024-02-22,LAC,OKC,@,"L, 107-129",,,,,,,,,,,,,,,,,
Jordan Miller,https://www.basketball-reference.com/players/m/millejo02.html,2024,2024-02-23,LAC,MEM,@,"W, 101-95",,,,,,,,,,,,,,,,,
Jordan Miller,https://www.basketball-reference.com/players/m/millejo02.html,2024,2024-02-25,LAC,SAC,,"L, 107-123",,,,,,,,,,,,,,,,,
Jordan Miller,https://www.basketball-reference.com/players/m/millejo02.html,2024,2024-02-28,LAC,LAL,,"L, 112-116",,,,,,,,,,,,,,,,,
Jordan Miller,https://www.basketball-reference.com/players/m/millejo02.html,2024,2024-03-01,LAC,WAS,,"W, 140-115",,,,,,,,,,,,,,,,,
Jordan Miller,https://www.basketball-reference.com/players/m/millejo02.html,2024,2024-03-03,LAC,MIN,@,"W, 89-88",,,,,,,,,,,,,,,,,
Jordan Miller,https://www.basketball-reference.com/players/m/millejo02.html,2024,2024-03-04,LAC,MIL,@,"L, 106-113",,,,,,,,,,,,,,,,,
Jordan Miller,https://www.basketball-reference.com/players/m/millejo02.html,2024,2024-03-06,LAC,HOU,@,"W, 122-116",,,,,,,,,,,,,,,,,
Jordan Miller,https://www.basketball-reference.com/players/m/millejo02.html,2024,2024-03-09,LAC,CHI,,"W, 112-102",,00:36,0,0,0,0,0,0,0,0,0,0,0,0,0,0,0
Jordan Miller,https://www.basketball-reference.com/players/m/millejo02.html,2024,2024-03-10,LAC,MIL,,"L, 117-124",,,,,,,,,,,,,,,,,
Jordan Miller,https://www.basketball-reference.com/players/m/millejo02.html,2024,2024-03-12,LAC,MIN,,"L, 100-118",,04:08,1,3,0,1,0,0,1,0,1,0,0,0,0,0,2
Jordan Miller,https://www.basketball-reference.com/players/m/millejo02.html,2024,2024-03-14,LAC,CHI,@,"W, 126-111",,,,,,,,,,,,,,,,,
Jordan Miller,https://www.basketball-reference.com/players/m/millejo02.html,2024,2024-03-15,LAC,NOP,@,"L, 104-112",,,,,,,,,,,,,,,,,
Jordan Miller,https://www.basketball-reference.com/players/m/millejo02.html,2024,2024-03-17,LAC,ATL,,"L, 93-110",,02:28,0,0,0,0,0,0,0,0,0,0,0,0,0,0,0
Jordan Miller,https://www.basketball-reference.com/players/m/millejo02.html,2024,2024-03-20,LAC,POR,@,"W, 116-103",,,,,,,,,,,,,,,,,
Jordan Miller,https://www.basketball-reference.com/players/m/millejo02.html,2024,2024-03-22,LAC,POR,@,"W, 125-117",,,,,,,,,,,,,,,,,
Jordan Miller,https://www.basketball-reference.com/players/m/millejo02.html,2024,2024-03-24,LAC,PHI,,"L, 107-121",,,,,,,,,,,,,,,,,
Jordan Miller,https://www.basketball-reference.com/players/m/millejo02.html,2024,2024-03-25,LAC,IND,,"L, 116-133",,,,,,,,,,,,,,,,,
Jordan Miller,https://www.basketball-reference.com/players/m/millejo02.html,2024,2024-03-27,LAC,PHI,@,"W, 108-107",,,,,,,,,,,,,,,,,
Jordan Miller,https://www.basketball-reference.com/players/m/millejo02.html,2024,2024-03-29,LAC,ORL,@,"W, 100-97",,,,,,,,,,,,,,,,,
Jordan Miller,https://www.basketball-reference.com/players/m/millejo02.html,2024,2024-03-31,LAC,CHO,@,"W, 130-118",,,,,,,,,,,,,,,,,
Jordan Miller,https://www.basketball-reference.com/players/m/millejo02.html,2024,2024-04-02,LAC,SAC,@,"L, 95-109",,,,,,,,,,,,,,,,,
Jordan Miller,https://www.basketball-reference.com/players/m/millejo02.html,2024,2024-04-04,LAC,DEN,,"W, 102-100",,,,,,,,,,,,,,,,,
Jordan Miller,https://www.basketball-reference.com/players/m/millejo02.html,2024,2024-04-05,LAC,UTA,,"W, 131-102",,,,,,,,,,,,,,,,,
Jordan Miller,https://www.basketball-reference.com/players/m/millejo02.html,2024,2024-04-07,LAC,CLE,,"W, 120-118",,,,,,,,,,,,,,,,,
Jordan Miller,https://www.basketball-reference.com/players/m/millejo02.html,2024,2024-04-09,LAC,PHO,@,"W, 105-92",,,,,,,,,,,,,,,,,
Jordan Miller,https://www.basketball-reference.com/players/m/millejo02.html,2024,2024-04-10,LAC,PHO,,"L, 108-124",,,,,,,,,,,,,,,,,
Jordan Miller,https://www.basketball-reference.com/players/m/millejo02.html,2024,2024-04-12,LAC,UTA,,"L, 109-110",,,,,,,,,,,,,,,,,
Jordan Miller,https://www.basketball-reference.com/players/m/millejo02.html,2024,2024-04-14,LAC,HOU,,"L, 105-116",,,,,,,,,,,,,,,,,
Colin Castleton,https://www.basketball-reference.com/players/c/castlco01.html,2024,2023-10-24,LAL,DEN,@,"L, 107-119",,,,,,,,,,,,,,,,,
Colin Castleton,https://www.basketball-reference.com/players/c/castlco01.html,2024,2023-10-26,LAL,PHO,,"W, 100-95",,,,,,,,,,,,,,,,,
Colin Castleton,https://www.basketball-reference.com/players/c/castlco01.html,2024,2023-10-29,LAL,SAC,@,"L, 127-132 (OT)",,,,,,,,,,,,,,,,,
Colin Castleton,https://www.basketball-reference.com/players/c/castlco01.html,2024,2023-10-30,LAL,ORL,,"W, 106-103",,,,,,,,,,,,,,,,,
Colin Castleton,https://www.basketball-reference.com/players/c/castlco01.html,2024,,,,,,,,,,,,,,,,,,,,,,
Colin Castleton,https://www.basketball-reference.com/players/c/castlco01.html,2024,2023-11-01,LAL,LAC,,"W, 130-125 (OT)",,,,,,,,,,,,,,,,,
Colin Castleton,https://www.basketball-reference.com/players/c/castlco01.html,2024,2023-11-04,LAL,ORL,@,"L, 101-120",,04:04,1,1,0,0,0,0,0,1,1,0,0,0,0,0,2
Colin Castleton,https://www.basketball-reference.com/players/c/castlco01.html,2024,2023-11-06,LAL,MIA,@,"L, 107-108",,,,,,,,,,,,,,,,,
Colin Castleton,https://www.basketball-reference.com/players/c/castlco01.html,2024,2023-11-08,LAL,HOU,@,"L, 94-128",,14:26,1,3,0,0,0,0,2,0,2,2,0,0,0,5,2
Colin Castleton,https://www.basketball-reference.com/players/c/castlco01.html,2024,2023-11-10,LAL,PHO,@,"W, 122-119",,,,,,,,,,,,,,,,,
Colin Castleton,https://www.basketball-reference.com/players/c/castlco01.html,2024,2023-11-12,LAL,POR,,"W, 116-110",,,,,,,,,,,,,,,,,
Colin Castleton,https://www.basketball-reference.com/players/c/castlco01.html,2024,2023-11-14,LAL,MEM,,"W, 134-107",,,,,,,,,,,,,,,,,
Colin Castleton,https://www.basketball-reference.com/players/c/castlco01.html,2024,2023-11-15,LAL,SAC,,"L, 110-125",,,,,,,,,,,,,,,,,
Colin Castleton,https://www.basketball-reference.com/players/c/castlco01.html,2024,2023-11-17,LAL,POR,@,"W, 107-95",,,,,,,,,,,,,,,,,
Colin Castleton,https://www.basketball-reference.com/players/c/castlco01.html,2024,2023-11-19,LAL,HOU,,"W, 105-104",,,,,,,,,,,,,,,,,
Colin Castleton,https://www.basketball-reference.com/players/c/castlco01.html,2024,2023-11-21,LAL,UTA,,"W, 131-99",,,,,,,,,,,,,,,,,
Colin Castleton,https://www.basketball-reference.com/players/c/castlco01.html,2024,2023-11-22,LAL,DAL,,"L, 101-104",,,,,,,,,,,,,,,,,
Colin Castleton,https://www.basketball-reference.com/players/c/castlco01.html,2024,2023-11-25,LAL,CLE,@,"W, 121-115",,,,,,,,,,,,,,,,,
Colin Castleton,https://www.basketball-reference.com/players/c/castlco01.html,2024,2023-11-27,LAL,PHI,@,"L, 94-138",,,,,,,,,,,,,,,,,
Colin Castleton,https://www.basketball-reference.com/players/c/castlco01.html,2024,2023-11-29,LAL,DET,@,"W, 133-107",,,,,,,,,,,,,,,,,
Colin Castleton,https://www.basketball-reference.com/players/c/castlco01.html,2024,2023-11-30,LAL,OKC,@,"L, 110-133",,04:01,0,1,0,0,2,2,1,2,3,0,0,0,0,0,2
Colin Castleton,https://www.basketball-reference.com/players/c/castlco01.html,2024,2023-12-02,LAL,HOU,,"W, 107-97",,,,,,,,,,,,,,,,,
Colin Castleton,https://www.basketball-reference.com/players/c/castlco01.html,2024,2023-12-05,LAL,PHO,,"W, 106-103",,,,,,,,,,,,,,,,,
Colin Castleton,https://www.basketball-reference.com/players/c/castlco01.html,2024,2023-12-07,LAL,NOP,,"W, 133-89",,,,,,,,,,,,,,,,,
Colin Castleton,https://www.basketball-reference.com/players/c/castlco01.html,2024,2023-12-12,LAL,DAL,@,"L, 125-127",,,,,,,,,,,,,,,,,
Colin Castleton,https://www.basketball-reference.com/players/c/castlco01.html,2024,2023-12-13,LAL,SAS,@,"W, 122-119",,,,,,,,,,,,,,,,,
Colin Castleton,https://www.basketball-reference.com/players/c/castlco01.html,2024,2023-12-15,LAL,SAS,@,"L, 115-129",,05:29,3,3,0,0,0,0,0,1,1,1,0,0,0,0,6
Colin Castleton,https://www.basketball-reference.com/players/c/castlco01.html,2024,2023-12-18,LAL,NYK,,"L, 109-114",,,,,,,,,,,,,,,,,
Colin Castleton,https://www.basketball-reference.com/players/c/castlco01.html,2024,2023-12-20,LAL,CHI,@,"L, 108-124",,,,,,,,,,,,,,,,,
Colin Castleton,https://www.basketball-reference.com/players/c/castlco01.html,2024,2023-12-21,LAL,MIN,@,"L, 111-118",,,,,,,,,,,,,,,,,
Colin Castleton,https://www.basketball-reference.com/players/c/castlco01.html,2024,2023-12-23,LAL,OKC,@,"W, 129-120",,,,,,,,,,,,,,,,,
Colin Castleton,https://www.basketball-reference.com/players/c/castlco01.html,2024,2023-12-25,LAL,BOS,,"L, 115-126",,,,,,,,,,,,,,,,,
Colin Castleton,https://www.basketball-reference.com/players/c/castlco01.html,2024,2023-12-28,LAL,CHO,,"W, 133-112",,,,,,,,,,,,,,,,,
Colin Castleton,https://www.basketball-reference.com/players/c/castlco01.html,2024,2023-12-30,LAL,MIN,@,"L, 106-108",,,,,,,,,,,,,,,,,
Colin Castleton,https://www.basketball-reference.com/players/c/castlco01.html,2024,2023-12-31,LAL,NOP,@,"L, 109-129",,,,,,,,,,,,,,,,,
Colin Castleton,https://www.basketball-reference.com/players/c/castlco01.html,2024,2024-01-03,LAL,MIA,,"L, 96-110",,,,,,,,,,,,,,,,,
Colin Castleton,https://www.basketball-reference.com/players/c/castlco01.html,2024,2024-01-05,LAL,MEM,,"L, 113-127",,,,,,,,,,,,,,,,,
Colin Castleton,https://www.basketball-reference.com/players/c/castlco01.html,2024,2024-01-07,LAL,LAC,,"W, 106-103",,,,,,,,,,,,,,,,,
Colin Castleton,https://www.basketball-reference.com/players/c/castlco01.html,2024,2024-01-09,LAL,TOR,,"W, 132-131",,,,,,,,,,,,,,,,,
Colin Castleton,https://www.basketball-reference.com/players/c/castlco01.html,2024,2024-01-11,LAL,PHO,,"L, 109-127",,,,,,,,,,,,,,,,,
Colin Castleton,https://www.basketball-reference.com/players/c/castlco01.html,2024,2024-01-13,LAL,UTA,@,"L, 125-132",,,,,,,,,,,,,,,,,
Colin Castleton,https://www.basketball-reference.com/players/c/castlco01.html,2024,2024-01-15,LAL,OKC,,"W, 112-105",,,,,,,,,,,,,,,,,
Colin Castleton,https://www.basketball-reference.com/players/c/castlco01.html,2024,2024-01-17,LAL,DAL,,"W, 127-110",,,,,,,,,,,,,,,,,
Colin Castleton,https://www.basketball-reference.com/players/c/castlco01.html,2024,2024-01-19,LAL,BRK,,"L, 112-130",,,,,,,,,,,,,,,,,
Colin Castleton,https://www.basketball-reference.com/players/c/castlco01.html,2024,2024-01-21,LAL,POR,,"W, 134-110",,04:06,1,1,0,0,2,2,1,1,2,0,0,0,1,1,4
Colin Castleton,https://www.basketball-reference.com/players/c/castlco01.html,2024,2024-01-23,LAL,LAC,@,"L, 116-127",,,,,,,,,,,,,,,,,
Colin Castleton,https://www.basketball-reference.com/players/c/castlco01.html,2024,2024-01-25,LAL,CHI,,"W, 141-132",,,,,,,,,,,,,,,,,
Colin Castleton,https://www.basketball-reference.com/players/c/castlco01.html,2024,2024-01-27,LAL,GSW,@,"W, 145-144 (2OT)",,,,,,,,,,,,,,,,,
Colin Castleton,https://www.basketball-reference.com/players/c/castlco01.html,2024,2024-01-29,LAL,HOU,@,"L, 119-135",,,,,,,,,,,,,,,,,
Colin Castleton,https://www.basketball-reference.com/players/c/castlco01.html,2024,2024-01-30,LAL,ATL,@,"L, 122-138",,,,,,,,,,,,,,,,,
Colin Castleton,https://www.basketball-reference.com/players/c/castlco01.html,2024,2024-02-01,LAL,BOS,@,"W, 114-105",,,,,,,,,,,,,,,,,
Colin Castleton,https://www.basketball-reference.com/players/c/castlco01.html,2024,2024-02-03,LAL,NYK,@,"W, 113-105",,,,,,,,,,,,,,,,,
Colin Castleton,https://www.basketball-reference.com/players/c/castlco01.html,2024,2024-02-05,LAL,CHO,@,"W, 124-118",,,,,,,,,,,,,,,,,
Colin Castleton,https://www.basketball-reference.com/players/c/castlco01.html,2024,2024-02-08,LAL,DEN,,"L, 106-114",,,,,,,,,,,,,,,,,
Colin Castleton,https://www.basketball-reference.com/players/c/castlco01.html,2024,2024-02-09,LAL,NOP,,"W, 139-122",,,,,,,,,,,,,,,,,
Colin Castleton,https://www.basketball-reference.com/players/c/castlco01.html,2024,2024-02-13,LAL,DET,,"W, 125-111",,01:25,0,0,0,0,0,0,0,0,0,0,0,0,0,1,0
Colin Castleton,https://www.basketball-reference.com/players/c/castlco01.html,2024,2024-02-14,LAL,UTA,@,"W, 138-122",,02:27,1,1,0,0,0,0,0,0,0,0,0,0,0,0,2
Colin Castleton,https://www.basketball-reference.com/players/c/castlco01.html,2024,2024-02-22,LAL,GSW,@,"L, 110-128",,,,,,,,,,,,,,,,,
Colin Castleton,https://www.basketball-reference.com/players/c/castlco01.html,2024,2024-02-23,LAL,SAS,,"W, 123-118",,,,,,,,,,,,,,,,,
Colin Castleton,https://www.basketball-reference.com/players/c/castlco01.html,2024,2024-02-25,LAL,PHO,@,"L, 113-123",,,,,,,,,,,,,,,,,
Colin Castleton,https://www.basketball-reference.com/players/c/castlco01.html,2024,2024-02-28,LAL,LAC,@,"W, 116-112",,,,,,,,,,,,,,,,,
Colin Castleton,https://www.basketball-reference.com/players/c/castlco01.html,2024,2024-02-29,LAL,WAS,,"W, 134-131 (OT)",,,,,,,,,,,,,,,,,
Colin Castleton,https://www.basketball-reference.com/players/c/castlco01.html,2024,2024-03-02,LAL,DEN,,"L, 114-124",,,,,,,,,,,,,,,,,
Colin Castleton,https://www.basketball-reference.com/players/c/castlco01.html,2024,2024-03-04,LAL,OKC,,"W, 116-104",,,,,,,,,,,,,,,,,
Colin Castleton,https://www.basketball-reference.com/players/c/castlco01.html,2024,2024-03-06,LAL,SAC,,"L, 120-130",,,,,,,,,,,,,,,,,
Colin Castleton,https://www.basketball-reference.com/players/c/castlco01.html,2024,2024-03-08,LAL,MIL,,"W, 123-122",,,,,,,,,,,,,,,,,
Colin Castleton,https://www.basketball-reference.com/players/c/castlco01.html,2024,2024-03-10,LAL,MIN,,"W, 120-109",,,,,,,,,,,,,,,,,
Colin Castleton,https://www.basketball-reference.com/players/c/castlco01.html,2024,2024-03-13,LAL,SAC,@,"L, 107-120",,,,,,,,,,,,,,,,,
Colin Castleton,https://www.basketball-reference.com/players/c/castlco01.html,2024,2024-03-16,LAL,GSW,,"L, 121-128",,,,,,,,,,,,,,,,,
Colin Castleton,https://www.basketball-reference.com/players/c/castlco01.html,2024,2024-03-18,LAL,ATL,,"W, 136-105",,,,,,,,,,,,,,,,,
Colin Castleton,https://www.basketball-reference.com/players/c/castlco01.html,2024,2024-03-22,LAL,PHI,,"W, 101-94",,,,,,,,,,,,,,,,,
Colin Castleton,https://www.basketball-reference.com/players/c/castlco01.html,2024,2024-03-24,LAL,IND,,"W, 150-145",,,,,,,,,,,,,,,,,
Colin Castleton,https://www.basketball-reference.com/players/c/castlco01.html,2024,2024-03-26,LAL,MIL,@,"W, 128-124 (2OT)",,,,,,,,,,,,,,,,,
Colin Castleton,https://www.basketball-reference.com/players/c/castlco01.html,2024,2024-03-27,LAL,MEM,@,"W, 136-124",,01:19,0,0,0,0,0,0,0,0,0,0,0,0,0,0,0
Colin Castleton,https://www.basketball-reference.com/players/c/castlco01.html,2024,2024-03-29,LAL,IND,@,"L, 90-109",,02:08,0,0,0,0,0,0,0,0,0,0,0,0,0,0,0
Colin Castleton,https://www.basketball-reference.com/players/c/castlco01.html,2024,2024-03-31,LAL,BRK,@,"W, 116-104",,05:46,0,1,0,0,0,0,0,1,1,0,1,0,1,3,0
Colin Castleton,https://www.basketball-reference.com/players/c/castlco01.html,2024,2024-04-02,LAL,TOR,@,"W, 128-111",,06:06,0,1,0,0,0,0,0,0,0,0,0,0,1,0,0
Colin Castleton,https://www.basketball-reference.com/players/c/castlco01.html,2024,2024-04-03,LAL,WAS,@,"W, 125-120",,01:03,0,0,0,0,0,0,0,0,0,0,0,0,0,0,0
Colin Castleton,https://www.basketball-reference.com/players/c/castlco01.html,2024,2024-04-06,LAL,CLE,,"W, 116-97",,01:07,0,0,0,0,0,0,1,0,1,0,0,0,0,0,0
Colin Castleton,https://www.basketball-reference.com/players/c/castlco01.html,2024,2024-04-07,LAL,MIN,,"L, 117-127",,02:03,1,1,0,0,2,2,0,0,0,0,0,0,0,0,4
Colin Castleton,https://www.basketball-reference.com/players/c/castlco01.html,2024,2024-04-09,LAL,GSW,,"L, 120-134",,01:47,1,2,0,0,0,0,1,0,1,0,1,0,0,0,2
Colin Castleton,https://www.basketball-reference.com/players/c/castlco01.html,2024,2024-04-12,LAL,MEM,@,"W, 123-120",,,,,,,,,,,,,,,,,
Colin Castleton,https://www.basketball-reference.com/players/c/castlco01.html,2024,2024-04-14,LAL,NOP,@,"W, 124-108",,01:47,0,1,0,0,0,0,0,0,0,0,0,0,0,1,0
Jaxson Hayes,https://www.basketball-reference.com/players/h/hayesja02.html,2024,2023-10-24,LAL,DEN,@,"L, 107-119",,06:54,0,0,0,0,0,0,0,1,1,0,0,0,0,1,0
Jaxson Hayes,https://www.basketball-reference.com/players/h/hayesja02.html,2024,2023-10-26,LAL,PHO,,"W, 100-95",,05:57,0,0,0,0,0,0,0,2,2,0,1,0,2,3,0
Jaxson Hayes,https://www.basketball-reference.com/players/h/hayesja02.html,2024,2023-10-29,LAL,SAC,@,"L, 127-132 (OT)",,07:11,1,1,0,0,2,2,0,2,2,0,0,0,0,1,4
Jaxson Hayes,https://www.basketball-reference.com/players/h/hayesja02.html,2024,2023-10-30,LAL,ORL,,"W, 106-103",,09:48,0,0,0,0,0,0,0,2,2,0,0,0,0,2,0
Jaxson Hayes,https://www.basketball-reference.com/players/h/hayesja02.html,2024,,,,,,,,,,,,,,,,,,,,,,
Jaxson Hayes,https://www.basketball-reference.com/players/h/hayesja02.html,2024,2023-11-01,LAL,LAC,,"W, 130-125 (OT)",,13:32,1,1,0,0,1,2,1,1,2,1,0,1,0,1,3
Jaxson Hayes,https://www.basketball-reference.com/players/h/hayesja02.html,2024,2023-11-04,LAL,ORL,@,"L, 101-120",,11:11,1,4,0,0,0,0,1,0,1,1,0,1,2,3,2
Jaxson Hayes,https://www.basketball-reference.com/players/h/hayesja02.html,2024,2023-11-06,LAL,MIA,@,"L, 107-108",,,,,,,,,,,,,,,,,
Jaxson Hayes,https://www.basketball-reference.com/players/h/hayesja02.html,2024,2023-11-08,LAL,HOU,@,"L, 94-128",,,,,,,,,,,,,,,,,
Jaxson Hayes,https://www.basketball-reference.com/players/h/hayesja02.html,2024,2023-11-10,LAL,PHO,@,"W, 122-119",,04:46,1,1,0,0,0,0,0,1,1,0,0,0,1,1,2
Jaxson Hayes,https://www.basketball-reference.com/players/h/hayesja02.html,2024,2023-11-12,LAL,POR,,"W, 116-110",,07:00,1,4,0,0,0,2,0,0,0,1,0,0,1,3,2
Jaxson Hayes,https://www.basketball-reference.com/players/h/hayesja02.html,2024,2023-11-14,LAL,MEM,,"W, 134-107",,21:10,4,4,0,0,3,4,1,0,1,1,1,3,0,2,11
Jaxson Hayes,https://www.basketball-reference.com/players/h/hayesja02.html,2024,2023-11-15,LAL,SAC,,"L, 110-125",,13:16,0,0,0,0,3,4,0,1,1,0,1,0,2,4,3
Jaxson Hayes,https://www.basketball-reference.com/players/h/hayesja02.html,2024,2023-11-17,LAL,POR,@,"W, 107-95",,08:16,0,0,0,0,0,1,0,1,1,0,1,0,0,0,0
Jaxson Hayes,https://www.basketball-reference.com/players/h/hayesja02.html,2024,2023-11-19,LAL,HOU,,"W, 105-104",,04:43,0,0,0,0,0,0,1,1,2,0,0,0,0,1,0
Jaxson Hayes,https://www.basketball-reference.com/players/h/hayesja02.html,2024,2023-11-21,LAL,UTA,,"W, 131-99",,18:49,4,4,0,0,2,3,0,2,2,1,0,1,2,1,10
Jaxson Hayes,https://www.basketball-reference.com/players/h/hayesja02.html,2024,2023-11-22,LAL,DAL,,"L, 101-104",,11:14,1,1,0,0,0,2,1,3,4,0,0,0,0,1,2
Jaxson Hayes,https://www.basketball-reference.com/players/h/hayesja02.html,2024,2023-11-25,LAL,CLE,@,"W, 121-115",,20:43,5,5,0,0,0,0,0,3,3,1,0,1,1,3,10
Jaxson Hayes,https://www.basketball-reference.com/players/h/hayesja02.html,2024,2023-11-27,LAL,PHI,@,"L, 94-138",,19:00,3,6,0,2,1,1,2,0,2,1,0,1,2,3,7
Jaxson Hayes,https://www.basketball-reference.com/players/h/hayesja02.html,2024,2023-11-29,LAL,DET,@,"W, 133-107",,06:53,0,0,0,0,0,0,0,1,1,0,0,1,0,0,0
Jaxson Hayes,https://www.basketball-reference.com/players/h/hayesja02.html,2024,2023-11-30,LAL,OKC,@,"L, 110-133",,,,,,,,,,,,,,,,,
Jaxson Hayes,https://www.basketball-reference.com/players/h/hayesja02.html,2024,2023-12-02,LAL,HOU,,"W, 107-97",,06:06,1,2,0,1,0,0,0,0,0,0,0,0,0,3,2
Jaxson Hayes,https://www.basketball-reference.com/players/h/hayesja02.html,2024,2023-12-05,LAL,PHO,,"W, 106-103",,09:16,0,2,0,0,0,0,1,1,2,0,1,0,0,2,0
Jaxson Hayes,https://www.basketball-reference.com/players/h/hayesja02.html,2024,2023-12-07,LAL,NOP,,"W, 133-89",,16:46,2,3,0,1,0,1,0,4,4,0,0,0,1,4,4
Jaxson Hayes,https://www.basketball-reference.com/players/h/hayesja02.html,2024,2023-12-12,LAL,DAL,@,"L, 125-127",,12:45,0,1,0,0,0,0,2,2,4,1,0,0,0,4,0
Jaxson Hayes,https://www.basketball-reference.com/players/h/hayesja02.html,2024,2023-12-13,LAL,SAS,@,"W, 122-119",,07:21,2,3,0,0,0,0,0,1,1,0,0,0,1,1,4
Jaxson Hayes,https://www.basketball-reference.com/players/h/hayesja02.html,2024,2023-12-15,LAL,SAS,@,"L, 115-129",,19:50,3,4,0,0,2,3,3,4,7,0,1,1,0,5,8
Jaxson Hayes,https://www.basketball-reference.com/players/h/hayesja02.html,2024,2023-12-18,LAL,NYK,,"L, 109-114",,07:43,1,1,0,0,0,0,0,2,2,0,0,0,0,1,2
Jaxson Hayes,https://www.basketball-reference.com/players/h/hayesja02.html,2024,2023-12-20,LAL,CHI,@,"L, 108-124",,01:18,1,1,0,0,0,0,0,1,1,0,0,0,0,0,2
Jaxson Hayes,https://www.basketball-reference.com/players/h/hayesja02.html,2024,2023-12-21,LAL,MIN,@,"L, 111-118",,11:16,1,1,0,0,1,1,1,2,3,1,0,0,1,2,3
Jaxson Hayes,https://www.basketball-reference.com/players/h/hayesja02.html,2024,2023-12-23,LAL,OKC,@,"W, 129-120",,06:08,0,0,0,0,0,0,0,0,0,1,0,0,0,0,0
Jaxson Hayes,https://www.basketball-reference.com/players/h/hayesja02.html,2024,2023-12-25,LAL,BOS,,"L, 115-126",,09:10,0,1,0,0,0,2,0,1,1,0,0,0,0,0,0
Jaxson Hayes,https://www.basketball-reference.com/players/h/hayesja02.html,2024,2023-12-28,LAL,CHO,,"W, 133-112",,06:42,5,7,0,0,0,0,1,1,2,0,0,0,0,0,10
Jaxson Hayes,https://www.basketball-reference.com/players/h/hayesja02.html,2024,2023-12-30,LAL,MIN,@,"L, 106-108",,,,,,,,,,,,,,,,,
Jaxson Hayes,https://www.basketball-reference.com/players/h/hayesja02.html,2024,2023-12-31,LAL,NOP,@,"L, 109-129",,09:54,0,1,0,0,0,0,0,2,2,0,0,0,0,2,0
Jaxson Hayes,https://www.basketball-reference.com/players/h/hayesja02.html,2024,2024-01-03,LAL,MIA,,"L, 96-110",,00:39,0,0,0,0,0,0,0,0,0,0,0,0,0,0,0
Jaxson Hayes,https://www.basketball-reference.com/players/h/hayesja02.html,2024,2024-01-05,LAL,MEM,,"L, 113-127",,,,,,,,,,,,,,,,,
Jaxson Hayes,https://www.basketball-reference.com/players/h/hayesja02.html,2024,2024-01-07,LAL,LAC,,"W, 106-103",,,,,,,,,,,,,,,,,
Jaxson Hayes,https://www.basketball-reference.com/players/h/hayesja02.html,2024,2024-01-09,LAL,TOR,,"W, 132-131",,,,,,,,,,,,,,,,,
Jaxson Hayes,https://www.basketball-reference.com/players/h/hayesja02.html,2024,2024-01-11,LAL,PHO,,"L, 109-127",,13:01,3,3,0,0,0,0,1,1,2,1,0,2,2,6,6
Jaxson Hayes,https://www.basketball-reference.com/players/h/hayesja02.html,2024,2024-01-13,LAL,UTA,@,"L, 125-132",,,,,,,,,,,,,,,,,
Jaxson Hayes,https://www.basketball-reference.com/players/h/hayesja02.html,2024,2024-01-15,LAL,OKC,,"W, 112-105",,,,,,,,,,,,,,,,,
Jaxson Hayes,https://www.basketball-reference.com/players/h/hayesja02.html,2024,2024-01-17,LAL,DAL,,"W, 127-110",,04:44,0,1,0,0,0,0,0,0,0,1,1,0,0,1,0
Jaxson Hayes,https://www.basketball-reference.com/players/h/hayesja02.html,2024,2024-01-19,LAL,BRK,,"L, 112-130",,02:56,0,1,0,1,0,0,0,0,0,0,0,0,0,0,0
Jaxson Hayes,https://www.basketball-reference.com/players/h/hayesja02.html,2024,2024-01-21,LAL,POR,,"W, 134-110",,04:06,2,2,0,0,0,0,0,1,1,0,0,0,0,2,4
Jaxson Hayes,https://www.basketball-reference.com/players/h/hayesja02.html,2024,2024-01-23,LAL,LAC,@,"L, 116-127",,00:55,0,0,0,0,0,0,0,0,0,0,0,0,0,0,0
Jaxson Hayes,https://www.basketball-reference.com/players/h/hayesja02.html,2024,2024-01-25,LAL,CHI,,"W, 141-132",,,,,,,,,,,,,,,,,
Jaxson Hayes,https://www.basketball-reference.com/players/h/hayesja02.html,2024,2024-01-27,LAL,GSW,@,"W, 145-144 (2OT)",,,,,,,,,,,,,,,,,
Jaxson Hayes,https://www.basketball-reference.com/players/h/hayesja02.html,2024,2024-01-29,LAL,HOU,@,"L, 119-135",,13:42,4,4,0,0,1,1,1,1,2,0,1,1,1,2,9
Jaxson Hayes,https://www.basketball-reference.com/players/h/hayesja02.html,2024,2024-01-30,LAL,ATL,@,"L, 122-138",,24:28,3,4,0,0,0,0,1,5,6,1,4,1,2,4,6
Jaxson Hayes,https://www.basketball-reference.com/players/h/hayesja02.html,2024,2024-02-01,LAL,BOS,@,"W, 114-105",,33:52,6,8,0,0,4,5,6,4,10,2,3,0,0,0,16
Jaxson Hayes,https://www.basketball-reference.com/players/h/hayesja02.html,2024,2024-02-03,LAL,NYK,@,"W, 113-105",,12:30,3,3,0,0,4,5,0,1,1,3,1,0,0,0,10
Jaxson Hayes,https://www.basketball-reference.com/players/h/hayesja02.html,2024,2024-02-05,LAL,CHO,@,"W, 124-118",,10:52,0,1,0,0,0,0,1,2,3,0,1,0,0,1,0
Jaxson Hayes,https://www.basketball-reference.com/players/h/hayesja02.html,2024,2024-02-08,LAL,DEN,,"L, 106-114",,17:00,4,6,0,1,1,2,5,1,6,1,1,2,0,1,9
Jaxson Hayes,https://www.basketball-reference.com/players/h/hayesja02.html,2024,2024-02-09,LAL,NOP,,"W, 139-122",,17:09,3,4,0,0,0,0,3,5,8,0,2,1,0,1,6
Jaxson Hayes,https://www.basketball-reference.com/players/h/hayesja02.html,2024,2024-02-13,LAL,DET,,"W, 125-111",,13:28,0,0,0,0,2,2,0,7,7,1,1,1,1,1,2
Jaxson Hayes,https://www.basketball-reference.com/players/h/hayesja02.html,2024,2024-02-14,LAL,UTA,@,"W, 138-122",,11:40,2,2,0,0,0,0,0,0,0,1,2,0,0,1,4
Jaxson Hayes,https://www.basketball-reference.com/players/h/hayesja02.html,2024,2024-02-22,LAL,GSW,@,"L, 110-128",,18:22,3,6,0,0,1,4,4,3,7,1,0,1,0,2,7
Jaxson Hayes,https://www.basketball-reference.com/players/h/hayesja02.html,2024,2024-02-23,LAL,SAS,,"W, 123-118",,18:57,4,5,0,1,0,0,2,2,4,0,1,0,0,4,8
Jaxson Hayes,https://www.basketball-reference.com/players/h/hayesja02.html,2024,2024-02-25,LAL,PHO,@,"L, 113-123",,05:33,1,2,0,0,0,0,0,0,0,0,0,0,0,1,2
Jaxson Hayes,https://www.basketball-reference.com/players/h/hayesja02.html,2024,2024-02-28,LAL,LAC,@,"W, 116-112",,10:37,0,0,0,0,0,0,0,2,2,0,0,0,0,1,0
Jaxson Hayes,https://www.basketball-reference.com/players/h/hayesja02.html,2024,2024-02-29,LAL,WAS,,"W, 134-131 (OT)",,10:55,3,4,0,0,0,0,1,4,5,0,0,0,0,0,6
Jaxson Hayes,https://www.basketball-reference.com/players/h/hayesja02.html,2024,2024-03-02,LAL,DEN,,"L, 114-124",,08:53,2,3,0,0,0,0,1,3,4,0,1,1,0,0,4
Jaxson Hayes,https://www.basketball-reference.com/players/h/hayesja02.html,2024,2024-03-04,LAL,OKC,,"W, 116-104",,17:47,2,3,0,1,0,0,4,2,6,2,1,1,1,0,4
Jaxson Hayes,https://www.basketball-reference.com/players/h/hayesja02.html,2024,2024-03-06,LAL,SAC,,"L, 120-130",,12:53,0,1,0,0,1,2,1,4,5,0,0,1,2,4,1
Jaxson Hayes,https://www.basketball-reference.com/players/h/hayesja02.html,2024,2024-03-08,LAL,MIL,,"W, 123-122",,17:19,2,2,0,0,4,6,0,1,1,0,0,0,1,3,8
Jaxson Hayes,https://www.basketball-reference.com/players/h/hayesja02.html,2024,2024-03-10,LAL,MIN,,"W, 120-109",,15:50,4,4,0,0,1,1,2,3,5,0,0,0,2,2,9
Jaxson Hayes,https://www.basketball-reference.com/players/h/hayesja02.html,2024,2024-03-13,LAL,SAC,@,"L, 107-120",,06:52,1,1,0,0,2,2,1,0,1,0,0,0,1,3,4
Jaxson Hayes,https://www.basketball-reference.com/players/h/hayesja02.html,2024,2024-03-16,LAL,GSW,,"L, 121-128",,28:02,3,5,0,0,1,3,2,10,12,0,0,0,2,3,7
Jaxson Hayes,https://www.basketball-reference.com/players/h/hayesja02.html,2024,2024-03-18,LAL,ATL,,"W, 136-105",,16:47,3,4,0,0,1,2,1,2,3,0,0,1,0,2,7
Jaxson Hayes,https://www.basketball-reference.com/players/h/hayesja02.html,2024,2024-03-22,LAL,PHI,,"W, 101-94",,08:20,1,1,0,0,3,4,1,4,5,1,0,0,0,0,5
Jaxson Hayes,https://www.basketball-reference.com/players/h/hayesja02.html,2024,2024-03-24,LAL,IND,,"W, 150-145",,07:59,1,3,0,0,2,2,3,1,4,0,0,0,0,0,4
Jaxson Hayes,https://www.basketball-reference.com/players/h/hayesja02.html,2024,2024-03-26,LAL,MIL,@,"W, 128-124 (2OT)",,16:56,1,1,0,0,0,1,1,3,4,0,0,0,3,3,2
Jaxson Hayes,https://www.basketball-reference.com/players/h/hayesja02.html,2024,2024-03-27,LAL,MEM,@,"W, 136-124",,30:30,6,7,0,0,2,2,1,6,7,1,1,1,1,5,14
Jaxson Hayes,https://www.basketball-reference.com/players/h/hayesja02.html,2024,2024-03-29,LAL,IND,@,"L, 90-109",,10:30,1,1,0,0,0,0,1,1,2,2,0,0,0,1,2
Jaxson Hayes,https://www.basketball-reference.com/players/h/hayesja02.html,2024,2024-03-31,LAL,BRK,@,"W, 116-104",,,,,,,,,,,,,,,,,
Jaxson Hayes,https://www.basketball-reference.com/players/h/hayesja02.html,2024,2024-04-02,LAL,TOR,@,"W, 128-111",,18:33,3,5,0,0,1,1,4,3,7,2,0,0,1,4,7
Jaxson Hayes,https://www.basketball-reference.com/players/h/hayesja02.html,2024,2024-04-03,LAL,WAS,@,"W, 125-120",,09:51,1,1,0,0,1,2,0,0,0,2,0,0,1,1,3
Jaxson Hayes,https://www.basketball-reference.com/players/h/hayesja02.html,2024,2024-04-06,LAL,CLE,,"W, 116-97",,11:41,2,2,0,0,0,0,1,2,3,0,1,2,1,2,4
Jaxson Hayes,https://www.basketball-reference.com/players/h/hayesja02.html,2024,2024-04-07,LAL,MIN,,"L, 117-127",,32:36,8,9,0,0,3,5,2,8,10,0,5,1,3,3,19
Jaxson Hayes,https://www.basketball-reference.com/players/h/hayesja02.html,2024,2024-04-09,LAL,GSW,,"L, 120-134",,28:19,5,6,0,0,1,2,3,3,6,1,1,1,2,4,11
Jaxson Hayes,https://www.basketball-reference.com/players/h/hayesja02.html,2024,2024-04-12,LAL,MEM,@,"W, 123-120",,05:11,1,2,0,0,0,0,0,2,2,0,0,1,0,0,2
Jaxson Hayes,https://www.basketball-reference.com/players/h/hayesja02.html,2024,2024-04-14,LAL,NOP,@,"W, 124-108",,12:08,0,0,0,0,0,0,0,3,3,0,0,0,0,1,0
D'Moi Hodge,https://www.basketball-reference.com/players/h/hodgedm01.html,2024,2023-10-24,LAL,DEN,@,"L, 107-119",,,,,,,,,,,,,,,,,
D'Moi Hodge,https://www.basketball-reference.com/players/h/hodgedm01.html,2024,2023-10-26,LAL,PHO,,"W, 100-95",,,,,,,,,,,,,,,,,
D'Moi Hodge,https://www.basketball-reference.com/players/h/hodgedm01.html,2024,2023-10-29,LAL,SAC,@,"L, 127-132 (OT)",,,,,,,,,,,,,,,,,
D'Moi Hodge,https://www.basketball-reference.com/players/h/hodgedm01.html,2024,2023-10-30,LAL,ORL,,"W, 106-103",,,,,,,,,,,,,,,,,
D'Moi Hodge,https://www.basketball-reference.com/players/h/hodgedm01.html,2024,,,,,,,,,,,,,,,,,,,,,,
D'Moi Hodge,https://www.basketball-reference.com/players/h/hodgedm01.html,2024,2023-11-01,LAL,LAC,,"W, 130-125 (OT)",,,,,,,,,,,,,,,,,
D'Moi Hodge,https://www.basketball-reference.com/players/h/hodgedm01.html,2024,2023-11-04,LAL,ORL,@,"L, 101-120",,04:04,0,2,0,2,0,0,0,0,0,0,0,0,0,1,0
D'Moi Hodge,https://www.basketball-reference.com/players/h/hodgedm01.html,2024,2023-11-06,LAL,MIA,@,"L, 107-108",,,,,,,,,,,,,,,,,
D'Moi Hodge,https://www.basketball-reference.com/players/h/hodgedm01.html,2024,2023-11-08,LAL,HOU,@,"L, 94-128",,10:29,1,3,0,2,1,2,0,0,0,1,0,1,1,1,3
D'Moi Hodge,https://www.basketball-reference.com/players/h/hodgedm01.html,2024,2023-11-10,LAL,PHO,@,"W, 122-119",,,,,,,,,,,,,,,,,
D'Moi Hodge,https://www.basketball-reference.com/players/h/hodgedm01.html,2024,2023-11-12,LAL,POR,,"W, 116-110",,,,,,,,,,,,,,,,,
D'Moi Hodge,https://www.basketball-reference.com/players/h/hodgedm01.html,2024,2023-11-14,LAL,MEM,,"W, 134-107",,,,,,,,,,,,,,,,,
D'Moi Hodge,https://www.basketball-reference.com/players/h/hodgedm01.html,2024,2023-11-15,LAL,SAC,,"L, 110-125",,01:26,0,0,0,0,0,0,0,0,0,0,0,0,0,0,0
D'Moi Hodge,https://www.basketball-reference.com/players/h/hodgedm01.html,2024,2023-11-17,LAL,POR,@,"W, 107-95",,,,,,,,,,,,,,,,,
D'Moi Hodge,https://www.basketball-reference.com/players/h/hodgedm01.html,2024,2023-11-19,LAL,HOU,,"W, 105-104",,,,,,,,,,,,,,,,,
D'Moi Hodge,https://www.basketball-reference.com/players/h/hodgedm01.html,2024,2023-11-21,LAL,UTA,,"W, 131-99",,,,,,,,,,,,,,,,,
D'Moi Hodge,https://www.basketball-reference.com/players/h/hodgedm01.html,2024,2023-11-22,LAL,DAL,,"L, 101-104",,,,,,,,,,,,,,,,,
D'Moi Hodge,https://www.basketball-reference.com/players/h/hodgedm01.html,2024,2023-11-25,LAL,CLE,@,"W, 121-115",,,,,,,,,,,,,,,,,
D'Moi Hodge,https://www.basketball-reference.com/players/h/hodgedm01.html,2024,2023-11-27,LAL,PHI,@,"L, 94-138",,08:18,1,3,1,3,0,0,0,0,0,1,0,0,0,1,3
D'Moi Hodge,https://www.basketball-reference.com/players/h/hodgedm01.html,2024,2023-11-29,LAL,DET,@,"W, 133-107",,04:53,1,3,1,2,0,0,0,0,0,0,1,0,0,1,3
D'Moi Hodge,https://www.basketball-reference.com/players/h/hodgedm01.html,2024,2023-11-30,LAL,OKC,@,"L, 110-133",,04:01,0,1,0,1,0,0,0,0,0,0,0,0,0,0,0
D'Moi Hodge,https://www.basketball-reference.com/players/h/hodgedm01.html,2024,2023-12-02,LAL,HOU,,"W, 107-97",,,,,,,,,,,,,,,,,
D'Moi Hodge,https://www.basketball-reference.com/players/h/hodgedm01.html,2024,2023-12-05,LAL,PHO,,"W, 106-103",,,,,,,,,,,,,,,,,
D'Moi Hodge,https://www.basketball-reference.com/players/h/hodgedm01.html,2024,2023-12-07,LAL,NOP,,"W, 133-89",,,,,,,,,,,,,,,,,
D'Moi Hodge,https://www.basketball-reference.com/players/h/hodgedm01.html,2024,2023-12-12,LAL,DAL,@,"L, 125-127",,,,,,,,,,,,,,,,,
D'Moi Hodge,https://www.basketball-reference.com/players/h/hodgedm01.html,2024,2023-12-13,LAL,SAS,@,"W, 122-119",,,,,,,,,,,,,,,,,
D'Moi Hodge,https://www.basketball-reference.com/players/h/hodgedm01.html,2024,2023-12-15,LAL,SAS,@,"L, 115-129",,08:04,2,3,1,2,0,0,0,0,0,3,0,0,0,0,5
D'Moi Hodge,https://www.basketball-reference.com/players/h/hodgedm01.html,2024,2023-12-18,LAL,NYK,,"L, 109-114",,,,,,,,,,,,,,,,,
D'Moi Hodge,https://www.basketball-reference.com/players/h/hodgedm01.html,2024,2023-12-20,LAL,CHI,@,"L, 108-124",,,,,,,,,,,,,,,,,
D'Moi Hodge,https://www.basketball-reference.com/players/h/hodgedm01.html,2024,2023-12-21,LAL,MIN,@,"L, 111-118",,,,,,,,,,,,,,,,,
D'Moi Hodge,https://www.basketball-reference.com/players/h/hodgedm01.html,2024,2023-12-23,LAL,OKC,@,"W, 129-120",,,,,,,,,,,,,,,,,
D'Moi Hodge,https://www.basketball-reference.com/players/h/hodgedm01.html,2024,2023-12-25,LAL,BOS,,"L, 115-126",,,,,,,,,,,,,,,,,
D'Moi Hodge,https://www.basketball-reference.com/players/h/hodgedm01.html,2024,2023-12-28,LAL,CHO,,"W, 133-112",,,,,,,,,,,,,,,,,
D'Moi Hodge,https://www.basketball-reference.com/players/h/hodgedm01.html,2024,2023-12-30,LAL,MIN,@,"L, 106-108",,,,,,,,,,,,,,,,,
D'Moi Hodge,https://www.basketball-reference.com/players/h/hodgedm01.html,2024,2023-12-31,LAL,NOP,@,"L, 109-129",,,,,,,,,,,,,,,,,
D'Moi Hodge,https://www.basketball-reference.com/players/h/hodgedm01.html,2024,2024-01-03,LAL,MIA,,"L, 96-110",,,,,,,,,,,,,,,,,
D'Moi Hodge,https://www.basketball-reference.com/players/h/hodgedm01.html,2024,2024-01-05,LAL,MEM,,"L, 113-127",,,,,,,,,,,,,,,,,
Jalen Hood-Schifino,https://www.basketball-reference.com/players/h/hoodsja01.html,2024,2023-10-24,LAL,DEN,@,"L, 107-119",,,,,,,,,,,,,,,,,
Jalen Hood-Schifino,https://www.basketball-reference.com/players/h/hoodsja01.html,2024,2023-10-26,LAL,PHO,,"W, 100-95",,,,,,,,,,,,,,,,,
Jalen Hood-Schifino,https://www.basketball-reference.com/players/h/hoodsja01.html,2024,2023-10-29,LAL,SAC,@,"L, 127-132 (OT)",,,,,,,,,,,,,,,,,
Jalen Hood-Schifino,https://www.basketball-reference.com/players/h/hoodsja01.html,2024,2023-10-30,LAL,ORL,,"W, 106-103",,,,,,,,,,,,,,,,,
Jalen Hood-Schifino,https://www.basketball-reference.com/players/h/hoodsja01.html,2024,,,,,,,,,,,,,,,,,,,,,,
Jalen Hood-Schifino,https://www.basketball-reference.com/players/h/hoodsja01.html,2024,2023-11-01,LAL,LAC,,"W, 130-125 (OT)",,,,,,,,,,,,,,,,,
Jalen Hood-Schifino,https://www.basketball-reference.com/players/h/hoodsja01.html,2024,2023-11-04,LAL,ORL,@,"L, 101-120",,,,,,,,,,,,,,,,,
Jalen Hood-Schifino,https://www.basketball-reference.com/players/h/hoodsja01.html,2024,2023-11-06,LAL,MIA,@,"L, 107-108",,,,,,,,,,,,,,,,,
Jalen Hood-Schifino,https://www.basketball-reference.com/players/h/hoodsja01.html,2024,2023-11-08,LAL,HOU,@,"L, 94-128",,,,,,,,,,,,,,,,,
Jalen Hood-Schifino,https://www.basketball-reference.com/players/h/hoodsja01.html,2024,2023-11-10,LAL,PHO,@,"W, 122-119",,,,,,,,,,,,,,,,,
Jalen Hood-Schifino,https://www.basketball-reference.com/players/h/hoodsja01.html,2024,2023-11-12,LAL,POR,,"W, 116-110",,,,,,,,,,,,,,,,,
Jalen Hood-Schifino,https://www.basketball-reference.com/players/h/hoodsja01.html,2024,2023-11-14,LAL,MEM,,"W, 134-107",,,,,,,,,,,,,,,,,
Jalen Hood-Schifino,https://www.basketball-reference.com/players/h/hoodsja01.html,2024,2023-11-15,LAL,SAC,,"L, 110-125",,,,,,,,,,,,,,,,,
Jalen Hood-Schifino,https://www.basketball-reference.com/players/h/hoodsja01.html,2024,2023-11-17,LAL,POR,@,"W, 107-95",,,,,,,,,,,,,,,,,
Jalen Hood-Schifino,https://www.basketball-reference.com/players/h/hoodsja01.html,2024,2023-11-19,LAL,HOU,,"W, 105-104",,,,,,,,,,,,,,,,,
Jalen Hood-Schifino,https://www.basketball-reference.com/players/h/hoodsja01.html,2024,2023-11-21,LAL,UTA,,"W, 131-99",,,,,,,,,,,,,,,,,
Jalen Hood-Schifino,https://www.basketball-reference.com/players/h/hoodsja01.html,2024,2023-11-22,LAL,DAL,,"L, 101-104",,,,,,,,,,,,,,,,,
Jalen Hood-Schifino,https://www.basketball-reference.com/players/h/hoodsja01.html,2024,2023-11-25,LAL,CLE,@,"W, 121-115",,,,,,,,,,,,,,,,,
Jalen Hood-Schifino,https://www.basketball-reference.com/players/h/hoodsja01.html,2024,2023-11-27,LAL,PHI,@,"L, 94-138",,11:09,0,3,0,2,0,0,0,0,0,2,0,0,1,1,0
Jalen Hood-Schifino,https://www.basketball-reference.com/players/h/hoodsja01.html,2024,2023-11-29,LAL,DET,@,"W, 133-107",,10:41,3,4,1,2,3,6,0,1,1,1,0,0,1,2,10
Jalen Hood-Schifino,https://www.basketball-reference.com/players/h/hoodsja01.html,2024,2023-11-30,LAL,OKC,@,"L, 110-133",,18:48,1,6,0,3,1,2,0,1,1,0,0,0,1,3,3
Jalen Hood-Schifino,https://www.basketball-reference.com/players/h/hoodsja01.html,2024,2023-12-02,LAL,HOU,,"W, 107-97",,03:05,0,2,0,1,0,0,0,0,0,0,0,0,0,0,0
Jalen Hood-Schifino,https://www.basketball-reference.com/players/h/hoodsja01.html,2024,2023-12-05,LAL,PHO,,"W, 106-103",,,,,,,,,,,,,,,,,
Jalen Hood-Schifino,https://www.basketball-reference.com/players/h/hoodsja01.html,2024,2023-12-07,LAL,NOP,,"W, 133-89",,08:15,0,3,0,0,1,2,1,3,4,1,0,1,1,1,1
Jalen Hood-Schifino,https://www.basketball-reference.com/players/h/hoodsja01.html,2024,2023-12-12,LAL,DAL,@,"L, 125-127",,,,,,,,,,,,,,,,,
Jalen Hood-Schifino,https://www.basketball-reference.com/players/h/hoodsja01.html,2024,2023-12-13,LAL,SAS,@,"W, 122-119",,,,,,,,,,,,,,,,,
Jalen Hood-Schifino,https://www.basketball-reference.com/players/h/hoodsja01.html,2024,2023-12-15,LAL,SAS,@,"L, 115-129",,,,,,,,,,,,,,,,,
Jalen Hood-Schifino,https://www.basketball-reference.com/players/h/hoodsja01.html,2024,2023-12-18,LAL,NYK,,"L, 109-114",,,,,,,,,,,,,,,,,
Jalen Hood-Schifino,https://www.basketball-reference.com/players/h/hoodsja01.html,2024,2023-12-20,LAL,CHI,@,"L, 108-124",,,,,,,,,,,,,,,,,
Jalen Hood-Schifino,https://www.basketball-reference.com/players/h/hoodsja01.html,2024,2023-12-21,LAL,MIN,@,"L, 111-118",,,,,,,,,,,,,,,,,
Jalen Hood-Schifino,https://www.basketball-reference.com/players/h/hoodsja01.html,2024,2023-12-23,LAL,OKC,@,"W, 129-120",,,,,,,,,,,,,,,,,
Jalen Hood-Schifino,https://www.basketball-reference.com/players/h/hoodsja01.html,2024,2023-12-25,LAL,BOS,,"L, 115-126",,,,,,,,,,,,,,,,,
Jalen Hood-Schifino,https://www.basketball-reference.com/players/h/hoodsja01.html,2024,2023-12-28,LAL,CHO,,"W, 133-112",,06:42,1,5,0,1,0,0,0,0,0,1,1,0,1,1,2
Jalen Hood-Schifino,https://www.basketball-reference.com/players/h/hoodsja01.html,2024,2023-12-30,LAL,MIN,@,"L, 106-108",,,,,,,,,,,,,,,,,
Jalen Hood-Schifino,https://www.basketball-reference.com/players/h/hoodsja01.html,2024,2023-12-31,LAL,NOP,@,"L, 109-129",,04:44,1,1,0,0,0,0,0,0,0,0,1,0,0,0,2
Jalen Hood-Schifino,https://www.basketball-reference.com/players/h/hoodsja01.html,2024,2024-01-03,LAL,MIA,,"L, 96-110",,06:01,0,4,0,0,0,0,1,1,2,0,0,0,0,1,0
Jalen Hood-Schifino,https://www.basketball-reference.com/players/h/hoodsja01.html,2024,2024-01-05,LAL,MEM,,"L, 113-127",,,,,,,,,,,,,,,,,
Jalen Hood-Schifino,https://www.basketball-reference.com/players/h/hoodsja01.html,2024,2024-01-07,LAL,LAC,,"W, 106-103",,,,,,,,,,,,,,,,,
Jalen Hood-Schifino,https://www.basketball-reference.com/players/h/hoodsja01.html,2024,2024-01-09,LAL,TOR,,"W, 132-131",,,,,,,,,,,,,,,,,
Jalen Hood-Schifino,https://www.basketball-reference.com/players/h/hoodsja01.html,2024,2024-01-11,LAL,PHO,,"L, 109-127",,05:19,1,3,0,0,0,0,0,0,0,0,0,0,0,0,2
Jalen Hood-Schifino,https://www.basketball-reference.com/players/h/hoodsja01.html,2024,2024-01-13,LAL,UTA,@,"L, 125-132",,,,,,,,,,,,,,,,,
Jalen Hood-Schifino,https://www.basketball-reference.com/players/h/hoodsja01.html,2024,2024-01-15,LAL,OKC,,"W, 112-105",,,,,,,,,,,,,,,,,
Jalen Hood-Schifino,https://www.basketball-reference.com/players/h/hoodsja01.html,2024,2024-01-17,LAL,DAL,,"W, 127-110",,,,,,,,,,,,,,,,,
Jalen Hood-Schifino,https://www.basketball-reference.com/players/h/hoodsja01.html,2024,2024-01-19,LAL,BRK,,"L, 112-130",,02:56,0,1,0,0,0,0,0,1,1,1,0,0,1,1,0
Jalen Hood-Schifino,https://www.basketball-reference.com/players/h/hoodsja01.html,2024,2024-01-21,LAL,POR,,"W, 134-110",,06:06,1,1,0,0,2,2,0,1,1,1,1,0,1,0,4
Jalen Hood-Schifino,https://www.basketball-reference.com/players/h/hoodsja01.html,2024,2024-01-23,LAL,LAC,@,"L, 116-127",,00:55,0,0,0,0,0,0,0,0,0,0,0,0,1,0,0
Jalen Hood-Schifino,https://www.basketball-reference.com/players/h/hoodsja01.html,2024,2024-01-25,LAL,CHI,,"W, 141-132",,,,,,,,,,,,,,,,,
Jalen Hood-Schifino,https://www.basketball-reference.com/players/h/hoodsja01.html,2024,2024-01-27,LAL,GSW,@,"W, 145-144 (2OT)",,,,,,,,,,,,,,,,,
Jalen Hood-Schifino,https://www.basketball-reference.com/players/h/hoodsja01.html,2024,2024-01-29,LAL,HOU,@,"L, 119-135",,02:13,0,1,0,1,0,0,0,0,0,1,0,1,0,1,0
Jalen Hood-Schifino,https://www.basketball-reference.com/players/h/hoodsja01.html,2024,2024-01-30,LAL,ATL,@,"L, 122-138",,03:21,0,1,0,1,2,2,0,0,0,0,0,0,0,0,2
Jalen Hood-Schifino,https://www.basketball-reference.com/players/h/hoodsja01.html,2024,2024-02-01,LAL,BOS,@,"W, 114-105",,01:17,0,0,0,0,1,2,0,0,0,0,0,0,0,0,1
Jalen Hood-Schifino,https://www.basketball-reference.com/players/h/hoodsja01.html,2024,2024-02-03,LAL,NYK,@,"W, 113-105",,,,,,,,,,,,,,,,,
Jalen Hood-Schifino,https://www.basketball-reference.com/players/h/hoodsja01.html,2024,2024-02-05,LAL,CHO,@,"W, 124-118",,,,,,,,,,,,,,,,,
Jalen Hood-Schifino,https://www.basketball-reference.com/players/h/hoodsja01.html,2024,2024-02-08,LAL,DEN,,"L, 106-114",,,,,,,,,,,,,,,,,
Jalen Hood-Schifino,https://www.basketball-reference.com/players/h/hoodsja01.html,2024,2024-02-09,LAL,NOP,,"W, 139-122",,02:33,0,1,0,0,0,0,0,1,1,0,0,0,0,0,0
Jalen Hood-Schifino,https://www.basketball-reference.com/players/h/hoodsja01.html,2024,2024-02-13,LAL,DET,,"W, 125-111",,02:18,1,2,0,0,0,0,0,0,0,0,0,0,0,0,2
Jalen Hood-Schifino,https://www.basketball-reference.com/players/h/hoodsja01.html,2024,2024-02-14,LAL,UTA,@,"W, 138-122",,,,,,,,,,,,,,,,,
Jalen Hood-Schifino,https://www.basketball-reference.com/players/h/hoodsja01.html,2024,2024-02-22,LAL,GSW,@,"L, 110-128",,05:52,1,3,1,2,1,2,0,1,1,0,0,0,1,1,4
Jalen Hood-Schifino,https://www.basketball-reference.com/players/h/hoodsja01.html,2024,2024-02-23,LAL,SAS,,"W, 123-118",,00:36,0,0,0,0,0,0,0,0,0,0,0,0,0,1,0
Jalen Hood-Schifino,https://www.basketball-reference.com/players/h/hoodsja01.html,2024,2024-02-25,LAL,PHO,@,"L, 113-123",,,,,,,,,,,,,,,,,
Jalen Hood-Schifino,https://www.basketball-reference.com/players/h/hoodsja01.html,2024,2024-02-28,LAL,LAC,@,"W, 116-112",,,,,,,,,,,,,,,,,
Jalen Hood-Schifino,https://www.basketball-reference.com/players/h/hoodsja01.html,2024,2024-02-29,LAL,WAS,,"W, 134-131 (OT)",,,,,,,,,,,,,,,,,
Jalen Hood-Schifino,https://www.basketball-reference.com/players/h/hoodsja01.html,2024,2024-03-02,LAL,DEN,,"L, 114-124",,,,,,,,,,,,,,,,,
Jalen Hood-Schifino,https://www.basketball-reference.com/players/h/hoodsja01.html,2024,2024-03-04,LAL,OKC,,"W, 116-104",,05:17,0,3,0,1,1,2,0,1,1,0,0,0,0,0,1
Jalen Hood-Schifino,https://www.basketball-reference.com/players/h/hoodsja01.html,2024,2024-03-06,LAL,SAC,,"L, 120-130",,00:50,0,1,0,1,0,0,0,0,0,0,0,0,0,0,0
Jalen Hood-Schifino,https://www.basketball-reference.com/players/h/hoodsja01.html,2024,2024-03-08,LAL,MIL,,"W, 123-122",,,,,,,,,,,,,,,,,
Jalen Hood-Schifino,https://www.basketball-reference.com/players/h/hoodsja01.html,2024,2024-03-10,LAL,MIN,,"W, 120-109",,,,,,,,,,,,,,,,,
Jalen Hood-Schifino,https://www.basketball-reference.com/players/h/hoodsja01.html,2024,2024-03-13,LAL,SAC,@,"L, 107-120",,,,,,,,,,,,,,,,,
Jalen Hood-Schifino,https://www.basketball-reference.com/players/h/hoodsja01.html,2024,2024-03-16,LAL,GSW,,"L, 121-128",,,,,,,,,,,,,,,,,
Jalen Hood-Schifino,https://www.basketball-reference.com/players/h/hoodsja01.html,2024,2024-03-18,LAL,ATL,,"W, 136-105",,,,,,,,,,,,,,,,,
Jalen Hood-Schifino,https://www.basketball-reference.com/players/h/hoodsja01.html,2024,2024-03-22,LAL,PHI,,"W, 101-94",,,,,,,,,,,,,,,,,
Jalen Hood-Schifino,https://www.basketball-reference.com/players/h/hoodsja01.html,2024,2024-03-24,LAL,IND,,"W, 150-145",,,,,,,,,,,,,,,,,
Jalen Hood-Schifino,https://www.basketball-reference.com/players/h/hoodsja01.html,2024,2024-03-26,LAL,MIL,@,"W, 128-124 (2OT)",,,,,,,,,,,,,,,,,
Jalen Hood-Schifino,https://www.basketball-reference.com/players/h/hoodsja01.html,2024,2024-03-27,LAL,MEM,@,"W, 136-124",,,,,,,,,,,,,,,,,
Jalen Hood-Schifino,https://www.basketball-reference.com/players/h/hoodsja01.html,2024,2024-03-29,LAL,IND,@,"L, 90-109",,,,,,,,,,,,,,,,,
Jalen Hood-Schifino,https://www.basketball-reference.com/players/h/hoodsja01.html,2024,2024-03-31,LAL,BRK,@,"W, 116-104",,,,,,,,,,,,,,,,,
Jalen Hood-Schifino,https://www.basketball-reference.com/players/h/hoodsja01.html,2024,2024-04-02,LAL,TOR,@,"W, 128-111",,,,,,,,,,,,,,,,,
Jalen Hood-Schifino,https://www.basketball-reference.com/players/h/hoodsja01.html,2024,2024-04-03,LAL,WAS,@,"W, 125-120",,,,,,,,,,,,,,,,,
Jalen Hood-Schifino,https://www.basketball-reference.com/players/h/hoodsja01.html,2024,2024-04-06,LAL,CLE,,"W, 116-97",,,,,,,,,,,,,,,,,
Jalen Hood-Schifino,https://www.basketball-reference.com/players/h/hoodsja01.html,2024,2024-04-07,LAL,MIN,,"L, 117-127",,,,,,,,,,,,,,,,,
Jalen Hood-Schifino,https://www.basketball-reference.com/players/h/hoodsja01.html,2024,2024-04-09,LAL,GSW,,"L, 120-134",,,,,,,,,,,,,,,,,
Jalen Hood-Schifino,https://www.basketball-reference.com/players/h/hoodsja01.html,2024,2024-04-12,LAL,MEM,@,"W, 123-120",,,,,,,,,,,,,,,,,
Jalen Hood-Schifino,https://www.basketball-reference.com/players/h/hoodsja01.html,2024,2024-04-14,LAL,NOP,@,"W, 124-108",,,,,,,,,,,,,,,,,
Maxwell Lewis,https://www.basketball-reference.com/players/l/lewisma05.html,2024,2023-10-24,LAL,DEN,@,"L, 107-119",,01:15,0,0,0,0,0,0,0,0,0,0,0,0,0,0,0
Maxwell Lewis,https://www.basketball-reference.com/players/l/lewisma05.html,2024,2023-10-26,LAL,PHO,,"W, 100-95",,,,,,,,,,,,,,,,,
Maxwell Lewis,https://www.basketball-reference.com/players/l/lewisma05.html,2024,2023-10-29,LAL,SAC,@,"L, 127-132 (OT)",,,,,,,,,,,,,,,,,
Maxwell Lewis,https://www.basketball-reference.com/players/l/lewisma05.html,2024,2023-10-30,LAL,ORL,,"W, 106-103",,,,,,,,,,,,,,,,,
Maxwell Lewis,https://www.basketball-reference.com/players/l/lewisma05.html,2024,,,,,,,,,,,,,,,,,,,,,,
Maxwell Lewis,https://www.basketball-reference.com/players/l/lewisma05.html,2024,2023-11-01,LAL,LAC,,"W, 130-125 (OT)",,,,,,,,,,,,,,,,,
Maxwell Lewis,https://www.basketball-reference.com/players/l/lewisma05.html,2024,2023-11-04,LAL,ORL,@,"L, 101-120",,04:04,0,0,0,0,0,0,0,0,0,0,0,0,1,0,0
Maxwell Lewis,https://www.basketball-reference.com/players/l/lewisma05.html,2024,2023-11-06,LAL,MIA,@,"L, 107-108",,,,,,,,,,,,,,,,,
Maxwell Lewis,https://www.basketball-reference.com/players/l/lewisma05.html,2024,2023-11-08,LAL,HOU,@,"L, 94-128",,07:48,0,2,0,0,0,0,0,1,1,0,0,0,0,0,0
Maxwell Lewis,https://www.basketball-reference.com/players/l/lewisma05.html,2024,2023-11-10,LAL,PHO,@,"W, 122-119",,,,,,,,,,,,,,,,,
Maxwell Lewis,https://www.basketball-reference.com/players/l/lewisma05.html,2024,2023-11-12,LAL,POR,,"W, 116-110",,,,,,,,,,,,,,,,,
Maxwell Lewis,https://www.basketball-reference.com/players/l/lewisma05.html,2024,2023-11-14,LAL,MEM,,"W, 134-107",,05:01,0,1,0,0,0,0,0,0,0,0,0,0,0,0,0
Maxwell Lewis,https://www.basketball-reference.com/players/l/lewisma05.html,2024,2023-11-15,LAL,SAC,,"L, 110-125",,01:26,0,0,0,0,0,0,0,0,0,0,0,0,1,0,0
Maxwell Lewis,https://www.basketball-reference.com/players/l/lewisma05.html,2024,2023-11-17,LAL,POR,@,"W, 107-95",,01:11,0,0,0,0,0,0,0,0,0,0,0,0,0,0,0
Maxwell Lewis,https://www.basketball-reference.com/players/l/lewisma05.html,2024,2023-11-19,LAL,HOU,,"W, 105-104",,,,,,,,,,,,,,,,,
Maxwell Lewis,https://www.basketball-reference.com/players/l/lewisma05.html,2024,2023-11-21,LAL,UTA,,"W, 131-99",,,,,,,,,,,,,,,,,
Maxwell Lewis,https://www.basketball-reference.com/players/l/lewisma05.html,2024,2023-11-22,LAL,DAL,,"L, 101-104",,,,,,,,,,,,,,,,,
Maxwell Lewis,https://www.basketball-reference.com/players/l/lewisma05.html,2024,2023-11-25,LAL,CLE,@,"W, 121-115",,,,,,,,,,,,,,,,,
Maxwell Lewis,https://www.basketball-reference.com/players/l/lewisma05.html,2024,2023-11-27,LAL,PHI,@,"L, 94-138",,08:18,0,1,0,0,0,0,1,0,1,0,0,0,2,0,0
Maxwell Lewis,https://www.basketball-reference.com/players/l/lewisma05.html,2024,2023-11-29,LAL,DET,@,"W, 133-107",,07:22,0,0,0,0,0,0,0,0,0,2,2,0,0,1,0
Maxwell Lewis,https://www.basketball-reference.com/players/l/lewisma05.html,2024,2023-11-30,LAL,OKC,@,"L, 110-133",,04:01,0,0,0,0,0,0,0,0,0,0,0,0,0,0,0
Maxwell Lewis,https://www.basketball-reference.com/players/l/lewisma05.html,2024,2023-12-02,LAL,HOU,,"W, 107-97",,02:54,0,1,0,1,0,0,0,0,0,0,0,0,0,1,0
Maxwell Lewis,https://www.basketball-reference.com/players/l/lewisma05.html,2024,2023-12-05,LAL,PHO,,"W, 106-103",,,,,,,,,,,,,,,,,
Maxwell Lewis,https://www.basketball-reference.com/players/l/lewisma05.html,2024,2023-12-07,LAL,NOP,,"W, 133-89",,08:15,1,4,1,2,0,0,0,1,1,1,0,0,1,0,3
Maxwell Lewis,https://www.basketball-reference.com/players/l/lewisma05.html,2024,2023-12-12,LAL,DAL,@,"L, 125-127",,,,,,,,,,,,,,,,,
Maxwell Lewis,https://www.basketball-reference.com/players/l/lewisma05.html,2024,2023-12-13,LAL,SAS,@,"W, 122-119",,,,,,,,,,,,,,,,,
Maxwell Lewis,https://www.basketball-reference.com/players/l/lewisma05.html,2024,2023-12-15,LAL,SAS,@,"L, 115-129",,,,,,,,,,,,,,,,,
Maxwell Lewis,https://www.basketball-reference.com/players/l/lewisma05.html,2024,2023-12-18,LAL,NYK,,"L, 109-114",,,,,,,,,,,,,,,,,
Maxwell Lewis,https://www.basketball-reference.com/players/l/lewisma05.html,2024,2023-12-20,LAL,CHI,@,"L, 108-124",,01:18,0,0,0,0,0,0,0,0,0,0,0,0,0,0,0
Maxwell Lewis,https://www.basketball-reference.com/players/l/lewisma05.html,2024,2023-12-21,LAL,MIN,@,"L, 111-118",,,,,,,,,,,,,,,,,
Maxwell Lewis,https://www.basketball-reference.com/players/l/lewisma05.html,2024,2023-12-23,LAL,OKC,@,"W, 129-120",,,,,,,,,,,,,,,,,
Maxwell Lewis,https://www.basketball-reference.com/players/l/lewisma05.html,2024,2023-12-25,LAL,BOS,,"L, 115-126",,,,,,,,,,,,,,,,,
Maxwell Lewis,https://www.basketball-reference.com/players/l/lewisma05.html,2024,2023-12-28,LAL,CHO,,"W, 133-112",,,,,,,,,,,,,,,,,
Maxwell Lewis,https://www.basketball-reference.com/players/l/lewisma05.html,2024,2023-12-30,LAL,MIN,@,"L, 106-108",,,,,,,,,,,,,,,,,
Maxwell Lewis,https://www.basketball-reference.com/players/l/lewisma05.html,2024,2023-12-31,LAL,NOP,@,"L, 109-129",,,,,,,,,,,,,,,,,
Maxwell Lewis,https://www.basketball-reference.com/players/l/lewisma05.html,2024,2024-01-03,LAL,MIA,,"L, 96-110",,,,,,,,,,,,,,,,,
Maxwell Lewis,https://www.basketball-reference.com/players/l/lewisma05.html,2024,2024-01-05,LAL,MEM,,"L, 113-127",,,,,,,,,,,,,,,,,
Maxwell Lewis,https://www.basketball-reference.com/players/l/lewisma05.html,2024,2024-01-07,LAL,LAC,,"W, 106-103",,,,,,,,,,,,,,,,,
Maxwell Lewis,https://www.basketball-reference.com/players/l/lewisma05.html,2024,2024-01-09,LAL,TOR,,"W, 132-131",,,,,,,,,,,,,,,,,
Maxwell Lewis,https://www.basketball-reference.com/players/l/lewisma05.html,2024,2024-01-11,LAL,PHO,,"L, 109-127",,,,,,,,,,,,,,,,,
Maxwell Lewis,https://www.basketball-reference.com/players/l/lewisma05.html,2024,2024-01-13,LAL,UTA,@,"L, 125-132",,,,,,,,,,,,,,,,,
Maxwell Lewis,https://www.basketball-reference.com/players/l/lewisma05.html,2024,2024-01-15,LAL,OKC,,"W, 112-105",,,,,,,,,,,,,,,,,
Maxwell Lewis,https://www.basketball-reference.com/players/l/lewisma05.html,2024,2024-01-17,LAL,DAL,,"W, 127-110",,,,,,,,,,,,,,,,,
Maxwell Lewis,https://www.basketball-reference.com/players/l/lewisma05.html,2024,2024-01-19,LAL,BRK,,"L, 112-130",,02:56,0,0,0,0,0,0,0,0,0,0,0,0,0,0,0
Maxwell Lewis,https://www.basketball-reference.com/players/l/lewisma05.html,2024,2024-01-21,LAL,POR,,"W, 134-110",,04:06,0,0,0,0,0,0,0,0,0,0,0,0,0,0,0
Maxwell Lewis,https://www.basketball-reference.com/players/l/lewisma05.html,2024,2024-01-23,LAL,LAC,@,"L, 116-127",,00:55,1,1,0,0,0,0,0,0,0,0,0,0,0,0,2
Maxwell Lewis,https://www.basketball-reference.com/players/l/lewisma05.html,2024,2024-01-25,LAL,CHI,,"W, 141-132",,,,,,,,,,,,,,,,,
Maxwell Lewis,https://www.basketball-reference.com/players/l/lewisma05.html,2024,2024-01-27,LAL,GSW,@,"W, 145-144 (2OT)",,,,,,,,,,,,,,,,,
Maxwell Lewis,https://www.basketball-reference.com/players/l/lewisma05.html,2024,2024-01-29,LAL,HOU,@,"L, 119-135",,02:13,0,0,0,0,0,0,0,0,0,0,0,0,0,0,0
Maxwell Lewis,https://www.basketball-reference.com/players/l/lewisma05.html,2024,2024-01-30,LAL,ATL,@,"L, 122-138",,03:21,1,1,0,0,0,0,0,0,0,0,0,0,0,1,2
Maxwell Lewis,https://www.basketball-reference.com/players/l/lewisma05.html,2024,2024-02-01,LAL,BOS,@,"W, 114-105",,00:46,0,1,0,0,0,0,0,0,0,0,0,0,0,0,0
Maxwell Lewis,https://www.basketball-reference.com/players/l/lewisma05.html,2024,2024-02-03,LAL,NYK,@,"W, 113-105",,,,,,,,,,,,,,,,,
Maxwell Lewis,https://www.basketball-reference.com/players/l/lewisma05.html,2024,2024-02-05,LAL,CHO,@,"W, 124-118",,,,,,,,,,,,,,,,,
Maxwell Lewis,https://www.basketball-reference.com/players/l/lewisma05.html,2024,2024-02-08,LAL,DEN,,"L, 106-114",,,,,,,,,,,,,,,,,
Maxwell Lewis,https://www.basketball-reference.com/players/l/lewisma05.html,2024,2024-02-09,LAL,NOP,,"W, 139-122",,,,,,,,,,,,,,,,,
Maxwell Lewis,https://www.basketball-reference.com/players/l/lewisma05.html,2024,2024-02-13,LAL,DET,,"W, 125-111",,02:18,0,0,0,0,0,0,0,0,0,0,0,0,0,0,0
Maxwell Lewis,https://www.basketball-reference.com/players/l/lewisma05.html,2024,2024-02-14,LAL,UTA,@,"W, 138-122",,,,,,,,,,,,,,,,,
Maxwell Lewis,https://www.basketball-reference.com/players/l/lewisma05.html,2024,2024-02-22,LAL,GSW,@,"L, 110-128",,,,,,,,,,,,,,,,,
Maxwell Lewis,https://www.basketball-reference.com/players/l/lewisma05.html,2024,2024-02-23,LAL,SAS,,"W, 123-118",,00:36,0,0,0,0,0,0,0,0,0,0,0,0,0,0,0
Maxwell Lewis,https://www.basketball-reference.com/players/l/lewisma05.html,2024,2024-02-25,LAL,PHO,@,"L, 113-123",,,,,,,,,,,,,,,,,
Maxwell Lewis,https://www.basketball-reference.com/players/l/lewisma05.html,2024,2024-02-28,LAL,LAC,@,"W, 116-112",,,,,,,,,,,,,,,,,
Maxwell Lewis,https://www.basketball-reference.com/players/l/lewisma05.html,2024,2024-02-29,LAL,WAS,,"W, 134-131 (OT)",,,,,,,,,,,,,,,,,
Maxwell Lewis,https://www.basketball-reference.com/players/l/lewisma05.html,2024,2024-03-02,LAL,DEN,,"L, 114-124",,,,,,,,,,,,,,,,,
Maxwell Lewis,https://www.basketball-reference.com/players/l/lewisma05.html,2024,2024-03-04,LAL,OKC,,"W, 116-104",,03:34,0,0,0,0,0,0,0,0,0,0,0,0,2,1,0
Maxwell Lewis,https://www.basketball-reference.com/players/l/lewisma05.html,2024,2024-03-06,LAL,SAC,,"L, 120-130",,00:50,0,0,0,0,0,0,0,0,0,0,0,0,0,0,0
Maxwell Lewis,https://www.basketball-reference.com/players/l/lewisma05.html,2024,2024-03-08,LAL,MIL,,"W, 123-122",,,,,,,,,,,,,,,,,
Maxwell Lewis,https://www.basketball-reference.com/players/l/lewisma05.html,2024,2024-03-10,LAL,MIN,,"W, 120-109",,01:18,0,0,0,0,0,0,0,0,0,0,0,0,0,0,0
Maxwell Lewis,https://www.basketball-reference.com/players/l/lewisma05.html,2024,2024-03-13,LAL,SAC,@,"L, 107-120",,00:57,0,0,0,0,0,0,0,0,0,0,0,0,0,0,0
Maxwell Lewis,https://www.basketball-reference.com/players/l/lewisma05.html,2024,2024-03-16,LAL,GSW,,"L, 121-128",,,,,,,,,,,,,,,,,
Maxwell Lewis,https://www.basketball-reference.com/players/l/lewisma05.html,2024,2024-03-18,LAL,ATL,,"W, 136-105",,05:05,0,1,0,1,0,0,0,0,0,2,0,0,0,0,0
Maxwell Lewis,https://www.basketball-reference.com/players/l/lewisma05.html,2024,2024-03-22,LAL,PHI,,"W, 101-94",,,,,,,,,,,,,,,,,
Maxwell Lewis,https://www.basketball-reference.com/players/l/lewisma05.html,2024,2024-03-24,LAL,IND,,"W, 150-145",,,,,,,,,,,,,,,,,
Maxwell Lewis,https://www.basketball-reference.com/players/l/lewisma05.html,2024,2024-03-26,LAL,MIL,@,"W, 128-124 (2OT)",,,,,,,,,,,,,,,,,
Maxwell Lewis,https://www.basketball-reference.com/players/l/lewisma05.html,2024,2024-03-27,LAL,MEM,@,"W, 136-124",,01:19,0,0,0,0,0,0,0,0,0,0,0,0,0,0,0
Maxwell Lewis,https://www.basketball-reference.com/players/l/lewisma05.html,2024,2024-03-29,LAL,IND,@,"L, 90-109",,02:08,0,1,0,1,0,0,0,0,0,0,0,0,0,0,0
Maxwell Lewis,https://www.basketball-reference.com/players/l/lewisma05.html,2024,2024-03-31,LAL,BRK,@,"W, 116-104",,02:57,0,1,0,1,0,0,0,0,0,0,0,1,1,0,0
Maxwell Lewis,https://www.basketball-reference.com/players/l/lewisma05.html,2024,2024-04-02,LAL,TOR,@,"W, 128-111",,06:06,1,4,0,1,0,0,1,0,1,0,0,0,0,0,2
Maxwell Lewis,https://www.basketball-reference.com/players/l/lewisma05.html,2024,2024-04-03,LAL,WAS,@,"W, 125-120",,01:03,0,0,0,0,0,0,0,0,0,0,0,0,1,0,0
Maxwell Lewis,https://www.basketball-reference.com/players/l/lewisma05.html,2024,2024-04-06,LAL,CLE,,"W, 116-97",,01:33,0,0,0,0,0,0,0,0,0,0,0,0,0,0,0
Maxwell Lewis,https://www.basketball-reference.com/players/l/lewisma05.html,2024,2024-04-07,LAL,MIN,,"L, 117-127",,02:03,0,1,0,1,0,0,0,0,0,0,0,0,0,0,0
Maxwell Lewis,https://www.basketball-reference.com/players/l/lewisma05.html,2024,2024-04-09,LAL,GSW,,"L, 120-134",,01:47,0,0,0,0,2,3,0,0,0,1,0,0,0,1,2
Maxwell Lewis,https://www.basketball-reference.com/players/l/lewisma05.html,2024,2024-04-12,LAL,MEM,@,"W, 123-120",,,,,,,,,,,,,,,,,
Maxwell Lewis,https://www.basketball-reference.com/players/l/lewisma05.html,2024,2024-04-14,LAL,NOP,@,"W, 124-108",,02:04,0,1,0,1,0,0,0,0,0,0,0,0,1,0,0
Timmy Allen,https://www.basketball-reference.com/players/a/allenti01.html,2024,2024-04-06,MEM,PHI,,"L, 96-116",,26:04,1,6,0,3,0,0,0,2,2,0,0,0,1,2,2
Timmy Allen,https://www.basketball-reference.com/players/a/allenti01.html,2024,2024-04-09,MEM,SAS,,"L, 87-102",,31:27,3,9,0,3,0,0,1,3,4,2,2,0,0,4,6
Timmy Allen,https://www.basketball-reference.com/players/a/allenti01.html,2024,2024-04-10,MEM,CLE,@,"L, 98-110",,16:17,1,2,0,0,0,0,0,4,4,1,0,0,0,6,2
Timmy Allen,https://www.basketball-reference.com/players/a/allenti01.html,2024,2024-04-12,MEM,LAL,,"L, 120-123",,27:13,1,4,0,1,0,0,3,3,6,1,0,0,1,3,2
Timmy Allen,https://www.basketball-reference.com/players/a/allenti01.html,2024,2024-04-14,MEM,DEN,,"L, 111-126",,24:26,0,2,0,0,1,2,0,1,1,1,2,0,0,3,1
Matthew Hurt,https://www.basketball-reference.com/players/h/hurtma01.html,2024,2024-01-29,MEM,SAC,,"L, 94-103",,23:27,3,6,2,3,2,2,1,1,2,1,0,0,0,1,10
Matthew Hurt,https://www.basketball-reference.com/players/h/hurtma01.html,2024,,,,,,,,,,,,,,,,,,,,,,
Matthew Hurt,https://www.basketball-reference.com/players/h/hurtma01.html,2024,2024-02-01,MEM,CLE,,"L, 101-108",,,,,,,,,,,,,,,,,
Matthew Hurt,https://www.basketball-reference.com/players/h/hurtma01.html,2024,2024-02-02,MEM,GSW,,"L, 101-121",,01:46,0,1,0,1,0,0,0,0,0,0,0,0,0,0,0
Matthew Hurt,https://www.basketball-reference.com/players/h/hurtma01.html,2024,2024-02-04,MEM,BOS,@,"L, 91-131",,30:21,3,11,0,6,1,1,3,1,4,2,0,1,0,1,7
Matthew Hurt,https://www.basketball-reference.com/players/h/hurtma01.html,2024,2024-02-06,MEM,NYK,@,"L, 113-123",,,,,,,,,,,,,,,,,
Matthew Hurt,https://www.basketball-reference.com/players/h/hurtma01.html,2024,2024-02-26,MEM,BRK,,"L, 86-111",,04:59,0,0,0,0,0,0,1,1,2,0,0,0,0,1,0
Matthew Hurt,https://www.basketball-reference.com/players/h/hurtma01.html,2024,2024-02-28,MEM,MIN,@,"L, 101-110",,,,,,,,,,,,,,,,,
Matthew Hurt,https://www.basketball-reference.com/players/h/hurtma01.html,2024,2024-03-01,MEM,POR,,"L, 92-122",,07:14,1,2,1,1,0,0,0,1,1,0,0,1,0,0,3
Matthew Hurt,https://www.basketball-reference.com/players/h/hurtma01.html,2024,2024-03-02,MEM,POR,,"L, 100-107 (OT)",,18:05,3,5,1,2,0,0,0,1,1,1,2,1,1,3,7
Matthew Hurt,https://www.basketball-reference.com/players/h/hurtma01.html,2024,2024-03-04,MEM,BRK,@,"W, 106-102",,21:10,2,7,1,6,0,0,3,2,5,0,1,0,1,2,5
Matthew Hurt,https://www.basketball-reference.com/players/h/hurtma01.html,2024,2024-03-06,MEM,PHI,@,"W, 115-109",,06:12,0,2,0,1,0,0,1,0,1,0,0,0,0,0,0
GG Jackson II,https://www.basketball-reference.com/players/j/jacksgg01.html,2024,2023-10-25,MEM,NOP,,"L, 104-111",,,,,,,,,,,,,,,,,
GG Jackson II,https://www.basketball-reference.com/players/j/jacksgg01.html,2024,2023-10-27,MEM,DEN,,"L, 104-108",,,,,,,,,,,,,,,,,
GG Jackson II,https://www.basketball-reference.com/players/j/jacksgg01.html,2024,2023-10-28,MEM,WAS,@,"L, 106-113",,,,,,,,,,,,,,,,,
GG Jackson II,https://www.basketball-reference.com/players/j/jacksgg01.html,2024,2023-10-30,MEM,DAL,,"L, 110-125",,00:38,0,0,0,0,0,0,0,0,0,0,0,0,0,0,0
GG Jackson II,https://www.basketball-reference.com/players/j/jacksgg01.html,2024,,,,,,,,,,,,,,,,,,,,,,
GG Jackson II,https://www.basketball-reference.com/players/j/jacksgg01.html,2024,2023-11-01,MEM,UTA,@,"L, 109-133",,,,,,,,,,,,,,,,,
GG Jackson II,https://www.basketball-reference.com/players/j/jacksgg01.html,2024,2023-11-03,MEM,POR,@,"L, 113-115 (OT)",,,,,,,,,,,,,,,,,
GG Jackson II,https://www.basketball-reference.com/players/j/jacksgg01.html,2024,2023-11-05,MEM,POR,@,"W, 112-100",,,,,,,,,,,,,,,,,
GG Jackson II,https://www.basketball-reference.com/players/j/jacksgg01.html,2024,2023-11-08,MEM,MIA,,"L, 102-108",,,,,,,,,,,,,,,,,
GG Jackson II,https://www.basketball-reference.com/players/j/jacksgg01.html,2024,2023-11-10,MEM,UTA,,"L, 121-127",,,,,,,,,,,,,,,,,
GG Jackson II,https://www.basketball-reference.com/players/j/jacksgg01.html,2024,2023-11-12,MEM,LAC,@,"W, 105-101",,,,,,,,,,,,,,,,,
GG Jackson II,https://www.basketball-reference.com/players/j/jacksgg01.html,2024,2023-11-14,MEM,LAL,@,"L, 107-134",,,,,,,,,,,,,,,,,
GG Jackson II,https://www.basketball-reference.com/players/j/jacksgg01.html,2024,2023-11-18,MEM,SAS,@,"W, 120-108",,,,,,,,,,,,,,,,,
GG Jackson II,https://www.basketball-reference.com/players/j/jacksgg01.html,2024,2023-11-19,MEM,BOS,,"L, 100-102",,,,,,,,,,,,,,,,,
GG Jackson II,https://www.basketball-reference.com/players/j/jacksgg01.html,2024,2023-11-22,MEM,HOU,@,"L, 91-111",,04:15,0,3,0,1,0,0,1,2,3,0,0,0,0,0,0
GG Jackson II,https://www.basketball-reference.com/players/j/jacksgg01.html,2024,2023-11-24,MEM,PHO,,"L, 89-110",,01:38,0,1,0,1,0,0,0,0,0,0,1,0,1,0,0
GG Jackson II,https://www.basketball-reference.com/players/j/jacksgg01.html,2024,2023-11-26,MEM,MIN,,"L, 97-119",,,,,,,,,,,,,,,,,
GG Jackson II,https://www.basketball-reference.com/players/j/jacksgg01.html,2024,2023-11-29,MEM,UTA,,"W, 105-91",,,,,,,,,,,,,,,,,
GG Jackson II,https://www.basketball-reference.com/players/j/jacksgg01.html,2024,2023-12-01,MEM,DAL,@,"W, 108-94",,,,,,,,,,,,,,,,,
GG Jackson II,https://www.basketball-reference.com/players/j/jacksgg01.html,2024,2023-12-02,MEM,PHO,@,"L, 109-116",,,,,,,,,,,,,,,,,
GG Jackson II,https://www.basketball-reference.com/players/j/jacksgg01.html,2024,2023-12-06,MEM,DET,@,"W, 116-102",,,,,,,,,,,,,,,,,
GG Jackson II,https://www.basketball-reference.com/players/j/jacksgg01.html,2024,2023-12-08,MEM,MIN,,"L, 103-127",,,,,,,,,,,,,,,,,
GG Jackson II,https://www.basketball-reference.com/players/j/jacksgg01.html,2024,2023-12-11,MEM,DAL,,"L, 113-120",,,,,,,,,,,,,,,,,
GG Jackson II,https://www.basketball-reference.com/players/j/jacksgg01.html,2024,2023-12-13,MEM,HOU,@,"L, 104-117",,,,,,,,,,,,,,,,,
GG Jackson II,https://www.basketball-reference.com/players/j/jacksgg01.html,2024,2023-12-15,MEM,HOU,,"L, 96-103",,,,,,,,,,,,,,,,,
GG Jackson II,https://www.basketball-reference.com/players/j/jacksgg01.html,2024,2023-12-18,MEM,OKC,@,"L, 97-116",,12:00,3,6,2,3,0,0,0,0,0,0,0,1,0,2,8
GG Jackson II,https://www.basketball-reference.com/players/j/jacksgg01.html,2024,2023-12-19,MEM,NOP,@,"W, 115-113",,,,,,,,,,,,,,,,,
GG Jackson II,https://www.basketball-reference.com/players/j/jacksgg01.html,2024,2023-12-21,MEM,IND,,"W, 116-103",,,,,,,,,,,,,,,,,
GG Jackson II,https://www.basketball-reference.com/players/j/jacksgg01.html,2024,2023-12-23,MEM,ATL,@,"W, 125-119",,,,,,,,,,,,,,,,,
GG Jackson II,https://www.basketball-reference.com/players/j/jacksgg01.html,2024,2023-12-26,MEM,NOP,@,"W, 116-115 (OT)",,,,,,,,,,,,,,,,,
GG Jackson II,https://www.basketball-reference.com/players/j/jacksgg01.html,2024,2023-12-28,MEM,DEN,@,"L, 105-142",,,,,,,,,,,,,,,,,
GG Jackson II,https://www.basketball-reference.com/players/j/jacksgg01.html,2024,2023-12-29,MEM,LAC,@,"L, 106-117",,,,,,,,,,,,,,,,,
GG Jackson II,https://www.basketball-reference.com/players/j/jacksgg01.html,2024,2023-12-31,MEM,SAC,,"L, 92-123",,,,,,,,,,,,,,,,,
GG Jackson II,https://www.basketball-reference.com/players/j/jacksgg01.html,2024,2024-01-02,MEM,SAS,,"W, 106-98",,,,,,,,,,,,,,,,,
GG Jackson II,https://www.basketball-reference.com/players/j/jacksgg01.html,2024,2024-01-03,MEM,TOR,,"L, 111-116",,,,,,,,,,,,,,,,,
GG Jackson II,https://www.basketball-reference.com/players/j/jacksgg01.html,2024,2024-01-05,MEM,LAL,@,"W, 127-113",,,,,,,,,,,,,,,,,
GG Jackson II,https://www.basketball-reference.com/players/j/jacksgg01.html,2024,2024-01-07,MEM,PHO,@,"W, 121-115",,,,,,,,,,,,,,,,,
GG Jackson II,https://www.basketball-reference.com/players/j/jacksgg01.html,2024,2024-01-09,MEM,DAL,@,"W, 120-103",,02:03,0,2,0,1,0,0,0,0,0,0,0,0,0,0,0
GG Jackson II,https://www.basketball-reference.com/players/j/jacksgg01.html,2024,2024-01-12,MEM,LAC,,"L, 119-128",,09:18,1,5,0,1,2,3,3,2,5,1,0,0,0,1,4
GG Jackson II,https://www.basketball-reference.com/players/j/jacksgg01.html,2024,2024-01-13,MEM,NYK,,"L, 94-106",,27:03,9,14,2,4,0,0,2,4,6,1,0,2,2,0,20
GG Jackson II,https://www.basketball-reference.com/players/j/jacksgg01.html,2024,2024-01-15,MEM,GSW,,"W, 116-107",,29:10,6,9,5,8,6,8,1,5,6,1,2,2,2,3,23
GG Jackson II,https://www.basketball-reference.com/players/j/jacksgg01.html,2024,2024-01-18,MEM,MIN,@,"L, 103-118",,10:23,0,3,0,2,1,2,2,1,3,0,0,0,1,2,1
GG Jackson II,https://www.basketball-reference.com/players/j/jacksgg01.html,2024,2024-01-20,MEM,CHI,@,"L, 96-125",,18:30,2,3,2,2,4,6,0,1,1,0,0,0,0,2,10
GG Jackson II,https://www.basketball-reference.com/players/j/jacksgg01.html,2024,2024-01-22,MEM,TOR,@,"W, 108-100",,21:10,3,5,1,3,0,0,0,5,5,1,1,1,0,0,7
GG Jackson II,https://www.basketball-reference.com/players/j/jacksgg01.html,2024,2024-01-24,MEM,MIA,@,"W, 105-96",,26:00,5,9,4,6,3,4,0,4,4,2,0,0,1,3,17
GG Jackson II,https://www.basketball-reference.com/players/j/jacksgg01.html,2024,2024-01-26,MEM,ORL,,"W, 107-106",,11:10,2,2,0,0,1,1,0,0,0,1,0,0,0,2,5
GG Jackson II,https://www.basketball-reference.com/players/j/jacksgg01.html,2024,2024-01-28,MEM,IND,@,"L, 110-116",,28:52,6,9,2,4,4,5,1,3,4,1,1,1,0,0,18
GG Jackson II,https://www.basketball-reference.com/players/j/jacksgg01.html,2024,2024-01-29,MEM,SAC,,"L, 94-103",,30:27,4,14,3,10,1,1,1,5,6,2,1,0,2,0,12
GG Jackson II,https://www.basketball-reference.com/players/j/jacksgg01.html,2024,2024-02-01,MEM,CLE,,"L, 101-108",,28:34,3,14,1,8,3,4,2,3,5,2,0,2,1,2,10
GG Jackson II,https://www.basketball-reference.com/players/j/jacksgg01.html,2024,2024-02-02,MEM,GSW,,"L, 101-121",,16:11,0,3,0,2,1,2,0,1,1,1,0,0,1,1,1
GG Jackson II,https://www.basketball-reference.com/players/j/jacksgg01.html,2024,2024-02-04,MEM,BOS,@,"L, 91-131",,36:14,8,24,2,10,0,0,2,5,7,1,2,0,4,0,18
GG Jackson II,https://www.basketball-reference.com/players/j/jacksgg01.html,2024,2024-02-06,MEM,NYK,@,"L, 113-123",,20:50,5,10,3,6,3,6,0,5,5,1,1,2,1,1,16
GG Jackson II,https://www.basketball-reference.com/players/j/jacksgg01.html,2024,2024-02-08,MEM,CHI,,"L, 110-118",,32:25,9,18,4,9,5,6,4,5,9,1,1,0,0,2,27
GG Jackson II,https://www.basketball-reference.com/players/j/jacksgg01.html,2024,2024-02-10,MEM,CHO,@,"L, 106-115",,26:24,7,14,2,6,0,1,1,0,1,2,2,1,1,1,16
GG Jackson II,https://www.basketball-reference.com/players/j/jacksgg01.html,2024,2024-02-12,MEM,NOP,,"L, 87-96",,,,,,,,,,,,,,,,,
GG Jackson II,https://www.basketball-reference.com/players/j/jacksgg01.html,2024,2024-02-14,MEM,HOU,,"W, 121-113",,24:11,8,15,3,5,1,2,3,6,9,0,0,3,1,2,20
GG Jackson II,https://www.basketball-reference.com/players/j/jacksgg01.html,2024,2024-02-15,MEM,MIL,,"W, 113-110",,29:50,10,17,6,10,1,3,0,1,1,0,0,1,3,3,27
GG Jackson II,https://www.basketball-reference.com/players/j/jacksgg01.html,2024,2024-02-23,MEM,LAC,,"L, 95-101",,23:54,4,9,1,5,2,4,1,1,2,1,0,0,1,3,11
GG Jackson II,https://www.basketball-reference.com/players/j/jacksgg01.html,2024,2024-02-26,MEM,BRK,,"L, 86-111",,23:15,1,13,0,6,4,4,0,5,5,0,0,0,0,1,6
GG Jackson II,https://www.basketball-reference.com/players/j/jacksgg01.html,2024,2024-02-28,MEM,MIN,@,"L, 101-110",,26:50,5,7,2,4,2,2,2,1,3,0,0,0,2,1,14
GG Jackson II,https://www.basketball-reference.com/players/j/jacksgg01.html,2024,2024-03-01,MEM,POR,,"L, 92-122",,22:43,4,8,2,3,1,2,0,1,1,0,0,0,2,1,11
GG Jackson II,https://www.basketball-reference.com/players/j/jacksgg01.html,2024,2024-03-02,MEM,POR,,"L, 100-107 (OT)",,31:17,4,15,1,5,8,10,2,4,6,1,2,0,4,0,17
GG Jackson II,https://www.basketball-reference.com/players/j/jacksgg01.html,2024,2024-03-04,MEM,BRK,@,"W, 106-102",,24:02,2,9,1,4,2,2,1,1,2,1,0,1,2,1,7
GG Jackson II,https://www.basketball-reference.com/players/j/jacksgg01.html,2024,2024-03-06,MEM,PHI,@,"W, 115-109",,21:40,3,10,0,5,0,0,2,4,6,1,0,0,0,0,6
GG Jackson II,https://www.basketball-reference.com/players/j/jacksgg01.html,2024,2024-03-08,MEM,ATL,,"L, 92-99",,,,,,,,,,,,,,,,,
GG Jackson II,https://www.basketball-reference.com/players/j/jacksgg01.html,2024,2024-03-10,MEM,OKC,@,"L, 93-124",,37:32,10,19,3,10,7,8,3,3,6,3,0,1,1,3,30
GG Jackson II,https://www.basketball-reference.com/players/j/jacksgg01.html,2024,2024-03-12,MEM,WAS,,"W, 109-97",,26:38,7,16,1,7,4,6,0,2,2,1,0,1,3,0,19
GG Jackson II,https://www.basketball-reference.com/players/j/jacksgg01.html,2024,2024-03-13,MEM,CHO,,"L, 98-110",,37:15,8,17,6,12,4,4,3,1,4,0,0,0,3,3,26
GG Jackson II,https://www.basketball-reference.com/players/j/jacksgg01.html,2024,2024-03-16,MEM,OKC,,"L, 112-118",,35:19,5,14,2,8,7,8,1,3,4,4,0,1,0,1,19
GG Jackson II,https://www.basketball-reference.com/players/j/jacksgg01.html,2024,2024-03-18,MEM,SAC,@,"L, 111-121 (OT)",,43:34,8,13,4,8,2,2,1,6,7,0,3,0,2,2,22
GG Jackson II,https://www.basketball-reference.com/players/j/jacksgg01.html,2024,2024-03-20,MEM,GSW,@,"L, 116-137",,34:53,11,19,7,14,6,7,1,4,5,3,0,0,1,2,35
GG Jackson II,https://www.basketball-reference.com/players/j/jacksgg01.html,2024,2024-03-22,MEM,SAS,@,"W, 99-97",,36:39,5,16,2,8,2,4,3,5,8,3,0,0,3,3,14
GG Jackson II,https://www.basketball-reference.com/players/j/jacksgg01.html,2024,2024-03-25,MEM,DEN,@,"L, 103-128",,30:26,6,15,2,8,1,1,1,2,3,2,1,0,1,0,15
GG Jackson II,https://www.basketball-reference.com/players/j/jacksgg01.html,2024,2024-03-27,MEM,LAL,,"L, 124-136",,28:44,3,9,2,6,2,2,0,4,4,0,0,0,3,3,10
GG Jackson II,https://www.basketball-reference.com/players/j/jacksgg01.html,2024,2024-03-30,MEM,ORL,@,"L, 88-118",,30:07,2,8,2,4,5,6,0,3,3,3,1,0,3,0,11
GG Jackson II,https://www.basketball-reference.com/players/j/jacksgg01.html,2024,2024-04-01,MEM,DET,@,"W, 110-108",,30:28,4,9,1,4,2,2,0,4,4,4,0,1,0,2,11
GG Jackson II,https://www.basketball-reference.com/players/j/jacksgg01.html,2024,2024-04-03,MEM,MIL,@,"W, 111-101",,37:27,6,12,2,6,1,1,0,12,12,1,0,0,2,2,15
GG Jackson II,https://www.basketball-reference.com/players/j/jacksgg01.html,2024,2024-04-05,MEM,DET,,"W, 108-90",,26:35,6,12,3,6,0,1,0,3,3,4,0,0,2,1,15
GG Jackson II,https://www.basketball-reference.com/players/j/jacksgg01.html,2024,2024-04-06,MEM,PHI,,"L, 96-116",,28:52,6,16,1,7,4,6,2,4,6,3,2,0,3,0,17
GG Jackson II,https://www.basketball-reference.com/players/j/jacksgg01.html,2024,2024-04-09,MEM,SAS,,"L, 87-102",,27:36,4,17,2,8,1,2,1,3,4,2,0,1,0,1,11
GG Jackson II,https://www.basketball-reference.com/players/j/jacksgg01.html,2024,2024-04-10,MEM,CLE,@,"L, 98-110",,35:41,7,21,2,10,6,6,0,2,2,2,2,1,1,2,22
GG Jackson II,https://www.basketball-reference.com/players/j/jacksgg01.html,2024,2024-04-12,MEM,LAL,,"L, 120-123",,40:20,12,23,7,13,0,2,0,1,1,1,3,0,2,4,31
GG Jackson II,https://www.basketball-reference.com/players/j/jacksgg01.html,2024,2024-04-14,MEM,DEN,,"L, 111-126",,44:07,17,36,4,13,6,7,6,6,12,1,2,1,3,1,44
Trey Jemison,https://www.basketball-reference.com/players/j/jemistr01.html,2024,2024-01-20,WAS,SAS,,"L, 127-131",,,,,,,,,,,,,,,,,
Trey Jemison,https://www.basketball-reference.com/players/j/jemistr01.html,2024,2024-01-21,WAS,DEN,,"L, 104-113",,,,,,,,,,,,,,,,,
Trey Jemison,https://www.basketball-reference.com/players/j/jemistr01.html,2024,2024-01-24,WAS,MIN,,"L, 107-118",,00:39,0,0,0,0,0,0,0,0,0,0,0,0,1,0,0
Trey Jemison,https://www.basketball-reference.com/players/j/jemistr01.html,2024,2024-01-25,WAS,UTA,,"L, 108-123",,00:50,0,0,0,0,0,0,0,1,1,0,0,0,0,0,0
Trey Jemison,https://www.basketball-reference.com/players/j/jemistr01.html,2024,2024-01-27,WAS,DET,@,"W, 118-104",,,,,,,,,,,,,,,,,
Trey Jemison,https://www.basketball-reference.com/players/j/jemistr01.html,2024,2024-01-29,WAS,SAS,@,"W, 118-113",,,,,,,,,,,,,,,,,
Trey Jemison,https://www.basketball-reference.com/players/j/jemistr01.html,2024,,,,,,,,,,,,,,,,,,,,,,
Trey Jemison,https://www.basketball-reference.com/players/j/jemistr01.html,2024,2024-02-01,MEM,CLE,,"L, 101-108",,13:34,2,2,0,0,1,1,1,2,3,0,1,1,0,2,5
Trey Jemison,https://www.basketball-reference.com/players/j/jemistr01.html,2024,2024-02-02,MEM,GSW,,"L, 101-121",,,,,,,,,,,,,,,,,
Trey Jemison,https://www.basketball-reference.com/players/j/jemistr01.html,2024,2024-02-04,MEM,BOS,@,"L, 91-131",,23:21,2,5,0,0,2,2,2,3,5,0,0,2,3,3,6
Trey Jemison,https://www.basketball-reference.com/players/j/jemistr01.html,2024,2024-02-06,MEM,NYK,@,"L, 113-123",,32:09,6,10,0,0,0,0,5,1,6,2,0,2,1,5,12
Trey Jemison,https://www.basketball-reference.com/players/j/jemistr01.html,2024,2024-02-08,MEM,CHI,,"L, 110-118",,15:24,0,4,0,0,0,0,1,1,2,0,2,0,0,4,0
Trey Jemison,https://www.basketball-reference.com/players/j/jemistr01.html,2024,2024-02-10,MEM,CHO,@,"L, 106-115",,14:24,0,0,0,0,1,2,2,1,3,2,0,1,0,1,1
Trey Jemison,https://www.basketball-reference.com/players/j/jemistr01.html,2024,2024-02-12,MEM,NOP,,"L, 87-96",,17:44,3,4,0,0,0,0,0,5,5,1,1,3,2,4,6
Trey Jemison,https://www.basketball-reference.com/players/j/jemistr01.html,2024,2024-02-14,MEM,HOU,,"W, 121-113",,,,,,,,,,,,,,,,,
Trey Jemison,https://www.basketball-reference.com/players/j/jemistr01.html,2024,2024-02-15,MEM,MIL,,"W, 113-110",,23:18,4,11,0,0,2,2,4,2,6,2,0,1,2,4,10
Trey Jemison,https://www.basketball-reference.com/players/j/jemistr01.html,2024,2024-02-23,MEM,LAC,,"L, 95-101",,,,,,,,,,,,,,,,,
Trey Jemison,https://www.basketball-reference.com/players/j/jemistr01.html,2024,2024-02-26,MEM,BRK,,"L, 86-111",,,,,,,,,,,,,,,,,
Trey Jemison,https://www.basketball-reference.com/players/j/jemistr01.html,2024,2024-02-28,MEM,MIN,@,"L, 101-110",,,,,,,,,,,,,,,,,
Trey Jemison,https://www.basketball-reference.com/players/j/jemistr01.html,2024,2024-03-01,MEM,POR,,"L, 92-122",,30:06,2,3,0,0,1,2,2,4,6,1,0,0,1,5,5
Trey Jemison,https://www.basketball-reference.com/players/j/jemistr01.html,2024,2024-03-02,MEM,POR,,"L, 100-107 (OT)",,,,,,,,,,,,,,,,,
Trey Jemison,https://www.basketball-reference.com/players/j/jemistr01.html,2024,2024-03-04,MEM,BRK,@,"W, 106-102",,18:49,5,6,0,0,0,0,1,6,7,0,0,1,1,6,10
Trey Jemison,https://www.basketball-reference.com/players/j/jemistr01.html,2024,2024-03-06,MEM,PHI,@,"W, 115-109",,,,,,,,,,,,,,,,,
Trey Jemison,https://www.basketball-reference.com/players/j/jemistr01.html,2024,2024-03-08,MEM,ATL,,"L, 92-99",,16:29,2,3,0,0,1,2,0,2,2,0,1,0,1,2,5
Trey Jemison,https://www.basketball-reference.com/players/j/jemistr01.html,2024,2024-03-10,MEM,OKC,@,"L, 93-124",,20:53,1,3,0,0,0,0,2,2,4,2,0,0,1,0,2
Trey Jemison,https://www.basketball-reference.com/players/j/jemistr01.html,2024,2024-03-12,MEM,WAS,,"W, 109-97",,31:08,11,13,0,0,2,2,5,1,6,0,0,2,3,4,24
Trey Jemison,https://www.basketball-reference.com/players/j/jemistr01.html,2024,2024-03-13,MEM,CHO,,"L, 98-110",,31:55,6,8,0,0,2,2,5,1,6,1,1,2,3,3,14
Trey Jemison,https://www.basketball-reference.com/players/j/jemistr01.html,2024,2024-03-16,MEM,OKC,,"L, 112-118",,,,,,,,,,,,,,,,,
Trey Jemison,https://www.basketball-reference.com/players/j/jemistr01.html,2024,2024-03-18,MEM,SAC,@,"L, 111-121 (OT)",,13:10,0,1,0,0,0,0,4,1,5,2,0,0,0,2,0
Trey Jemison,https://www.basketball-reference.com/players/j/jemistr01.html,2024,2024-03-20,MEM,GSW,@,"L, 116-137",,25:00,2,5,0,0,0,0,1,3,4,2,0,0,1,2,4
Trey Jemison,https://www.basketball-reference.com/players/j/jemistr01.html,2024,2024-03-22,MEM,SAS,@,"W, 99-97",,,,,,,,,,,,,,,,,
Trey Jemison,https://www.basketball-reference.com/players/j/jemistr01.html,2024,2024-03-25,MEM,DEN,@,"L, 103-128",,21:40,3,5,0,0,2,2,3,2,5,1,1,1,2,1,8
Trey Jemison,https://www.basketball-reference.com/players/j/jemistr01.html,2024,2024-03-27,MEM,LAL,,"L, 124-136",,,,,,,,,,,,,,,,,
Trey Jemison,https://www.basketball-reference.com/players/j/jemistr01.html,2024,2024-03-30,MEM,ORL,@,"L, 88-118",,,,,,,,,,,,,,,,,
Trey Jemison,https://www.basketball-reference.com/players/j/jemistr01.html,2024,2024-04-01,MEM,DET,@,"W, 110-108",,,,,,,,,,,,,,,,,
Trey Jemison,https://www.basketball-reference.com/players/j/jemistr01.html,2024,2024-04-03,MEM,MIL,@,"W, 111-101",,18:58,3,7,0,0,1,2,2,2,4,0,0,2,0,0,7
Trey Jemison,https://www.basketball-reference.com/players/j/jemistr01.html,2024,2024-04-05,MEM,DET,,"W, 108-90",,31:18,7,9,0,0,3,3,8,5,13,1,1,3,4,4,17
Trey Jemison,https://www.basketball-reference.com/players/j/jemistr01.html,2024,2024-04-06,MEM,PHI,,"L, 96-116",,33:28,2,6,0,0,1,1,4,3,7,2,0,0,3,2,5
Trey Jemison,https://www.basketball-reference.com/players/j/jemistr01.html,2024,2024-04-09,MEM,SAS,,"L, 87-102",,30:10,6,14,0,0,2,2,5,4,9,2,1,1,1,3,14
Trey Jemison,https://www.basketball-reference.com/players/j/jemistr01.html,2024,2024-04-10,MEM,CLE,@,"L, 98-110",,35:56,2,7,0,0,0,0,2,7,9,3,1,4,1,2,4
Trey Jemison,https://www.basketball-reference.com/players/j/jemistr01.html,2024,2024-04-12,MEM,LAL,,"L, 120-123",,35:25,3,4,0,0,0,0,2,3,5,0,0,1,1,6,6
Trey Jemison,https://www.basketball-reference.com/players/j/jemistr01.html,2024,2024-04-14,MEM,DEN,,"L, 111-126",,38:09,3,6,0,0,0,0,3,8,11,3,2,1,2,4,6
Mãozinha Pereira,https://www.basketball-reference.com/players/p/pereima01.html,2024,2024-03-20,MEM,GSW,@,"L, 116-137",,05:43,1,2,0,1,0,0,0,0,0,0,0,0,0,1,2
Mãozinha Pereira,https://www.basketball-reference.com/players/p/pereima01.html,2024,2024-03-22,MEM,SAS,@,"W, 99-97",,13:21,0,3,0,1,0,0,0,3,3,0,1,0,1,1,0
Mãozinha Pereira,https://www.basketball-reference.com/players/p/pereima01.html,2024,2024-03-25,MEM,DEN,@,"L, 103-128",,05:55,2,4,1,2,0,1,3,2,5,0,1,0,0,0,5
Mãozinha Pereira,https://www.basketball-reference.com/players/p/pereima01.html,2024,2024-03-27,MEM,LAL,,"L, 124-136",,01:19,2,2,0,0,0,0,1,0,1,0,0,0,0,0,4
Mãozinha Pereira,https://www.basketball-reference.com/players/p/pereima01.html,2024,2024-03-30,MEM,ORL,@,"L, 88-118",,28:37,2,5,0,1,3,4,4,4,8,1,2,3,1,4,7
Mãozinha Pereira,https://www.basketball-reference.com/players/p/pereima01.html,2024,,,,,,,,,,,,,,,,,,,,,,
Mãozinha Pereira,https://www.basketball-reference.com/players/p/pereima01.html,2024,2024-04-01,MEM,DET,@,"W, 110-108",,,,,,,,,,,,,,,,,
Mãozinha Pereira,https://www.basketball-reference.com/players/p/pereima01.html,2024,2024-04-03,MEM,MIL,@,"W, 111-101",,,,,,,,,,,,,,,,,
Mãozinha Pereira,https://www.basketball-reference.com/players/p/pereima01.html,2024,2024-04-05,MEM,DET,,"W, 108-90",,30:27,6,10,2,4,3,3,3,6,9,0,1,1,0,1,17
Mãozinha Pereira,https://www.basketball-reference.com/players/p/pereima01.html,2024,2024-04-06,MEM,PHI,,"L, 96-116",,36:16,5,9,2,4,1,2,0,11,11,1,1,0,3,3,13
Jaime Jaquez Jr.,https://www.basketball-reference.com/players/j/jaqueja01.html,2024,2023-10-25,MIA,DET,,"W, 103-102",,13:11,3,3,0,0,0,0,0,2,2,2,2,0,1,2,6
Jaime Jaquez Jr.,https://www.basketball-reference.com/players/j/jaqueja01.html,2024,2023-10-27,MIA,BOS,@,"L, 111-119",,14:19,0,2,0,1,0,0,0,2,2,2,0,0,1,2,0
Jaime Jaquez Jr.,https://www.basketball-reference.com/players/j/jaqueja01.html,2024,2023-10-28,MIA,MIN,@,"L, 90-106",,18:14,3,4,1,2,0,0,0,3,3,1,0,0,3,0,7
Jaime Jaquez Jr.,https://www.basketball-reference.com/players/j/jaqueja01.html,2024,2023-10-30,MIA,MIL,@,"L, 114-122",,22:42,3,9,2,5,0,0,1,1,2,3,1,1,0,2,8
Jaime Jaquez Jr.,https://www.basketball-reference.com/players/j/jaqueja01.html,2024,,,,,,,,,,,,,,,,,,,,,,
Jaime Jaquez Jr.,https://www.basketball-reference.com/players/j/jaqueja01.html,2024,2023-11-01,MIA,BRK,,"L, 105-109",,19:08,1,9,0,6,0,0,2,2,4,1,2,1,2,4,2
Jaime Jaquez Jr.,https://www.basketball-reference.com/players/j/jaqueja01.html,2024,2023-11-03,MIA,WAS,,"W, 121-114",,21:36,4,5,0,1,1,1,3,2,5,3,1,0,0,1,9
Jaime Jaquez Jr.,https://www.basketball-reference.com/players/j/jaqueja01.html,2024,2023-11-06,MIA,LAL,,"W, 108-107",,18:18,4,7,1,4,0,0,1,1,2,1,1,0,1,1,9
Jaime Jaquez Jr.,https://www.basketball-reference.com/players/j/jaqueja01.html,2024,2023-11-08,MIA,MEM,@,"W, 108-102",,21:08,4,5,1,1,2,3,0,3,3,2,2,0,0,5,11
Jaime Jaquez Jr.,https://www.basketball-reference.com/players/j/jaqueja01.html,2024,2023-11-11,MIA,ATL,@,"W, 117-109",,38:28,8,17,2,7,2,2,1,2,3,4,1,0,3,3,20
Jaime Jaquez Jr.,https://www.basketball-reference.com/players/j/jaqueja01.html,2024,2023-11-12,MIA,SAS,@,"W, 118-113",,32:16,4,10,1,2,2,2,1,5,6,3,3,1,1,1,11
Jaime Jaquez Jr.,https://www.basketball-reference.com/players/j/jaqueja01.html,2024,2023-11-14,MIA,CHO,@,"W, 111-105",,32:54,8,13,1,3,0,0,4,1,5,1,0,0,1,3,17
Jaime Jaquez Jr.,https://www.basketball-reference.com/players/j/jaqueja01.html,2024,2023-11-16,MIA,BRK,,"W, 122-115",,33:19,4,9,2,5,0,0,0,4,4,5,0,0,1,3,10
Jaime Jaquez Jr.,https://www.basketball-reference.com/players/j/jaqueja01.html,2024,2023-11-18,MIA,CHI,@,"L, 97-102",,27:01,2,4,1,1,1,2,1,2,3,0,0,0,3,4,6
Jaime Jaquez Jr.,https://www.basketball-reference.com/players/j/jaqueja01.html,2024,2023-11-20,MIA,CHI,@,"W, 118-100",,32:42,8,13,3,4,0,0,2,1,3,4,2,0,0,1,19
Jaime Jaquez Jr.,https://www.basketball-reference.com/players/j/jaqueja01.html,2024,2023-11-22,MIA,CLE,@,"W, 129-96",,28:02,7,10,4,4,4,5,2,6,8,1,1,0,6,1,22
Jaime Jaquez Jr.,https://www.basketball-reference.com/players/j/jaqueja01.html,2024,2023-11-24,MIA,NYK,@,"L, 98-100",,34:52,6,17,1,6,2,2,3,2,5,4,1,0,0,3,15
Jaime Jaquez Jr.,https://www.basketball-reference.com/players/j/jaqueja01.html,2024,2023-11-25,MIA,BRK,@,"L, 97-112",,31:14,8,15,2,3,0,0,1,4,5,4,1,0,2,1,18
Jaime Jaquez Jr.,https://www.basketball-reference.com/players/j/jaqueja01.html,2024,2023-11-28,MIA,MIL,,"L, 124-131",,32:50,7,9,0,1,0,0,1,3,4,6,1,1,1,5,14
Jaime Jaquez Jr.,https://www.basketball-reference.com/players/j/jaqueja01.html,2024,2023-11-30,MIA,IND,,"W, 142-132",,33:04,8,13,1,3,7,7,0,5,5,1,1,0,3,3,24
Jaime Jaquez Jr.,https://www.basketball-reference.com/players/j/jaqueja01.html,2024,2023-12-02,MIA,IND,,"L, 129-144",,28:40,4,9,1,2,2,5,0,3,3,3,2,0,0,1,11
Jaime Jaquez Jr.,https://www.basketball-reference.com/players/j/jaqueja01.html,2024,2023-12-06,MIA,TOR,@,"W, 112-103",,32:07,6,13,1,4,2,2,0,0,0,2,0,0,2,2,15
Jaime Jaquez Jr.,https://www.basketball-reference.com/players/j/jaqueja01.html,2024,2023-12-08,MIA,CLE,,"L, 99-111",,34:52,7,13,0,2,0,0,1,2,3,3,0,1,3,3,14
Jaime Jaquez Jr.,https://www.basketball-reference.com/players/j/jaqueja01.html,2024,2023-12-11,MIA,CHO,@,"W, 116-114",,24:13,5,8,2,3,6,6,0,0,0,1,0,0,2,6,18
Jaime Jaquez Jr.,https://www.basketball-reference.com/players/j/jaqueja01.html,2024,2023-12-13,MIA,CHO,,"W, 115-104",,33:10,7,16,2,2,1,1,2,4,6,8,1,0,2,0,17
Jaime Jaquez Jr.,https://www.basketball-reference.com/players/j/jaqueja01.html,2024,2023-12-14,MIA,CHI,,"L, 116-124",,34:19,6,14,1,4,9,10,0,4,4,4,0,0,2,4,22
Jaime Jaquez Jr.,https://www.basketball-reference.com/players/j/jaqueja01.html,2024,2023-12-16,MIA,CHI,,"W, 118-116",,34:34,8,14,1,3,1,1,1,4,5,4,2,0,2,1,18
Jaime Jaquez Jr.,https://www.basketball-reference.com/players/j/jaqueja01.html,2024,2023-12-18,MIA,MIN,,"L, 108-112",,30:08,3,8,0,1,2,2,1,2,3,0,2,2,3,4,8
Jaime Jaquez Jr.,https://www.basketball-reference.com/players/j/jaqueja01.html,2024,2023-12-20,MIA,ORL,@,"W, 115-106",,33:52,3,10,0,3,4,6,2,1,3,1,1,1,1,1,10
Jaime Jaquez Jr.,https://www.basketball-reference.com/players/j/jaqueja01.html,2024,2023-12-22,MIA,ATL,,"W, 122-113",,37:16,7,14,1,1,4,5,4,3,7,1,1,1,2,4,19
Jaime Jaquez Jr.,https://www.basketball-reference.com/players/j/jaqueja01.html,2024,2023-12-25,MIA,PHI,,"W, 119-113",,39:29,11,15,1,3,8,8,5,5,10,1,2,0,0,3,31
Jaime Jaquez Jr.,https://www.basketball-reference.com/players/j/jaqueja01.html,2024,2023-12-28,MIA,GSW,@,"W, 114-102",,38:41,7,15,2,5,1,2,1,4,5,6,1,0,2,2,17
Jaime Jaquez Jr.,https://www.basketball-reference.com/players/j/jaqueja01.html,2024,2023-12-30,MIA,UTA,@,"L, 109-117",,35:08,2,9,0,4,5,5,0,1,1,1,0,0,2,4,9
Jaime Jaquez Jr.,https://www.basketball-reference.com/players/j/jaqueja01.html,2024,2024-01-01,MIA,LAC,@,"L, 104-121",,38:29,6,13,0,3,3,4,3,1,4,2,4,0,2,2,15
Jaime Jaquez Jr.,https://www.basketball-reference.com/players/j/jaqueja01.html,2024,2024-01-03,MIA,LAL,@,"W, 110-96",,39:03,7,14,2,6,0,0,0,0,0,8,1,1,2,1,16
Jaime Jaquez Jr.,https://www.basketball-reference.com/players/j/jaqueja01.html,2024,2024-01-05,MIA,PHO,@,"L, 97-113",,35:28,5,7,0,2,0,0,1,2,3,1,2,0,3,4,10
Jaime Jaquez Jr.,https://www.basketball-reference.com/players/j/jaqueja01.html,2024,2024-01-08,MIA,HOU,,"W, 120-113",,38:37,5,11,1,2,3,4,0,4,4,4,1,0,2,1,14
Jaime Jaquez Jr.,https://www.basketball-reference.com/players/j/jaqueja01.html,2024,2024-01-10,MIA,OKC,,"L, 120-128",,33:56,6,9,3,5,6,9,0,5,5,2,0,0,3,4,21
Jaime Jaquez Jr.,https://www.basketball-reference.com/players/j/jaqueja01.html,2024,2024-01-12,MIA,ORL,,"W, 99-96",,36:58,8,16,0,2,3,3,4,3,7,3,1,0,3,3,19
Jaime Jaquez Jr.,https://www.basketball-reference.com/players/j/jaqueja01.html,2024,2024-01-14,MIA,CHO,,"W, 104-87",,14:37,7,11,0,0,1,1,1,4,5,2,1,0,0,1,15
Jaime Jaquez Jr.,https://www.basketball-reference.com/players/j/jaqueja01.html,2024,2024-01-15,MIA,BRK,@,"W, 96-95 (OT)",,,,,,,,,,,,,,,,,
Jaime Jaquez Jr.,https://www.basketball-reference.com/players/j/jaqueja01.html,2024,2024-01-17,MIA,TOR,@,"L, 97-121",,,,,,,,,,,,,,,,,
Jaime Jaquez Jr.,https://www.basketball-reference.com/players/j/jaqueja01.html,2024,2024-01-19,MIA,ATL,,"L, 108-109",,,,,,,,,,,,,,,,,
Jaime Jaquez Jr.,https://www.basketball-reference.com/players/j/jaqueja01.html,2024,2024-01-21,MIA,ORL,@,"L, 87-105",,,,,,,,,,,,,,,,,
Jaime Jaquez Jr.,https://www.basketball-reference.com/players/j/jaqueja01.html,2024,2024-01-24,MIA,MEM,,"L, 96-105",,,,,,,,,,,,,,,,,
Jaime Jaquez Jr.,https://www.basketball-reference.com/players/j/jaqueja01.html,2024,2024-01-25,MIA,BOS,,"L, 110-143",,,,,,,,,,,,,,,,,
Jaime Jaquez Jr.,https://www.basketball-reference.com/players/j/jaqueja01.html,2024,2024-01-27,MIA,NYK,@,"L, 109-125",,23:41,1,3,1,2,3,4,0,1,1,4,2,1,0,4,6
Jaime Jaquez Jr.,https://www.basketball-reference.com/players/j/jaqueja01.html,2024,2024-01-29,MIA,PHO,,"L, 105-118",,25:15,0,6,0,4,2,2,0,3,3,1,1,0,2,1,2
Jaime Jaquez Jr.,https://www.basketball-reference.com/players/j/jaqueja01.html,2024,2024-01-31,MIA,SAC,,"W, 115-106",,24:56,3,9,0,1,2,2,0,4,4,1,0,0,2,2,8
Jaime Jaquez Jr.,https://www.basketball-reference.com/players/j/jaqueja01.html,2024,2024-02-02,MIA,WAS,@,"W, 110-102",,25:48,4,7,0,1,0,0,2,2,4,2,2,0,0,2,8
Jaime Jaquez Jr.,https://www.basketball-reference.com/players/j/jaqueja01.html,2024,2024-02-04,MIA,LAC,,"L, 95-103",,25:38,3,11,1,3,0,0,3,1,4,4,0,0,3,2,7
Jaime Jaquez Jr.,https://www.basketball-reference.com/players/j/jaqueja01.html,2024,2024-02-06,MIA,ORL,,"W, 121-95",,23:24,4,11,1,5,3,3,2,4,6,2,3,0,2,3,12
Jaime Jaquez Jr.,https://www.basketball-reference.com/players/j/jaqueja01.html,2024,2024-02-07,MIA,SAS,,"W, 116-104",,27:57,4,6,0,2,2,5,0,3,3,0,0,0,2,1,10
Jaime Jaquez Jr.,https://www.basketball-reference.com/players/j/jaqueja01.html,2024,2024-02-11,MIA,BOS,,"L, 106-110",,28:36,2,6,1,2,1,2,1,2,3,1,0,0,1,1,6
Jaime Jaquez Jr.,https://www.basketball-reference.com/players/j/jaqueja01.html,2024,2024-02-13,MIA,MIL,@,"W, 123-97",,27:52,5,12,0,2,2,3,1,2,3,4,0,0,3,3,12
Jaime Jaquez Jr.,https://www.basketball-reference.com/players/j/jaqueja01.html,2024,2024-02-14,MIA,PHI,@,"W, 109-104",,32:02,6,12,0,2,0,0,3,6,9,3,2,0,1,2,12
Jaime Jaquez Jr.,https://www.basketball-reference.com/players/j/jaqueja01.html,2024,2024-02-23,MIA,NOP,@,"W, 106-95",,26:52,2,8,0,3,4,4,2,2,4,1,1,0,0,0,8
Jaime Jaquez Jr.,https://www.basketball-reference.com/players/j/jaqueja01.html,2024,2024-02-26,MIA,SAC,@,"W, 121-110",,37:41,12,17,1,2,1,2,1,4,5,2,4,0,2,2,26
Jaime Jaquez Jr.,https://www.basketball-reference.com/players/j/jaqueja01.html,2024,2024-02-27,MIA,POR,@,"W, 106-96",,29:21,2,5,1,2,2,2,2,1,3,4,0,0,1,3,7
Jaime Jaquez Jr.,https://www.basketball-reference.com/players/j/jaqueja01.html,2024,2024-02-29,MIA,DEN,@,"L, 97-103",,26:46,1,5,0,1,1,2,1,3,4,5,2,0,3,1,3
Jaime Jaquez Jr.,https://www.basketball-reference.com/players/j/jaqueja01.html,2024,2024-03-02,MIA,UTA,,"W, 126-120",,29:02,5,10,1,3,1,2,2,2,4,1,1,0,1,3,12
Jaime Jaquez Jr.,https://www.basketball-reference.com/players/j/jaqueja01.html,2024,2024-03-05,MIA,DET,,"W, 118-110",,26:37,4,7,1,2,2,2,1,5,6,2,0,0,0,1,11
Jaime Jaquez Jr.,https://www.basketball-reference.com/players/j/jaqueja01.html,2024,2024-03-07,MIA,DAL,@,"L, 108-114",,27:48,4,7,3,4,2,2,0,6,6,2,1,0,0,2,13
Jaime Jaquez Jr.,https://www.basketball-reference.com/players/j/jaqueja01.html,2024,2024-03-08,MIA,OKC,@,"L, 100-107",,31:17,10,13,1,3,4,6,0,3,3,3,3,0,0,2,25
Jaime Jaquez Jr.,https://www.basketball-reference.com/players/j/jaqueja01.html,2024,2024-03-10,MIA,WAS,,"L, 108-110",,24:51,3,6,0,1,0,1,2,5,7,2,2,2,2,2,6
Jaime Jaquez Jr.,https://www.basketball-reference.com/players/j/jaqueja01.html,2024,2024-03-13,MIA,DEN,,"L, 88-100",,28:10,2,6,0,1,4,4,0,2,2,0,0,0,1,2,8
Jaime Jaquez Jr.,https://www.basketball-reference.com/players/j/jaqueja01.html,2024,2024-03-15,MIA,DET,@,"W, 108-95",,25:54,1,5,0,2,0,0,0,5,5,4,1,0,0,5,2
Jaime Jaquez Jr.,https://www.basketball-reference.com/players/j/jaqueja01.html,2024,2024-03-17,MIA,DET,@,"W, 104-101",,34:39,6,14,1,3,2,4,3,0,3,4,1,1,1,1,15
Jaime Jaquez Jr.,https://www.basketball-reference.com/players/j/jaqueja01.html,2024,2024-03-18,MIA,PHI,@,"L, 91-98",,34:45,3,13,1,5,2,2,0,9,9,4,1,0,1,1,9
Jaime Jaquez Jr.,https://www.basketball-reference.com/players/j/jaqueja01.html,2024,2024-03-20,MIA,CLE,@,"W, 107-104",,31:13,3,5,0,1,1,1,0,1,1,2,0,0,1,4,7
Jaime Jaquez Jr.,https://www.basketball-reference.com/players/j/jaqueja01.html,2024,2024-03-22,MIA,NOP,,"L, 88-111",,13:58,1,7,1,5,0,0,0,0,0,3,0,0,0,1,3
Jaime Jaquez Jr.,https://www.basketball-reference.com/players/j/jaqueja01.html,2024,2024-03-24,MIA,CLE,,"W, 121-84",,,,,,,,,,,,,,,,,
Jaime Jaquez Jr.,https://www.basketball-reference.com/players/j/jaqueja01.html,2024,2024-03-26,MIA,GSW,,"L, 92-113",,25:56,4,10,1,4,3,4,1,1,2,1,0,0,2,2,12
Jaime Jaquez Jr.,https://www.basketball-reference.com/players/j/jaqueja01.html,2024,2024-03-29,MIA,POR,,"W, 142-82",,25:26,6,9,0,1,0,0,0,3,3,5,1,0,0,3,12
Jaime Jaquez Jr.,https://www.basketball-reference.com/players/j/jaqueja01.html,2024,2024-03-31,MIA,WAS,@,"W, 119-107",,19:18,3,5,1,2,2,2,0,1,1,2,0,1,4,0,9
Jaime Jaquez Jr.,https://www.basketball-reference.com/players/j/jaqueja01.html,2024,2024-04-02,MIA,NYK,,"W, 109-99",,12:25,1,2,0,1,1,1,0,2,2,0,1,0,2,2,3
Jaime Jaquez Jr.,https://www.basketball-reference.com/players/j/jaqueja01.html,2024,2024-04-04,MIA,PHI,,"L, 105-109",,20:23,2,5,0,2,2,3,2,2,4,3,1,2,1,1,6
Jaime Jaquez Jr.,https://www.basketball-reference.com/players/j/jaqueja01.html,2024,2024-04-05,MIA,HOU,@,"W, 119-104",,19:10,5,7,2,3,0,0,1,1,2,1,2,0,1,1,12
Jaime Jaquez Jr.,https://www.basketball-reference.com/players/j/jaqueja01.html,2024,2024-04-07,MIA,IND,@,"L, 115-117",,12:38,1,2,0,0,1,1,1,2,3,1,0,0,0,2,3
Jaime Jaquez Jr.,https://www.basketball-reference.com/players/j/jaqueja01.html,2024,2024-04-09,MIA,ATL,@,"W, 117-111 (2OT)",,21:53,1,2,1,1,0,0,2,2,4,1,0,0,2,2,3
Jaime Jaquez Jr.,https://www.basketball-reference.com/players/j/jaqueja01.html,2024,2024-04-10,MIA,DAL,,"L, 92-111",,18:22,2,4,2,2,0,0,0,2,2,1,0,0,1,1,6
Jaime Jaquez Jr.,https://www.basketball-reference.com/players/j/jaqueja01.html,2024,2024-04-12,MIA,TOR,,"W, 125-103",,32:17,7,15,2,4,4,4,0,4,4,9,2,1,0,5,20
Jaime Jaquez Jr.,https://www.basketball-reference.com/players/j/jaqueja01.html,2024,2024-04-14,MIA,TOR,,"W, 118-103",,32:19,6,12,0,4,6,7,0,4,4,5,1,2,1,1,18
Alondes Williams,https://www.basketball-reference.com/players/w/willial06.html,2024,2024-02-11,MIA,BOS,,"L, 106-110",,,,,,,,,,,,,,,,,
Alondes Williams,https://www.basketball-reference.com/players/w/willial06.html,2024,2024-02-13,MIA,MIL,@,"W, 123-97",,06:18,0,1,0,1,0,0,0,1,1,0,0,0,1,0,0
Alondes Williams,https://www.basketball-reference.com/players/w/willial06.html,2024,2024-02-14,MIA,PHI,@,"W, 109-104",,,,,,,,,,,,,,,,,
Alondes Williams,https://www.basketball-reference.com/players/w/willial06.html,2024,2024-02-23,MIA,NOP,@,"W, 106-95",,,,,,,,,,,,,,,,,
Alondes Williams,https://www.basketball-reference.com/players/w/willial06.html,2024,2024-02-26,MIA,SAC,@,"W, 121-110",,03:05,0,2,0,1,0,0,0,0,0,0,0,0,0,0,0
Alondes Williams,https://www.basketball-reference.com/players/w/willial06.html,2024,2024-02-27,MIA,POR,@,"W, 106-96",,,,,,,,,,,,,,,,,
Alondes Williams,https://www.basketball-reference.com/players/w/willial06.html,2024,2024-02-29,MIA,DEN,@,"L, 97-103",,,,,,,,,,,,,,,,,
Alondes Williams,https://www.basketball-reference.com/players/w/willial06.html,2024,,,,,,,,,,,,,,,,,,,,,,
Alondes Williams,https://www.basketball-reference.com/players/w/willial06.html,2024,2024-03-02,MIA,UTA,,"W, 126-120",,,,,,,,,,,,,,,,,
Alondes Williams,https://www.basketball-reference.com/players/w/willial06.html,2024,2024-03-05,MIA,DET,,"W, 118-110",,,,,,,,,,,,,,,,,
Alondes Williams,https://www.basketball-reference.com/players/w/willial06.html,2024,2024-03-07,MIA,DAL,@,"L, 108-114",,,,,,,,,,,,,,,,,
Alondes Williams,https://www.basketball-reference.com/players/w/willial06.html,2024,2024-03-08,MIA,OKC,@,"L, 100-107",,,,,,,,,,,,,,,,,
Alondes Williams,https://www.basketball-reference.com/players/w/willial06.html,2024,2024-03-10,MIA,WAS,,"L, 108-110",,,,,,,,,,,,,,,,,
Alondes Williams,https://www.basketball-reference.com/players/w/willial06.html,2024,2024-03-13,MIA,DEN,,"L, 88-100",,,,,,,,,,,,,,,,,
Alondes Williams,https://www.basketball-reference.com/players/w/willial06.html,2024,2024-03-15,MIA,DET,@,"W, 108-95",,,,,,,,,,,,,,,,,
Alondes Williams,https://www.basketball-reference.com/players/w/willial06.html,2024,2024-03-17,MIA,DET,@,"W, 104-101",,,,,,,,,,,,,,,,,
Alondes Williams,https://www.basketball-reference.com/players/w/willial06.html,2024,2024-03-18,MIA,PHI,@,"L, 91-98",,,,,,,,,,,,,,,,,
Alondes Williams,https://www.basketball-reference.com/players/w/willial06.html,2024,2024-03-20,MIA,CLE,@,"W, 107-104",,,,,,,,,,,,,,,,,
Alondes Williams,https://www.basketball-reference.com/players/w/willial06.html,2024,2024-03-22,MIA,NOP,,"L, 88-111",,,,,,,,,,,,,,,,,
Alondes Williams,https://www.basketball-reference.com/players/w/willial06.html,2024,2024-03-24,MIA,CLE,,"W, 121-84",,,,,,,,,,,,,,,,,
Alondes Williams,https://www.basketball-reference.com/players/w/willial06.html,2024,2024-03-26,MIA,GSW,,"L, 92-113",,01:34,1,1,0,0,1,1,0,0,0,0,0,0,0,0,3
Alondes Williams,https://www.basketball-reference.com/players/w/willial06.html,2024,2024-03-29,MIA,POR,,"W, 142-82",,,,,,,,,,,,,,,,,
Alondes Williams,https://www.basketball-reference.com/players/w/willial06.html,2024,2024-03-31,MIA,WAS,@,"W, 119-107",,00:32,0,0,0,0,0,0,0,0,0,0,0,0,0,0,0
Alondes Williams,https://www.basketball-reference.com/players/w/willial06.html,2024,2024-04-02,MIA,NYK,,"W, 109-99",,,,,,,,,,,,,,,,,
Alondes Williams,https://www.basketball-reference.com/players/w/willial06.html,2024,2024-04-04,MIA,PHI,,"L, 105-109",,,,,,,,,,,,,,,,,
Alondes Williams,https://www.basketball-reference.com/players/w/willial06.html,2024,2024-04-05,MIA,HOU,@,"W, 119-104",,,,,,,,,,,,,,,,,
Alondes Williams,https://www.basketball-reference.com/players/w/willial06.html,2024,2024-04-07,MIA,IND,@,"L, 115-117",,,,,,,,,,,,,,,,,
Alondes Williams,https://www.basketball-reference.com/players/w/willial06.html,2024,2024-04-09,MIA,ATL,@,"W, 117-111 (2OT)",,,,,,,,,,,,,,,,,
Alondes Williams,https://www.basketball-reference.com/players/w/willial06.html,2024,2024-04-10,MIA,DAL,,"L, 92-111",,01:08,0,1,0,0,0,0,0,0,0,0,0,0,0,0,0
Alondes Williams,https://www.basketball-reference.com/players/w/willial06.html,2024,2024-04-12,MIA,TOR,,"W, 125-103",,01:04,0,1,0,1,0,0,0,0,0,0,0,0,0,1,0
Alondes Williams,https://www.basketball-reference.com/players/w/willial06.html,2024,2024-04-14,MIA,TOR,,"W, 118-103",,01:53,1,2,0,1,0,0,0,0,0,0,0,1,1,1,2
Andre Jackson Jr.,https://www.basketball-reference.com/players/j/jacksan01.html,2024,2023-10-26,MIL,PHI,,"W, 118-117",,,,,,,,,,,,,,,,,
Andre Jackson Jr.,https://www.basketball-reference.com/players/j/jacksan01.html,2024,2023-10-29,MIL,ATL,,"L, 110-127",,06:37,0,1,0,1,0,0,1,3,4,1,1,0,1,2,0
Andre Jackson Jr.,https://www.basketball-reference.com/players/j/jacksan01.html,2024,2023-10-30,MIL,MIA,,"W, 122-114",,,,,,,,,,,,,,,,,
Andre Jackson Jr.,https://www.basketball-reference.com/players/j/jacksan01.html,2024,,,,,,,,,,,,,,,,,,,,,,
Andre Jackson Jr.,https://www.basketball-reference.com/players/j/jacksan01.html,2024,2023-11-01,MIL,TOR,@,"L, 111-130",,06:21,1,1,0,0,0,0,0,1,1,3,1,0,0,2,2
Andre Jackson Jr.,https://www.basketball-reference.com/players/j/jacksan01.html,2024,2023-11-03,MIL,NYK,,"W, 110-105",,,,,,,,,,,,,,,,,
Andre Jackson Jr.,https://www.basketball-reference.com/players/j/jacksan01.html,2024,2023-11-06,MIL,BRK,@,"W, 129-125",,,,,,,,,,,,,,,,,
Andre Jackson Jr.,https://www.basketball-reference.com/players/j/jacksan01.html,2024,2023-11-08,MIL,DET,,"W, 120-118",,03:38,0,0,0,0,0,0,0,0,0,0,1,0,0,3,0
Andre Jackson Jr.,https://www.basketball-reference.com/players/j/jacksan01.html,2024,2023-11-09,MIL,IND,@,"L, 124-126",,05:13,0,0,0,0,0,0,0,0,0,0,0,0,0,2,0
Andre Jackson Jr.,https://www.basketball-reference.com/players/j/jacksan01.html,2024,2023-11-11,MIL,ORL,@,"L, 97-112",,13:58,2,3,0,1,0,0,1,2,3,0,0,0,2,2,4
Andre Jackson Jr.,https://www.basketball-reference.com/players/j/jacksan01.html,2024,2023-11-13,MIL,CHI,,"W, 118-109",,12:41,2,4,1,3,0,0,2,1,3,0,0,0,0,1,5
Andre Jackson Jr.,https://www.basketball-reference.com/players/j/jacksan01.html,2024,2023-11-15,MIL,TOR,@,"W, 128-112",,16:30,0,1,0,0,0,0,2,0,2,1,0,0,2,2,0
Andre Jackson Jr.,https://www.basketball-reference.com/players/j/jacksan01.html,2024,2023-11-17,MIL,CHO,@,"W, 130-99",,07:33,2,2,2,2,0,0,0,1,1,2,0,0,1,1,6
Andre Jackson Jr.,https://www.basketball-reference.com/players/j/jacksan01.html,2024,2023-11-18,MIL,DAL,,"W, 132-125",,12:01,0,1,0,0,0,0,0,0,0,2,0,0,0,1,0
Andre Jackson Jr.,https://www.basketball-reference.com/players/j/jacksan01.html,2024,2023-11-20,MIL,WAS,@,"W, 142-129",,01:19,0,0,0,0,0,0,1,0,1,0,0,0,0,0,0
Andre Jackson Jr.,https://www.basketball-reference.com/players/j/jacksan01.html,2024,2023-11-22,MIL,BOS,@,"L, 116-119",,07:43,3,4,1,1,0,0,1,0,1,0,0,0,1,2,7
Andre Jackson Jr.,https://www.basketball-reference.com/players/j/jacksan01.html,2024,2023-11-24,MIL,WAS,,"W, 131-128",,08:49,0,0,0,0,0,0,0,1,1,1,0,0,0,4,0
Andre Jackson Jr.,https://www.basketball-reference.com/players/j/jacksan01.html,2024,2023-11-26,MIL,POR,,"W, 108-102",,11:32,0,0,0,0,0,0,0,1,1,0,0,0,0,0,0
Andre Jackson Jr.,https://www.basketball-reference.com/players/j/jacksan01.html,2024,2023-11-28,MIL,MIA,@,"W, 131-124",,03:19,2,2,2,2,0,0,1,0,1,0,0,0,0,0,6
Andre Jackson Jr.,https://www.basketball-reference.com/players/j/jacksan01.html,2024,2023-11-30,MIL,CHI,@,"L, 113-120 (OT)",,11:58,2,3,0,1,0,0,1,0,1,1,2,0,1,1,4
Andre Jackson Jr.,https://www.basketball-reference.com/players/j/jacksan01.html,2024,2023-12-02,MIL,ATL,,"W, 132-121",,,,,,,,,,,,,,,,,
Andre Jackson Jr.,https://www.basketball-reference.com/players/j/jacksan01.html,2024,2023-12-05,MIL,NYK,,"W, 146-122",,00:04,0,0,0,0,0,0,0,0,0,0,0,0,0,0,0
Andre Jackson Jr.,https://www.basketball-reference.com/players/j/jacksan01.html,2024,2023-12-07,MIL,IND,,"L, 119-128",,01:16,0,0,0,0,0,0,0,0,0,0,0,0,0,1,0
Andre Jackson Jr.,https://www.basketball-reference.com/players/j/jacksan01.html,2024,2023-12-11,MIL,CHI,,"W, 133-129 (OT)",,,,,,,,,,,,,,,,,
Andre Jackson Jr.,https://www.basketball-reference.com/players/j/jacksan01.html,2024,2023-12-13,MIL,IND,,"W, 140-126",,13:37,1,2,0,1,0,0,1,1,2,2,0,0,0,4,2
Andre Jackson Jr.,https://www.basketball-reference.com/players/j/jacksan01.html,2024,2023-12-16,MIL,DET,,"W, 146-114",,25:53,4,8,2,5,0,0,1,7,8,1,0,0,1,4,10
Andre Jackson Jr.,https://www.basketball-reference.com/players/j/jacksan01.html,2024,2023-12-17,MIL,HOU,,"W, 128-119",,36:21,4,6,1,3,0,0,4,2,6,4,0,0,1,6,9
Andre Jackson Jr.,https://www.basketball-reference.com/players/j/jacksan01.html,2024,2023-12-19,MIL,SAS,,"W, 132-119",,14:49,2,4,2,3,1,2,2,1,3,2,1,0,1,2,7
Andre Jackson Jr.,https://www.basketball-reference.com/players/j/jacksan01.html,2024,2023-12-21,MIL,ORL,,"W, 118-114",,06:38,0,1,0,1,0,0,0,0,0,0,0,0,0,0,0
Andre Jackson Jr.,https://www.basketball-reference.com/players/j/jacksan01.html,2024,2023-12-23,MIL,NYK,@,"W, 130-111",,10:48,0,0,0,0,0,0,2,0,2,2,0,0,1,1,0
Andre Jackson Jr.,https://www.basketball-reference.com/players/j/jacksan01.html,2024,2023-12-25,MIL,NYK,@,"L, 122-129",,14:10,0,2,0,1,2,2,1,1,2,1,1,0,0,2,2
Andre Jackson Jr.,https://www.basketball-reference.com/players/j/jacksan01.html,2024,2023-12-27,MIL,BRK,@,"W, 144-122",,01:53,0,2,0,1,0,0,0,0,0,0,0,0,0,2,0
Andre Jackson Jr.,https://www.basketball-reference.com/players/j/jacksan01.html,2024,2023-12-29,MIL,CLE,@,"W, 119-111",,02:30,0,0,0,0,0,0,0,0,0,0,0,0,1,0,0
Andre Jackson Jr.,https://www.basketball-reference.com/players/j/jacksan01.html,2024,2024-01-01,MIL,IND,,"L, 113-122",,04:51,0,0,0,0,0,0,0,1,1,0,0,0,0,1,0
Andre Jackson Jr.,https://www.basketball-reference.com/players/j/jacksan01.html,2024,2024-01-03,MIL,IND,@,"L, 130-142",,13:42,3,4,1,2,0,0,0,2,2,2,0,0,1,1,7
Andre Jackson Jr.,https://www.basketball-reference.com/players/j/jacksan01.html,2024,2024-01-04,MIL,SAS,@,"W, 125-121",,04:58,0,0,0,0,0,0,0,1,1,0,0,0,0,1,0
Andre Jackson Jr.,https://www.basketball-reference.com/players/j/jacksan01.html,2024,2024-01-06,MIL,HOU,@,"L, 108-112",,12:02,0,1,0,1,1,1,0,2,2,0,2,0,0,3,1
Andre Jackson Jr.,https://www.basketball-reference.com/players/j/jacksan01.html,2024,2024-01-08,MIL,UTA,,"L, 116-132",,26:24,2,6,1,2,2,2,2,3,5,3,0,2,1,2,7
Andre Jackson Jr.,https://www.basketball-reference.com/players/j/jacksan01.html,2024,2024-01-11,MIL,BOS,,"W, 135-102",,15:48,0,2,0,2,0,0,2,2,4,4,0,0,0,5,0
Andre Jackson Jr.,https://www.basketball-reference.com/players/j/jacksan01.html,2024,2024-01-13,MIL,GSW,,"W, 129-118",,27:33,5,8,0,0,0,0,6,4,10,2,0,1,1,1,10
Andre Jackson Jr.,https://www.basketball-reference.com/players/j/jacksan01.html,2024,2024-01-14,MIL,SAC,,"W, 143-142 (OT)",,10:00,0,0,0,0,0,0,0,0,0,1,0,0,2,5,0
Andre Jackson Jr.,https://www.basketball-reference.com/players/j/jacksan01.html,2024,2024-01-17,MIL,CLE,@,"L, 95-135",,23:18,3,4,0,1,0,0,2,6,8,0,0,0,1,2,6
Andre Jackson Jr.,https://www.basketball-reference.com/players/j/jacksan01.html,2024,2024-01-20,MIL,DET,@,"W, 141-135",,15:26,1,1,0,0,0,0,3,4,7,0,0,0,0,2,2
Andre Jackson Jr.,https://www.basketball-reference.com/players/j/jacksan01.html,2024,2024-01-22,MIL,DET,@,"W, 122-113",,19:46,3,4,0,1,2,2,0,1,1,0,1,1,0,5,8
Andre Jackson Jr.,https://www.basketball-reference.com/players/j/jacksan01.html,2024,2024-01-24,MIL,CLE,,"W, 126-116",,00:42,0,0,0,0,0,0,0,0,0,0,0,0,0,0,0
Andre Jackson Jr.,https://www.basketball-reference.com/players/j/jacksan01.html,2024,2024-01-26,MIL,CLE,,"L, 100-112",,,,,,,,,,,,,,,,,
Andre Jackson Jr.,https://www.basketball-reference.com/players/j/jacksan01.html,2024,2024-01-27,MIL,NOP,,"W, 141-117",,17:24,1,1,1,1,0,0,0,2,2,2,1,0,0,3,3
Andre Jackson Jr.,https://www.basketball-reference.com/players/j/jacksan01.html,2024,2024-01-29,MIL,DEN,@,"L, 107-113",,,,,,,,,,,,,,,,,
Andre Jackson Jr.,https://www.basketball-reference.com/players/j/jacksan01.html,2024,2024-01-31,MIL,POR,@,"L, 116-119",,,,,,,,,,,,,,,,,
Andre Jackson Jr.,https://www.basketball-reference.com/players/j/jacksan01.html,2024,2024-02-03,MIL,DAL,@,"W, 129-117",,,,,,,,,,,,,,,,,
Andre Jackson Jr.,https://www.basketball-reference.com/players/j/jacksan01.html,2024,2024-02-04,MIL,UTA,@,"L, 108-123",,00:37,0,0,0,0,0,2,0,0,0,0,0,0,0,1,0
Andre Jackson Jr.,https://www.basketball-reference.com/players/j/jacksan01.html,2024,2024-02-06,MIL,PHO,@,"L, 106-114",,,,,,,,,,,,,,,,,
Andre Jackson Jr.,https://www.basketball-reference.com/players/j/jacksan01.html,2024,2024-02-08,MIL,MIN,,"L, 105-129",,17:42,0,2,0,0,0,0,0,1,1,3,1,0,1,0,0
Andre Jackson Jr.,https://www.basketball-reference.com/players/j/jacksan01.html,2024,2024-02-09,MIL,CHO,,"W, 120-84",,13:12,1,3,0,2,0,0,0,2,2,0,1,0,1,2,2
Andre Jackson Jr.,https://www.basketball-reference.com/players/j/jacksan01.html,2024,2024-02-12,MIL,DEN,,"W, 112-95",,05:36,1,1,1,1,0,0,0,2,2,1,0,0,0,1,3
Andre Jackson Jr.,https://www.basketball-reference.com/players/j/jacksan01.html,2024,2024-02-13,MIL,MIA,,"L, 97-123",,07:40,0,1,0,1,0,0,0,1,1,2,0,0,0,0,0
Andre Jackson Jr.,https://www.basketball-reference.com/players/j/jacksan01.html,2024,2024-02-15,MIL,MEM,@,"L, 110-113",,02:59,0,1,0,0,0,0,0,0,0,0,0,0,0,2,0
Andre Jackson Jr.,https://www.basketball-reference.com/players/j/jacksan01.html,2024,2024-02-23,MIL,MIN,@,"W, 112-107",,,,,,,,,,,,,,,,,
Andre Jackson Jr.,https://www.basketball-reference.com/players/j/jacksan01.html,2024,2024-02-25,MIL,PHI,@,"W, 119-98",,01:11,1,1,0,0,0,0,0,1,1,0,1,0,0,0,2
Andre Jackson Jr.,https://www.basketball-reference.com/players/j/jacksan01.html,2024,2024-02-27,MIL,CHO,,"W, 123-85",,,,,,,,,,,,,,,,,
Andre Jackson Jr.,https://www.basketball-reference.com/players/j/jacksan01.html,2024,2024-02-29,MIL,CHO,@,"W, 111-99",,,,,,,,,,,,,,,,,
Andre Jackson Jr.,https://www.basketball-reference.com/players/j/jacksan01.html,2024,2024-03-01,MIL,CHI,@,"W, 113-97",,01:42,0,0,0,0,0,0,0,0,0,1,0,0,0,0,0
Andre Jackson Jr.,https://www.basketball-reference.com/players/j/jacksan01.html,2024,2024-03-04,MIL,LAC,,"W, 113-106",,,,,,,,,,,,,,,,,
Andre Jackson Jr.,https://www.basketball-reference.com/players/j/jacksan01.html,2024,2024-03-06,MIL,GSW,@,"L, 90-125",,04:15,0,1,0,0,0,0,0,1,1,0,0,0,1,0,0
Andre Jackson Jr.,https://www.basketball-reference.com/players/j/jacksan01.html,2024,2024-03-08,MIL,LAL,@,"L, 122-123",,,,,,,,,,,,,,,,,
Andre Jackson Jr.,https://www.basketball-reference.com/players/j/jacksan01.html,2024,2024-03-10,MIL,LAC,@,"W, 124-117",,,,,,,,,,,,,,,,,
Andre Jackson Jr.,https://www.basketball-reference.com/players/j/jacksan01.html,2024,2024-03-12,MIL,SAC,@,"L, 94-129",,06:38,1,1,0,0,0,0,3,1,4,2,0,0,1,0,2
Andre Jackson Jr.,https://www.basketball-reference.com/players/j/jacksan01.html,2024,2024-03-14,MIL,PHI,,"W, 114-105",,,,,,,,,,,,,,,,,
Andre Jackson Jr.,https://www.basketball-reference.com/players/j/jacksan01.html,2024,2024-03-17,MIL,PHO,,"W, 140-129",,,,,,,,,,,,,,,,,
Andre Jackson Jr.,https://www.basketball-reference.com/players/j/jacksan01.html,2024,2024-03-20,MIL,BOS,@,"L, 119-122",,,,,,,,,,,,,,,,,
Andre Jackson Jr.,https://www.basketball-reference.com/players/j/jacksan01.html,2024,2024-03-21,MIL,BRK,,"W, 115-108",,,,,,,,,,,,,,,,,
Andre Jackson Jr.,https://www.basketball-reference.com/players/j/jacksan01.html,2024,2024-03-24,MIL,OKC,,"W, 118-93",,03:39,0,0,0,0,0,0,2,1,3,2,0,0,1,1,0
Andre Jackson Jr.,https://www.basketball-reference.com/players/j/jacksan01.html,2024,2024-03-26,MIL,LAL,,"L, 124-128 (2OT)",,,,,,,,,,,,,,,,,
Andre Jackson Jr.,https://www.basketball-reference.com/players/j/jacksan01.html,2024,2024-03-28,MIL,NOP,@,"L, 100-107",,,,,,,,,,,,,,,,,
Andre Jackson Jr.,https://www.basketball-reference.com/players/j/jacksan01.html,2024,2024-03-30,MIL,ATL,@,"W, 122-113",,,,,,,,,,,,,,,,,
Andre Jackson Jr.,https://www.basketball-reference.com/players/j/jacksan01.html,2024,2024-04-02,MIL,WAS,@,"L, 113-117",,,,,,,,,,,,,,,,,
Andre Jackson Jr.,https://www.basketball-reference.com/players/j/jacksan01.html,2024,2024-04-03,MIL,MEM,,"L, 101-111",,07:25,0,3,0,0,0,0,1,1,2,0,0,1,0,1,0
Andre Jackson Jr.,https://www.basketball-reference.com/players/j/jacksan01.html,2024,2024-04-05,MIL,TOR,,"L, 111-117",,16:13,1,2,1,2,0,0,0,4,4,1,0,1,0,3,3
Andre Jackson Jr.,https://www.basketball-reference.com/players/j/jacksan01.html,2024,2024-04-07,MIL,NYK,,"L, 109-122",,04:12,0,1,0,1,0,0,0,0,0,0,0,0,0,1,0
Andre Jackson Jr.,https://www.basketball-reference.com/players/j/jacksan01.html,2024,2024-04-09,MIL,BOS,,"W, 104-91",,00:46,0,0,0,0,0,0,0,0,0,0,0,0,0,0,0
Andre Jackson Jr.,https://www.basketball-reference.com/players/j/jacksan01.html,2024,2024-04-10,MIL,ORL,,"W, 117-99",,10:19,2,3,1,2,0,0,1,2,3,0,1,0,0,2,5
Andre Jackson Jr.,https://www.basketball-reference.com/players/j/jacksan01.html,2024,2024-04-12,MIL,OKC,@,"L, 107-125",,11:55,0,2,0,1,0,0,0,2,2,0,0,0,3,2,0
Andre Jackson Jr.,https://www.basketball-reference.com/players/j/jacksan01.html,2024,2024-04-14,MIL,ORL,@,"L, 88-113",,07:09,0,0,0,0,0,0,0,1,1,1,1,0,1,0,0
Chris Livingston,https://www.basketball-reference.com/players/l/livinch01.html,2024,2023-10-26,MIL,PHI,,"W, 118-117",,,,,,,,,,,,,,,,,
Chris Livingston,https://www.basketball-reference.com/players/l/livinch01.html,2024,2023-10-29,MIL,ATL,,"L, 110-127",,,,,,,,,,,,,,,,,
Chris Livingston,https://www.basketball-reference.com/players/l/livinch01.html,2024,2023-10-30,MIL,MIA,,"W, 122-114",,,,,,,,,,,,,,,,,
Chris Livingston,https://www.basketball-reference.com/players/l/livinch01.html,2024,,,,,,,,,,,,,,,,,,,,,,
Chris Livingston,https://www.basketball-reference.com/players/l/livinch01.html,2024,2023-11-01,MIL,TOR,@,"L, 111-130",,05:31,2,2,1,1,0,0,0,0,0,1,0,0,0,0,5
Chris Livingston,https://www.basketball-reference.com/players/l/livinch01.html,2024,2023-11-03,MIL,NYK,,"W, 110-105",,,,,,,,,,,,,,,,,
Chris Livingston,https://www.basketball-reference.com/players/l/livinch01.html,2024,2023-11-06,MIL,BRK,@,"W, 129-125",,,,,,,,,,,,,,,,,
Chris Livingston,https://www.basketball-reference.com/players/l/livinch01.html,2024,2023-11-08,MIL,DET,,"W, 120-118",,,,,,,,,,,,,,,,,
Chris Livingston,https://www.basketball-reference.com/players/l/livinch01.html,2024,2023-11-09,MIL,IND,@,"L, 124-126",,,,,,,,,,,,,,,,,
Chris Livingston,https://www.basketball-reference.com/players/l/livinch01.html,2024,2023-11-11,MIL,ORL,@,"L, 97-112",,03:53,0,0,0,0,0,0,0,0,0,0,0,0,0,0,0
Chris Livingston,https://www.basketball-reference.com/players/l/livinch01.html,2024,2023-11-13,MIL,CHI,,"W, 118-109",,,,,,,,,,,,,,,,,
Chris Livingston,https://www.basketball-reference.com/players/l/livinch01.html,2024,2023-11-15,MIL,TOR,@,"W, 128-112",,,,,,,,,,,,,,,,,
Chris Livingston,https://www.basketball-reference.com/players/l/livinch01.html,2024,2023-11-17,MIL,CHO,@,"W, 130-99",,,,,,,,,,,,,,,,,
Chris Livingston,https://www.basketball-reference.com/players/l/livinch01.html,2024,2023-11-18,MIL,DAL,,"W, 132-125",,,,,,,,,,,,,,,,,
Chris Livingston,https://www.basketball-reference.com/players/l/livinch01.html,2024,2023-11-20,MIL,WAS,@,"W, 142-129",,,,,,,,,,,,,,,,,
Chris Livingston,https://www.basketball-reference.com/players/l/livinch01.html,2024,2023-11-22,MIL,BOS,@,"L, 116-119",,,,,,,,,,,,,,,,,
Chris Livingston,https://www.basketball-reference.com/players/l/livinch01.html,2024,2023-11-24,MIL,WAS,,"W, 131-128",,,,,,,,,,,,,,,,,
Chris Livingston,https://www.basketball-reference.com/players/l/livinch01.html,2024,2023-11-26,MIL,POR,,"W, 108-102",,,,,,,,,,,,,,,,,
Chris Livingston,https://www.basketball-reference.com/players/l/livinch01.html,2024,2023-11-28,MIL,MIA,@,"W, 131-124",,,,,,,,,,,,,,,,,
Chris Livingston,https://www.basketball-reference.com/players/l/livinch01.html,2024,2023-11-30,MIL,CHI,@,"L, 113-120 (OT)",,,,,,,,,,,,,,,,,
Chris Livingston,https://www.basketball-reference.com/players/l/livinch01.html,2024,2023-12-02,MIL,ATL,,"W, 132-121",,,,,,,,,,,,,,,,,
Chris Livingston,https://www.basketball-reference.com/players/l/livinch01.html,2024,2023-12-05,MIL,NYK,,"W, 146-122",,02:29,0,1,0,0,0,0,1,1,2,0,1,0,1,0,0
Chris Livingston,https://www.basketball-reference.com/players/l/livinch01.html,2024,2023-12-07,MIL,IND,,"L, 119-128",,,,,,,,,,,,,,,,,
Chris Livingston,https://www.basketball-reference.com/players/l/livinch01.html,2024,2023-12-11,MIL,CHI,,"W, 133-129 (OT)",,,,,,,,,,,,,,,,,
Chris Livingston,https://www.basketball-reference.com/players/l/livinch01.html,2024,2023-12-13,MIL,IND,,"W, 140-126",,,,,,,,,,,,,,,,,
Chris Livingston,https://www.basketball-reference.com/players/l/livinch01.html,2024,2023-12-16,MIL,DET,,"W, 146-114",,09:03,1,1,0,0,0,0,0,3,3,0,0,0,0,2,2
Chris Livingston,https://www.basketball-reference.com/players/l/livinch01.html,2024,2023-12-17,MIL,HOU,,"W, 128-119",,00:17,0,0,0,0,0,0,0,0,0,0,0,0,0,0,0
Chris Livingston,https://www.basketball-reference.com/players/l/livinch01.html,2024,2023-12-19,MIL,SAS,,"W, 132-119",,,,,,,,,,,,,,,,,
Chris Livingston,https://www.basketball-reference.com/players/l/livinch01.html,2024,2023-12-21,MIL,ORL,,"W, 118-114",,,,,,,,,,,,,,,,,
Chris Livingston,https://www.basketball-reference.com/players/l/livinch01.html,2024,2023-12-23,MIL,NYK,@,"W, 130-111",,00:20,0,0,0,0,0,0,0,0,0,0,0,0,0,0,0
Chris Livingston,https://www.basketball-reference.com/players/l/livinch01.html,2024,2023-12-25,MIL,NYK,@,"L, 122-129",,,,,,,,,,,,,,,,,
Chris Livingston,https://www.basketball-reference.com/players/l/livinch01.html,2024,2023-12-27,MIL,BRK,@,"W, 144-122",,01:23,1,1,0,0,0,0,0,1,1,1,0,0,0,0,2
Chris Livingston,https://www.basketball-reference.com/players/l/livinch01.html,2024,2023-12-29,MIL,CLE,@,"W, 119-111",,,,,,,,,,,,,,,,,
Chris Livingston,https://www.basketball-reference.com/players/l/livinch01.html,2024,2024-01-01,MIL,IND,,"L, 113-122",,,,,,,,,,,,,,,,,
Chris Livingston,https://www.basketball-reference.com/players/l/livinch01.html,2024,2024-01-03,MIL,IND,@,"L, 130-142",,01:56,0,0,0,0,0,0,0,1,1,1,0,0,0,0,0
Chris Livingston,https://www.basketball-reference.com/players/l/livinch01.html,2024,2024-01-04,MIL,SAS,@,"W, 125-121",,,,,,,,,,,,,,,,,
Chris Livingston,https://www.basketball-reference.com/players/l/livinch01.html,2024,2024-01-06,MIL,HOU,@,"L, 108-112",,,,,,,,,,,,,,,,,
Chris Livingston,https://www.basketball-reference.com/players/l/livinch01.html,2024,2024-01-08,MIL,UTA,,"L, 116-132",,14:39,2,5,0,0,2,2,1,1,2,0,1,0,1,1,6
Chris Livingston,https://www.basketball-reference.com/players/l/livinch01.html,2024,2024-01-11,MIL,BOS,,"W, 135-102",,08:54,1,1,0,0,0,0,0,2,2,1,0,0,1,0,2
Chris Livingston,https://www.basketball-reference.com/players/l/livinch01.html,2024,2024-01-13,MIL,GSW,,"W, 129-118",,00:31,0,0,0,0,0,0,0,0,0,0,0,0,0,0,0
Chris Livingston,https://www.basketball-reference.com/players/l/livinch01.html,2024,2024-01-14,MIL,SAC,,"W, 143-142 (OT)",,,,,,,,,,,,,,,,,
Chris Livingston,https://www.basketball-reference.com/players/l/livinch01.html,2024,2024-01-17,MIL,CLE,@,"L, 95-135",,08:38,0,1,0,0,0,0,0,1,1,0,0,0,0,2,0
Chris Livingston,https://www.basketball-reference.com/players/l/livinch01.html,2024,2024-01-20,MIL,DET,@,"W, 141-135",,,,,,,,,,,,,,,,,
Chris Livingston,https://www.basketball-reference.com/players/l/livinch01.html,2024,2024-01-22,MIL,DET,@,"W, 122-113",,,,,,,,,,,,,,,,,
Chris Livingston,https://www.basketball-reference.com/players/l/livinch01.html,2024,2024-01-24,MIL,CLE,,"W, 126-116",,,,,,,,,,,,,,,,,
Chris Livingston,https://www.basketball-reference.com/players/l/livinch01.html,2024,2024-01-26,MIL,CLE,,"L, 100-112",,,,,,,,,,,,,,,,,
Chris Livingston,https://www.basketball-reference.com/players/l/livinch01.html,2024,2024-01-27,MIL,NOP,,"W, 141-117",,01:47,0,1,0,0,0,0,0,1,1,0,0,0,0,2,0
Chris Livingston,https://www.basketball-reference.com/players/l/livinch01.html,2024,2024-01-29,MIL,DEN,@,"L, 107-113",,,,,,,,,,,,,,,,,
Chris Livingston,https://www.basketball-reference.com/players/l/livinch01.html,2024,2024-01-31,MIL,POR,@,"L, 116-119",,,,,,,,,,,,,,,,,
Chris Livingston,https://www.basketball-reference.com/players/l/livinch01.html,2024,2024-02-03,MIL,DAL,@,"W, 129-117",,,,,,,,,,,,,,,,,
Chris Livingston,https://www.basketball-reference.com/players/l/livinch01.html,2024,2024-02-04,MIL,UTA,@,"L, 108-123",,00:35,0,1,0,0,0,0,0,0,0,0,0,0,0,0,0
Chris Livingston,https://www.basketball-reference.com/players/l/livinch01.html,2024,2024-02-06,MIL,PHO,@,"L, 106-114",,,,,,,,,,,,,,,,,
Chris Livingston,https://www.basketball-reference.com/players/l/livinch01.html,2024,2024-02-08,MIL,MIN,,"L, 105-129",,,,,,,,,,,,,,,,,
Chris Livingston,https://www.basketball-reference.com/players/l/livinch01.html,2024,2024-02-09,MIL,CHO,,"W, 120-84",,,,,,,,,,,,,,,,,
Chris Livingston,https://www.basketball-reference.com/players/l/livinch01.html,2024,2024-02-12,MIL,DEN,,"W, 112-95",,02:12,0,0,0,0,0,0,0,1,1,0,0,0,0,0,0
Chris Livingston,https://www.basketball-reference.com/players/l/livinch01.html,2024,2024-02-13,MIL,MIA,,"L, 97-123",,,,,,,,,,,,,,,,,
Chris Livingston,https://www.basketball-reference.com/players/l/livinch01.html,2024,2024-02-15,MIL,MEM,@,"L, 110-113",,,,,,,,,,,,,,,,,
Chris Livingston,https://www.basketball-reference.com/players/l/livinch01.html,2024,2024-02-23,MIL,MIN,@,"W, 112-107",,,,,,,,,,,,,,,,,
Chris Livingston,https://www.basketball-reference.com/players/l/livinch01.html,2024,2024-02-25,MIL,PHI,@,"W, 119-98",,,,,,,,,,,,,,,,,
Chris Livingston,https://www.basketball-reference.com/players/l/livinch01.html,2024,2024-02-27,MIL,CHO,,"W, 123-85",,06:26,0,2,0,2,0,0,0,1,1,1,0,0,1,4,0
Chris Livingston,https://www.basketball-reference.com/players/l/livinch01.html,2024,2024-02-29,MIL,CHO,@,"W, 111-99",,,,,,,,,,,,,,,,,
Chris Livingston,https://www.basketball-reference.com/players/l/livinch01.html,2024,2024-03-01,MIL,CHI,@,"W, 113-97",,,,,,,,,,,,,,,,,
Chris Livingston,https://www.basketball-reference.com/players/l/livinch01.html,2024,2024-03-04,MIL,LAC,,"W, 113-106",,,,,,,,,,,,,,,,,
Chris Livingston,https://www.basketball-reference.com/players/l/livinch01.html,2024,2024-03-06,MIL,GSW,@,"L, 90-125",,,,,,,,,,,,,,,,,
Chris Livingston,https://www.basketball-reference.com/players/l/livinch01.html,2024,2024-03-08,MIL,LAL,@,"L, 122-123",,,,,,,,,,,,,,,,,
Chris Livingston,https://www.basketball-reference.com/players/l/livinch01.html,2024,2024-03-10,MIL,LAC,@,"W, 124-117",,,,,,,,,,,,,,,,,
Chris Livingston,https://www.basketball-reference.com/players/l/livinch01.html,2024,2024-03-12,MIL,SAC,@,"L, 94-129",,,,,,,,,,,,,,,,,
Chris Livingston,https://www.basketball-reference.com/players/l/livinch01.html,2024,2024-03-14,MIL,PHI,,"W, 114-105",,,,,,,,,,,,,,,,,
Chris Livingston,https://www.basketball-reference.com/players/l/livinch01.html,2024,2024-03-17,MIL,PHO,,"W, 140-129",,,,,,,,,,,,,,,,,
Chris Livingston,https://www.basketball-reference.com/players/l/livinch01.html,2024,2024-03-20,MIL,BOS,@,"L, 119-122",,,,,,,,,,,,,,,,,
Chris Livingston,https://www.basketball-reference.com/players/l/livinch01.html,2024,2024-03-21,MIL,BRK,,"W, 115-108",,,,,,,,,,,,,,,,,
Chris Livingston,https://www.basketball-reference.com/players/l/livinch01.html,2024,2024-03-24,MIL,OKC,,"W, 118-93",,03:13,1,2,0,1,0,0,0,0,0,0,0,0,0,0,2
Chris Livingston,https://www.basketball-reference.com/players/l/livinch01.html,2024,2024-03-26,MIL,LAL,,"L, 124-128 (2OT)",,,,,,,,,,,,,,,,,
Chris Livingston,https://www.basketball-reference.com/players/l/livinch01.html,2024,2024-03-28,MIL,NOP,@,"L, 100-107",,,,,,,,,,,,,,,,,
Chris Livingston,https://www.basketball-reference.com/players/l/livinch01.html,2024,2024-03-30,MIL,ATL,@,"W, 122-113",,,,,,,,,,,,,,,,,
Chris Livingston,https://www.basketball-reference.com/players/l/livinch01.html,2024,2024-04-02,MIL,WAS,@,"L, 113-117",,,,,,,,,,,,,,,,,
Chris Livingston,https://www.basketball-reference.com/players/l/livinch01.html,2024,2024-04-03,MIL,MEM,,"L, 101-111",,,,,,,,,,,,,,,,,
Chris Livingston,https://www.basketball-reference.com/players/l/livinch01.html,2024,2024-04-05,MIL,TOR,,"L, 111-117",,,,,,,,,,,,,,,,,
Chris Livingston,https://www.basketball-reference.com/players/l/livinch01.html,2024,2024-04-07,MIL,NYK,,"L, 109-122",,01:10,0,0,0,0,0,0,0,0,0,0,0,0,0,0,0
Chris Livingston,https://www.basketball-reference.com/players/l/livinch01.html,2024,2024-04-09,MIL,BOS,,"W, 104-91",,00:27,0,0,0,0,0,0,0,0,0,0,0,0,0,0,0
Chris Livingston,https://www.basketball-reference.com/players/l/livinch01.html,2024,2024-04-10,MIL,ORL,,"W, 117-99",,03:01,0,1,0,1,1,2,0,1,1,0,0,0,0,1,1
Chris Livingston,https://www.basketball-reference.com/players/l/livinch01.html,2024,2024-04-12,MIL,OKC,@,"L, 107-125",,14:04,3,3,0,0,0,0,1,4,5,0,0,0,1,3,6
Chris Livingston,https://www.basketball-reference.com/players/l/livinch01.html,2024,2024-04-14,MIL,ORL,@,"L, 88-113",,,,,,,,,,,,,,,,,
Leonard Miller,https://www.basketball-reference.com/players/m/millele01.html,2024,2023-10-25,MIN,TOR,@,"L, 94-97",,,,,,,,,,,,,,,,,
Leonard Miller,https://www.basketball-reference.com/players/m/millele01.html,2024,2023-10-28,MIN,MIA,,"W, 106-90",,01:55,0,1,0,0,0,0,0,1,1,0,0,0,0,0,0
Leonard Miller,https://www.basketball-reference.com/players/m/millele01.html,2024,2023-10-30,MIN,ATL,@,"L, 113-127",,,,,,,,,,,,,,,,,
Leonard Miller,https://www.basketball-reference.com/players/m/millele01.html,2024,,,,,,,,,,,,,,,,,,,,,,
Leonard Miller,https://www.basketball-reference.com/players/m/millele01.html,2024,2023-11-01,MIN,DEN,,"W, 110-89",,,,,,,,,,,,,,,,,
Leonard Miller,https://www.basketball-reference.com/players/m/millele01.html,2024,2023-11-04,MIN,UTA,,"W, 123-95",,,,,,,,,,,,,,,,,
Leonard Miller,https://www.basketball-reference.com/players/m/millele01.html,2024,2023-11-06,MIN,BOS,,"W, 114-109 (OT)",,,,,,,,,,,,,,,,,
Leonard Miller,https://www.basketball-reference.com/players/m/millele01.html,2024,2023-11-08,MIN,NOP,,"W, 122-101",,,,,,,,,,,,,,,,,
Leonard Miller,https://www.basketball-reference.com/players/m/millele01.html,2024,2023-11-10,MIN,SAS,@,"W, 117-110",,,,,,,,,,,,,,,,,
Leonard Miller,https://www.basketball-reference.com/players/m/millele01.html,2024,2023-11-12,MIN,GSW,@,"W, 116-110",,,,,,,,,,,,,,,,,
Leonard Miller,https://www.basketball-reference.com/players/m/millele01.html,2024,2023-11-14,MIN,GSW,@,"W, 104-101",,,,,,,,,,,,,,,,,
Leonard Miller,https://www.basketball-reference.com/players/m/millele01.html,2024,2023-11-15,MIN,PHO,@,"L, 115-133",,,,,,,,,,,,,,,,,
Leonard Miller,https://www.basketball-reference.com/players/m/millele01.html,2024,2023-11-18,MIN,NOP,@,"W, 121-120",,,,,,,,,,,,,,,,,
Leonard Miller,https://www.basketball-reference.com/players/m/millele01.html,2024,2023-11-20,MIN,NYK,,"W, 117-100",,,,,,,,,,,,,,,,,
Leonard Miller,https://www.basketball-reference.com/players/m/millele01.html,2024,2023-11-22,MIN,PHI,,"W, 112-99",,01:56,0,0,0,0,0,0,0,3,3,0,0,0,0,1,0
Leonard Miller,https://www.basketball-reference.com/players/m/millele01.html,2024,2023-11-24,MIN,SAC,,"L, 111-124",,,,,,,,,,,,,,,,,
Leonard Miller,https://www.basketball-reference.com/players/m/millele01.html,2024,2023-11-26,MIN,MEM,@,"W, 119-97",,02:19,1,1,0,0,0,0,0,2,2,1,0,0,0,0,2
Leonard Miller,https://www.basketball-reference.com/players/m/millele01.html,2024,2023-11-28,MIN,OKC,,"W, 106-103",,,,,,,,,,,,,,,,,
Leonard Miller,https://www.basketball-reference.com/players/m/millele01.html,2024,2023-11-30,MIN,UTA,,"W, 101-90",,,,,,,,,,,,,,,,,
Leonard Miller,https://www.basketball-reference.com/players/m/millele01.html,2024,2023-12-02,MIN,CHO,@,"W, 123-117",,,,,,,,,,,,,,,,,
Leonard Miller,https://www.basketball-reference.com/players/m/millele01.html,2024,2023-12-06,MIN,SAS,,"W, 102-94",,,,,,,,,,,,,,,,,
Leonard Miller,https://www.basketball-reference.com/players/m/millele01.html,2024,2023-12-08,MIN,MEM,@,"W, 127-103",,,,,,,,,,,,,,,,,
Leonard Miller,https://www.basketball-reference.com/players/m/millele01.html,2024,2023-12-11,MIN,NOP,@,"L, 107-121",,,,,,,,,,,,,,,,,
Leonard Miller,https://www.basketball-reference.com/players/m/millele01.html,2024,2023-12-14,MIN,DAL,@,"W, 119-101",,,,,,,,,,,,,,,,,
Leonard Miller,https://www.basketball-reference.com/players/m/millele01.html,2024,2023-12-16,MIN,IND,,"W, 127-109",,,,,,,,,,,,,,,,,
Leonard Miller,https://www.basketball-reference.com/players/m/millele01.html,2024,2023-12-18,MIN,MIA,@,"W, 112-108",,,,,,,,,,,,,,,,,
Leonard Miller,https://www.basketball-reference.com/players/m/millele01.html,2024,2023-12-20,MIN,PHI,@,"L, 113-127",,,,,,,,,,,,,,,,,
Leonard Miller,https://www.basketball-reference.com/players/m/millele01.html,2024,2023-12-21,MIN,LAL,,"W, 118-111",,,,,,,,,,,,,,,,,
Leonard Miller,https://www.basketball-reference.com/players/m/millele01.html,2024,2023-12-23,MIN,SAC,@,"W, 110-98",,,,,,,,,,,,,,,,,
Leonard Miller,https://www.basketball-reference.com/players/m/millele01.html,2024,2023-12-26,MIN,OKC,@,"L, 106-129",,04:32,3,3,1,1,0,0,0,1,1,0,0,0,0,0,7
Leonard Miller,https://www.basketball-reference.com/players/m/millele01.html,2024,2023-12-28,MIN,DAL,,"W, 118-110",,,,,,,,,,,,,,,,,
Leonard Miller,https://www.basketball-reference.com/players/m/millele01.html,2024,2023-12-30,MIN,LAL,,"W, 108-106",,,,,,,,,,,,,,,,,
Leonard Miller,https://www.basketball-reference.com/players/m/millele01.html,2024,2024-01-01,MIN,NYK,@,"L, 106-112",,,,,,,,,,,,,,,,,
Leonard Miller,https://www.basketball-reference.com/players/m/millele01.html,2024,2024-01-03,MIN,NOP,,"L, 106-117",,,,,,,,,,,,,,,,,
Leonard Miller,https://www.basketball-reference.com/players/m/millele01.html,2024,2024-01-05,MIN,HOU,@,"W, 122-95",,,,,,,,,,,,,,,,,
Leonard Miller,https://www.basketball-reference.com/players/m/millele01.html,2024,2024-01-07,MIN,DAL,@,"L, 108-115",,,,,,,,,,,,,,,,,
Leonard Miller,https://www.basketball-reference.com/players/m/millele01.html,2024,2024-01-09,MIN,ORL,@,"W, 113-92",,,,,,,,,,,,,,,,,
Leonard Miller,https://www.basketball-reference.com/players/m/millele01.html,2024,2024-01-10,MIN,BOS,@,"L, 120-127 (OT)",,,,,,,,,,,,,,,,,
Leonard Miller,https://www.basketball-reference.com/players/m/millele01.html,2024,2024-01-12,MIN,POR,,"W, 116-93",,07:51,2,4,0,2,0,0,0,2,2,0,1,1,1,2,4
Leonard Miller,https://www.basketball-reference.com/players/m/millele01.html,2024,2024-01-14,MIN,LAC,,"W, 109-105",,,,,,,,,,,,,,,,,
Leonard Miller,https://www.basketball-reference.com/players/m/millele01.html,2024,2024-01-17,MIN,DET,@,"W, 124-117",,,,,,,,,,,,,,,,,
Leonard Miller,https://www.basketball-reference.com/players/m/millele01.html,2024,2024-01-18,MIN,MEM,,"W, 118-103",,,,,,,,,,,,,,,,,
Leonard Miller,https://www.basketball-reference.com/players/m/millele01.html,2024,2024-01-20,MIN,OKC,,"L, 97-102",,,,,,,,,,,,,,,,,
Leonard Miller,https://www.basketball-reference.com/players/m/millele01.html,2024,2024-01-22,MIN,CHO,,"L, 125-128",,,,,,,,,,,,,,,,,
Leonard Miller,https://www.basketball-reference.com/players/m/millele01.html,2024,2024-01-24,MIN,WAS,@,"W, 118-107",,,,,,,,,,,,,,,,,
Leonard Miller,https://www.basketball-reference.com/players/m/millele01.html,2024,2024-01-25,MIN,BRK,@,"W, 96-94",,,,,,,,,,,,,,,,,
Leonard Miller,https://www.basketball-reference.com/players/m/millele01.html,2024,2024-01-27,MIN,SAS,@,"L, 112-113",,,,,,,,,,,,,,,,,
Leonard Miller,https://www.basketball-reference.com/players/m/millele01.html,2024,2024-01-29,MIN,OKC,@,"W, 107-101",,,,,,,,,,,,,,,,,
Leonard Miller,https://www.basketball-reference.com/players/m/millele01.html,2024,2024-01-31,MIN,DAL,,"W, 121-87",,,,,,,,,,,,,,,,,
Leonard Miller,https://www.basketball-reference.com/players/m/millele01.html,2024,2024-02-02,MIN,ORL,,"L, 106-108",,,,,,,,,,,,,,,,,
Leonard Miller,https://www.basketball-reference.com/players/m/millele01.html,2024,2024-02-04,MIN,HOU,,"W, 111-90",,,,,,,,,,,,,,,,,
Leonard Miller,https://www.basketball-reference.com/players/m/millele01.html,2024,2024-02-06,MIN,CHI,@,"L, 123-129 (OT)",,,,,,,,,,,,,,,,,
Leonard Miller,https://www.basketball-reference.com/players/m/millele01.html,2024,2024-02-08,MIN,MIL,@,"W, 129-105",,02:33,1,1,0,0,0,0,1,0,1,0,0,0,0,0,2
Leonard Miller,https://www.basketball-reference.com/players/m/millele01.html,2024,2024-02-12,MIN,LAC,@,"W, 121-100",,,,,,,,,,,,,,,,,
Leonard Miller,https://www.basketball-reference.com/players/m/millele01.html,2024,2024-02-13,MIN,POR,@,"W, 121-109",,,,,,,,,,,,,,,,,
Leonard Miller,https://www.basketball-reference.com/players/m/millele01.html,2024,2024-02-15,MIN,POR,@,"W, 128-91",,04:49,0,1,0,0,0,0,0,0,0,2,0,0,0,0,0
Leonard Miller,https://www.basketball-reference.com/players/m/millele01.html,2024,2024-02-23,MIN,MIL,,"L, 107-112",,,,,,,,,,,,,,,,,
Leonard Miller,https://www.basketball-reference.com/players/m/millele01.html,2024,2024-02-24,MIN,BRK,,"W, 101-86",,,,,,,,,,,,,,,,,
Leonard Miller,https://www.basketball-reference.com/players/m/millele01.html,2024,2024-02-27,MIN,SAS,,"W, 114-105",,,,,,,,,,,,,,,,,
Leonard Miller,https://www.basketball-reference.com/players/m/millele01.html,2024,2024-02-28,MIN,MEM,,"W, 110-101",,,,,,,,,,,,,,,,,
Leonard Miller,https://www.basketball-reference.com/players/m/millele01.html,2024,2024-03-01,MIN,SAC,,"L, 120-124 (OT)",,,,,,,,,,,,,,,,,
Leonard Miller,https://www.basketball-reference.com/players/m/millele01.html,2024,2024-03-03,MIN,LAC,,"L, 88-89",,,,,,,,,,,,,,,,,
Leonard Miller,https://www.basketball-reference.com/players/m/millele01.html,2024,2024-03-04,MIN,POR,,"W, 119-114",,,,,,,,,,,,,,,,,
Leonard Miller,https://www.basketball-reference.com/players/m/millele01.html,2024,2024-03-07,MIN,IND,@,"W, 113-111",,,,,,,,,,,,,,,,,
Leonard Miller,https://www.basketball-reference.com/players/m/millele01.html,2024,2024-03-08,MIN,CLE,@,"L, 104-113 (OT)",,,,,,,,,,,,,,,,,
Leonard Miller,https://www.basketball-reference.com/players/m/millele01.html,2024,2024-03-10,MIN,LAL,@,"L, 109-120",,,,,,,,,,,,,,,,,
Leonard Miller,https://www.basketball-reference.com/players/m/millele01.html,2024,2024-03-12,MIN,LAC,@,"W, 118-100",,02:31,0,0,0,0,0,0,1,1,2,0,0,0,0,1,0
Leonard Miller,https://www.basketball-reference.com/players/m/millele01.html,2024,2024-03-16,MIN,UTA,@,"W, 119-100",,01:36,0,0,0,0,0,0,0,0,0,2,0,0,0,0,0
Leonard Miller,https://www.basketball-reference.com/players/m/millele01.html,2024,2024-03-18,MIN,UTA,@,"W, 114-104",,,,,,,,,,,,,,,,,
Leonard Miller,https://www.basketball-reference.com/players/m/millele01.html,2024,2024-03-19,MIN,DEN,,"L, 112-115",,,,,,,,,,,,,,,,,
Leonard Miller,https://www.basketball-reference.com/players/m/millele01.html,2024,2024-03-22,MIN,CLE,,"W, 104-91",,,,,,,,,,,,,,,,,
Leonard Miller,https://www.basketball-reference.com/players/m/millele01.html,2024,2024-03-24,MIN,GSW,,"W, 114-110",,,,,,,,,,,,,,,,,
Leonard Miller,https://www.basketball-reference.com/players/m/millele01.html,2024,2024-03-27,MIN,DET,,"W, 106-91",,02:10,0,0,0,0,0,0,0,0,0,0,0,0,0,0,0
Leonard Miller,https://www.basketball-reference.com/players/m/millele01.html,2024,2024-03-29,MIN,DEN,@,"W, 111-98",,00:46,0,0,0,0,0,0,0,0,0,0,0,0,0,0,0
Leonard Miller,https://www.basketball-reference.com/players/m/millele01.html,2024,2024-03-31,MIN,CHI,,"L, 101-109",,,,,,,,,,,,,,,,,
Leonard Miller,https://www.basketball-reference.com/players/m/millele01.html,2024,2024-04-02,MIN,HOU,,"W, 113-106",,,,,,,,,,,,,,,,,
Leonard Miller,https://www.basketball-reference.com/players/m/millele01.html,2024,2024-04-03,MIN,TOR,,"W, 133-85",,05:08,2,2,1,1,0,0,0,1,1,2,1,0,0,0,5
Leonard Miller,https://www.basketball-reference.com/players/m/millele01.html,2024,2024-04-05,MIN,PHO,@,"L, 87-97",,04:02,2,2,0,0,0,0,0,1,1,0,0,0,0,0,4
Leonard Miller,https://www.basketball-reference.com/players/m/millele01.html,2024,2024-04-07,MIN,LAL,@,"W, 127-117",,01:47,0,1,0,0,0,0,1,0,1,0,0,0,0,0,0
Leonard Miller,https://www.basketball-reference.com/players/m/millele01.html,2024,2024-04-09,MIN,WAS,,"W, 130-121",,01:11,0,0,0,0,0,0,0,0,0,0,0,0,0,0,0
Leonard Miller,https://www.basketball-reference.com/players/m/millele01.html,2024,2024-04-10,MIN,DEN,@,"L, 107-116",,02:44,1,1,0,0,1,2,0,2,2,1,0,0,0,1,3
Leonard Miller,https://www.basketball-reference.com/players/m/millele01.html,2024,2024-04-12,MIN,ATL,,"W, 109-106",,,,,,,,,,,,,,,,,
Leonard Miller,https://www.basketball-reference.com/players/m/millele01.html,2024,2024-04-14,MIN,PHO,,"L, 106-125",,04:34,1,3,0,1,0,0,2,1,3,0,0,0,0,0,2
Dmytro Skapintsev,https://www.basketball-reference.com/players/s/skapidm01.html,2024,2023-12-23,NYK,MIL,,"L, 111-130",,01:03,0,1,0,0,0,0,0,0,0,0,0,0,0,0,0
Dmytro Skapintsev,https://www.basketball-reference.com/players/s/skapidm01.html,2024,2023-12-25,NYK,MIL,,"W, 129-122",,,,,,,,,,,,,,,,,
Dmytro Skapintsev,https://www.basketball-reference.com/players/s/skapidm01.html,2024,2023-12-27,NYK,OKC,@,"L, 120-129",,,,,,,,,,,,,,,,,
Dmytro Skapintsev,https://www.basketball-reference.com/players/s/skapidm01.html,2024,2023-12-29,NYK,ORL,@,"L, 108-117",,,,,,,,,,,,,,,,,
Dmytro Skapintsev,https://www.basketball-reference.com/players/s/skapidm01.html,2024,2023-12-30,NYK,IND,@,"L, 126-140",,01:05,0,0,0,0,0,0,0,0,0,0,0,0,0,0,0
Dmytro Skapintsev,https://www.basketball-reference.com/players/s/skapidm01.html,2024,,,,,,,,,,,,,,,,,,,,,,
Dmytro Skapintsev,https://www.basketball-reference.com/players/s/skapidm01.html,2024,2024-01-01,NYK,MIN,,"W, 112-106",,,,,,,,,,,,,,,,,
Jacob Toppin,https://www.basketball-reference.com/players/t/toppija01.html,2024,2023-10-25,NYK,BOS,,"L, 104-108",,,,,,,,,,,,,,,,,
Jacob Toppin,https://www.basketball-reference.com/players/t/toppija01.html,2024,2023-10-27,NYK,ATL,@,"W, 126-120",,,,,,,,,,,,,,,,,
Jacob Toppin,https://www.basketball-reference.com/players/t/toppija01.html,2024,2023-10-28,NYK,NOP,@,"L, 87-96",,,,,,,,,,,,,,,,,
Jacob Toppin,https://www.basketball-reference.com/players/t/toppija01.html,2024,2023-10-31,NYK,CLE,@,"W, 109-91",,,,,,,,,,,,,,,,,
Jacob Toppin,https://www.basketball-reference.com/players/t/toppija01.html,2024,,,,,,,,,,,,,,,,,,,,,,
Jacob Toppin,https://www.basketball-reference.com/players/t/toppija01.html,2024,2023-11-01,NYK,CLE,,"L, 89-95",,,,,,,,,,,,,,,,,
Jacob Toppin,https://www.basketball-reference.com/players/t/toppija01.html,2024,2023-11-03,NYK,MIL,@,"L, 105-110",,,,,,,,,,,,,,,,,
Jacob Toppin,https://www.basketball-reference.com/players/t/toppija01.html,2024,2023-11-06,NYK,LAC,,"W, 111-97",,,,,,,,,,,,,,,,,
Jacob Toppin,https://www.basketball-reference.com/players/t/toppija01.html,2024,2023-11-08,NYK,SAS,,"W, 126-105",,,,,,,,,,,,,,,,,
Jacob Toppin,https://www.basketball-reference.com/players/t/toppija01.html,2024,2023-11-12,NYK,CHO,,"W, 129-107",,,,,,,,,,,,,,,,,
Jacob Toppin,https://www.basketball-reference.com/players/t/toppija01.html,2024,2023-11-13,NYK,BOS,@,"L, 98-114",,,,,,,,,,,,,,,,,
Jacob Toppin,https://www.basketball-reference.com/players/t/toppija01.html,2024,2023-11-15,NYK,ATL,@,"W, 116-114",,,,,,,,,,,,,,,,,
Jacob Toppin,https://www.basketball-reference.com/players/t/toppija01.html,2024,2023-11-17,NYK,WAS,@,"W, 120-99",,,,,,,,,,,,,,,,,
Jacob Toppin,https://www.basketball-reference.com/players/t/toppija01.html,2024,2023-11-18,NYK,CHO,@,"W, 122-108",,,,,,,,,,,,,,,,,
Jacob Toppin,https://www.basketball-reference.com/players/t/toppija01.html,2024,2023-11-20,NYK,MIN,@,"L, 100-117",,,,,,,,,,,,,,,,,
Jacob Toppin,https://www.basketball-reference.com/players/t/toppija01.html,2024,2023-11-24,NYK,MIA,,"W, 100-98",,,,,,,,,,,,,,,,,
Jacob Toppin,https://www.basketball-reference.com/players/t/toppija01.html,2024,2023-11-26,NYK,PHO,,"L, 113-116",,,,,,,,,,,,,,,,,
Jacob Toppin,https://www.basketball-reference.com/players/t/toppija01.html,2024,2023-11-28,NYK,CHO,,"W, 115-91",,,,,,,,,,,,,,,,,
Jacob Toppin,https://www.basketball-reference.com/players/t/toppija01.html,2024,2023-11-30,NYK,DET,,"W, 118-112",,,,,,,,,,,,,,,,,
Jacob Toppin,https://www.basketball-reference.com/players/t/toppija01.html,2024,2023-12-01,NYK,TOR,@,"W, 119-106",,,,,,,,,,,,,,,,,
Jacob Toppin,https://www.basketball-reference.com/players/t/toppija01.html,2024,2023-12-05,NYK,MIL,@,"L, 122-146",,02:29,0,0,0,0,0,0,0,0,0,0,0,1,0,0,0
Jacob Toppin,https://www.basketball-reference.com/players/t/toppija01.html,2024,2023-12-08,NYK,BOS,@,"L, 123-133",,,,,,,,,,,,,,,,,
Jacob Toppin,https://www.basketball-reference.com/players/t/toppija01.html,2024,2023-12-11,NYK,TOR,,"W, 136-130",,,,,,,,,,,,,,,,,
Jacob Toppin,https://www.basketball-reference.com/players/t/toppija01.html,2024,2023-12-13,NYK,UTA,@,"L, 113-117",,,,,,,,,,,,,,,,,
Jacob Toppin,https://www.basketball-reference.com/players/t/toppija01.html,2024,2023-12-15,NYK,PHO,@,"W, 139-122",,,,,,,,,,,,,,,,,
Jacob Toppin,https://www.basketball-reference.com/players/t/toppija01.html,2024,2023-12-16,NYK,LAC,@,"L, 122-144",,,,,,,,,,,,,,,,,
Jacob Toppin,https://www.basketball-reference.com/players/t/toppija01.html,2024,2023-12-18,NYK,LAL,@,"W, 114-109",,,,,,,,,,,,,,,,,
Jacob Toppin,https://www.basketball-reference.com/players/t/toppija01.html,2024,2023-12-20,NYK,BRK,@,"W, 121-102",,,,,,,,,,,,,,,,,
Jacob Toppin,https://www.basketball-reference.com/players/t/toppija01.html,2024,2023-12-23,NYK,MIL,,"L, 111-130",,00:20,0,0,0,0,0,0,0,0,0,0,0,0,0,0,0
Jacob Toppin,https://www.basketball-reference.com/players/t/toppija01.html,2024,2023-12-25,NYK,MIL,,"W, 129-122",,,,,,,,,,,,,,,,,
Jacob Toppin,https://www.basketball-reference.com/players/t/toppija01.html,2024,2023-12-27,NYK,OKC,@,"L, 120-129",,,,,,,,,,,,,,,,,
Jacob Toppin,https://www.basketball-reference.com/players/t/toppija01.html,2024,2023-12-29,NYK,ORL,@,"L, 108-117",,,,,,,,,,,,,,,,,
Jacob Toppin,https://www.basketball-reference.com/players/t/toppija01.html,2024,2023-12-30,NYK,IND,@,"L, 126-140",,01:05,0,0,0,0,0,0,0,0,0,1,0,0,0,0,0
Jacob Toppin,https://www.basketball-reference.com/players/t/toppija01.html,2024,2024-01-01,NYK,MIN,,"W, 112-106",,,,,,,,,,,,,,,,,
Jacob Toppin,https://www.basketball-reference.com/players/t/toppija01.html,2024,2024-01-03,NYK,CHI,,"W, 116-100",,,,,,,,,,,,,,,,,
Jacob Toppin,https://www.basketball-reference.com/players/t/toppija01.html,2024,2024-01-05,NYK,PHI,@,"W, 128-92",,,,,,,,,,,,,,,,,
Jacob Toppin,https://www.basketball-reference.com/players/t/toppija01.html,2024,2024-01-06,NYK,WAS,@,"W, 121-105",,,,,,,,,,,,,,,,,
Jacob Toppin,https://www.basketball-reference.com/players/t/toppija01.html,2024,2024-01-09,NYK,POR,,"W, 112-84",,,,,,,,,,,,,,,,,
Jacob Toppin,https://www.basketball-reference.com/players/t/toppija01.html,2024,2024-01-11,NYK,DAL,@,"L, 124-128",,,,,,,,,,,,,,,,,
Jacob Toppin,https://www.basketball-reference.com/players/t/toppija01.html,2024,2024-01-13,NYK,MEM,@,"W, 106-94",,,,,,,,,,,,,,,,,
Jacob Toppin,https://www.basketball-reference.com/players/t/toppija01.html,2024,2024-01-15,NYK,ORL,,"L, 94-98",,,,,,,,,,,,,,,,,
Jacob Toppin,https://www.basketball-reference.com/players/t/toppija01.html,2024,2024-01-17,NYK,HOU,,"W, 109-94",,,,,,,,,,,,,,,,,
Jacob Toppin,https://www.basketball-reference.com/players/t/toppija01.html,2024,2024-01-18,NYK,WAS,,"W, 113-109",,,,,,,,,,,,,,,,,
Jacob Toppin,https://www.basketball-reference.com/players/t/toppija01.html,2024,2024-01-20,NYK,TOR,,"W, 126-100",,,,,,,,,,,,,,,,,
Jacob Toppin,https://www.basketball-reference.com/players/t/toppija01.html,2024,2024-01-23,NYK,BRK,@,"W, 108-103",,,,,,,,,,,,,,,,,
Jacob Toppin,https://www.basketball-reference.com/players/t/toppija01.html,2024,2024-01-25,NYK,DEN,,"W, 122-84",,,,,,,,,,,,,,,,,
Jacob Toppin,https://www.basketball-reference.com/players/t/toppija01.html,2024,2024-01-27,NYK,MIA,,"W, 125-109",,,,,,,,,,,,,,,,,
Jacob Toppin,https://www.basketball-reference.com/players/t/toppija01.html,2024,2024-01-29,NYK,CHO,@,"W, 113-92",,,,,,,,,,,,,,,,,
Jacob Toppin,https://www.basketball-reference.com/players/t/toppija01.html,2024,2024-01-30,NYK,UTA,,"W, 118-103",,,,,,,,,,,,,,,,,
Jacob Toppin,https://www.basketball-reference.com/players/t/toppija01.html,2024,2024-02-01,NYK,IND,,"W, 109-105",,,,,,,,,,,,,,,,,
Jacob Toppin,https://www.basketball-reference.com/players/t/toppija01.html,2024,2024-02-03,NYK,LAL,,"L, 105-113",,,,,,,,,,,,,,,,,
Jacob Toppin,https://www.basketball-reference.com/players/t/toppija01.html,2024,2024-02-06,NYK,MEM,,"W, 123-113",,,,,,,,,,,,,,,,,
Jacob Toppin,https://www.basketball-reference.com/players/t/toppija01.html,2024,2024-02-08,NYK,DAL,,"L, 108-122",,11:30,1,2,0,1,0,0,1,1,2,1,0,0,0,0,2
Jacob Toppin,https://www.basketball-reference.com/players/t/toppija01.html,2024,2024-02-10,NYK,IND,,"L, 111-125",,,,,,,,,,,,,,,,,
Jacob Toppin,https://www.basketball-reference.com/players/t/toppija01.html,2024,2024-02-12,NYK,HOU,@,"L, 103-105",,,,,,,,,,,,,,,,,
Jacob Toppin,https://www.basketball-reference.com/players/t/toppija01.html,2024,2024-02-14,NYK,ORL,@,"L, 100-118",,17:22,4,7,1,3,2,2,2,2,4,0,0,0,1,3,11
Jacob Toppin,https://www.basketball-reference.com/players/t/toppija01.html,2024,2024-02-22,NYK,PHI,@,"W, 110-96",,00:21,0,0,0,0,0,0,0,0,0,0,0,0,0,0,0
Jacob Toppin,https://www.basketball-reference.com/players/t/toppija01.html,2024,2024-02-24,NYK,BOS,,"L, 102-116",,01:09,0,0,0,0,0,0,0,0,0,0,0,0,0,0,0
Jacob Toppin,https://www.basketball-reference.com/players/t/toppija01.html,2024,2024-02-26,NYK,DET,,"W, 113-111",,,,,,,,,,,,,,,,,
Jacob Toppin,https://www.basketball-reference.com/players/t/toppija01.html,2024,2024-02-27,NYK,NOP,,"L, 92-115",,02:39,0,0,0,0,0,0,0,1,1,1,0,0,0,0,0
Jacob Toppin,https://www.basketball-reference.com/players/t/toppija01.html,2024,2024-02-29,NYK,GSW,,"L, 99-110",,,,,,,,,,,,,,,,,
Jacob Toppin,https://www.basketball-reference.com/players/t/toppija01.html,2024,2024-03-03,NYK,CLE,@,"W, 107-98",,,,,,,,,,,,,,,,,
Jacob Toppin,https://www.basketball-reference.com/players/t/toppija01.html,2024,2024-03-05,NYK,ATL,,"L, 100-116",,,,,,,,,,,,,,,,,
Jacob Toppin,https://www.basketball-reference.com/players/t/toppija01.html,2024,2024-03-08,NYK,ORL,,"W, 98-74",,01:13,0,0,0,0,0,0,0,0,0,0,0,0,0,0,0
Jacob Toppin,https://www.basketball-reference.com/players/t/toppija01.html,2024,2024-03-10,NYK,PHI,,"L, 73-79",,,,,,,,,,,,,,,,,
Jacob Toppin,https://www.basketball-reference.com/players/t/toppija01.html,2024,2024-03-12,NYK,PHI,,"W, 106-79",,,,,,,,,,,,,,,,,
Jacob Toppin,https://www.basketball-reference.com/players/t/toppija01.html,2024,2024-03-14,NYK,POR,@,"W, 105-93",,,,,,,,,,,,,,,,,
Jacob Toppin,https://www.basketball-reference.com/players/t/toppija01.html,2024,2024-03-16,NYK,SAC,@,"W, 98-91",,,,,,,,,,,,,,,,,
Jacob Toppin,https://www.basketball-reference.com/players/t/toppija01.html,2024,2024-03-18,NYK,GSW,@,"W, 119-112",,,,,,,,,,,,,,,,,
Jacob Toppin,https://www.basketball-reference.com/players/t/toppija01.html,2024,2024-03-21,NYK,DEN,@,"L, 100-113",,,,,,,,,,,,,,,,,
Jacob Toppin,https://www.basketball-reference.com/players/t/toppija01.html,2024,2024-03-23,NYK,BRK,,"W, 105-93",,,,,,,,,,,,,,,,,
Jacob Toppin,https://www.basketball-reference.com/players/t/toppija01.html,2024,2024-03-25,NYK,DET,,"W, 124-99",,,,,,,,,,,,,,,,,
Jacob Toppin,https://www.basketball-reference.com/players/t/toppija01.html,2024,2024-03-27,NYK,TOR,@,"W, 145-101",,,,,,,,,,,,,,,,,
Jacob Toppin,https://www.basketball-reference.com/players/t/toppija01.html,2024,2024-03-29,NYK,SAS,@,"L, 126-130 (OT)",,,,,,,,,,,,,,,,,
Jacob Toppin,https://www.basketball-reference.com/players/t/toppija01.html,2024,2024-03-31,NYK,OKC,,"L, 112-113",,,,,,,,,,,,,,,,,
Jacob Toppin,https://www.basketball-reference.com/players/t/toppija01.html,2024,2024-04-02,NYK,MIA,@,"L, 99-109",,,,,,,,,,,,,,,,,
Jacob Toppin,https://www.basketball-reference.com/players/t/toppija01.html,2024,2024-04-04,NYK,SAC,,"W, 120-109",,,,,,,,,,,,,,,,,
Jacob Toppin,https://www.basketball-reference.com/players/t/toppija01.html,2024,2024-04-05,NYK,CHI,@,"L, 100-108",,,,,,,,,,,,,,,,,
Jacob Toppin,https://www.basketball-reference.com/players/t/toppija01.html,2024,2024-04-07,NYK,MIL,@,"W, 122-109",,,,,,,,,,,,,,,,,
Jacob Toppin,https://www.basketball-reference.com/players/t/toppija01.html,2024,2024-04-09,NYK,CHI,@,"W, 128-117",,,,,,,,,,,,,,,,,
Jacob Toppin,https://www.basketball-reference.com/players/t/toppija01.html,2024,2024-04-11,NYK,BOS,@,"W, 118-109",,,,,,,,,,,,,,,,,
Jacob Toppin,https://www.basketball-reference.com/players/t/toppija01.html,2024,2024-04-12,NYK,BRK,,"W, 111-107",,,,,,,,,,,,,,,,,
Jacob Toppin,https://www.basketball-reference.com/players/t/toppija01.html,2024,2024-04-14,NYK,CHI,,"W, 120-119 (OT)",,,,,,,,,,,,,,,,,
Adam Flagler,https://www.basketball-reference.com/players/f/flaglad01.html,2024,2024-02-13,OKC,ORL,@,"W, 127-113",,,,,,,,,,,,,,,,,
Adam Flagler,https://www.basketball-reference.com/players/f/flaglad01.html,2024,2024-02-22,OKC,LAC,,"W, 129-107",,,,,,,,,,,,,,,,,
Adam Flagler,https://www.basketball-reference.com/players/f/flaglad01.html,2024,2024-02-23,OKC,WAS,,"W, 147-106",,05:30,0,3,0,3,0,0,0,0,0,1,0,0,0,0,0
Adam Flagler,https://www.basketball-reference.com/players/f/flaglad01.html,2024,2024-02-25,OKC,HOU,@,"W, 123-110",,,,,,,,,,,,,,,,,
Adam Flagler,https://www.basketball-reference.com/players/f/flaglad01.html,2024,2024-02-27,OKC,HOU,,"W, 112-95",,,,,,,,,,,,,,,,,
Adam Flagler,https://www.basketball-reference.com/players/f/flaglad01.html,2024,2024-02-29,OKC,SAS,@,"L, 118-132",,,,,,,,,,,,,,,,,
Adam Flagler,https://www.basketball-reference.com/players/f/flaglad01.html,2024,,,,,,,,,,,,,,,,,,,,,,
Adam Flagler,https://www.basketball-reference.com/players/f/flaglad01.html,2024,2024-03-03,OKC,PHO,@,"W, 118-110",,,,,,,,,,,,,,,,,
Adam Flagler,https://www.basketball-reference.com/players/f/flaglad01.html,2024,2024-03-04,OKC,LAL,@,"L, 104-116",,,,,,,,,,,,,,,,,
Adam Flagler,https://www.basketball-reference.com/players/f/flaglad01.html,2024,2024-03-06,OKC,POR,@,"W, 128-120",,,,,,,,,,,,,,,,,
Adam Flagler,https://www.basketball-reference.com/players/f/flaglad01.html,2024,2024-03-08,OKC,MIA,,"W, 107-100",,,,,,,,,,,,,,,,,
Adam Flagler,https://www.basketball-reference.com/players/f/flaglad01.html,2024,2024-03-10,OKC,MEM,,"W, 124-93",,,,,,,,,,,,,,,,,
Adam Flagler,https://www.basketball-reference.com/players/f/flaglad01.html,2024,2024-03-12,OKC,IND,,"L, 111-121",,,,,,,,,,,,,,,,,
Adam Flagler,https://www.basketball-reference.com/players/f/flaglad01.html,2024,2024-03-14,OKC,DAL,,"W, 126-119",,,,,,,,,,,,,,,,,
Adam Flagler,https://www.basketball-reference.com/players/f/flaglad01.html,2024,2024-03-16,OKC,MEM,@,"W, 118-112",,,,,,,,,,,,,,,,,
Adam Flagler,https://www.basketball-reference.com/players/f/flaglad01.html,2024,2024-03-20,OKC,UTA,,"W, 119-107",,,,,,,,,,,,,,,,,
Adam Flagler,https://www.basketball-reference.com/players/f/flaglad01.html,2024,2024-03-22,OKC,TOR,@,"W, 123-103",,,,,,,,,,,,,,,,,
Adam Flagler,https://www.basketball-reference.com/players/f/flaglad01.html,2024,2024-03-24,OKC,MIL,@,"L, 93-118",,,,,,,,,,,,,,,,,
Adam Flagler,https://www.basketball-reference.com/players/f/flaglad01.html,2024,2024-03-26,OKC,NOP,@,"W, 119-112",,,,,,,,,,,,,,,,,
Adam Flagler,https://www.basketball-reference.com/players/f/flaglad01.html,2024,2024-03-27,OKC,HOU,,"L, 126-132 (OT)",,,,,,,,,,,,,,,,,
Adam Flagler,https://www.basketball-reference.com/players/f/flaglad01.html,2024,2024-03-29,OKC,PHO,,"W, 128-103",,,,,,,,,,,,,,,,,
Adam Flagler,https://www.basketball-reference.com/players/f/flaglad01.html,2024,2024-03-31,OKC,NYK,@,"W, 113-112",,,,,,,,,,,,,,,,,
Adam Flagler,https://www.basketball-reference.com/players/f/flaglad01.html,2024,2024-04-02,OKC,PHI,@,"L, 105-109",,,,,,,,,,,,,,,,,
Adam Flagler,https://www.basketball-reference.com/players/f/flaglad01.html,2024,2024-04-03,OKC,BOS,@,"L, 100-135",,,,,,,,,,,,,,,,,
Adam Flagler,https://www.basketball-reference.com/players/f/flaglad01.html,2024,2024-04-05,OKC,IND,@,"L, 112-126",,,,,,,,,,,,,,,,,
Adam Flagler,https://www.basketball-reference.com/players/f/flaglad01.html,2024,2024-04-07,OKC,CHO,@,"W, 121-118",,,,,,,,,,,,,,,,,
Adam Flagler,https://www.basketball-reference.com/players/f/flaglad01.html,2024,2024-04-09,OKC,SAC,,"W, 112-105",,,,,,,,,,,,,,,,,
Adam Flagler,https://www.basketball-reference.com/players/f/flaglad01.html,2024,2024-04-10,OKC,SAS,,"W, 127-89",,08:31,1,4,1,3,0,0,0,0,0,3,0,0,0,0,3
Adam Flagler,https://www.basketball-reference.com/players/f/flaglad01.html,2024,2024-04-12,OKC,MIL,,"W, 125-107",,,,,,,,,,,,,,,,,
Adam Flagler,https://www.basketball-reference.com/players/f/flaglad01.html,2024,2024-04-14,OKC,DAL,,"W, 135-86",,,,,,,,,,,,,,,,,
Chet Holmgren,https://www.basketball-reference.com/players/h/holmgch01.html,2024,2023-10-25,OKC,CHI,@,"W, 124-104",,25:07,4,7,2,3,1,3,0,4,4,3,1,0,1,3,11
Chet Holmgren,https://www.basketball-reference.com/players/h/holmgch01.html,2024,2023-10-27,OKC,CLE,@,"W, 108-105",,30:50,5,9,3,4,3,4,1,12,13,2,1,7,1,3,16
Chet Holmgren,https://www.basketball-reference.com/players/h/holmgch01.html,2024,2023-10-29,OKC,DEN,,"L, 95-128",,25:34,7,12,1,4,4,4,2,2,4,0,0,0,1,2,19
Chet Holmgren,https://www.basketball-reference.com/players/h/holmgch01.html,2024,2023-10-30,OKC,DET,,"W, 124-112",,24:02,4,5,4,5,2,2,0,4,4,3,2,4,3,5,14
Chet Holmgren,https://www.basketball-reference.com/players/h/holmgch01.html,2024,,,,,,,,,,,,,,,,,,,,,,
Chet Holmgren,https://www.basketball-reference.com/players/h/holmgch01.html,2024,2023-11-01,OKC,NOP,,"L, 106-110",,37:16,8,14,1,5,2,2,3,8,11,3,1,2,5,4,19
Chet Holmgren,https://www.basketball-reference.com/players/h/holmgch01.html,2024,2023-11-03,OKC,GSW,,"L, 139-141",,31:59,7,9,2,2,8,8,3,5,8,5,1,1,2,4,24
Chet Holmgren,https://www.basketball-reference.com/players/h/holmgch01.html,2024,2023-11-06,OKC,ATL,,"W, 126-117",,33:52,4,14,1,3,7,7,3,9,12,3,1,3,1,3,16
Chet Holmgren,https://www.basketball-reference.com/players/h/holmgch01.html,2024,2023-11-08,OKC,CLE,,"W, 128-120",,29:17,7,10,1,1,0,0,3,4,7,2,1,3,2,4,15
Chet Holmgren,https://www.basketball-reference.com/players/h/holmgch01.html,2024,2023-11-10,OKC,SAC,@,"L, 98-105",,29:36,5,12,0,3,2,3,1,6,7,1,1,1,4,2,12
Chet Holmgren,https://www.basketball-reference.com/players/h/holmgch01.html,2024,2023-11-12,OKC,PHO,@,"W, 111-99",,33:07,5,10,3,6,5,5,0,6,6,4,0,2,0,3,18
Chet Holmgren,https://www.basketball-reference.com/players/h/holmgch01.html,2024,2023-11-14,OKC,SAS,,"W, 123-87",,29:39,3,10,1,5,2,2,0,7,7,3,2,1,2,2,9
Chet Holmgren,https://www.basketball-reference.com/players/h/holmgch01.html,2024,2023-11-16,OKC,GSW,@,"W, 128-109",,27:06,4,7,0,2,5,5,1,9,10,2,0,2,4,2,13
Chet Holmgren,https://www.basketball-reference.com/players/h/holmgch01.html,2024,2023-11-18,OKC,GSW,@,"W, 130-123 (OT)",,36:57,14,22,2,5,6,7,4,6,10,5,2,2,4,2,36
Chet Holmgren,https://www.basketball-reference.com/players/h/holmgch01.html,2024,2023-11-19,OKC,POR,@,"W, 134-91",,20:03,6,6,2,2,2,2,0,6,6,0,0,2,0,1,16
Chet Holmgren,https://www.basketball-reference.com/players/h/holmgch01.html,2024,2023-11-22,OKC,CHI,,"W, 116-102",,31:47,5,11,0,3,8,11,5,8,13,2,1,4,2,3,18
Chet Holmgren,https://www.basketball-reference.com/players/h/holmgch01.html,2024,2023-11-25,OKC,PHI,,"L, 123-127",,31:31,13,21,5,11,2,2,1,5,6,2,0,3,1,3,33
Chet Holmgren,https://www.basketball-reference.com/players/h/holmgch01.html,2024,2023-11-28,OKC,MIN,@,"L, 103-106",,33:50,6,20,3,8,1,2,2,6,8,6,1,1,0,2,16
Chet Holmgren,https://www.basketball-reference.com/players/h/holmgch01.html,2024,2023-11-30,OKC,LAL,,"W, 133-110",,28:16,8,15,1,6,1,1,1,4,5,1,2,0,2,3,18
Chet Holmgren,https://www.basketball-reference.com/players/h/holmgch01.html,2024,2023-12-02,OKC,DAL,@,"W, 126-120",,30:19,4,10,0,3,3,4,3,8,11,3,1,4,2,3,11
Chet Holmgren,https://www.basketball-reference.com/players/h/holmgch01.html,2024,2023-12-06,OKC,HOU,@,"L, 101-110",,25:59,2,9,0,4,0,0,1,4,5,2,1,6,1,2,4
Chet Holmgren,https://www.basketball-reference.com/players/h/holmgch01.html,2024,2023-12-08,OKC,GSW,,"W, 138-136 (OT)",,34:35,6,12,1,4,8,8,2,5,7,1,0,3,3,4,21
Chet Holmgren,https://www.basketball-reference.com/players/h/holmgch01.html,2024,2023-12-11,OKC,UTA,,"W, 134-120",,25:02,6,9,2,3,2,2,2,6,8,2,1,2,3,2,16
Chet Holmgren,https://www.basketball-reference.com/players/h/holmgch01.html,2024,2023-12-14,OKC,SAC,@,"L, 123-128",,30:02,6,12,0,2,2,2,2,9,11,1,0,3,1,4,14
Chet Holmgren,https://www.basketball-reference.com/players/h/holmgch01.html,2024,2023-12-16,OKC,DEN,@,"W, 118-117",,32:21,6,12,1,4,4,6,1,10,11,1,0,8,1,3,17
Chet Holmgren,https://www.basketball-reference.com/players/h/holmgch01.html,2024,2023-12-18,OKC,MEM,,"W, 116-97",,24:54,7,14,2,4,1,1,2,4,6,2,1,7,2,2,17
Chet Holmgren,https://www.basketball-reference.com/players/h/holmgch01.html,2024,2023-12-21,OKC,LAC,,"W, 134-115",,29:33,9,11,2,3,3,3,0,6,6,7,0,0,1,1,23
Chet Holmgren,https://www.basketball-reference.com/players/h/holmgch01.html,2024,2023-12-23,OKC,LAL,,"L, 120-129",,34:04,8,18,1,6,2,5,4,6,10,0,1,3,0,1,19
Chet Holmgren,https://www.basketball-reference.com/players/h/holmgch01.html,2024,2023-12-26,OKC,MIN,,"W, 129-106",,28:51,8,13,3,6,1,2,0,4,4,5,0,1,1,4,20
Chet Holmgren,https://www.basketball-reference.com/players/h/holmgch01.html,2024,2023-12-27,OKC,NYK,,"W, 129-120",,30:08,9,14,1,4,3,4,1,4,5,1,0,4,0,4,22
Chet Holmgren,https://www.basketball-reference.com/players/h/holmgch01.html,2024,2023-12-29,OKC,DEN,@,"W, 119-93",,28:27,9,14,4,4,2,2,3,3,6,3,0,2,2,1,24
Chet Holmgren,https://www.basketball-reference.com/players/h/holmgch01.html,2024,2023-12-31,OKC,BRK,,"W, 124-108",,32:22,7,10,3,5,1,2,0,10,10,3,0,2,3,3,18
Chet Holmgren,https://www.basketball-reference.com/players/h/holmgch01.html,2024,2024-01-02,OKC,BOS,,"W, 127-123",,32:43,5,9,3,5,1,2,0,3,3,7,0,4,1,1,14
Chet Holmgren,https://www.basketball-reference.com/players/h/holmgch01.html,2024,2024-01-03,OKC,ATL,@,"L, 138-141",,24:34,5,9,2,5,0,0,0,3,3,1,0,0,4,1,12
Chet Holmgren,https://www.basketball-reference.com/players/h/holmgch01.html,2024,2024-01-05,OKC,BRK,@,"L, 115-124",,34:59,8,15,0,4,1,2,3,3,6,3,1,1,1,3,17
Chet Holmgren,https://www.basketball-reference.com/players/h/holmgch01.html,2024,2024-01-08,OKC,WAS,@,"W, 136-128",,31:47,11,14,4,5,5,8,1,3,4,5,0,2,0,3,31
Chet Holmgren,https://www.basketball-reference.com/players/h/holmgch01.html,2024,2024-01-10,OKC,MIA,@,"W, 128-120",,33:17,10,15,1,5,2,3,0,9,9,2,0,3,2,4,23
Chet Holmgren,https://www.basketball-reference.com/players/h/holmgch01.html,2024,2024-01-11,OKC,POR,,"W, 139-77",,20:08,9,13,1,3,0,2,1,3,4,3,1,0,0,2,19
Chet Holmgren,https://www.basketball-reference.com/players/h/holmgch01.html,2024,2024-01-13,OKC,ORL,,"W, 112-100",,31:33,7,14,1,5,0,0,2,6,8,3,1,2,2,0,15
Chet Holmgren,https://www.basketball-reference.com/players/h/holmgch01.html,2024,2024-01-15,OKC,LAL,@,"L, 105-112",,30:29,4,9,1,4,0,0,1,7,8,4,1,3,3,5,9
Chet Holmgren,https://www.basketball-reference.com/players/h/holmgch01.html,2024,2024-01-16,OKC,LAC,@,"L, 117-128",,33:07,2,10,0,2,4,6,0,5,5,5,0,1,1,4,8
Chet Holmgren,https://www.basketball-reference.com/players/h/holmgch01.html,2024,2024-01-18,OKC,UTA,@,"W, 134-129",,31:55,6,16,2,6,1,2,0,5,5,5,0,4,3,3,15
Chet Holmgren,https://www.basketball-reference.com/players/h/holmgch01.html,2024,2024-01-20,OKC,MIN,@,"W, 102-97",,33:05,4,8,1,2,6,6,1,4,5,2,1,2,0,4,15
Chet Holmgren,https://www.basketball-reference.com/players/h/holmgch01.html,2024,2024-01-23,OKC,POR,,"W, 111-109",,32:26,3,6,0,2,2,4,1,9,10,3,0,6,1,1,8
Chet Holmgren,https://www.basketball-reference.com/players/h/holmgch01.html,2024,2024-01-24,OKC,SAS,@,"W, 140-114",,30:08,7,13,2,4,1,3,4,5,9,4,1,3,3,3,17
Chet Holmgren,https://www.basketball-reference.com/players/h/holmgch01.html,2024,2024-01-26,OKC,NOP,@,"W, 107-83",,30:16,9,16,2,6,0,0,2,11,13,0,1,2,0,1,20
Chet Holmgren,https://www.basketball-reference.com/players/h/holmgch01.html,2024,2024-01-28,OKC,DET,@,"L, 104-120",,23:11,4,11,1,5,0,1,1,11,12,1,0,1,1,0,9
Chet Holmgren,https://www.basketball-reference.com/players/h/holmgch01.html,2024,2024-01-29,OKC,MIN,,"L, 101-107",,32:00,2,9,0,2,0,0,1,6,7,2,0,3,2,0,4
Chet Holmgren,https://www.basketball-reference.com/players/h/holmgch01.html,2024,2024-01-31,OKC,DEN,,"W, 105-100",,32:07,7,13,3,4,1,2,5,8,13,3,0,5,2,0,18
Chet Holmgren,https://www.basketball-reference.com/players/h/holmgch01.html,2024,2024-02-02,OKC,CHO,,"W, 126-106",,23:20,5,9,3,6,3,4,0,6,6,3,1,2,1,1,16
Chet Holmgren,https://www.basketball-reference.com/players/h/holmgch01.html,2024,2024-02-04,OKC,TOR,,"W, 135-127 (2OT)",,41:15,9,17,4,10,0,0,0,5,5,4,2,2,2,1,22
Chet Holmgren,https://www.basketball-reference.com/players/h/holmgch01.html,2024,2024-02-06,OKC,UTA,@,"L, 117-124",,30:50,8,13,4,6,2,4,3,5,8,3,3,4,1,3,22
Chet Holmgren,https://www.basketball-reference.com/players/h/holmgch01.html,2024,2024-02-10,OKC,DAL,@,"L, 111-146",,22:00,4,7,2,3,3,4,4,8,12,0,0,1,0,4,13
Chet Holmgren,https://www.basketball-reference.com/players/h/holmgch01.html,2024,2024-02-11,OKC,SAC,,"W, 127-113",,30:44,5,9,0,2,4,4,1,3,4,2,2,4,2,3,14
Chet Holmgren,https://www.basketball-reference.com/players/h/holmgch01.html,2024,2024-02-13,OKC,ORL,@,"W, 127-113",,31:46,4,8,1,3,4,4,2,7,9,1,1,5,1,5,13
Chet Holmgren,https://www.basketball-reference.com/players/h/holmgch01.html,2024,2024-02-22,OKC,LAC,,"W, 129-107",,32:55,6,12,3,6,2,3,3,7,10,3,0,3,3,4,17
Chet Holmgren,https://www.basketball-reference.com/players/h/holmgch01.html,2024,2024-02-23,OKC,WAS,,"W, 147-106",,23:04,11,14,2,5,1,2,1,9,10,0,0,2,3,2,25
Chet Holmgren,https://www.basketball-reference.com/players/h/holmgch01.html,2024,2024-02-25,OKC,HOU,@,"W, 123-110",,33:12,11,16,5,8,2,2,2,6,8,7,1,3,2,3,29
Chet Holmgren,https://www.basketball-reference.com/players/h/holmgch01.html,2024,2024-02-27,OKC,HOU,,"W, 112-95",,33:35,6,13,1,4,5,5,2,11,13,2,1,3,2,4,18
Chet Holmgren,https://www.basketball-reference.com/players/h/holmgch01.html,2024,2024-02-29,OKC,SAS,@,"L, 118-132",,33:08,8,12,1,4,6,6,0,7,7,5,0,1,1,1,23
Chet Holmgren,https://www.basketball-reference.com/players/h/holmgch01.html,2024,2024-03-03,OKC,PHO,@,"W, 118-110",,31:35,5,10,0,1,4,5,4,5,9,2,1,0,1,1,14
Chet Holmgren,https://www.basketball-reference.com/players/h/holmgch01.html,2024,2024-03-04,OKC,LAL,@,"L, 104-116",,28:10,6,14,2,6,1,1,3,4,7,1,0,1,0,0,15
Chet Holmgren,https://www.basketball-reference.com/players/h/holmgch01.html,2024,2024-03-06,OKC,POR,@,"W, 128-120",,33:11,6,9,1,4,8,10,2,12,14,5,0,1,1,1,21
Chet Holmgren,https://www.basketball-reference.com/players/h/holmgch01.html,2024,2024-03-08,OKC,MIA,,"W, 107-100",,29:28,3,9,1,4,0,0,0,3,3,3,0,0,0,1,7
Chet Holmgren,https://www.basketball-reference.com/players/h/holmgch01.html,2024,2024-03-10,OKC,MEM,,"W, 124-93",,21:34,4,10,0,4,0,0,1,5,6,2,0,2,3,2,8
Chet Holmgren,https://www.basketball-reference.com/players/h/holmgch01.html,2024,2024-03-12,OKC,IND,,"L, 111-121",,35:25,6,16,3,6,0,0,2,11,13,3,0,2,0,2,15
Chet Holmgren,https://www.basketball-reference.com/players/h/holmgch01.html,2024,2024-03-14,OKC,DAL,,"W, 126-119",,32:07,4,6,2,3,1,1,1,7,8,1,1,1,0,1,11
Chet Holmgren,https://www.basketball-reference.com/players/h/holmgch01.html,2024,2024-03-16,OKC,MEM,@,"W, 118-112",,31:35,8,13,2,4,4,4,1,10,11,2,1,3,1,2,22
Chet Holmgren,https://www.basketball-reference.com/players/h/holmgch01.html,2024,2024-03-20,OKC,UTA,,"W, 119-107",,30:49,12,18,1,5,10,12,3,11,14,1,2,3,2,1,35
Chet Holmgren,https://www.basketball-reference.com/players/h/holmgch01.html,2024,2024-03-22,OKC,TOR,@,"W, 123-103",,26:36,8,13,2,4,0,0,3,7,10,1,2,1,0,1,18
Chet Holmgren,https://www.basketball-reference.com/players/h/holmgch01.html,2024,2024-03-24,OKC,MIL,@,"L, 93-118",,25:28,1,10,0,5,4,4,1,3,4,0,0,0,1,1,6
Chet Holmgren,https://www.basketball-reference.com/players/h/holmgch01.html,2024,2024-03-26,OKC,NOP,@,"W, 119-112",,33:29,7,13,1,6,1,2,0,9,9,4,0,2,1,3,16
Chet Holmgren,https://www.basketball-reference.com/players/h/holmgch01.html,2024,2024-03-27,OKC,HOU,,"L, 126-132 (OT)",,18:20,0,2,0,2,2,2,0,7,7,0,0,3,5,6,2
Chet Holmgren,https://www.basketball-reference.com/players/h/holmgch01.html,2024,2024-03-29,OKC,PHO,,"W, 128-103",,27:41,6,10,0,0,8,8,1,5,6,2,0,1,1,1,20
Chet Holmgren,https://www.basketball-reference.com/players/h/holmgch01.html,2024,2024-03-31,OKC,NYK,@,"W, 113-112",,26:13,2,8,1,6,0,2,1,4,5,0,0,1,3,4,5
Chet Holmgren,https://www.basketball-reference.com/players/h/holmgch01.html,2024,2024-04-02,OKC,PHI,@,"L, 105-109",,29:06,7,14,3,6,5,5,1,6,7,1,0,2,3,4,22
Chet Holmgren,https://www.basketball-reference.com/players/h/holmgch01.html,2024,2024-04-03,OKC,BOS,@,"L, 100-135",,27:28,5,14,0,3,1,2,1,6,7,2,0,0,1,1,11
Chet Holmgren,https://www.basketball-reference.com/players/h/holmgch01.html,2024,2024-04-05,OKC,IND,@,"L, 112-126",,28:07,4,12,1,6,6,8,0,8,8,0,0,3,2,4,15
Chet Holmgren,https://www.basketball-reference.com/players/h/holmgch01.html,2024,2024-04-07,OKC,CHO,@,"W, 121-118",,30:57,6,12,3,6,5,7,3,7,10,2,2,3,3,3,20
Chet Holmgren,https://www.basketball-reference.com/players/h/holmgch01.html,2024,2024-04-09,OKC,SAC,,"W, 112-105",,34:06,5,9,2,5,3,6,3,6,9,2,2,2,0,1,15
Chet Holmgren,https://www.basketball-reference.com/players/h/holmgch01.html,2024,2024-04-10,OKC,SAS,,"W, 127-89",,14:37,3,8,1,2,2,2,1,5,6,2,1,0,0,3,9
Chet Holmgren,https://www.basketball-reference.com/players/h/holmgch01.html,2024,2024-04-12,OKC,MIL,,"W, 125-107",,25:00,9,13,1,4,3,3,3,6,9,3,1,3,2,2,22
Chet Holmgren,https://www.basketball-reference.com/players/h/holmgch01.html,2024,2024-04-14,OKC,DAL,,"W, 135-86",,11:32,6,8,0,1,1,1,2,7,9,0,0,1,2,1,13
Keyontae Johnson,https://www.basketball-reference.com/players/j/johnske08.html,2024,2023-10-25,OKC,CHI,@,"W, 124-104",,,,,,,,,,,,,,,,,
Keyontae Johnson,https://www.basketball-reference.com/players/j/johnske08.html,2024,2023-10-27,OKC,CLE,@,"W, 108-105",,,,,,,,,,,,,,,,,
Keyontae Johnson,https://www.basketball-reference.com/players/j/johnske08.html,2024,2023-10-29,OKC,DEN,,"L, 95-128",,05:31,0,1,0,0,0,0,0,0,0,0,0,0,0,0,0
Keyontae Johnson,https://www.basketball-reference.com/players/j/johnske08.html,2024,2023-10-30,OKC,DET,,"W, 124-112",,,,,,,,,,,,,,,,,
Keyontae Johnson,https://www.basketball-reference.com/players/j/johnske08.html,2024,,,,,,,,,,,,,,,,,,,,,,
Keyontae Johnson,https://www.basketball-reference.com/players/j/johnske08.html,2024,2023-11-01,OKC,NOP,,"L, 106-110",,,,,,,,,,,,,,,,,
Keyontae Johnson,https://www.basketball-reference.com/players/j/johnske08.html,2024,2023-11-03,OKC,GSW,,"L, 139-141",,,,,,,,,,,,,,,,,
Keyontae Johnson,https://www.basketball-reference.com/players/j/johnske08.html,2024,2023-11-06,OKC,ATL,,"W, 126-117",,,,,,,,,,,,,,,,,
Keyontae Johnson,https://www.basketball-reference.com/players/j/johnske08.html,2024,2023-11-08,OKC,CLE,,"W, 128-120",,,,,,,,,,,,,,,,,
Keyontae Johnson,https://www.basketball-reference.com/players/j/johnske08.html,2024,2023-11-10,OKC,SAC,@,"L, 98-105",,,,,,,,,,,,,,,,,
Keyontae Johnson,https://www.basketball-reference.com/players/j/johnske08.html,2024,2023-11-12,OKC,PHO,@,"W, 111-99",,,,,,,,,,,,,,,,,
Keyontae Johnson,https://www.basketball-reference.com/players/j/johnske08.html,2024,2023-11-14,OKC,SAS,,"W, 123-87",,,,,,,,,,,,,,,,,
Keyontae Johnson,https://www.basketball-reference.com/players/j/johnske08.html,2024,2023-11-16,OKC,GSW,@,"W, 128-109",,,,,,,,,,,,,,,,,
Keyontae Johnson,https://www.basketball-reference.com/players/j/johnske08.html,2024,2023-11-18,OKC,GSW,@,"W, 130-123 (OT)",,,,,,,,,,,,,,,,,
Keyontae Johnson,https://www.basketball-reference.com/players/j/johnske08.html,2024,2023-11-19,OKC,POR,@,"W, 134-91",,,,,,,,,,,,,,,,,
Keyontae Johnson,https://www.basketball-reference.com/players/j/johnske08.html,2024,2023-11-22,OKC,CHI,,"W, 116-102",,,,,,,,,,,,,,,,,
Keyontae Johnson,https://www.basketball-reference.com/players/j/johnske08.html,2024,2023-11-25,OKC,PHI,,"L, 123-127",,,,,,,,,,,,,,,,,
Keyontae Johnson,https://www.basketball-reference.com/players/j/johnske08.html,2024,2023-11-28,OKC,MIN,@,"L, 103-106",,,,,,,,,,,,,,,,,
Keyontae Johnson,https://www.basketball-reference.com/players/j/johnske08.html,2024,2023-11-30,OKC,LAL,,"W, 133-110",,,,,,,,,,,,,,,,,
Keyontae Johnson,https://www.basketball-reference.com/players/j/johnske08.html,2024,2023-12-02,OKC,DAL,@,"W, 126-120",,,,,,,,,,,,,,,,,
Keyontae Johnson,https://www.basketball-reference.com/players/j/johnske08.html,2024,2023-12-06,OKC,HOU,@,"L, 101-110",,,,,,,,,,,,,,,,,
Keyontae Johnson,https://www.basketball-reference.com/players/j/johnske08.html,2024,2023-12-08,OKC,GSW,,"W, 138-136 (OT)",,,,,,,,,,,,,,,,,
Keyontae Johnson,https://www.basketball-reference.com/players/j/johnske08.html,2024,2023-12-11,OKC,UTA,,"W, 134-120",,,,,,,,,,,,,,,,,
Keyontae Johnson,https://www.basketball-reference.com/players/j/johnske08.html,2024,2023-12-14,OKC,SAC,@,"L, 123-128",,,,,,,,,,,,,,,,,
Keyontae Johnson,https://www.basketball-reference.com/players/j/johnske08.html,2024,2023-12-16,OKC,DEN,@,"W, 118-117",,,,,,,,,,,,,,,,,
Keyontae Johnson,https://www.basketball-reference.com/players/j/johnske08.html,2024,2023-12-18,OKC,MEM,,"W, 116-97",,,,,,,,,,,,,,,,,
Keyontae Johnson,https://www.basketball-reference.com/players/j/johnske08.html,2024,2023-12-21,OKC,LAC,,"W, 134-115",,,,,,,,,,,,,,,,,
Keyontae Johnson,https://www.basketball-reference.com/players/j/johnske08.html,2024,2023-12-23,OKC,LAL,,"L, 120-129",,,,,,,,,,,,,,,,,
Keyontae Johnson,https://www.basketball-reference.com/players/j/johnske08.html,2024,2023-12-26,OKC,MIN,,"W, 129-106",,,,,,,,,,,,,,,,,
Keyontae Johnson,https://www.basketball-reference.com/players/j/johnske08.html,2024,2023-12-27,OKC,NYK,,"W, 129-120",,,,,,,,,,,,,,,,,
Keyontae Johnson,https://www.basketball-reference.com/players/j/johnske08.html,2024,2023-12-29,OKC,DEN,@,"W, 119-93",,,,,,,,,,,,,,,,,
Keyontae Johnson,https://www.basketball-reference.com/players/j/johnske08.html,2024,2023-12-31,OKC,BRK,,"W, 124-108",,,,,,,,,,,,,,,,,
Keyontae Johnson,https://www.basketball-reference.com/players/j/johnske08.html,2024,2024-01-02,OKC,BOS,,"W, 127-123",,,,,,,,,,,,,,,,,
Keyontae Johnson,https://www.basketball-reference.com/players/j/johnske08.html,2024,2024-01-03,OKC,ATL,@,"L, 138-141",,,,,,,,,,,,,,,,,
Keyontae Johnson,https://www.basketball-reference.com/players/j/johnske08.html,2024,2024-01-05,OKC,BRK,@,"L, 115-124",,,,,,,,,,,,,,,,,
Keyontae Johnson,https://www.basketball-reference.com/players/j/johnske08.html,2024,2024-01-08,OKC,WAS,@,"W, 136-128",,,,,,,,,,,,,,,,,
Keyontae Johnson,https://www.basketball-reference.com/players/j/johnske08.html,2024,2024-01-10,OKC,MIA,@,"W, 128-120",,,,,,,,,,,,,,,,,
Keyontae Johnson,https://www.basketball-reference.com/players/j/johnske08.html,2024,2024-01-11,OKC,POR,,"W, 139-77",,17:46,2,5,0,1,0,0,1,2,3,2,0,0,2,1,4
Keyontae Johnson,https://www.basketball-reference.com/players/j/johnske08.html,2024,2024-01-13,OKC,ORL,,"W, 112-100",,,,,,,,,,,,,,,,,
Keyontae Johnson,https://www.basketball-reference.com/players/j/johnske08.html,2024,2024-01-15,OKC,LAL,@,"L, 105-112",,,,,,,,,,,,,,,,,
Keyontae Johnson,https://www.basketball-reference.com/players/j/johnske08.html,2024,2024-01-16,OKC,LAC,@,"L, 117-128",,,,,,,,,,,,,,,,,
Keyontae Johnson,https://www.basketball-reference.com/players/j/johnske08.html,2024,2024-01-18,OKC,UTA,@,"W, 134-129",,,,,,,,,,,,,,,,,
Keyontae Johnson,https://www.basketball-reference.com/players/j/johnske08.html,2024,2024-01-20,OKC,MIN,@,"W, 102-97",,,,,,,,,,,,,,,,,
Keyontae Johnson,https://www.basketball-reference.com/players/j/johnske08.html,2024,2024-01-23,OKC,POR,,"W, 111-109",,04:44,0,0,0,0,0,0,1,0,1,1,0,0,0,1,0
Keyontae Johnson,https://www.basketball-reference.com/players/j/johnske08.html,2024,2024-01-24,OKC,SAS,@,"W, 140-114",,04:45,0,2,0,0,0,0,0,0,0,1,0,0,1,0,0
Keyontae Johnson,https://www.basketball-reference.com/players/j/johnske08.html,2024,2024-01-26,OKC,NOP,@,"W, 107-83",,02:15,0,0,0,0,0,0,0,0,0,0,0,0,0,0,0
Keyontae Johnson,https://www.basketball-reference.com/players/j/johnske08.html,2024,2024-01-28,OKC,DET,@,"L, 104-120",,12:42,2,3,1,1,0,0,1,1,2,0,0,0,0,1,5
Keyontae Johnson,https://www.basketball-reference.com/players/j/johnske08.html,2024,2024-01-29,OKC,MIN,,"L, 101-107",,,,,,,,,,,,,,,,,
Keyontae Johnson,https://www.basketball-reference.com/players/j/johnske08.html,2024,2024-01-31,OKC,DEN,,"W, 105-100",,,,,,,,,,,,,,,,,
Keyontae Johnson,https://www.basketball-reference.com/players/j/johnske08.html,2024,2024-02-02,OKC,CHO,,"W, 126-106",,09:36,0,1,0,0,0,0,0,0,0,0,0,0,1,1,0
Keyontae Johnson,https://www.basketball-reference.com/players/j/johnske08.html,2024,2024-02-04,OKC,TOR,,"W, 135-127 (2OT)",,,,,,,,,,,,,,,,,
Keyontae Johnson,https://www.basketball-reference.com/players/j/johnske08.html,2024,2024-02-06,OKC,UTA,@,"L, 117-124",,,,,,,,,,,,,,,,,
Keyontae Johnson,https://www.basketball-reference.com/players/j/johnske08.html,2024,2024-02-10,OKC,DAL,@,"L, 111-146",,,,,,,,,,,,,,,,,
Keyontae Johnson,https://www.basketball-reference.com/players/j/johnske08.html,2024,2024-02-11,OKC,SAC,,"W, 127-113",,,,,,,,,,,,,,,,,
Keyontae Johnson,https://www.basketball-reference.com/players/j/johnske08.html,2024,2024-02-13,OKC,ORL,@,"W, 127-113",,,,,,,,,,,,,,,,,
Keyontae Johnson,https://www.basketball-reference.com/players/j/johnske08.html,2024,2024-02-22,OKC,LAC,,"W, 129-107",,,,,,,,,,,,,,,,,
Keyontae Johnson,https://www.basketball-reference.com/players/j/johnske08.html,2024,2024-02-23,OKC,WAS,,"W, 147-106",,06:24,0,2,0,1,0,0,0,3,3,0,0,0,0,1,0
Keyontae Johnson,https://www.basketball-reference.com/players/j/johnske08.html,2024,2024-02-25,OKC,HOU,@,"W, 123-110",,,,,,,,,,,,,,,,,
Keyontae Johnson,https://www.basketball-reference.com/players/j/johnske08.html,2024,2024-02-27,OKC,HOU,,"W, 112-95",,02:29,1,2,0,0,0,0,1,0,1,0,1,0,0,0,2
Keyontae Johnson,https://www.basketball-reference.com/players/j/johnske08.html,2024,2024-02-29,OKC,SAS,@,"L, 118-132",,,,,,,,,,,,,,,,,
Keyontae Johnson,https://www.basketball-reference.com/players/j/johnske08.html,2024,2024-03-03,OKC,PHO,@,"W, 118-110",,,,,,,,,,,,,,,,,
Keyontae Johnson,https://www.basketball-reference.com/players/j/johnske08.html,2024,2024-03-04,OKC,LAL,@,"L, 104-116",,,,,,,,,,,,,,,,,
Keyontae Johnson,https://www.basketball-reference.com/players/j/johnske08.html,2024,2024-03-06,OKC,POR,@,"W, 128-120",,,,,,,,,,,,,,,,,
Keyontae Johnson,https://www.basketball-reference.com/players/j/johnske08.html,2024,2024-03-08,OKC,MIA,,"W, 107-100",,,,,,,,,,,,,,,,,
Keyontae Johnson,https://www.basketball-reference.com/players/j/johnske08.html,2024,2024-03-10,OKC,MEM,,"W, 124-93",,,,,,,,,,,,,,,,,
Keyontae Johnson,https://www.basketball-reference.com/players/j/johnske08.html,2024,2024-03-12,OKC,IND,,"L, 111-121",,,,,,,,,,,,,,,,,
Keyontae Johnson,https://www.basketball-reference.com/players/j/johnske08.html,2024,2024-03-14,OKC,DAL,,"W, 126-119",,,,,,,,,,,,,,,,,
Keyontae Johnson,https://www.basketball-reference.com/players/j/johnske08.html,2024,2024-03-16,OKC,MEM,@,"W, 118-112",,,,,,,,,,,,,,,,,
Keyontae Johnson,https://www.basketball-reference.com/players/j/johnske08.html,2024,2024-03-20,OKC,UTA,,"W, 119-107",,,,,,,,,,,,,,,,,
Keyontae Johnson,https://www.basketball-reference.com/players/j/johnske08.html,2024,2024-03-22,OKC,TOR,@,"W, 123-103",,,,,,,,,,,,,,,,,
Keyontae Johnson,https://www.basketball-reference.com/players/j/johnske08.html,2024,2024-03-24,OKC,MIL,@,"L, 93-118",,,,,,,,,,,,,,,,,
Keyontae Johnson,https://www.basketball-reference.com/players/j/johnske08.html,2024,2024-03-26,OKC,NOP,@,"W, 119-112",,,,,,,,,,,,,,,,,
Keyontae Johnson,https://www.basketball-reference.com/players/j/johnske08.html,2024,2024-03-27,OKC,HOU,,"L, 126-132 (OT)",,,,,,,,,,,,,,,,,
Keyontae Johnson,https://www.basketball-reference.com/players/j/johnske08.html,2024,2024-03-29,OKC,PHO,,"W, 128-103",,,,,,,,,,,,,,,,,
Keyontae Johnson,https://www.basketball-reference.com/players/j/johnske08.html,2024,2024-03-31,OKC,NYK,@,"W, 113-112",,,,,,,,,,,,,,,,,
Keyontae Johnson,https://www.basketball-reference.com/players/j/johnske08.html,2024,2024-04-02,OKC,PHI,@,"L, 105-109",,,,,,,,,,,,,,,,,
Keyontae Johnson,https://www.basketball-reference.com/players/j/johnske08.html,2024,2024-04-03,OKC,BOS,@,"L, 100-135",,,,,,,,,,,,,,,,,
Keyontae Johnson,https://www.basketball-reference.com/players/j/johnske08.html,2024,2024-04-05,OKC,IND,@,"L, 112-126",,,,,,,,,,,,,,,,,
Keyontae Johnson,https://www.basketball-reference.com/players/j/johnske08.html,2024,2024-04-07,OKC,CHO,@,"W, 121-118",,,,,,,,,,,,,,,,,
Keyontae Johnson,https://www.basketball-reference.com/players/j/johnske08.html,2024,2024-04-09,OKC,SAC,,"W, 112-105",,,,,,,,,,,,,,,,,
Keyontae Johnson,https://www.basketball-reference.com/players/j/johnske08.html,2024,2024-04-10,OKC,SAS,,"W, 127-89",,,,,,,,,,,,,,,,,
Keyontae Johnson,https://www.basketball-reference.com/players/j/johnske08.html,2024,2024-04-12,OKC,MIL,,"W, 125-107",,,,,,,,,,,,,,,,,
Keyontae Johnson,https://www.basketball-reference.com/players/j/johnske08.html,2024,2024-04-14,OKC,DAL,,"W, 135-86",,,,,,,,,,,,,,,,,
Vasilije Micić,https://www.basketball-reference.com/players/m/micicva01.html,2024,2023-10-25,OKC,CHI,@,"W, 124-104",,,,,,,,,,,,,,,,,
Vasilije Micić,https://www.basketball-reference.com/players/m/micicva01.html,2024,2023-10-27,OKC,CLE,@,"W, 108-105",,06:00,1,1,1,1,0,0,0,0,0,1,0,0,2,0,3
Vasilije Micić,https://www.basketball-reference.com/players/m/micicva01.html,2024,2023-10-29,OKC,DEN,,"L, 95-128",,14:10,1,3,0,2,0,0,0,0,0,3,0,0,2,1,2
Vasilije Micić,https://www.basketball-reference.com/players/m/micicva01.html,2024,2023-10-30,OKC,DET,,"W, 124-112",,,,,,,,,,,,,,,,,
Vasilije Micić,https://www.basketball-reference.com/players/m/micicva01.html,2024,,,,,,,,,,,,,,,,,,,,,,
Vasilije Micić,https://www.basketball-reference.com/players/m/micicva01.html,2024,2023-11-01,OKC,NOP,,"L, 106-110",,,,,,,,,,,,,,,,,
Vasilije Micić,https://www.basketball-reference.com/players/m/micicva01.html,2024,2023-11-03,OKC,GSW,,"L, 139-141",,12:05,2,5,1,2,0,0,0,1,1,3,0,0,0,1,5
Vasilije Micić,https://www.basketball-reference.com/players/m/micicva01.html,2024,2023-11-06,OKC,ATL,,"W, 126-117",,,,,,,,,,,,,,,,,
Vasilije Micić,https://www.basketball-reference.com/players/m/micicva01.html,2024,2023-11-08,OKC,CLE,,"W, 128-120",,,,,,,,,,,,,,,,,
Vasilije Micić,https://www.basketball-reference.com/players/m/micicva01.html,2024,2023-11-10,OKC,SAC,@,"L, 98-105",,,,,,,,,,,,,,,,,
Vasilije Micić,https://www.basketball-reference.com/players/m/micicva01.html,2024,2023-11-12,OKC,PHO,@,"W, 111-99",,,,,,,,,,,,,,,,,
Vasilije Micić,https://www.basketball-reference.com/players/m/micicva01.html,2024,2023-11-14,OKC,SAS,,"W, 123-87",,19:10,2,4,2,3,2,4,0,1,1,4,1,0,2,1,8
Vasilije Micić,https://www.basketball-reference.com/players/m/micicva01.html,2024,2023-11-16,OKC,GSW,@,"W, 128-109",,21:21,1,5,1,3,2,2,0,2,2,7,0,0,0,3,5
Vasilije Micić,https://www.basketball-reference.com/players/m/micicva01.html,2024,2023-11-18,OKC,GSW,@,"W, 130-123 (OT)",,07:53,1,1,0,0,0,0,0,0,0,1,0,0,0,0,2
Vasilije Micić,https://www.basketball-reference.com/players/m/micicva01.html,2024,2023-11-19,OKC,POR,@,"W, 134-91",,06:19,0,1,0,0,0,0,0,0,0,1,0,0,2,0,0
Vasilije Micić,https://www.basketball-reference.com/players/m/micicva01.html,2024,2023-11-22,OKC,CHI,,"W, 116-102",,11:17,1,4,0,3,0,0,0,0,0,2,0,0,2,0,2
Vasilije Micić,https://www.basketball-reference.com/players/m/micicva01.html,2024,2023-11-25,OKC,PHI,,"L, 123-127",,,,,,,,,,,,,,,,,
Vasilije Micić,https://www.basketball-reference.com/players/m/micicva01.html,2024,2023-11-28,OKC,MIN,@,"L, 103-106",,,,,,,,,,,,,,,,,
Vasilije Micić,https://www.basketball-reference.com/players/m/micicva01.html,2024,2023-11-30,OKC,LAL,,"W, 133-110",,,,,,,,,,,,,,,,,
Vasilije Micić,https://www.basketball-reference.com/players/m/micicva01.html,2024,2023-12-02,OKC,DAL,@,"W, 126-120",,,,,,,,,,,,,,,,,
Vasilije Micić,https://www.basketball-reference.com/players/m/micicva01.html,2024,2023-12-06,OKC,HOU,@,"L, 101-110",,,,,,,,,,,,,,,,,
Vasilije Micić,https://www.basketball-reference.com/players/m/micicva01.html,2024,2023-12-08,OKC,GSW,,"W, 138-136 (OT)",,,,,,,,,,,,,,,,,
Vasilije Micić,https://www.basketball-reference.com/players/m/micicva01.html,2024,2023-12-11,OKC,UTA,,"W, 134-120",,15:59,1,5,0,3,0,0,0,1,1,5,1,0,0,0,2
Vasilije Micić,https://www.basketball-reference.com/players/m/micicva01.html,2024,2023-12-14,OKC,SAC,@,"L, 123-128",,,,,,,,,,,,,,,,,
Vasilije Micić,https://www.basketball-reference.com/players/m/micicva01.html,2024,2023-12-16,OKC,DEN,@,"W, 118-117",,,,,,,,,,,,,,,,,
Vasilije Micić,https://www.basketball-reference.com/players/m/micicva01.html,2024,2023-12-18,OKC,MEM,,"W, 116-97",,07:18,0,1,0,1,0,0,0,0,0,0,0,1,1,0,0
Vasilije Micić,https://www.basketball-reference.com/players/m/micicva01.html,2024,2023-12-21,OKC,LAC,,"W, 134-115",,,,,,,,,,,,,,,,,
Vasilije Micić,https://www.basketball-reference.com/players/m/micicva01.html,2024,2023-12-23,OKC,LAL,,"L, 120-129",,,,,,,,,,,,,,,,,
Vasilije Micić,https://www.basketball-reference.com/players/m/micicva01.html,2024,2023-12-26,OKC,MIN,,"W, 129-106",,15:59,1,7,0,4,0,0,0,0,0,4,2,0,1,3,2
Vasilije Micić,https://www.basketball-reference.com/players/m/micicva01.html,2024,2023-12-27,OKC,NYK,,"W, 129-120",,,,,,,,,,,,,,,,,
Vasilije Micić,https://www.basketball-reference.com/players/m/micicva01.html,2024,2023-12-29,OKC,DEN,@,"W, 119-93",,13:44,1,4,0,3,0,0,0,1,1,2,0,1,0,2,2
Vasilije Micić,https://www.basketball-reference.com/players/m/micicva01.html,2024,2023-12-31,OKC,BRK,,"W, 124-108",,12:23,1,1,0,0,0,0,1,2,3,4,1,0,0,4,2
Vasilije Micić,https://www.basketball-reference.com/players/m/micicva01.html,2024,2024-01-02,OKC,BOS,,"W, 127-123",,10:45,1,5,1,4,0,0,0,1,1,5,0,0,0,2,3
Vasilije Micić,https://www.basketball-reference.com/players/m/micicva01.html,2024,2024-01-03,OKC,ATL,@,"L, 138-141",,,,,,,,,,,,,,,,,
Vasilije Micić,https://www.basketball-reference.com/players/m/micicva01.html,2024,2024-01-05,OKC,BRK,@,"L, 115-124",,12:16,3,4,0,1,0,0,0,0,0,3,1,1,0,0,6
Vasilije Micić,https://www.basketball-reference.com/players/m/micicva01.html,2024,2024-01-08,OKC,WAS,@,"W, 136-128",,,,,,,,,,,,,,,,,
Vasilije Micić,https://www.basketball-reference.com/players/m/micicva01.html,2024,2024-01-10,OKC,MIA,@,"W, 128-120",,14:33,2,2,0,0,0,0,0,1,1,5,1,0,0,1,4
Vasilije Micić,https://www.basketball-reference.com/players/m/micicva01.html,2024,2024-01-11,OKC,POR,,"W, 139-77",,09:07,0,0,0,0,2,2,0,1,1,2,0,0,0,0,2
Vasilije Micić,https://www.basketball-reference.com/players/m/micicva01.html,2024,2024-01-13,OKC,ORL,,"W, 112-100",,11:16,3,5,1,2,0,0,0,2,2,1,1,0,1,1,7
Vasilije Micić,https://www.basketball-reference.com/players/m/micicva01.html,2024,2024-01-15,OKC,LAL,@,"L, 105-112",,15:04,2,4,2,2,0,0,0,1,1,1,0,0,0,2,6
Vasilije Micić,https://www.basketball-reference.com/players/m/micicva01.html,2024,2024-01-16,OKC,LAC,@,"L, 117-128",,11:18,3,4,0,1,1,1,0,1,1,2,0,0,0,0,7
Vasilije Micić,https://www.basketball-reference.com/players/m/micicva01.html,2024,2024-01-18,OKC,UTA,@,"W, 134-129",,08:57,2,2,0,0,2,2,0,0,0,1,0,0,1,1,6
Vasilije Micić,https://www.basketball-reference.com/players/m/micicva01.html,2024,2024-01-20,OKC,MIN,@,"W, 102-97",,07:38,0,2,0,0,0,0,0,0,0,0,0,0,0,0,0
Vasilije Micić,https://www.basketball-reference.com/players/m/micicva01.html,2024,2024-01-23,OKC,POR,,"W, 111-109",,06:41,0,1,0,0,1,2,0,0,0,0,0,0,1,0,1
Vasilije Micić,https://www.basketball-reference.com/players/m/micicva01.html,2024,2024-01-24,OKC,SAS,@,"W, 140-114",,13:47,1,2,0,1,0,0,0,1,1,3,1,0,3,0,2
Vasilije Micić,https://www.basketball-reference.com/players/m/micicva01.html,2024,2024-01-26,OKC,NOP,@,"W, 107-83",,16:38,1,2,0,0,1,1,0,2,2,1,0,0,2,0,3
Vasilije Micić,https://www.basketball-reference.com/players/m/micicva01.html,2024,2024-01-28,OKC,DET,@,"L, 104-120",,,,,,,,,,,,,,,,,
Vasilije Micić,https://www.basketball-reference.com/players/m/micicva01.html,2024,2024-01-29,OKC,MIN,,"L, 101-107",,04:01,0,1,0,1,0,0,0,1,1,0,0,0,1,0,0
Vasilije Micić,https://www.basketball-reference.com/players/m/micicva01.html,2024,2024-01-31,OKC,DEN,,"W, 105-100",,16:41,4,8,1,3,3,5,0,2,2,5,0,0,2,0,12
Vasilije Micić,https://www.basketball-reference.com/players/m/micicva01.html,2024,2024-02-02,OKC,CHO,,"W, 126-106",,14:04,1,2,0,1,0,0,0,0,0,4,0,0,3,0,2
Vasilije Micić,https://www.basketball-reference.com/players/m/micicva01.html,2024,2024-02-04,OKC,TOR,,"W, 135-127 (2OT)",,14:00,1,4,1,3,0,0,0,1,1,5,0,0,0,0,3
Vasilije Micić,https://www.basketball-reference.com/players/m/micicva01.html,2024,2024-02-06,OKC,UTA,@,"L, 117-124",,10:37,0,1,0,1,0,0,0,1,1,1,0,0,3,0,0
Vasilije Micić,https://www.basketball-reference.com/players/m/micicva01.html,2024,2024-02-09,CHO,MIL,@,"L, 84-120",,,,,,,,,,,,,,,,,
Vasilije Micić,https://www.basketball-reference.com/players/m/micicva01.html,2024,2024-02-10,CHO,MEM,,"W, 115-106",,26:15,8,13,2,3,0,0,0,1,1,9,0,0,3,1,18
Vasilije Micić,https://www.basketball-reference.com/players/m/micicva01.html,2024,2024-02-12,CHO,IND,,"W, 111-102",,21:11,1,3,0,1,0,0,1,2,3,4,0,0,2,3,2
Vasilije Micić,https://www.basketball-reference.com/players/m/micicva01.html,2024,2024-02-14,CHO,ATL,,"W, 122-99",,19:58,4,9,1,3,4,4,0,2,2,5,0,0,1,3,13
Vasilije Micić,https://www.basketball-reference.com/players/m/micicva01.html,2024,2024-02-22,CHO,UTA,@,"W, 115-107",,19:42,1,9,0,3,2,4,1,1,2,8,0,0,2,3,4
Vasilije Micić,https://www.basketball-reference.com/players/m/micicva01.html,2024,2024-02-23,CHO,GSW,@,"L, 84-97",,21:52,4,13,2,7,0,0,1,1,2,3,0,0,2,0,10
Vasilije Micić,https://www.basketball-reference.com/players/m/micicva01.html,2024,2024-02-25,CHO,POR,@,"W, 93-80",,24:27,5,6,1,2,0,0,0,2,2,7,2,0,0,1,11
Vasilije Micić,https://www.basketball-reference.com/players/m/micicva01.html,2024,2024-02-27,CHO,MIL,@,"L, 85-123",,16:32,1,4,0,2,0,0,0,0,0,3,0,0,2,1,2
Vasilije Micić,https://www.basketball-reference.com/players/m/micicva01.html,2024,2024-02-29,CHO,MIL,,"L, 99-111",,15:28,1,5,0,4,0,0,0,1,1,7,0,0,1,0,2
Vasilije Micić,https://www.basketball-reference.com/players/m/micicva01.html,2024,2024-03-01,CHO,PHI,@,"L, 114-121",,28:06,4,9,1,2,4,4,0,0,0,7,2,0,2,0,13
Vasilije Micić,https://www.basketball-reference.com/players/m/micicva01.html,2024,2024-03-03,CHO,TOR,@,"L, 106-111",,35:32,5,13,0,2,2,3,1,1,2,6,2,0,4,1,12
Vasilije Micić,https://www.basketball-reference.com/players/m/micicva01.html,2024,2024-03-05,CHO,ORL,,"L, 89-101",,28:57,8,15,1,4,4,4,2,3,5,4,2,0,4,2,21
Vasilije Micić,https://www.basketball-reference.com/players/m/micicva01.html,2024,2024-03-08,CHO,WAS,@,"L, 100-112",,32:00,6,14,0,5,2,2,0,3,3,3,0,0,3,1,14
Vasilije Micić,https://www.basketball-reference.com/players/m/micicva01.html,2024,2024-03-09,CHO,BRK,,"W, 110-99",,31:22,5,13,1,5,1,1,1,4,5,10,0,0,5,1,12
Vasilije Micić,https://www.basketball-reference.com/players/m/micicva01.html,2024,2024-03-11,CHO,DET,@,"L, 97-114",,32:52,3,7,3,5,2,2,1,4,5,7,1,0,2,3,11
Vasilije Micić,https://www.basketball-reference.com/players/m/micicva01.html,2024,2024-03-13,CHO,MEM,@,"W, 110-98",,30:15,9,10,5,6,2,2,0,0,0,8,2,0,2,2,25
Vasilije Micić,https://www.basketball-reference.com/players/m/micicva01.html,2024,2024-03-15,CHO,PHO,,"L, 96-107",,30:39,7,12,0,2,7,9,1,0,1,3,0,1,1,1,21
Vasilije Micić,https://www.basketball-reference.com/players/m/micicva01.html,2024,2024-03-16,CHO,PHI,@,"L, 98-109",,33:25,5,12,1,4,0,0,0,2,2,4,1,1,5,1,11
Vasilije Micić,https://www.basketball-reference.com/players/m/micicva01.html,2024,2024-03-19,CHO,ORL,@,"L, 92-112",,26:55,8,10,2,3,2,2,0,1,1,1,1,0,3,1,20
Vasilije Micić,https://www.basketball-reference.com/players/m/micicva01.html,2024,2024-03-23,CHO,ATL,@,"L, 91-132",,29:31,3,10,0,3,2,2,1,2,3,6,0,1,1,1,8
Vasilije Micić,https://www.basketball-reference.com/players/m/micicva01.html,2024,2024-03-25,CHO,CLE,@,"L, 92-115",,30:44,1,4,0,1,0,0,0,2,2,4,0,0,2,1,2
Vasilije Micić,https://www.basketball-reference.com/players/m/micicva01.html,2024,2024-03-27,CHO,CLE,,"W, 118-111",,34:07,5,11,1,3,0,0,0,1,1,12,2,0,5,3,11
Vasilije Micić,https://www.basketball-reference.com/players/m/micicva01.html,2024,2024-03-29,CHO,GSW,,"L, 97-115",,32:45,3,7,1,4,3,4,0,2,2,8,2,0,2,2,10
Vasilije Micić,https://www.basketball-reference.com/players/m/micicva01.html,2024,2024-03-31,CHO,LAC,,"L, 118-130",,35:26,4,14,2,7,0,2,3,2,5,13,1,0,0,4,10
Vasilije Micić,https://www.basketball-reference.com/players/m/micicva01.html,2024,2024-04-01,CHO,BOS,,"L, 104-118",,36:57,5,13,1,6,2,2,0,2,2,9,0,0,1,1,13
Vasilije Micić,https://www.basketball-reference.com/players/m/micicva01.html,2024,2024-04-03,CHO,POR,,"L, 86-89",,,,,,,,,,,,,,,,,
Vasilije Micić,https://www.basketball-reference.com/players/m/micicva01.html,2024,2024-04-05,CHO,ORL,,"W, 124-115",,34:48,4,9,1,5,5,5,0,5,5,9,1,0,3,3,14
Vasilije Micić,https://www.basketball-reference.com/players/m/micicva01.html,2024,2024-04-07,CHO,OKC,,"L, 118-121",,31:12,6,12,4,7,1,2,0,1,1,10,1,0,4,2,17
Vasilije Micić,https://www.basketball-reference.com/players/m/micicva01.html,2024,2024-04-09,CHO,DAL,,"L, 104-130",,26:11,3,10,0,3,0,0,0,2,2,4,1,1,2,3,6
Vasilije Micić,https://www.basketball-reference.com/players/m/micicva01.html,2024,2024-04-10,CHO,ATL,@,"W, 115-114",,21:43,0,3,0,2,2,2,0,2,2,5,1,0,2,0,2
Vasilije Micić,https://www.basketball-reference.com/players/m/micicva01.html,2024,2024-04-12,CHO,BOS,@,"L, 98-131",,16:23,2,5,1,2,0,0,0,1,1,3,0,0,3,1,5
Vasilije Micić,https://www.basketball-reference.com/players/m/micicva01.html,2024,2024-04-14,CHO,CLE,@,"W, 120-110",,09:30,1,4,1,3,0,0,0,1,1,4,0,0,1,0,3
Cason Wallace,https://www.basketball-reference.com/players/w/wallaca01.html,2024,2023-10-25,OKC,CHI,@,"W, 124-104",,19:02,5,5,3,3,0,0,0,2,2,1,0,1,1,3,13
Cason Wallace,https://www.basketball-reference.com/players/w/wallaca01.html,2024,2023-10-27,OKC,CLE,@,"W, 108-105",,18:49,3,4,1,1,2,2,1,1,2,0,0,0,0,0,9
Cason Wallace,https://www.basketball-reference.com/players/w/wallaca01.html,2024,2023-10-29,OKC,DEN,,"L, 95-128",,21:56,3,3,1,1,0,0,1,2,3,1,1,1,0,1,7
Cason Wallace,https://www.basketball-reference.com/players/w/wallaca01.html,2024,2023-10-30,OKC,DET,,"W, 124-112",,21:53,1,2,0,1,2,2,0,4,4,2,0,0,1,2,4
Cason Wallace,https://www.basketball-reference.com/players/w/wallaca01.html,2024,,,,,,,,,,,,,,,,,,,,,,
Cason Wallace,https://www.basketball-reference.com/players/w/wallaca01.html,2024,2023-11-01,OKC,NOP,,"L, 106-110",,18:09,1,2,0,0,2,2,0,2,2,1,0,0,0,4,4
Cason Wallace,https://www.basketball-reference.com/players/w/wallaca01.html,2024,2023-11-03,OKC,GSW,,"L, 139-141",,36:19,6,10,1,2,0,0,1,1,2,1,0,0,1,1,13
Cason Wallace,https://www.basketball-reference.com/players/w/wallaca01.html,2024,2023-11-06,OKC,ATL,,"W, 126-117",,24:07,3,6,0,3,0,0,0,2,2,4,4,0,1,1,6
Cason Wallace,https://www.basketball-reference.com/players/w/wallaca01.html,2024,2023-11-08,OKC,CLE,,"W, 128-120",,23:48,5,7,2,3,2,2,1,2,3,2,0,0,2,3,14
Cason Wallace,https://www.basketball-reference.com/players/w/wallaca01.html,2024,2023-11-10,OKC,SAC,@,"L, 98-105",,23:50,3,7,2,5,0,0,1,2,3,2,0,1,0,1,8
Cason Wallace,https://www.basketball-reference.com/players/w/wallaca01.html,2024,2023-11-12,OKC,PHO,@,"W, 111-99",,16:36,0,1,0,0,0,0,0,0,0,1,0,0,0,3,0
Cason Wallace,https://www.basketball-reference.com/players/w/wallaca01.html,2024,2023-11-14,OKC,SAS,,"W, 123-87",,21:09,4,5,1,1,0,0,1,4,5,3,2,2,1,1,9
Cason Wallace,https://www.basketball-reference.com/players/w/wallaca01.html,2024,2023-11-16,OKC,GSW,@,"W, 128-109",,25:35,4,7,2,2,0,0,1,1,2,4,1,0,0,1,10
Cason Wallace,https://www.basketball-reference.com/players/w/wallaca01.html,2024,2023-11-18,OKC,GSW,@,"W, 130-123 (OT)",,28:03,1,3,0,2,1,1,0,1,1,2,0,0,0,3,3
Cason Wallace,https://www.basketball-reference.com/players/w/wallaca01.html,2024,2023-11-19,OKC,POR,@,"W, 134-91",,20:50,1,2,0,0,0,0,0,1,1,0,1,0,1,1,2
Cason Wallace,https://www.basketball-reference.com/players/w/wallaca01.html,2024,2023-11-22,OKC,CHI,,"W, 116-102",,23:38,2,3,1,2,0,0,1,2,3,0,0,1,1,1,5
Cason Wallace,https://www.basketball-reference.com/players/w/wallaca01.html,2024,2023-11-25,OKC,PHI,,"L, 123-127",,13:37,0,2,0,0,0,0,1,0,1,1,0,0,0,1,0
Cason Wallace,https://www.basketball-reference.com/players/w/wallaca01.html,2024,2023-11-28,OKC,MIN,@,"L, 103-106",,16:40,3,4,3,3,1,2,0,0,0,0,1,0,0,0,10
Cason Wallace,https://www.basketball-reference.com/players/w/wallaca01.html,2024,2023-11-30,OKC,LAL,,"W, 133-110",,21:58,4,7,2,4,0,0,0,3,3,1,0,1,1,1,10
Cason Wallace,https://www.basketball-reference.com/players/w/wallaca01.html,2024,2023-12-02,OKC,DAL,@,"W, 126-120",,20:17,6,12,2,7,1,2,2,4,6,0,0,0,0,3,15
Cason Wallace,https://www.basketball-reference.com/players/w/wallaca01.html,2024,2023-12-06,OKC,HOU,@,"L, 101-110",,24:57,2,5,1,2,0,0,0,3,3,0,2,1,0,3,5
Cason Wallace,https://www.basketball-reference.com/players/w/wallaca01.html,2024,2023-12-08,OKC,GSW,,"W, 138-136 (OT)",,23:54,4,5,1,2,1,2,0,1,1,0,1,1,1,0,10
Cason Wallace,https://www.basketball-reference.com/players/w/wallaca01.html,2024,2023-12-11,OKC,UTA,,"W, 134-120",,25:18,4,8,2,4,0,0,0,3,3,2,1,2,0,4,10
Cason Wallace,https://www.basketball-reference.com/players/w/wallaca01.html,2024,2023-12-14,OKC,SAC,@,"L, 123-128",,18:57,1,3,1,2,0,0,0,0,0,4,0,0,0,3,3
Cason Wallace,https://www.basketball-reference.com/players/w/wallaca01.html,2024,2023-12-16,OKC,DEN,@,"W, 118-117",,18:17,1,2,0,0,0,0,1,1,2,1,0,0,1,0,2
Cason Wallace,https://www.basketball-reference.com/players/w/wallaca01.html,2024,2023-12-18,OKC,MEM,,"W, 116-97",,16:49,3,6,1,4,0,0,0,2,2,2,0,0,1,1,7
Cason Wallace,https://www.basketball-reference.com/players/w/wallaca01.html,2024,2023-12-21,OKC,LAC,,"W, 134-115",,19:51,1,4,0,2,0,0,0,0,0,3,0,1,1,2,2
Cason Wallace,https://www.basketball-reference.com/players/w/wallaca01.html,2024,2023-12-23,OKC,LAL,,"L, 120-129",,24:11,2,6,1,4,0,0,1,2,3,4,1,0,0,2,5
Cason Wallace,https://www.basketball-reference.com/players/w/wallaca01.html,2024,2023-12-26,OKC,MIN,,"W, 129-106",,23:49,2,5,1,4,0,0,1,0,1,1,2,0,1,0,5
Cason Wallace,https://www.basketball-reference.com/players/w/wallaca01.html,2024,2023-12-27,OKC,NYK,,"W, 129-120",,21:52,2,6,0,2,0,0,0,1,1,0,1,0,1,1,4
Cason Wallace,https://www.basketball-reference.com/players/w/wallaca01.html,2024,2023-12-29,OKC,DEN,@,"W, 119-93",,17:34,2,5,0,2,0,0,0,3,3,2,0,1,0,1,4
Cason Wallace,https://www.basketball-reference.com/players/w/wallaca01.html,2024,2023-12-31,OKC,BRK,,"W, 124-108",,22:31,3,7,2,4,2,2,1,2,3,1,0,1,0,5,10
Cason Wallace,https://www.basketball-reference.com/players/w/wallaca01.html,2024,2024-01-02,OKC,BOS,,"W, 127-123",,17:24,2,3,1,2,0,0,1,0,1,3,1,0,0,3,5
Cason Wallace,https://www.basketball-reference.com/players/w/wallaca01.html,2024,2024-01-03,OKC,ATL,@,"L, 138-141",,19:55,5,9,3,7,2,2,0,1,1,2,1,0,0,2,15
Cason Wallace,https://www.basketball-reference.com/players/w/wallaca01.html,2024,2024-01-05,OKC,BRK,@,"L, 115-124",,23:28,3,7,2,4,0,0,1,1,2,0,1,0,0,1,8
Cason Wallace,https://www.basketball-reference.com/players/w/wallaca01.html,2024,2024-01-08,OKC,WAS,@,"W, 136-128",,24:00,2,7,1,4,0,0,1,1,2,2,2,3,1,1,5
Cason Wallace,https://www.basketball-reference.com/players/w/wallaca01.html,2024,2024-01-10,OKC,MIA,@,"W, 128-120",,18:13,3,5,2,4,0,0,1,1,2,1,0,0,1,2,8
Cason Wallace,https://www.basketball-reference.com/players/w/wallaca01.html,2024,2024-01-11,OKC,POR,,"W, 139-77",,17:25,1,5,0,3,2,2,1,5,6,2,0,0,0,0,4
Cason Wallace,https://www.basketball-reference.com/players/w/wallaca01.html,2024,2024-01-13,OKC,ORL,,"W, 112-100",,19:45,0,5,0,4,1,2,2,1,3,0,0,0,0,3,1
Cason Wallace,https://www.basketball-reference.com/players/w/wallaca01.html,2024,2024-01-15,OKC,LAL,@,"L, 105-112",,19:39,2,6,1,4,0,0,0,0,0,1,2,1,1,0,5
Cason Wallace,https://www.basketball-reference.com/players/w/wallaca01.html,2024,2024-01-16,OKC,LAC,@,"L, 117-128",,14:55,2,4,1,2,0,0,2,0,2,1,1,1,0,1,5
Cason Wallace,https://www.basketball-reference.com/players/w/wallaca01.html,2024,2024-01-18,OKC,UTA,@,"W, 134-129",,32:29,6,7,4,5,0,0,2,2,4,1,1,1,1,3,16
Cason Wallace,https://www.basketball-reference.com/players/w/wallaca01.html,2024,2024-01-20,OKC,MIN,@,"W, 102-97",,12:33,0,1,0,0,0,0,1,2,3,0,1,0,1,2,0
Cason Wallace,https://www.basketball-reference.com/players/w/wallaca01.html,2024,2024-01-23,OKC,POR,,"W, 111-109",,12:11,1,2,1,2,0,0,0,4,4,0,0,0,2,0,3
Cason Wallace,https://www.basketball-reference.com/players/w/wallaca01.html,2024,2024-01-24,OKC,SAS,@,"W, 140-114",,22:36,5,7,2,3,1,1,1,2,3,4,1,0,0,4,13
Cason Wallace,https://www.basketball-reference.com/players/w/wallaca01.html,2024,2024-01-26,OKC,NOP,@,"W, 107-83",,20:40,5,10,2,5,0,0,1,1,2,1,4,0,0,1,12
Cason Wallace,https://www.basketball-reference.com/players/w/wallaca01.html,2024,2024-01-28,OKC,DET,@,"L, 104-120",,21:16,2,4,0,1,0,0,1,3,4,1,2,0,0,1,4
Cason Wallace,https://www.basketball-reference.com/players/w/wallaca01.html,2024,2024-01-29,OKC,MIN,,"L, 101-107",,19:33,1,1,1,1,0,0,0,2,2,2,0,1,0,6,3
Cason Wallace,https://www.basketball-reference.com/players/w/wallaca01.html,2024,2024-01-31,OKC,DEN,,"W, 105-100",,20:10,2,7,1,3,0,0,1,1,2,1,0,0,0,3,5
Cason Wallace,https://www.basketball-reference.com/players/w/wallaca01.html,2024,2024-02-02,OKC,CHO,,"W, 126-106",,24:48,5,7,2,4,0,0,0,2,2,1,1,0,1,1,12
Cason Wallace,https://www.basketball-reference.com/players/w/wallaca01.html,2024,2024-02-04,OKC,TOR,,"W, 135-127 (2OT)",,18:03,3,8,2,7,0,0,0,1,1,2,0,1,0,1,8
Cason Wallace,https://www.basketball-reference.com/players/w/wallaca01.html,2024,2024-02-06,OKC,UTA,@,"L, 117-124",,15:37,1,2,1,2,0,0,0,0,0,0,0,0,0,1,3
Cason Wallace,https://www.basketball-reference.com/players/w/wallaca01.html,2024,2024-02-10,OKC,DAL,@,"L, 111-146",,25:27,5,11,3,7,2,2,0,2,2,0,1,0,1,2,15
Cason Wallace,https://www.basketball-reference.com/players/w/wallaca01.html,2024,2024-02-11,OKC,SAC,,"W, 127-113",,09:56,0,3,0,3,0,0,0,0,0,0,0,0,0,0,0
Cason Wallace,https://www.basketball-reference.com/players/w/wallaca01.html,2024,2024-02-13,OKC,ORL,@,"W, 127-113",,15:59,3,5,2,4,0,0,0,2,2,1,0,1,0,0,8
Cason Wallace,https://www.basketball-reference.com/players/w/wallaca01.html,2024,2024-02-22,OKC,LAC,,"W, 129-107",,19:11,3,3,1,1,0,0,2,2,4,3,4,0,0,1,7
Cason Wallace,https://www.basketball-reference.com/players/w/wallaca01.html,2024,2024-02-23,OKC,WAS,,"W, 147-106",,22:00,5,7,3,5,0,0,2,3,5,1,0,0,1,2,13
Cason Wallace,https://www.basketball-reference.com/players/w/wallaca01.html,2024,2024-02-25,OKC,HOU,@,"W, 123-110",,18:30,2,7,2,5,0,0,1,1,2,1,0,2,0,0,6
Cason Wallace,https://www.basketball-reference.com/players/w/wallaca01.html,2024,2024-02-27,OKC,HOU,,"W, 112-95",,14:16,1,3,0,2,0,2,0,2,2,1,1,0,0,0,2
Cason Wallace,https://www.basketball-reference.com/players/w/wallaca01.html,2024,2024-02-29,OKC,SAS,@,"L, 118-132",,15:29,1,3,0,1,1,1,1,2,3,3,4,0,0,1,3
Cason Wallace,https://www.basketball-reference.com/players/w/wallaca01.html,2024,2024-03-03,OKC,PHO,@,"W, 118-110",,17:42,2,3,1,1,0,0,0,2,2,1,0,0,0,1,5
Cason Wallace,https://www.basketball-reference.com/players/w/wallaca01.html,2024,2024-03-04,OKC,LAL,@,"L, 104-116",,22:02,3,8,1,4,0,0,2,2,4,1,3,0,1,1,7
Cason Wallace,https://www.basketball-reference.com/players/w/wallaca01.html,2024,2024-03-06,OKC,POR,@,"W, 128-120",,16:57,1,3,0,1,0,0,1,1,2,0,0,1,1,0,2
Cason Wallace,https://www.basketball-reference.com/players/w/wallaca01.html,2024,2024-03-08,OKC,MIA,,"W, 107-100",,14:13,1,4,1,3,0,0,0,0,0,1,0,1,2,1,3
Cason Wallace,https://www.basketball-reference.com/players/w/wallaca01.html,2024,2024-03-10,OKC,MEM,,"W, 124-93",,26:47,9,14,4,6,0,0,0,2,2,4,0,1,0,3,22
Cason Wallace,https://www.basketball-reference.com/players/w/wallaca01.html,2024,2024-03-12,OKC,IND,,"L, 111-121",,23:20,4,7,3,4,0,0,0,3,3,0,0,1,3,2,11
Cason Wallace,https://www.basketball-reference.com/players/w/wallaca01.html,2024,2024-03-14,OKC,DAL,,"W, 126-119",,18:07,1,2,1,2,0,0,1,1,2,3,2,1,2,2,3
Cason Wallace,https://www.basketball-reference.com/players/w/wallaca01.html,2024,2024-03-16,OKC,MEM,@,"W, 118-112",,23:39,2,5,0,3,0,0,0,2,2,4,3,0,0,2,4
Cason Wallace,https://www.basketball-reference.com/players/w/wallaca01.html,2024,2024-03-20,OKC,UTA,,"W, 119-107",,22:28,2,4,0,2,1,2,2,2,4,2,2,1,0,2,5
Cason Wallace,https://www.basketball-reference.com/players/w/wallaca01.html,2024,2024-03-22,OKC,TOR,@,"W, 123-103",,23:39,4,10,3,5,1,2,3,1,4,1,2,0,0,0,12
Cason Wallace,https://www.basketball-reference.com/players/w/wallaca01.html,2024,2024-03-24,OKC,MIL,@,"L, 93-118",,24:22,2,9,1,7,0,0,1,1,2,0,2,0,1,3,5
Cason Wallace,https://www.basketball-reference.com/players/w/wallaca01.html,2024,2024-03-26,OKC,NOP,@,"W, 119-112",,13:12,3,4,1,1,0,0,0,1,1,0,0,0,0,1,7
Cason Wallace,https://www.basketball-reference.com/players/w/wallaca01.html,2024,2024-03-27,OKC,HOU,,"L, 126-132 (OT)",,24:31,2,5,0,1,0,0,0,2,2,1,0,0,1,2,4
Cason Wallace,https://www.basketball-reference.com/players/w/wallaca01.html,2024,2024-03-29,OKC,PHO,,"W, 128-103",,31:30,6,9,4,4,0,0,0,4,4,3,0,1,1,2,16
Cason Wallace,https://www.basketball-reference.com/players/w/wallaca01.html,2024,2024-03-31,OKC,NYK,@,"W, 113-112",,15:35,2,3,2,2,0,0,0,2,2,0,0,0,0,1,6
Cason Wallace,https://www.basketball-reference.com/players/w/wallaca01.html,2024,2024-04-02,OKC,PHI,@,"L, 105-109",,13:43,3,8,0,1,0,0,1,2,3,1,1,0,1,1,6
Cason Wallace,https://www.basketball-reference.com/players/w/wallaca01.html,2024,2024-04-03,OKC,BOS,@,"L, 100-135",,28:15,4,9,0,3,4,4,0,1,1,5,4,1,4,1,12
Cason Wallace,https://www.basketball-reference.com/players/w/wallaca01.html,2024,2024-04-05,OKC,IND,@,"L, 112-126",,20:46,1,5,0,1,0,0,0,1,1,1,3,1,2,3,2
Cason Wallace,https://www.basketball-reference.com/players/w/wallaca01.html,2024,2024-04-07,OKC,CHO,@,"W, 121-118",,23:50,4,6,2,4,0,0,3,1,4,3,2,0,0,3,10
Cason Wallace,https://www.basketball-reference.com/players/w/wallaca01.html,2024,2024-04-09,OKC,SAC,,"W, 112-105",,18:24,1,5,1,2,0,0,0,2,2,2,1,1,0,0,3
Cason Wallace,https://www.basketball-reference.com/players/w/wallaca01.html,2024,2024-04-10,OKC,SAS,,"W, 127-89",,24:30,0,5,0,4,0,0,0,4,4,3,3,1,0,1,0
Cason Wallace,https://www.basketball-reference.com/players/w/wallaca01.html,2024,2024-04-12,OKC,MIL,,"W, 125-107",,19:14,2,5,2,4,0,0,0,1,1,2,2,0,0,1,6
Cason Wallace,https://www.basketball-reference.com/players/w/wallaca01.html,2024,2024-04-14,OKC,DAL,,"W, 135-86",,15:26,5,6,2,2,0,0,1,1,2,1,0,1,0,1,12
Anthony Black,https://www.basketball-reference.com/players/b/blackan01.html,2024,2023-10-25,ORL,HOU,,"W, 116-86",,04:48,2,2,0,0,1,1,0,0,0,1,0,2,0,0,5
Anthony Black,https://www.basketball-reference.com/players/b/blackan01.html,2024,2023-10-27,ORL,POR,@,"W, 102-97",,,,,,,,,,,,,,,,,
Anthony Black,https://www.basketball-reference.com/players/b/blackan01.html,2024,2023-10-30,ORL,LAL,@,"L, 103-106",,,,,,,,,,,,,,,,,
Anthony Black,https://www.basketball-reference.com/players/b/blackan01.html,2024,2023-10-31,ORL,LAC,@,"L, 102-118",,03:56,0,0,0,0,0,0,0,0,0,1,0,0,0,1,0
Anthony Black,https://www.basketball-reference.com/players/b/blackan01.html,2024,,,,,,,,,,,,,,,,,,,,,,
Anthony Black,https://www.basketball-reference.com/players/b/blackan01.html,2024,2023-11-02,ORL,UTA,@,"W, 115-113",,15:47,4,4,0,0,1,3,1,2,3,1,2,0,1,2,9
Anthony Black,https://www.basketball-reference.com/players/b/blackan01.html,2024,2023-11-04,ORL,LAL,,"W, 120-101",,30:02,4,6,2,3,1,1,1,3,4,2,1,0,0,2,11
Anthony Black,https://www.basketball-reference.com/players/b/blackan01.html,2024,2023-11-06,ORL,DAL,,"L, 102-117",,32:38,3,7,2,4,0,0,2,3,5,2,0,0,1,2,8
Anthony Black,https://www.basketball-reference.com/players/b/blackan01.html,2024,2023-11-09,ORL,ATL,,"L, 119-120",,17:28,3,4,1,2,2,2,2,1,3,1,1,1,1,3,9
Anthony Black,https://www.basketball-reference.com/players/b/blackan01.html,2024,2023-11-11,ORL,MIL,,"W, 112-97",,28:09,1,3,0,1,0,0,0,0,0,3,0,0,1,2,2
Anthony Black,https://www.basketball-reference.com/players/b/blackan01.html,2024,2023-11-14,ORL,BRK,@,"L, 104-124",,19:08,1,4,0,3,0,0,0,0,0,1,0,0,1,2,2
Anthony Black,https://www.basketball-reference.com/players/b/blackan01.html,2024,2023-11-15,ORL,CHI,@,"W, 96-94",,26:39,3,8,0,2,1,2,2,2,4,2,0,0,2,3,7
Anthony Black,https://www.basketball-reference.com/players/b/blackan01.html,2024,2023-11-17,ORL,CHI,@,"W, 103-97",,11:24,1,2,0,0,0,1,0,0,0,0,0,0,3,0,2
Anthony Black,https://www.basketball-reference.com/players/b/blackan01.html,2024,2023-11-19,ORL,IND,@,"W, 128-116",,24:16,1,5,0,2,5,6,0,5,5,1,0,2,2,5,7
Anthony Black,https://www.basketball-reference.com/players/b/blackan01.html,2024,2023-11-21,ORL,TOR,,"W, 126-107",,23:26,2,7,0,3,1,2,2,3,5,1,1,0,0,3,5
Anthony Black,https://www.basketball-reference.com/players/b/blackan01.html,2024,2023-11-22,ORL,DEN,,"W, 124-119",,15:27,0,1,0,0,0,0,0,1,1,1,0,0,3,2,0
Anthony Black,https://www.basketball-reference.com/players/b/blackan01.html,2024,2023-11-24,ORL,BOS,,"W, 113-96",,06:14,0,1,0,0,0,0,0,1,1,0,0,0,1,1,0
Anthony Black,https://www.basketball-reference.com/players/b/blackan01.html,2024,2023-11-26,ORL,CHO,,"W, 130-117",,15:26,1,4,0,1,0,0,0,0,0,3,0,0,0,3,2
Anthony Black,https://www.basketball-reference.com/players/b/blackan01.html,2024,2023-11-29,ORL,WAS,,"W, 139-120",,26:58,3,5,1,2,0,0,0,5,5,3,0,1,2,1,7
Anthony Black,https://www.basketball-reference.com/players/b/blackan01.html,2024,2023-12-01,ORL,WAS,,"W, 130-125",,23:04,2,4,1,1,1,2,0,2,2,3,0,1,1,3,6
Anthony Black,https://www.basketball-reference.com/players/b/blackan01.html,2024,2023-12-02,ORL,BRK,@,"L, 101-129",,19:26,1,1,0,0,0,0,0,3,3,1,0,0,0,3,2
Anthony Black,https://www.basketball-reference.com/players/b/blackan01.html,2024,2023-12-06,ORL,CLE,@,"L, 111-121",,14:54,5,5,0,0,1,1,0,0,0,0,0,0,0,1,11
Anthony Black,https://www.basketball-reference.com/players/b/blackan01.html,2024,2023-12-08,ORL,DET,,"W, 123-91",,24:40,2,4,0,1,2,4,1,4,5,3,0,0,1,2,6
Anthony Black,https://www.basketball-reference.com/players/b/blackan01.html,2024,2023-12-11,ORL,CLE,,"W, 104-94",,18:43,0,2,0,1,0,0,0,1,1,0,3,1,1,3,0
Anthony Black,https://www.basketball-reference.com/players/b/blackan01.html,2024,2023-12-15,ORL,BOS,@,"L, 111-128",,28:26,5,8,3,5,0,0,3,6,9,4,0,0,0,2,13
Anthony Black,https://www.basketball-reference.com/players/b/blackan01.html,2024,2023-12-17,ORL,BOS,@,"L, 97-114",,16:50,2,5,1,3,0,3,1,1,2,3,1,0,0,1,5
Anthony Black,https://www.basketball-reference.com/players/b/blackan01.html,2024,2023-12-20,ORL,MIA,,"L, 106-115",,21:31,2,4,0,1,0,0,1,1,2,4,0,0,0,3,4
Anthony Black,https://www.basketball-reference.com/players/b/blackan01.html,2024,2023-12-21,ORL,MIL,@,"L, 114-118",,19:30,0,0,0,0,1,2,0,2,2,1,1,2,1,2,1
Anthony Black,https://www.basketball-reference.com/players/b/blackan01.html,2024,2023-12-23,ORL,IND,@,"W, 117-110",,28:27,2,3,0,0,4,4,0,3,3,2,1,1,2,2,8
Anthony Black,https://www.basketball-reference.com/players/b/blackan01.html,2024,2023-12-26,ORL,WAS,@,"W, 127-119",,32:35,9,13,4,6,1,1,1,5,6,1,4,0,5,4,23
Anthony Black,https://www.basketball-reference.com/players/b/blackan01.html,2024,2023-12-27,ORL,PHI,,"L, 92-112",,23:27,1,6,1,3,0,0,1,3,4,4,1,1,0,2,3
Anthony Black,https://www.basketball-reference.com/players/b/blackan01.html,2024,2023-12-29,ORL,NYK,,"W, 117-108",,29:23,2,2,0,0,0,0,2,4,6,5,2,0,1,4,4
Anthony Black,https://www.basketball-reference.com/players/b/blackan01.html,2024,2023-12-31,ORL,PHO,@,"L, 107-112",,21:45,1,3,0,1,0,0,0,2,2,0,0,0,2,2,2
Anthony Black,https://www.basketball-reference.com/players/b/blackan01.html,2024,2024-01-02,ORL,GSW,@,"L, 115-121",,13:18,0,2,0,1,0,0,0,0,0,0,1,0,1,2,0
Anthony Black,https://www.basketball-reference.com/players/b/blackan01.html,2024,2024-01-03,ORL,SAC,@,"L, 135-138 (2OT)",,24:31,4,7,1,1,0,0,1,1,2,4,0,0,1,1,9
Anthony Black,https://www.basketball-reference.com/players/b/blackan01.html,2024,2024-01-05,ORL,DEN,@,"W, 122-120",,04:40,0,1,0,0,0,0,0,0,0,1,0,0,0,1,0
Anthony Black,https://www.basketball-reference.com/players/b/blackan01.html,2024,2024-01-07,ORL,ATL,,"W, 117-110 (OT)",,11:35,0,2,0,1,0,0,0,0,0,0,1,0,1,1,0
Anthony Black,https://www.basketball-reference.com/players/b/blackan01.html,2024,2024-01-09,ORL,MIN,,"L, 92-113",,21:15,1,4,1,3,0,0,0,1,1,4,3,1,2,2,3
Anthony Black,https://www.basketball-reference.com/players/b/blackan01.html,2024,2024-01-12,ORL,MIA,@,"L, 96-99",,09:15,0,1,0,0,1,2,0,3,3,1,1,0,0,0,1
Anthony Black,https://www.basketball-reference.com/players/b/blackan01.html,2024,2024-01-13,ORL,OKC,@,"L, 100-112",,33:08,5,8,0,1,3,6,0,4,4,1,1,1,1,2,13
Anthony Black,https://www.basketball-reference.com/players/b/blackan01.html,2024,2024-01-15,ORL,NYK,@,"W, 98-94",,,,,,,,,,,,,,,,,
Anthony Black,https://www.basketball-reference.com/players/b/blackan01.html,2024,2024-01-17,ORL,ATL,@,"L, 104-106",,00:06,0,0,0,0,0,0,0,0,0,0,0,0,0,0,0
Anthony Black,https://www.basketball-reference.com/players/b/blackan01.html,2024,2024-01-19,ORL,PHI,,"L, 109-124",,12:41,1,2,1,2,4,4,0,3,3,3,0,1,0,2,7
Anthony Black,https://www.basketball-reference.com/players/b/blackan01.html,2024,2024-01-21,ORL,MIA,,"W, 105-87",,13:48,2,5,1,2,1,2,0,0,0,1,0,0,1,3,6
Anthony Black,https://www.basketball-reference.com/players/b/blackan01.html,2024,2024-01-22,ORL,CLE,,"L, 99-126",,18:28,3,6,0,1,1,2,1,0,1,2,1,0,0,0,7
Anthony Black,https://www.basketball-reference.com/players/b/blackan01.html,2024,2024-01-26,ORL,MEM,@,"L, 106-107",,26:40,0,3,0,1,2,4,2,1,3,1,0,0,1,5,2
Anthony Black,https://www.basketball-reference.com/players/b/blackan01.html,2024,2024-01-28,ORL,PHO,,"W, 113-98",,13:15,1,2,0,1,2,2,0,1,1,1,0,1,0,1,4
Anthony Black,https://www.basketball-reference.com/players/b/blackan01.html,2024,2024-01-29,ORL,DAL,@,"L, 129-131",,30:04,7,9,4,4,2,2,0,3,3,1,0,1,1,3,20
Anthony Black,https://www.basketball-reference.com/players/b/blackan01.html,2024,2024-01-31,ORL,SAS,@,"W, 108-98",,16:42,0,0,0,0,2,2,0,0,0,1,0,0,0,2,2
Anthony Black,https://www.basketball-reference.com/players/b/blackan01.html,2024,2024-02-02,ORL,MIN,@,"W, 108-106",,,,,,,,,,,,,,,,,
Anthony Black,https://www.basketball-reference.com/players/b/blackan01.html,2024,2024-02-04,ORL,DET,@,"W, 111-99",,00:19,0,0,0,0,0,0,0,0,0,0,0,0,0,0,0
Anthony Black,https://www.basketball-reference.com/players/b/blackan01.html,2024,2024-02-06,ORL,MIA,@,"L, 95-121",,03:07,0,1,0,0,0,0,0,1,1,0,0,0,1,0,0
Anthony Black,https://www.basketball-reference.com/players/b/blackan01.html,2024,2024-02-08,ORL,SAS,,"W, 127-111",,02:53,0,0,0,0,0,0,0,0,0,2,0,0,0,1,0
Anthony Black,https://www.basketball-reference.com/players/b/blackan01.html,2024,2024-02-10,ORL,CHI,,"W, 114-108 (OT)",,,,,,,,,,,,,,,,,
Anthony Black,https://www.basketball-reference.com/players/b/blackan01.html,2024,2024-02-13,ORL,OKC,,"L, 113-127",,02:23,0,0,0,0,1,2,0,0,0,0,0,0,1,0,1
Anthony Black,https://www.basketball-reference.com/players/b/blackan01.html,2024,2024-02-14,ORL,NYK,,"W, 118-100",,23:26,2,7,0,2,0,0,2,0,2,2,1,0,1,4,4
Anthony Black,https://www.basketball-reference.com/players/b/blackan01.html,2024,2024-02-22,ORL,CLE,@,"W, 116-109",,23:43,3,7,1,2,2,2,1,2,3,2,0,0,1,1,9
Anthony Black,https://www.basketball-reference.com/players/b/blackan01.html,2024,2024-02-24,ORL,DET,@,"W, 112-109",,22:29,2,6,1,3,0,0,0,2,2,0,1,1,0,2,5
Anthony Black,https://www.basketball-reference.com/players/b/blackan01.html,2024,2024-02-25,ORL,ATL,@,"L, 92-109",,27:23,1,7,1,3,1,2,2,6,8,1,0,0,3,1,4
Anthony Black,https://www.basketball-reference.com/players/b/blackan01.html,2024,2024-02-27,ORL,BRK,,"W, 108-81",,21:56,2,4,1,2,3,4,0,4,4,1,2,0,1,0,8
Anthony Black,https://www.basketball-reference.com/players/b/blackan01.html,2024,2024-02-29,ORL,UTA,,"W, 115-107",,,,,,,,,,,,,,,,,
Anthony Black,https://www.basketball-reference.com/players/b/blackan01.html,2024,2024-03-03,ORL,DET,,"W, 113-91",,03:13,1,2,1,1,0,0,0,1,1,0,0,0,0,0,3
Anthony Black,https://www.basketball-reference.com/players/b/blackan01.html,2024,2024-03-05,ORL,CHO,@,"W, 101-89",,27:34,3,5,3,4,1,4,1,4,5,1,0,0,1,1,10
Anthony Black,https://www.basketball-reference.com/players/b/blackan01.html,2024,2024-03-06,ORL,WAS,@,"W, 119-109",,21:53,3,5,2,3,0,0,1,0,1,2,2,0,0,1,8
Anthony Black,https://www.basketball-reference.com/players/b/blackan01.html,2024,2024-03-08,ORL,NYK,@,"L, 74-98",,22:50,0,5,0,2,0,0,0,2,2,0,0,0,1,2,0
Anthony Black,https://www.basketball-reference.com/players/b/blackan01.html,2024,2024-03-10,ORL,IND,,"L, 97-111",,11:15,1,4,0,1,0,0,0,2,2,0,1,0,1,3,2
Anthony Black,https://www.basketball-reference.com/players/b/blackan01.html,2024,2024-03-13,ORL,BRK,,"W, 114-106",,01:47,0,1,0,1,0,0,0,0,0,1,0,1,0,0,0
Anthony Black,https://www.basketball-reference.com/players/b/blackan01.html,2024,2024-03-15,ORL,TOR,@,"W, 113-103",,,,,,,,,,,,,,,,,
Anthony Black,https://www.basketball-reference.com/players/b/blackan01.html,2024,2024-03-17,ORL,TOR,,"W, 111-96",,02:44,1,1,0,0,0,2,0,0,0,0,1,0,0,0,2
Anthony Black,https://www.basketball-reference.com/players/b/blackan01.html,2024,2024-03-19,ORL,CHO,,"W, 112-92",,09:01,1,3,0,1,0,0,1,0,1,1,0,1,0,0,2
Anthony Black,https://www.basketball-reference.com/players/b/blackan01.html,2024,2024-03-21,ORL,NOP,,"W, 121-106",,04:43,1,2,0,0,0,0,0,1,1,1,0,1,1,0,2
Anthony Black,https://www.basketball-reference.com/players/b/blackan01.html,2024,2024-03-23,ORL,SAC,,"L, 107-109",,,,,,,,,,,,,,,,,
Anthony Black,https://www.basketball-reference.com/players/b/blackan01.html,2024,2024-03-27,ORL,GSW,,"L, 93-101",,14:59,2,5,1,2,1,3,1,0,1,1,0,0,0,1,6
Anthony Black,https://www.basketball-reference.com/players/b/blackan01.html,2024,2024-03-29,ORL,LAC,,"L, 97-100",,,,,,,,,,,,,,,,,
Anthony Black,https://www.basketball-reference.com/players/b/blackan01.html,2024,2024-03-30,ORL,MEM,,"W, 118-88",,12:00,1,2,0,1,0,0,0,0,0,0,1,0,0,0,2
Anthony Black,https://www.basketball-reference.com/players/b/blackan01.html,2024,2024-04-01,ORL,POR,,"W, 104-103",,,,,,,,,,,,,,,,,
Anthony Black,https://www.basketball-reference.com/players/b/blackan01.html,2024,2024-04-03,ORL,NOP,@,"W, 117-108",,,,,,,,,,,,,,,,,
Anthony Black,https://www.basketball-reference.com/players/b/blackan01.html,2024,2024-04-05,ORL,CHO,@,"L, 115-124",,,,,,,,,,,,,,,,,
Anthony Black,https://www.basketball-reference.com/players/b/blackan01.html,2024,2024-04-07,ORL,CHI,,"W, 113-98",,01:29,0,0,0,0,0,0,0,0,0,0,0,0,1,0,0
Anthony Black,https://www.basketball-reference.com/players/b/blackan01.html,2024,2024-04-09,ORL,HOU,@,"L, 106-118",,01:37,0,0,0,0,0,0,0,0,0,0,0,0,0,0,0
Anthony Black,https://www.basketball-reference.com/players/b/blackan01.html,2024,2024-04-10,ORL,MIL,@,"L, 99-117",,22:11,2,2,1,1,0,0,0,0,0,1,0,0,1,2,5
Anthony Black,https://www.basketball-reference.com/players/b/blackan01.html,2024,2024-04-12,ORL,PHI,@,"L, 113-125",,,,,,,,,,,,,,,,,
Anthony Black,https://www.basketball-reference.com/players/b/blackan01.html,2024,2024-04-14,ORL,MIL,,"W, 113-88",,05:16,2,3,1,2,0,0,0,1,1,0,0,0,1,0,5
Jett Howard,https://www.basketball-reference.com/players/h/howarje01.html,2024,2023-10-25,ORL,HOU,,"W, 116-86",,04:48,0,1,0,1,0,0,0,0,0,1,0,0,0,0,0
Jett Howard,https://www.basketball-reference.com/players/h/howarje01.html,2024,2023-10-27,ORL,POR,@,"W, 102-97",,,,,,,,,,,,,,,,,
Jett Howard,https://www.basketball-reference.com/players/h/howarje01.html,2024,2023-10-30,ORL,LAL,@,"L, 103-106",,,,,,,,,,,,,,,,,
Jett Howard,https://www.basketball-reference.com/players/h/howarje01.html,2024,2023-10-31,ORL,LAC,@,"L, 102-118",,03:56,1,1,0,0,0,0,0,1,1,0,0,0,0,0,2
Jett Howard,https://www.basketball-reference.com/players/h/howarje01.html,2024,,,,,,,,,,,,,,,,,,,,,,
Jett Howard,https://www.basketball-reference.com/players/h/howarje01.html,2024,2023-11-02,ORL,UTA,@,"W, 115-113",,,,,,,,,,,,,,,,,
Jett Howard,https://www.basketball-reference.com/players/h/howarje01.html,2024,2023-11-04,ORL,LAL,,"W, 120-101",,03:05,0,2,0,1,0,0,1,0,1,0,0,0,0,0,0
Jett Howard,https://www.basketball-reference.com/players/h/howarje01.html,2024,2023-11-06,ORL,DAL,,"L, 102-117",,,,,,,,,,,,,,,,,
Jett Howard,https://www.basketball-reference.com/players/h/howarje01.html,2024,2023-11-09,ORL,ATL,,"L, 119-120",,,,,,,,,,,,,,,,,
Jett Howard,https://www.basketball-reference.com/players/h/howarje01.html,2024,2023-11-11,ORL,MIL,,"W, 112-97",,,,,,,,,,,,,,,,,
Jett Howard,https://www.basketball-reference.com/players/h/howarje01.html,2024,2023-11-14,ORL,BRK,@,"L, 104-124",,04:22,0,4,0,4,0,0,0,0,0,0,0,0,0,0,0
Jett Howard,https://www.basketball-reference.com/players/h/howarje01.html,2024,2023-11-15,ORL,CHI,@,"W, 96-94",,,,,,,,,,,,,,,,,
Jett Howard,https://www.basketball-reference.com/players/h/howarje01.html,2024,2023-11-17,ORL,CHI,@,"W, 103-97",,,,,,,,,,,,,,,,,
Jett Howard,https://www.basketball-reference.com/players/h/howarje01.html,2024,2023-11-19,ORL,IND,@,"W, 128-116",,06:43,0,2,0,2,0,0,0,0,0,1,0,0,2,0,0
Jett Howard,https://www.basketball-reference.com/players/h/howarje01.html,2024,2023-11-21,ORL,TOR,,"W, 126-107",,,,,,,,,,,,,,,,,
Jett Howard,https://www.basketball-reference.com/players/h/howarje01.html,2024,2023-11-22,ORL,DEN,,"W, 124-119",,,,,,,,,,,,,,,,,
Jett Howard,https://www.basketball-reference.com/players/h/howarje01.html,2024,2023-11-24,ORL,BOS,,"W, 113-96",,,,,,,,,,,,,,,,,
Jett Howard,https://www.basketball-reference.com/players/h/howarje01.html,2024,2023-11-26,ORL,CHO,,"W, 130-117",,,,,,,,,,,,,,,,,
Jett Howard,https://www.basketball-reference.com/players/h/howarje01.html,2024,2023-11-29,ORL,WAS,,"W, 139-120",,,,,,,,,,,,,,,,,
Jett Howard,https://www.basketball-reference.com/players/h/howarje01.html,2024,2023-12-01,ORL,WAS,,"W, 130-125",,,,,,,,,,,,,,,,,
Jett Howard,https://www.basketball-reference.com/players/h/howarje01.html,2024,2023-12-02,ORL,BRK,@,"L, 101-129",,,,,,,,,,,,,,,,,
Jett Howard,https://www.basketball-reference.com/players/h/howarje01.html,2024,2023-12-06,ORL,CLE,@,"L, 111-121",,,,,,,,,,,,,,,,,
Jett Howard,https://www.basketball-reference.com/players/h/howarje01.html,2024,2023-12-08,ORL,DET,,"W, 123-91",,05:29,2,2,1,1,1,2,0,1,1,1,0,0,0,1,6
Jett Howard,https://www.basketball-reference.com/players/h/howarje01.html,2024,2023-12-11,ORL,CLE,,"W, 104-94",,,,,,,,,,,,,,,,,
Jett Howard,https://www.basketball-reference.com/players/h/howarje01.html,2024,2023-12-15,ORL,BOS,@,"L, 111-128",,03:26,0,1,0,1,0,0,0,1,1,0,0,0,0,0,0
Jett Howard,https://www.basketball-reference.com/players/h/howarje01.html,2024,2023-12-17,ORL,BOS,@,"L, 97-114",,02:27,1,2,1,1,0,0,0,0,0,0,0,0,0,0,3
Jett Howard,https://www.basketball-reference.com/players/h/howarje01.html,2024,2023-12-20,ORL,MIA,,"L, 106-115",,,,,,,,,,,,,,,,,
Jett Howard,https://www.basketball-reference.com/players/h/howarje01.html,2024,2023-12-21,ORL,MIL,@,"L, 114-118",,,,,,,,,,,,,,,,,
Jett Howard,https://www.basketball-reference.com/players/h/howarje01.html,2024,2023-12-23,ORL,IND,@,"W, 117-110",,,,,,,,,,,,,,,,,
Jett Howard,https://www.basketball-reference.com/players/h/howarje01.html,2024,2023-12-26,ORL,WAS,@,"W, 127-119",,,,,,,,,,,,,,,,,
Jett Howard,https://www.basketball-reference.com/players/h/howarje01.html,2024,2023-12-27,ORL,PHI,,"L, 92-112",,01:15,1,1,1,1,0,0,0,0,0,0,0,0,0,0,3
Jett Howard,https://www.basketball-reference.com/players/h/howarje01.html,2024,2023-12-29,ORL,NYK,,"W, 117-108",,,,,,,,,,,,,,,,,
Jett Howard,https://www.basketball-reference.com/players/h/howarje01.html,2024,2023-12-31,ORL,PHO,@,"L, 107-112",,,,,,,,,,,,,,,,,
Jett Howard,https://www.basketball-reference.com/players/h/howarje01.html,2024,2024-01-02,ORL,GSW,@,"L, 115-121",,,,,,,,,,,,,,,,,
Jett Howard,https://www.basketball-reference.com/players/h/howarje01.html,2024,2024-01-03,ORL,SAC,@,"L, 135-138 (2OT)",,,,,,,,,,,,,,,,,
Jett Howard,https://www.basketball-reference.com/players/h/howarje01.html,2024,2024-01-05,ORL,DEN,@,"W, 122-120",,,,,,,,,,,,,,,,,
Jett Howard,https://www.basketball-reference.com/players/h/howarje01.html,2024,2024-01-07,ORL,ATL,,"W, 117-110 (OT)",,,,,,,,,,,,,,,,,
Jett Howard,https://www.basketball-reference.com/players/h/howarje01.html,2024,2024-01-09,ORL,MIN,,"L, 92-113",,,,,,,,,,,,,,,,,
Jett Howard,https://www.basketball-reference.com/players/h/howarje01.html,2024,2024-01-12,ORL,MIA,@,"L, 96-99",,,,,,,,,,,,,,,,,
Jett Howard,https://www.basketball-reference.com/players/h/howarje01.html,2024,2024-01-13,ORL,OKC,@,"L, 100-112",,,,,,,,,,,,,,,,,
Jett Howard,https://www.basketball-reference.com/players/h/howarje01.html,2024,2024-01-15,ORL,NYK,@,"W, 98-94",,,,,,,,,,,,,,,,,
Jett Howard,https://www.basketball-reference.com/players/h/howarje01.html,2024,2024-01-17,ORL,ATL,@,"L, 104-106",,,,,,,,,,,,,,,,,
Jett Howard,https://www.basketball-reference.com/players/h/howarje01.html,2024,2024-01-19,ORL,PHI,,"L, 109-124",,03:13,2,3,1,2,0,0,0,0,0,0,0,0,0,0,5
Jett Howard,https://www.basketball-reference.com/players/h/howarje01.html,2024,2024-01-21,ORL,MIA,,"W, 105-87",,03:01,0,0,0,0,1,2,0,1,1,0,0,1,0,0,1
Jett Howard,https://www.basketball-reference.com/players/h/howarje01.html,2024,2024-01-22,ORL,CLE,,"L, 99-126",,,,,,,,,,,,,,,,,
Jett Howard,https://www.basketball-reference.com/players/h/howarje01.html,2024,2024-01-26,ORL,MEM,@,"L, 106-107",,,,,,,,,,,,,,,,,
Jett Howard,https://www.basketball-reference.com/players/h/howarje01.html,2024,2024-01-28,ORL,PHO,,"W, 113-98",,,,,,,,,,,,,,,,,
Jett Howard,https://www.basketball-reference.com/players/h/howarje01.html,2024,2024-01-29,ORL,DAL,@,"L, 129-131",,,,,,,,,,,,,,,,,
Jett Howard,https://www.basketball-reference.com/players/h/howarje01.html,2024,2024-01-31,ORL,SAS,@,"W, 108-98",,,,,,,,,,,,,,,,,
Jett Howard,https://www.basketball-reference.com/players/h/howarje01.html,2024,2024-02-02,ORL,MIN,@,"W, 108-106",,,,,,,,,,,,,,,,,
Jett Howard,https://www.basketball-reference.com/players/h/howarje01.html,2024,2024-02-04,ORL,DET,@,"W, 111-99",,,,,,,,,,,,,,,,,
Jett Howard,https://www.basketball-reference.com/players/h/howarje01.html,2024,2024-02-06,ORL,MIA,@,"L, 95-121",,,,,,,,,,,,,,,,,
Jett Howard,https://www.basketball-reference.com/players/h/howarje01.html,2024,2024-02-08,ORL,SAS,,"W, 127-111",,,,,,,,,,,,,,,,,
Jett Howard,https://www.basketball-reference.com/players/h/howarje01.html,2024,2024-02-10,ORL,CHI,,"W, 114-108 (OT)",,,,,,,,,,,,,,,,,
Jett Howard,https://www.basketball-reference.com/players/h/howarje01.html,2024,2024-02-13,ORL,OKC,,"L, 113-127",,02:23,1,2,1,2,0,0,0,0,0,0,0,0,0,1,3
Jett Howard,https://www.basketball-reference.com/players/h/howarje01.html,2024,2024-02-14,ORL,NYK,,"W, 118-100",,04:53,0,1,0,1,0,0,0,0,0,0,0,0,0,1,0
Jett Howard,https://www.basketball-reference.com/players/h/howarje01.html,2024,2024-02-22,ORL,CLE,@,"W, 116-109",,,,,,,,,,,,,,,,,
Jett Howard,https://www.basketball-reference.com/players/h/howarje01.html,2024,2024-02-24,ORL,DET,@,"W, 112-109",,,,,,,,,,,,,,,,,
Jett Howard,https://www.basketball-reference.com/players/h/howarje01.html,2024,2024-02-25,ORL,ATL,@,"L, 92-109",,,,,,,,,,,,,,,,,
Jett Howard,https://www.basketball-reference.com/players/h/howarje01.html,2024,2024-02-27,ORL,BRK,,"W, 108-81",,,,,,,,,,,,,,,,,
Jett Howard,https://www.basketball-reference.com/players/h/howarje01.html,2024,2024-02-29,ORL,UTA,,"W, 115-107",,,,,,,,,,,,,,,,,
Jett Howard,https://www.basketball-reference.com/players/h/howarje01.html,2024,2024-03-03,ORL,DET,,"W, 113-91",,,,,,,,,,,,,,,,,
Jett Howard,https://www.basketball-reference.com/players/h/howarje01.html,2024,2024-03-05,ORL,CHO,@,"W, 101-89",,,,,,,,,,,,,,,,,
Jett Howard,https://www.basketball-reference.com/players/h/howarje01.html,2024,2024-03-06,ORL,WAS,@,"W, 119-109",,,,,,,,,,,,,,,,,
Jett Howard,https://www.basketball-reference.com/players/h/howarje01.html,2024,2024-03-08,ORL,NYK,@,"L, 74-98",,,,,,,,,,,,,,,,,
Jett Howard,https://www.basketball-reference.com/players/h/howarje01.html,2024,2024-03-10,ORL,IND,,"L, 97-111",,,,,,,,,,,,,,,,,
Jett Howard,https://www.basketball-reference.com/players/h/howarje01.html,2024,2024-03-13,ORL,BRK,,"W, 114-106",,,,,,,,,,,,,,,,,
Jett Howard,https://www.basketball-reference.com/players/h/howarje01.html,2024,2024-03-15,ORL,TOR,@,"W, 113-103",,,,,,,,,,,,,,,,,
Jett Howard,https://www.basketball-reference.com/players/h/howarje01.html,2024,2024-03-17,ORL,TOR,,"W, 111-96",,02:44,0,1,0,1,0,0,0,0,0,0,0,0,0,0,0
Jett Howard,https://www.basketball-reference.com/players/h/howarje01.html,2024,2024-03-19,ORL,CHO,,"W, 112-92",,,,,,,,,,,,,,,,,
Jett Howard,https://www.basketball-reference.com/players/h/howarje01.html,2024,2024-03-21,ORL,NOP,,"W, 121-106",,,,,,,,,,,,,,,,,
Jett Howard,https://www.basketball-reference.com/players/h/howarje01.html,2024,2024-03-23,ORL,SAC,,"L, 107-109",,,,,,,,,,,,,,,,,
Jett Howard,https://www.basketball-reference.com/players/h/howarje01.html,2024,2024-03-27,ORL,GSW,,"L, 93-101",,,,,,,,,,,,,,,,,
Jett Howard,https://www.basketball-reference.com/players/h/howarje01.html,2024,2024-03-29,ORL,LAC,,"L, 97-100",,,,,,,,,,,,,,,,,
Jett Howard,https://www.basketball-reference.com/players/h/howarje01.html,2024,2024-03-30,ORL,MEM,,"W, 118-88",,,,,,,,,,,,,,,,,
Jett Howard,https://www.basketball-reference.com/players/h/howarje01.html,2024,2024-04-01,ORL,POR,,"W, 104-103",,,,,,,,,,,,,,,,,
Jett Howard,https://www.basketball-reference.com/players/h/howarje01.html,2024,2024-04-03,ORL,NOP,@,"W, 117-108",,,,,,,,,,,,,,,,,
Jett Howard,https://www.basketball-reference.com/players/h/howarje01.html,2024,2024-04-05,ORL,CHO,@,"L, 115-124",,,,,,,,,,,,,,,,,
Jett Howard,https://www.basketball-reference.com/players/h/howarje01.html,2024,2024-04-07,ORL,CHI,,"W, 113-98",,01:29,1,1,1,1,0,0,0,1,1,0,0,0,0,0,3
Jett Howard,https://www.basketball-reference.com/players/h/howarje01.html,2024,2024-04-09,ORL,HOU,@,"L, 106-118",,01:37,0,1,0,1,0,0,0,0,0,1,0,1,1,0,0
Jett Howard,https://www.basketball-reference.com/players/h/howarje01.html,2024,2024-04-10,ORL,MIL,@,"L, 99-117",,06:24,1,4,1,4,0,0,0,0,0,1,1,0,0,0,3
Jett Howard,https://www.basketball-reference.com/players/h/howarje01.html,2024,2024-04-12,ORL,PHI,@,"L, 113-125",,,,,,,,,,,,,,,,,
Jett Howard,https://www.basketball-reference.com/players/h/howarje01.html,2024,2024-04-14,ORL,MIL,,"W, 113-88",,05:16,0,1,0,1,0,0,0,1,1,1,1,0,0,1,0
Ricky Council IV,https://www.basketball-reference.com/players/c/councri01.html,2024,2023-10-26,PHI,MIL,@,"L, 117-118",,,,,,,,,,,,,,,,,
Ricky Council IV,https://www.basketball-reference.com/players/c/councri01.html,2024,2023-10-28,PHI,TOR,@,"W, 114-107",,,,,,,,,,,,,,,,,
Ricky Council IV,https://www.basketball-reference.com/players/c/councri01.html,2024,2023-10-29,PHI,POR,,"W, 126-98",,,,,,,,,,,,,,,,,
Ricky Council IV,https://www.basketball-reference.com/players/c/councri01.html,2024,,,,,,,,,,,,,,,,,,,,,,
Ricky Council IV,https://www.basketball-reference.com/players/c/councri01.html,2024,2023-11-02,PHI,TOR,,"W, 114-99",,,,,,,,,,,,,,,,,
Ricky Council IV,https://www.basketball-reference.com/players/c/councri01.html,2024,2023-11-04,PHI,PHO,,"W, 112-100",,,,,,,,,,,,,,,,,
Ricky Council IV,https://www.basketball-reference.com/players/c/councri01.html,2024,2023-11-06,PHI,WAS,,"W, 146-128",,,,,,,,,,,,,,,,,
Ricky Council IV,https://www.basketball-reference.com/players/c/councri01.html,2024,2023-11-08,PHI,BOS,,"W, 106-103",,,,,,,,,,,,,,,,,
Ricky Council IV,https://www.basketball-reference.com/players/c/councri01.html,2024,2023-11-10,PHI,DET,@,"W, 114-106",,,,,,,,,,,,,,,,,
Ricky Council IV,https://www.basketball-reference.com/players/c/councri01.html,2024,2023-11-12,PHI,IND,,"W, 137-126",,,,,,,,,,,,,,,,,
Ricky Council IV,https://www.basketball-reference.com/players/c/councri01.html,2024,2023-11-14,PHI,IND,,"L, 126-132",,,,,,,,,,,,,,,,,
Ricky Council IV,https://www.basketball-reference.com/players/c/councri01.html,2024,2023-11-15,PHI,BOS,,"L, 107-117",,,,,,,,,,,,,,,,,
Ricky Council IV,https://www.basketball-reference.com/players/c/councri01.html,2024,2023-11-17,PHI,ATL,@,"W, 126-116",,,,,,,,,,,,,,,,,
Ricky Council IV,https://www.basketball-reference.com/players/c/councri01.html,2024,2023-11-19,PHI,BRK,@,"W, 121-99",,,,,,,,,,,,,,,,,
Ricky Council IV,https://www.basketball-reference.com/players/c/councri01.html,2024,2023-11-21,PHI,CLE,,"L, 119-122 (OT)",,,,,,,,,,,,,,,,,
Ricky Council IV,https://www.basketball-reference.com/players/c/councri01.html,2024,2023-11-22,PHI,MIN,@,"L, 99-112",,,,,,,,,,,,,,,,,
Ricky Council IV,https://www.basketball-reference.com/players/c/councri01.html,2024,2023-11-25,PHI,OKC,@,"W, 127-123",,,,,,,,,,,,,,,,,
Ricky Council IV,https://www.basketball-reference.com/players/c/councri01.html,2024,2023-11-27,PHI,LAL,,"W, 138-94",,,,,,,,,,,,,,,,,
Ricky Council IV,https://www.basketball-reference.com/players/c/councri01.html,2024,2023-11-29,PHI,NOP,@,"L, 114-124",,,,,,,,,,,,,,,,,
Ricky Council IV,https://www.basketball-reference.com/players/c/councri01.html,2024,2023-12-01,PHI,BOS,@,"L, 119-125",,,,,,,,,,,,,,,,,
Ricky Council IV,https://www.basketball-reference.com/players/c/councri01.html,2024,2023-12-06,PHI,WAS,@,"W, 131-126",,,,,,,,,,,,,,,,,
Ricky Council IV,https://www.basketball-reference.com/players/c/councri01.html,2024,2023-12-08,PHI,ATL,,"W, 125-114",,,,,,,,,,,,,,,,,
Ricky Council IV,https://www.basketball-reference.com/players/c/councri01.html,2024,2023-12-11,PHI,WAS,,"W, 146-101",,,,,,,,,,,,,,,,,
Ricky Council IV,https://www.basketball-reference.com/players/c/councri01.html,2024,2023-12-13,PHI,DET,@,"W, 129-111",,,,,,,,,,,,,,,,,
Ricky Council IV,https://www.basketball-reference.com/players/c/councri01.html,2024,2023-12-15,PHI,DET,,"W, 124-92",,,,,,,,,,,,,,,,,
Ricky Council IV,https://www.basketball-reference.com/players/c/councri01.html,2024,2023-12-16,PHI,CHO,@,"W, 135-82",,,,,,,,,,,,,,,,,
Ricky Council IV,https://www.basketball-reference.com/players/c/councri01.html,2024,2023-12-18,PHI,CHI,,"L, 104-108",,,,,,,,,,,,,,,,,
Ricky Council IV,https://www.basketball-reference.com/players/c/councri01.html,2024,2023-12-20,PHI,MIN,,"W, 127-113",,,,,,,,,,,,,,,,,
Ricky Council IV,https://www.basketball-reference.com/players/c/councri01.html,2024,2023-12-22,PHI,TOR,,"W, 121-111",,,,,,,,,,,,,,,,,
Ricky Council IV,https://www.basketball-reference.com/players/c/councri01.html,2024,2023-12-25,PHI,MIA,@,"L, 113-119",,,,,,,,,,,,,,,,,
Ricky Council IV,https://www.basketball-reference.com/players/c/councri01.html,2024,2023-12-27,PHI,ORL,@,"W, 112-92",,,,,,,,,,,,,,,,,
Ricky Council IV,https://www.basketball-reference.com/players/c/councri01.html,2024,2023-12-29,PHI,HOU,@,"W, 131-127",,,,,,,,,,,,,,,,,
Ricky Council IV,https://www.basketball-reference.com/players/c/councri01.html,2024,2023-12-30,PHI,CHI,@,"L, 92-105",,,,,,,,,,,,,,,,,
Ricky Council IV,https://www.basketball-reference.com/players/c/councri01.html,2024,2024-01-02,PHI,CHI,,"W, 110-97",,06:01,0,1,0,1,0,0,0,0,0,0,0,0,0,0,0
Ricky Council IV,https://www.basketball-reference.com/players/c/councri01.html,2024,2024-01-05,PHI,NYK,,"L, 92-128",,,,,,,,,,,,,,,,,
Ricky Council IV,https://www.basketball-reference.com/players/c/councri01.html,2024,2024-01-06,PHI,UTA,,"L, 109-120",,,,,,,,,,,,,,,,,
Ricky Council IV,https://www.basketball-reference.com/players/c/councri01.html,2024,2024-01-10,PHI,ATL,@,"L, 132-139 (OT)",,,,,,,,,,,,,,,,,
Ricky Council IV,https://www.basketball-reference.com/players/c/councri01.html,2024,2024-01-12,PHI,SAC,,"W, 112-93",,,,,,,,,,,,,,,,,
Ricky Council IV,https://www.basketball-reference.com/players/c/councri01.html,2024,2024-01-15,PHI,HOU,,"W, 124-115",,,,,,,,,,,,,,,,,
Ricky Council IV,https://www.basketball-reference.com/players/c/councri01.html,2024,2024-01-16,PHI,DEN,,"W, 126-121",,,,,,,,,,,,,,,,,
Ricky Council IV,https://www.basketball-reference.com/players/c/councri01.html,2024,2024-01-19,PHI,ORL,@,"W, 124-109",,01:49,0,0,0,0,1,2,0,0,0,0,0,0,0,1,1
Ricky Council IV,https://www.basketball-reference.com/players/c/councri01.html,2024,2024-01-20,PHI,CHO,@,"W, 97-89",,00:18,0,0,0,0,0,0,0,0,0,0,0,0,0,0,0
Ricky Council IV,https://www.basketball-reference.com/players/c/councri01.html,2024,2024-01-22,PHI,SAS,,"W, 133-123",,01:04,0,1,0,0,0,0,0,0,0,0,0,0,0,0,0
Ricky Council IV,https://www.basketball-reference.com/players/c/councri01.html,2024,2024-01-25,PHI,IND,@,"L, 122-134",,12:00,3,6,1,1,4,6,1,0,1,0,1,0,0,0,11
Ricky Council IV,https://www.basketball-reference.com/players/c/councri01.html,2024,2024-01-27,PHI,DEN,@,"L, 105-111",,,,,,,,,,,,,,,,,
Ricky Council IV,https://www.basketball-reference.com/players/c/councri01.html,2024,2024-01-29,PHI,POR,@,"L, 104-130",,09:06,2,4,0,0,4,4,2,0,2,0,1,0,0,0,8
Ricky Council IV,https://www.basketball-reference.com/players/c/councri01.html,2024,2024-01-30,PHI,GSW,@,"L, 107-119",,01:32,1,1,0,0,0,0,0,0,0,0,0,0,0,0,2
Ricky Council IV,https://www.basketball-reference.com/players/c/councri01.html,2024,2024-02-01,PHI,UTA,@,"W, 127-124",,,,,,,,,,,,,,,,,
Ricky Council IV,https://www.basketball-reference.com/players/c/councri01.html,2024,2024-02-03,PHI,BRK,,"L, 121-136",,11:46,2,4,1,1,0,1,1,4,5,1,0,0,0,0,5
Ricky Council IV,https://www.basketball-reference.com/players/c/councri01.html,2024,2024-02-05,PHI,DAL,,"L, 102-118",,05:41,2,2,0,0,3,4,0,0,0,0,0,0,1,1,7
Ricky Council IV,https://www.basketball-reference.com/players/c/councri01.html,2024,2024-02-07,PHI,GSW,,"L, 104-127",,10:02,4,7,1,3,8,8,0,0,0,0,0,0,0,1,17
Ricky Council IV,https://www.basketball-reference.com/players/c/councri01.html,2024,2024-02-09,PHI,ATL,,"L, 121-127",,06:35,1,3,0,1,2,2,0,2,2,0,0,0,0,1,4
Ricky Council IV,https://www.basketball-reference.com/players/c/councri01.html,2024,2024-02-10,PHI,WAS,@,"W, 119-113",,29:11,7,13,0,1,5,8,5,5,10,1,0,0,0,2,19
Ricky Council IV,https://www.basketball-reference.com/players/c/councri01.html,2024,2024-02-12,PHI,CLE,@,"W, 123-121",,20:38,2,7,0,2,4,5,1,4,5,0,0,0,0,1,8
Ricky Council IV,https://www.basketball-reference.com/players/c/councri01.html,2024,2024-02-14,PHI,MIA,,"L, 104-109",,22:40,5,10,1,4,2,2,0,4,4,2,0,0,1,1,13
Ricky Council IV,https://www.basketball-reference.com/players/c/councri01.html,2024,2024-02-22,PHI,NYK,,"L, 96-110",,04:09,0,0,0,0,0,2,1,1,2,1,0,0,0,0,0
Ricky Council IV,https://www.basketball-reference.com/players/c/councri01.html,2024,2024-02-23,PHI,CLE,,"W, 104-97",,06:21,0,3,0,2,3,4,0,1,1,0,0,0,0,0,3
Ricky Council IV,https://www.basketball-reference.com/players/c/councri01.html,2024,2024-02-25,PHI,MIL,,"L, 98-119",,06:44,1,1,0,0,0,0,0,1,1,1,0,0,0,0,2
Ricky Council IV,https://www.basketball-reference.com/players/c/councri01.html,2024,2024-02-27,PHI,BOS,@,"L, 99-117",,19:05,6,8,0,0,4,4,1,3,4,1,0,0,1,0,16
Ricky Council IV,https://www.basketball-reference.com/players/c/councri01.html,2024,2024-03-01,PHI,CHO,,"W, 121-114",,05:25,1,5,0,1,1,2,0,1,1,0,0,0,0,0,3
Ricky Council IV,https://www.basketball-reference.com/players/c/councri01.html,2024,2024-03-03,PHI,DAL,@,"W, 120-116",,,,,,,,,,,,,,,,,
Ricky Council IV,https://www.basketball-reference.com/players/c/councri01.html,2024,2024-03-05,PHI,BRK,@,"L, 107-112",,,,,,,,,,,,,,,,,
Ricky Council IV,https://www.basketball-reference.com/players/c/councri01.html,2024,2024-03-06,PHI,MEM,,"L, 109-115",,08:59,0,3,0,2,1,4,0,1,1,0,0,0,1,1,1
Ricky Council IV,https://www.basketball-reference.com/players/c/councri01.html,2024,2024-03-08,PHI,NOP,,"L, 95-103",,06:21,1,3,0,1,0,0,0,0,0,0,0,0,0,2,2
Ricky Council IV,https://www.basketball-reference.com/players/c/councri01.html,2024,2024-03-10,PHI,NYK,@,"W, 79-73",,,,,,,,,,,,,,,,,
Ricky Council IV,https://www.basketball-reference.com/players/c/councri01.html,2024,2024-03-12,PHI,NYK,@,"L, 79-106",,06:29,1,3,0,0,2,2,0,0,0,0,0,1,0,0,4
Ricky Council IV,https://www.basketball-reference.com/players/c/councri01.html,2024,2024-03-14,PHI,MIL,@,"L, 105-114",,,,,,,,,,,,,,,,,
Ricky Council IV,https://www.basketball-reference.com/players/c/councri01.html,2024,2024-03-16,PHI,CHO,,"W, 109-98",,,,,,,,,,,,,,,,,
Ricky Council IV,https://www.basketball-reference.com/players/c/councri01.html,2024,2024-03-18,PHI,MIA,,"W, 98-91",,,,,,,,,,,,,,,,,
Ricky Council IV,https://www.basketball-reference.com/players/c/councri01.html,2024,2024-03-20,PHI,PHO,@,"L, 102-115",,12:00,4,5,2,2,0,0,0,0,0,2,0,0,0,0,10
Ricky Council IV,https://www.basketball-reference.com/players/c/councri01.html,2024,2024-03-22,PHI,LAL,@,"L, 94-101",,,,,,,,,,,,,,,,,
Ricky Council IV,https://www.basketball-reference.com/players/c/councri01.html,2024,2024-03-24,PHI,LAC,@,"W, 121-107",,02:24,1,1,1,1,0,0,0,0,0,0,0,0,0,0,3
Ricky Council IV,https://www.basketball-reference.com/players/c/councri01.html,2024,2024-03-25,PHI,SAC,@,"L, 96-108",,09:00,2,5,1,3,5,6,1,1,2,1,0,0,0,1,10
Ricky Council IV,https://www.basketball-reference.com/players/c/councri01.html,2024,2024-03-27,PHI,LAC,,"L, 107-108",,,,,,,,,,,,,,,,,
Ricky Council IV,https://www.basketball-reference.com/players/c/councri01.html,2024,2024-03-29,PHI,CLE,@,"L, 114-117",,08:59,1,2,1,1,1,2,0,0,0,1,0,0,0,1,4
Ricky Council IV,https://www.basketball-reference.com/players/c/councri01.html,2024,2024-03-31,PHI,TOR,@,"W, 135-120",,01:14,0,0,0,0,0,0,0,0,0,0,0,0,0,0,0
Ricky Council IV,https://www.basketball-reference.com/players/c/councri01.html,2024,2024-04-02,PHI,OKC,,"W, 109-105",,,,,,,,,,,,,,,,,
Ricky Council IV,https://www.basketball-reference.com/players/c/councri01.html,2024,2024-04-04,PHI,MIA,@,"W, 109-105",,,,,,,,,,,,,,,,,
Ricky Council IV,https://www.basketball-reference.com/players/c/councri01.html,2024,2024-04-06,PHI,MEM,@,"W, 116-96",,12:00,1,3,1,2,0,0,0,0,0,1,1,0,0,0,3
Ricky Council IV,https://www.basketball-reference.com/players/c/councri01.html,2024,2024-04-07,PHI,SAS,@,"W, 133-126 (2OT)",,22:00,4,5,0,0,3,3,1,1,2,3,4,0,0,1,11
Ricky Council IV,https://www.basketball-reference.com/players/c/councri01.html,2024,2024-04-09,PHI,DET,,"W, 120-102",,10:28,1,4,1,2,0,0,0,1,1,1,1,0,0,2,3
Ricky Council IV,https://www.basketball-reference.com/players/c/councri01.html,2024,2024-04-12,PHI,ORL,,"W, 125-113",,01:03,0,0,0,0,0,0,0,0,0,0,0,0,0,0,0
Ricky Council IV,https://www.basketball-reference.com/players/c/councri01.html,2024,2024-04-14,PHI,BRK,,"W, 107-86",,07:34,1,2,1,1,0,0,0,2,2,0,0,0,1,1,3
Filip Petrušev,https://www.basketball-reference.com/players/p/petrufi01.html,2024,2023-10-26,PHI,MIL,@,"L, 117-118",,,,,,,,,,,,,,,,,
Filip Petrušev,https://www.basketball-reference.com/players/p/petrufi01.html,2024,2023-10-28,PHI,TOR,@,"W, 114-107",,,,,,,,,,,,,,,,,
Filip Petrušev,https://www.basketball-reference.com/players/p/petrufi01.html,2024,2023-10-29,PHI,POR,,"W, 126-98",,02:41,0,0,0,0,0,0,0,1,1,0,0,0,0,0,0
Filip Petrušev,https://www.basketball-reference.com/players/p/petrufi01.html,2024,,,,,,,,,,,,,,,,,,,,,,
Filip Petrušev,https://www.basketball-reference.com/players/p/petrufi01.html,2024,2023-11-04,SAC,HOU,@,"L, 89-107",,,,,,,,,,,,,,,,,
Filip Petrušev,https://www.basketball-reference.com/players/p/petrufi01.html,2024,2023-11-06,SAC,HOU,@,"L, 97-122",,,,,,,,,,,,,,,,,
Filip Petrušev,https://www.basketball-reference.com/players/p/petrufi01.html,2024,2023-11-08,SAC,POR,,"W, 121-118 (OT)",,,,,,,,,,,,,,,,,
Filip Petrušev,https://www.basketball-reference.com/players/p/petrufi01.html,2024,2023-11-10,SAC,OKC,,"W, 105-98",,,,,,,,,,,,,,,,,
Filip Petrušev,https://www.basketball-reference.com/players/p/petrufi01.html,2024,2023-11-13,SAC,CLE,,"W, 132-120",,,,,,,,,,,,,,,,,
Filip Petrušev,https://www.basketball-reference.com/players/p/petrufi01.html,2024,2023-11-15,SAC,LAL,@,"W, 125-110",,00:11,0,0,0,0,0,0,0,0,0,0,0,0,0,0,0
Filip Petrušev,https://www.basketball-reference.com/players/p/petrufi01.html,2024,2023-11-17,SAC,SAS,@,"W, 129-120",,,,,,,,,,,,,,,,,
Filip Petrušev,https://www.basketball-reference.com/players/p/petrufi01.html,2024,2023-11-19,SAC,DAL,@,"W, 129-113",,,,,,,,,,,,,,,,,
Filip Petrušev,https://www.basketball-reference.com/players/p/petrufi01.html,2024,2023-11-20,SAC,NOP,@,"L, 93-129",,06:26,1,2,0,0,1,2,0,0,0,0,0,0,0,1,3
Filip Petrušev,https://www.basketball-reference.com/players/p/petrufi01.html,2024,2023-11-22,SAC,NOP,@,"L, 112-117",,,,,,,,,,,,,,,,,
Filip Petrušev,https://www.basketball-reference.com/players/p/petrufi01.html,2024,2023-11-24,SAC,MIN,@,"W, 124-111",,,,,,,,,,,,,,,,,
Terquavion Smith,https://www.basketball-reference.com/players/s/smithte01.html,2024,2023-10-26,PHI,MIL,@,"L, 117-118",,,,,,,,,,,,,,,,,
Terquavion Smith,https://www.basketball-reference.com/players/s/smithte01.html,2024,2023-10-28,PHI,TOR,@,"W, 114-107",,,,,,,,,,,,,,,,,
Terquavion Smith,https://www.basketball-reference.com/players/s/smithte01.html,2024,2023-10-29,PHI,POR,,"W, 126-98",,,,,,,,,,,,,,,,,
Terquavion Smith,https://www.basketball-reference.com/players/s/smithte01.html,2024,,,,,,,,,,,,,,,,,,,,,,
Terquavion Smith,https://www.basketball-reference.com/players/s/smithte01.html,2024,2023-11-02,PHI,TOR,,"W, 114-99",,,,,,,,,,,,,,,,,
Terquavion Smith,https://www.basketball-reference.com/players/s/smithte01.html,2024,2023-11-04,PHI,PHO,,"W, 112-100",,,,,,,,,,,,,,,,,
Terquavion Smith,https://www.basketball-reference.com/players/s/smithte01.html,2024,2023-11-06,PHI,WAS,,"W, 146-128",,,,,,,,,,,,,,,,,
Terquavion Smith,https://www.basketball-reference.com/players/s/smithte01.html,2024,2023-11-08,PHI,BOS,,"W, 106-103",,,,,,,,,,,,,,,,,
Terquavion Smith,https://www.basketball-reference.com/players/s/smithte01.html,2024,2023-11-10,PHI,DET,@,"W, 114-106",,,,,,,,,,,,,,,,,
Terquavion Smith,https://www.basketball-reference.com/players/s/smithte01.html,2024,2023-11-12,PHI,IND,,"W, 137-126",,,,,,,,,,,,,,,,,
Terquavion Smith,https://www.basketball-reference.com/players/s/smithte01.html,2024,2023-11-14,PHI,IND,,"L, 126-132",,,,,,,,,,,,,,,,,
Terquavion Smith,https://www.basketball-reference.com/players/s/smithte01.html,2024,2023-11-15,PHI,BOS,,"L, 107-117",,,,,,,,,,,,,,,,,
Terquavion Smith,https://www.basketball-reference.com/players/s/smithte01.html,2024,2023-11-17,PHI,ATL,@,"W, 126-116",,,,,,,,,,,,,,,,,
Terquavion Smith,https://www.basketball-reference.com/players/s/smithte01.html,2024,2023-11-19,PHI,BRK,@,"W, 121-99",,,,,,,,,,,,,,,,,
Terquavion Smith,https://www.basketball-reference.com/players/s/smithte01.html,2024,2023-11-21,PHI,CLE,,"L, 119-122 (OT)",,,,,,,,,,,,,,,,,
Terquavion Smith,https://www.basketball-reference.com/players/s/smithte01.html,2024,2023-11-22,PHI,MIN,@,"L, 99-112",,,,,,,,,,,,,,,,,
Terquavion Smith,https://www.basketball-reference.com/players/s/smithte01.html,2024,2023-11-25,PHI,OKC,@,"W, 127-123",,,,,,,,,,,,,,,,,
Terquavion Smith,https://www.basketball-reference.com/players/s/smithte01.html,2024,2023-11-27,PHI,LAL,,"W, 138-94",,,,,,,,,,,,,,,,,
Terquavion Smith,https://www.basketball-reference.com/players/s/smithte01.html,2024,2023-11-29,PHI,NOP,@,"L, 114-124",,,,,,,,,,,,,,,,,
Terquavion Smith,https://www.basketball-reference.com/players/s/smithte01.html,2024,2023-12-01,PHI,BOS,@,"L, 119-125",,,,,,,,,,,,,,,,,
Terquavion Smith,https://www.basketball-reference.com/players/s/smithte01.html,2024,2023-12-06,PHI,WAS,@,"W, 131-126",,,,,,,,,,,,,,,,,
Terquavion Smith,https://www.basketball-reference.com/players/s/smithte01.html,2024,2023-12-08,PHI,ATL,,"W, 125-114",,,,,,,,,,,,,,,,,
Terquavion Smith,https://www.basketball-reference.com/players/s/smithte01.html,2024,2023-12-11,PHI,WAS,,"W, 146-101",,,,,,,,,,,,,,,,,
Terquavion Smith,https://www.basketball-reference.com/players/s/smithte01.html,2024,2023-12-13,PHI,DET,@,"W, 129-111",,,,,,,,,,,,,,,,,
Terquavion Smith,https://www.basketball-reference.com/players/s/smithte01.html,2024,2023-12-15,PHI,DET,,"W, 124-92",,,,,,,,,,,,,,,,,
Terquavion Smith,https://www.basketball-reference.com/players/s/smithte01.html,2024,2023-12-16,PHI,CHO,@,"W, 135-82",,,,,,,,,,,,,,,,,
Terquavion Smith,https://www.basketball-reference.com/players/s/smithte01.html,2024,2023-12-18,PHI,CHI,,"L, 104-108",,,,,,,,,,,,,,,,,
Terquavion Smith,https://www.basketball-reference.com/players/s/smithte01.html,2024,2023-12-20,PHI,MIN,,"W, 127-113",,,,,,,,,,,,,,,,,
Terquavion Smith,https://www.basketball-reference.com/players/s/smithte01.html,2024,2023-12-22,PHI,TOR,,"W, 121-111",,,,,,,,,,,,,,,,,
Terquavion Smith,https://www.basketball-reference.com/players/s/smithte01.html,2024,2023-12-25,PHI,MIA,@,"L, 113-119",,,,,,,,,,,,,,,,,
Terquavion Smith,https://www.basketball-reference.com/players/s/smithte01.html,2024,2023-12-27,PHI,ORL,@,"W, 112-92",,,,,,,,,,,,,,,,,
Terquavion Smith,https://www.basketball-reference.com/players/s/smithte01.html,2024,2023-12-29,PHI,HOU,@,"W, 131-127",,,,,,,,,,,,,,,,,
Terquavion Smith,https://www.basketball-reference.com/players/s/smithte01.html,2024,2023-12-30,PHI,CHI,@,"L, 92-105",,,,,,,,,,,,,,,,,
Terquavion Smith,https://www.basketball-reference.com/players/s/smithte01.html,2024,2024-01-02,PHI,CHI,,"W, 110-97",,,,,,,,,,,,,,,,,
Terquavion Smith,https://www.basketball-reference.com/players/s/smithte01.html,2024,2024-01-05,PHI,NYK,,"L, 92-128",,,,,,,,,,,,,,,,,
Terquavion Smith,https://www.basketball-reference.com/players/s/smithte01.html,2024,2024-01-06,PHI,UTA,,"L, 109-120",,,,,,,,,,,,,,,,,
Terquavion Smith,https://www.basketball-reference.com/players/s/smithte01.html,2024,2024-01-10,PHI,ATL,@,"L, 132-139 (OT)",,,,,,,,,,,,,,,,,
Terquavion Smith,https://www.basketball-reference.com/players/s/smithte01.html,2024,2024-01-12,PHI,SAC,,"W, 112-93",,,,,,,,,,,,,,,,,
Terquavion Smith,https://www.basketball-reference.com/players/s/smithte01.html,2024,2024-01-15,PHI,HOU,,"W, 124-115",,,,,,,,,,,,,,,,,
Terquavion Smith,https://www.basketball-reference.com/players/s/smithte01.html,2024,2024-01-16,PHI,DEN,,"W, 126-121",,,,,,,,,,,,,,,,,
Terquavion Smith,https://www.basketball-reference.com/players/s/smithte01.html,2024,2024-01-19,PHI,ORL,@,"W, 124-109",,01:49,2,2,2,2,0,0,0,0,0,0,0,0,0,0,6
Terquavion Smith,https://www.basketball-reference.com/players/s/smithte01.html,2024,2024-01-20,PHI,CHO,@,"W, 97-89",,00:18,0,0,0,0,0,0,0,0,0,0,0,0,0,0,0
Terquavion Smith,https://www.basketball-reference.com/players/s/smithte01.html,2024,2024-01-22,PHI,SAS,,"W, 133-123",,01:04,0,1,0,0,0,0,0,0,0,0,0,0,0,0,0
Terquavion Smith,https://www.basketball-reference.com/players/s/smithte01.html,2024,2024-01-25,PHI,IND,@,"L, 122-134",,12:00,0,6,0,4,2,2,0,0,0,5,3,0,1,0,2
Terquavion Smith,https://www.basketball-reference.com/players/s/smithte01.html,2024,2024-01-27,PHI,DEN,@,"L, 105-111",,,,,,,,,,,,,,,,,
Terquavion Smith,https://www.basketball-reference.com/players/s/smithte01.html,2024,2024-01-29,PHI,POR,@,"L, 104-130",,09:06,1,4,1,4,0,0,0,0,0,1,1,0,1,1,3
Terquavion Smith,https://www.basketball-reference.com/players/s/smithte01.html,2024,2024-01-30,PHI,GSW,@,"L, 107-119",,,,,,,,,,,,,,,,,
Terquavion Smith,https://www.basketball-reference.com/players/s/smithte01.html,2024,2024-02-01,PHI,UTA,@,"W, 127-124",,,,,,,,,,,,,,,,,
Terquavion Smith,https://www.basketball-reference.com/players/s/smithte01.html,2024,2024-02-03,PHI,BRK,,"L, 121-136",,09:11,6,7,5,6,0,1,0,0,0,1,0,0,0,2,17
Terquavion Smith,https://www.basketball-reference.com/players/s/smithte01.html,2024,2024-02-05,PHI,DAL,,"L, 102-118",,05:41,1,2,1,2,0,0,0,1,1,1,1,0,0,0,3
Terquavion Smith,https://www.basketball-reference.com/players/s/smithte01.html,2024,2024-02-07,PHI,GSW,,"L, 104-127",,10:02,3,8,1,4,0,0,0,1,1,2,1,0,1,0,7
Terquavion Smith,https://www.basketball-reference.com/players/s/smithte01.html,2024,2024-02-09,PHI,ATL,,"L, 121-127",,12:44,3,7,2,6,0,0,0,0,0,0,1,0,1,0,8
Terquavion Smith,https://www.basketball-reference.com/players/s/smithte01.html,2024,2024-02-10,PHI,WAS,@,"W, 119-113",,,,,,,,,,,,,,,,,
Terquavion Smith,https://www.basketball-reference.com/players/s/smithte01.html,2024,2024-02-12,PHI,CLE,@,"W, 123-121",,03:05,0,2,0,2,0,0,0,0,0,0,0,0,0,1,0
Terquavion Smith,https://www.basketball-reference.com/players/s/smithte01.html,2024,2024-02-14,PHI,MIA,,"L, 104-109",,02:50,0,1,0,1,0,0,0,0,0,0,0,0,0,0,0
Terquavion Smith,https://www.basketball-reference.com/players/s/smithte01.html,2024,2024-02-22,PHI,NYK,,"L, 96-110",,01:23,0,0,0,0,0,0,0,0,0,0,0,0,0,0,0
Terquavion Smith,https://www.basketball-reference.com/players/s/smithte01.html,2024,2024-02-23,PHI,CLE,,"W, 104-97",,,,,,,,,,,,,,,,,
Terquavion Smith,https://www.basketball-reference.com/players/s/smithte01.html,2024,2024-02-25,PHI,MIL,,"L, 98-119",,,,,,,,,,,,,,,,,
Terquavion Smith,https://www.basketball-reference.com/players/s/smithte01.html,2024,2024-02-27,PHI,BOS,@,"L, 99-117",,,,,,,,,,,,,,,,,
Terquavion Smith,https://www.basketball-reference.com/players/s/smithte01.html,2024,2024-03-01,PHI,CHO,,"W, 121-114",,,,,,,,,,,,,,,,,
Terquavion Smith,https://www.basketball-reference.com/players/s/smithte01.html,2024,2024-03-03,PHI,DAL,@,"W, 120-116",,,,,,,,,,,,,,,,,
Terquavion Smith,https://www.basketball-reference.com/players/s/smithte01.html,2024,2024-03-05,PHI,BRK,@,"L, 107-112",,,,,,,,,,,,,,,,,
Terquavion Smith,https://www.basketball-reference.com/players/s/smithte01.html,2024,2024-03-06,PHI,MEM,,"L, 109-115",,,,,,,,,,,,,,,,,
Terquavion Smith,https://www.basketball-reference.com/players/s/smithte01.html,2024,2024-03-08,PHI,NOP,,"L, 95-103",,,,,,,,,,,,,,,,,
Terquavion Smith,https://www.basketball-reference.com/players/s/smithte01.html,2024,2024-03-10,PHI,NYK,@,"W, 79-73",,,,,,,,,,,,,,,,,
Terquavion Smith,https://www.basketball-reference.com/players/s/smithte01.html,2024,2024-03-12,PHI,NYK,@,"L, 79-106",,,,,,,,,,,,,,,,,
Terquavion Smith,https://www.basketball-reference.com/players/s/smithte01.html,2024,2024-03-14,PHI,MIL,@,"L, 105-114",,,,,,,,,,,,,,,,,
Terquavion Smith,https://www.basketball-reference.com/players/s/smithte01.html,2024,2024-03-16,PHI,CHO,,"W, 109-98",,,,,,,,,,,,,,,,,
Terquavion Smith,https://www.basketball-reference.com/players/s/smithte01.html,2024,2024-03-18,PHI,MIA,,"W, 98-91",,,,,,,,,,,,,,,,,
Terquavion Smith,https://www.basketball-reference.com/players/s/smithte01.html,2024,2024-03-20,PHI,PHO,@,"L, 102-115",,,,,,,,,,,,,,,,,
Terquavion Smith,https://www.basketball-reference.com/players/s/smithte01.html,2024,2024-03-22,PHI,LAL,@,"L, 94-101",,,,,,,,,,,,,,,,,
Terquavion Smith,https://www.basketball-reference.com/players/s/smithte01.html,2024,2024-03-24,PHI,LAC,@,"W, 121-107",,,,,,,,,,,,,,,,,
Terquavion Smith,https://www.basketball-reference.com/players/s/smithte01.html,2024,2024-03-25,PHI,SAC,@,"L, 96-108",,,,,,,,,,,,,,,,,
Terquavion Smith,https://www.basketball-reference.com/players/s/smithte01.html,2024,2024-03-27,PHI,LAC,,"L, 107-108",,,,,,,,,,,,,,,,,
Terquavion Smith,https://www.basketball-reference.com/players/s/smithte01.html,2024,2024-03-29,PHI,CLE,@,"L, 114-117",,,,,,,,,,,,,,,,,
Terquavion Smith,https://www.basketball-reference.com/players/s/smithte01.html,2024,2024-03-31,PHI,TOR,@,"W, 135-120",,,,,,,,,,,,,,,,,
Terquavion Smith,https://www.basketball-reference.com/players/s/smithte01.html,2024,2024-04-02,PHI,OKC,,"W, 109-105",,,,,,,,,,,,,,,,,
Terquavion Smith,https://www.basketball-reference.com/players/s/smithte01.html,2024,2024-04-04,PHI,MIA,@,"W, 109-105",,,,,,,,,,,,,,,,,
Terquavion Smith,https://www.basketball-reference.com/players/s/smithte01.html,2024,2024-04-06,PHI,MEM,@,"W, 116-96",,06:09,2,3,1,2,0,0,0,1,1,1,1,0,1,2,5
Terquavion Smith,https://www.basketball-reference.com/players/s/smithte01.html,2024,2024-04-07,PHI,SAS,@,"W, 133-126 (2OT)",,,,,,,,,,,,,,,,,
Terquavion Smith,https://www.basketball-reference.com/players/s/smithte01.html,2024,2024-04-09,PHI,DET,,"W, 120-102",,02:17,0,0,0,0,0,0,0,0,0,0,0,0,0,1,0
Terquavion Smith,https://www.basketball-reference.com/players/s/smithte01.html,2024,2024-04-12,PHI,ORL,,"W, 125-113",,01:03,0,0,0,0,0,0,0,0,0,1,0,0,1,0,0
Terquavion Smith,https://www.basketball-reference.com/players/s/smithte01.html,2024,2024-04-14,PHI,BRK,,"W, 107-86",,05:47,0,3,0,2,1,2,0,1,1,0,0,0,1,1,1
Ibou Badji,https://www.basketball-reference.com/players/b/badjiib01.html,2024,2023-11-22,POR,UTA,,"W, 121-105",,,,,,,,,,,,,,,,,
Ibou Badji,https://www.basketball-reference.com/players/b/badjiib01.html,2024,2023-11-26,POR,MIL,@,"L, 102-108",,,,,,,,,,,,,,,,,
Ibou Badji,https://www.basketball-reference.com/players/b/badjiib01.html,2024,2023-11-27,POR,IND,@,"W, 114-110",,,,,,,,,,,,,,,,,
Ibou Badji,https://www.basketball-reference.com/players/b/badjiib01.html,2024,2023-11-30,POR,CLE,@,"W, 103-95",,,,,,,,,,,,,,,,,
Ibou Badji,https://www.basketball-reference.com/players/b/badjiib01.html,2024,,,,,,,,,,,,,,,,,,,,,,
Ibou Badji,https://www.basketball-reference.com/players/b/badjiib01.html,2024,2023-12-02,POR,UTA,@,"L, 113-118 (OT)",,,,,,,,,,,,,,,,,
Ibou Badji,https://www.basketball-reference.com/players/b/badjiib01.html,2024,2023-12-06,POR,GSW,@,"L, 106-110",,,,,,,,,,,,,,,,,
Ibou Badji,https://www.basketball-reference.com/players/b/badjiib01.html,2024,2023-12-08,POR,DAL,,"L, 112-125",,,,,,,,,,,,,,,,,
Ibou Badji,https://www.basketball-reference.com/players/b/badjiib01.html,2024,2023-12-11,POR,LAC,@,"L, 127-132",,,,,,,,,,,,,,,,,
Ibou Badji,https://www.basketball-reference.com/players/b/badjiib01.html,2024,2023-12-14,POR,UTA,,"L, 114-122",,,,,,,,,,,,,,,,,
Ibou Badji,https://www.basketball-reference.com/players/b/badjiib01.html,2024,2023-12-16,POR,DAL,,"L, 120-131",,,,,,,,,,,,,,,,,
Ibou Badji,https://www.basketball-reference.com/players/b/badjiib01.html,2024,2023-12-17,POR,GSW,,"L, 114-118",,,,,,,,,,,,,,,,,
Ibou Badji,https://www.basketball-reference.com/players/b/badjiib01.html,2024,2023-12-19,POR,PHO,,"W, 109-104",,,,,,,,,,,,,,,,,
Ibou Badji,https://www.basketball-reference.com/players/b/badjiib01.html,2024,2023-12-21,POR,WAS,,"L, 117-118",,,,,,,,,,,,,,,,,
Ibou Badji,https://www.basketball-reference.com/players/b/badjiib01.html,2024,2023-12-23,POR,GSW,@,"L, 106-126",,,,,,,,,,,,,,,,,
Ibou Badji,https://www.basketball-reference.com/players/b/badjiib01.html,2024,2023-12-26,POR,SAC,,"W, 130-113",,01:56,0,0,0,0,0,0,0,0,0,0,0,0,0,0,0
Ibou Badji,https://www.basketball-reference.com/players/b/badjiib01.html,2024,2023-12-28,POR,SAS,,"L, 105-118",,14:08,3,3,0,0,1,2,5,4,9,0,0,3,0,3,7
Ibou Badji,https://www.basketball-reference.com/players/b/badjiib01.html,2024,2023-12-29,POR,SAS,,"W, 134-128",,10:20,0,0,0,0,2,2,1,1,2,1,0,2,0,3,2
Ibou Badji,https://www.basketball-reference.com/players/b/badjiib01.html,2024,2024-01-01,POR,PHO,@,"L, 88-109",,23:25,2,2,0,0,0,0,0,5,5,1,0,1,2,6,4
Ibou Badji,https://www.basketball-reference.com/players/b/badjiib01.html,2024,2024-01-03,POR,DAL,@,"L, 97-126",,14:51,0,2,0,0,0,0,3,1,4,0,0,2,4,6,0
Ibou Badji,https://www.basketball-reference.com/players/b/badjiib01.html,2024,2024-01-05,POR,DAL,@,"L, 103-139",,17:43,0,1,0,0,0,0,0,2,2,1,0,0,1,3,0
Ibou Badji,https://www.basketball-reference.com/players/b/badjiib01.html,2024,2024-01-07,POR,BRK,@,"W, 134-127 (OT)",,09:20,0,0,0,0,0,0,2,1,3,0,0,0,0,3,0
Ibou Badji,https://www.basketball-reference.com/players/b/badjiib01.html,2024,2024-01-09,POR,NYK,@,"L, 84-112",,27:15,2,5,0,0,0,2,3,4,7,3,2,2,1,2,4
Ibou Badji,https://www.basketball-reference.com/players/b/badjiib01.html,2024,2024-01-11,POR,OKC,@,"L, 77-139",,19:03,0,0,0,0,0,0,0,3,3,2,0,3,0,3,0
Ibou Badji,https://www.basketball-reference.com/players/b/badjiib01.html,2024,2024-01-12,POR,MIN,@,"L, 93-116",,08:30,1,1,0,0,0,0,3,3,6,0,0,1,1,3,2
Ibou Badji,https://www.basketball-reference.com/players/b/badjiib01.html,2024,2024-01-14,POR,PHO,,"L, 116-127",,,,,,,,,,,,,,,,,
Ibou Badji,https://www.basketball-reference.com/players/b/badjiib01.html,2024,2024-01-17,POR,BRK,,"W, 105-103",,13:07,1,1,0,0,0,0,1,1,2,0,0,2,0,0,2
Ibou Badji,https://www.basketball-reference.com/players/b/badjiib01.html,2024,2024-01-19,POR,IND,,"W, 118-115",,,,,,,,,,,,,,,,,
Ibou Badji,https://www.basketball-reference.com/players/b/badjiib01.html,2024,2024-01-21,POR,LAL,@,"L, 110-134",,03:19,0,0,0,0,0,0,0,1,1,0,0,1,0,0,0
Ibou Badji,https://www.basketball-reference.com/players/b/badjiib01.html,2024,2024-01-23,POR,OKC,@,"L, 109-111",,,,,,,,,,,,,,,,,
Ibou Badji,https://www.basketball-reference.com/players/b/badjiib01.html,2024,2024-01-24,POR,HOU,@,"W, 137-131 (OT)",,,,,,,,,,,,,,,,,
Ibou Badji,https://www.basketball-reference.com/players/b/badjiib01.html,2024,2024-01-26,POR,SAS,@,"L, 100-116",,,,,,,,,,,,,,,,,
Ibou Badji,https://www.basketball-reference.com/players/b/badjiib01.html,2024,2024-01-28,POR,CHI,,"L, 96-104",,,,,,,,,,,,,,,,,
Ibou Badji,https://www.basketball-reference.com/players/b/badjiib01.html,2024,2024-01-29,POR,PHI,,"W, 130-104",,,,,,,,,,,,,,,,,
Ibou Badji,https://www.basketball-reference.com/players/b/badjiib01.html,2024,2024-01-31,POR,MIL,,"W, 119-116",,,,,,,,,,,,,,,,,
Ibou Badji,https://www.basketball-reference.com/players/b/badjiib01.html,2024,2024-02-02,POR,DEN,@,"L, 108-120",,00:44,0,0,0,0,0,0,0,0,0,0,0,0,0,0,0
Ibou Badji,https://www.basketball-reference.com/players/b/badjiib01.html,2024,2024-02-04,POR,DEN,@,"L, 103-112",,,,,,,,,,,,,,,,,
Ibou Badji,https://www.basketball-reference.com/players/b/badjiib01.html,2024,2024-02-08,POR,DET,,"L, 122-128 (OT)",,09:31,0,0,0,0,0,0,0,0,0,2,0,2,3,2,0
Ibou Badji,https://www.basketball-reference.com/players/b/badjiib01.html,2024,2024-02-10,POR,NOP,,"L, 84-93",,10:46,2,2,0,0,0,0,0,1,1,1,0,0,1,3,4
Ibou Badji,https://www.basketball-reference.com/players/b/badjiib01.html,2024,2024-02-13,POR,MIN,,"L, 109-121",,03:30,0,0,0,0,1,2,0,1,1,1,0,0,0,2,1
Ibou Badji,https://www.basketball-reference.com/players/b/badjiib01.html,2024,2024-02-15,POR,MIN,,"L, 91-128",,11:25,1,2,0,0,1,2,1,1,2,1,0,1,1,1,3
Ibou Badji,https://www.basketball-reference.com/players/b/badjiib01.html,2024,2024-02-23,POR,DEN,,"L, 112-127",,,,,,,,,,,,,,,,,
Ibou Badji,https://www.basketball-reference.com/players/b/badjiib01.html,2024,2024-02-25,POR,CHO,,"L, 80-93",,,,,,,,,,,,,,,,,
Ibou Badji,https://www.basketball-reference.com/players/b/badjiib01.html,2024,2024-02-27,POR,MIA,,"L, 96-106",,,,,,,,,,,,,,,,,
Ibou Badji,https://www.basketball-reference.com/players/b/badjiib01.html,2024,2024-03-01,POR,MEM,@,"W, 122-92",,04:15,0,0,0,0,0,0,0,0,0,0,0,0,0,2,0
Ibou Badji,https://www.basketball-reference.com/players/b/badjiib01.html,2024,2024-03-02,POR,MEM,@,"W, 107-100 (OT)",,,,,,,,,,,,,,,,,
Ibou Badji,https://www.basketball-reference.com/players/b/badjiib01.html,2024,2024-03-04,POR,MIN,@,"L, 114-119",,,,,,,,,,,,,,,,,
Ibou Badji,https://www.basketball-reference.com/players/b/badjiib01.html,2024,2024-03-06,POR,OKC,,"L, 120-128",,,,,,,,,,,,,,,,,
Ibou Badji,https://www.basketball-reference.com/players/b/badjiib01.html,2024,2024-03-08,POR,HOU,,"L, 107-123",,,,,,,,,,,,,,,,,
Ibou Badji,https://www.basketball-reference.com/players/b/badjiib01.html,2024,2024-03-09,POR,TOR,,"W, 128-118 (OT)",,,,,,,,,,,,,,,,,
Ibou Badji,https://www.basketball-reference.com/players/b/badjiib01.html,2024,2024-03-11,POR,BOS,,"L, 99-121",,,,,,,,,,,,,,,,,
Ibou Badji,https://www.basketball-reference.com/players/b/badjiib01.html,2024,2024-03-13,POR,ATL,,"W, 106-102",,,,,,,,,,,,,,,,,
Ibou Badji,https://www.basketball-reference.com/players/b/badjiib01.html,2024,2024-03-14,POR,NYK,,"L, 93-105",,,,,,,,,,,,,,,,,
Ibou Badji,https://www.basketball-reference.com/players/b/badjiib01.html,2024,2024-03-16,POR,NOP,@,"L, 107-126",,01:44,0,0,0,0,0,0,0,0,0,0,0,0,0,0,0
Ibou Badji,https://www.basketball-reference.com/players/b/badjiib01.html,2024,2024-03-18,POR,CHI,@,"L, 107-110",,,,,,,,,,,,,,,,,
Ibou Badji,https://www.basketball-reference.com/players/b/badjiib01.html,2024,2024-03-20,POR,LAC,,"L, 103-116",,,,,,,,,,,,,,,,,
Ibou Badji,https://www.basketball-reference.com/players/b/badjiib01.html,2024,2024-03-22,POR,LAC,,"L, 117-125",,,,,,,,,,,,,,,,,
Ibou Badji,https://www.basketball-reference.com/players/b/badjiib01.html,2024,2024-03-23,POR,DEN,,"L, 111-114",,,,,,,,,,,,,,,,,
Ibou Badji,https://www.basketball-reference.com/players/b/badjiib01.html,2024,2024-03-25,POR,HOU,@,"L, 92-110",,,,,,,,,,,,,,,,,
Ibou Badji,https://www.basketball-reference.com/players/b/badjiib01.html,2024,2024-03-27,POR,ATL,@,"L, 106-120",,01:33,0,0,0,0,0,0,0,0,0,0,0,0,0,0,0
Ibou Badji,https://www.basketball-reference.com/players/b/badjiib01.html,2024,2024-03-29,POR,MIA,@,"L, 82-142",,09:11,1,1,0,0,1,2,1,2,3,0,0,0,0,2,3
Ibou Badji,https://www.basketball-reference.com/players/b/badjiib01.html,2024,2024-04-01,POR,ORL,@,"L, 103-104",,,,,,,,,,,,,,,,,
Ibou Badji,https://www.basketball-reference.com/players/b/badjiib01.html,2024,2024-04-03,POR,CHO,@,"W, 89-86",,,,,,,,,,,,,,,,,
Ibou Badji,https://www.basketball-reference.com/players/b/badjiib01.html,2024,2024-04-05,POR,WAS,@,"W, 108-102",,,,,,,,,,,,,,,,,
Ibou Badji,https://www.basketball-reference.com/players/b/badjiib01.html,2024,2024-04-07,POR,BOS,@,"L, 107-124",,,,,,,,,,,,,,,,,
Ibou Badji,https://www.basketball-reference.com/players/b/badjiib01.html,2024,2024-04-09,POR,NOP,,"L, 100-110",,,,,,,,,,,,,,,,,
Ibou Badji,https://www.basketball-reference.com/players/b/badjiib01.html,2024,2024-04-11,POR,GSW,,"L, 92-100",,,,,,,,,,,,,,,,,
Ibou Badji,https://www.basketball-reference.com/players/b/badjiib01.html,2024,2024-04-12,POR,HOU,,"L, 107-116",,,,,,,,,,,,,,,,,
Ibou Badji,https://www.basketball-reference.com/players/b/badjiib01.html,2024,2024-04-14,POR,SAC,@,"L, 82-121",,10:13,1,2,0,0,0,0,0,0,0,0,1,0,1,2,2
Toumani Camara,https://www.basketball-reference.com/players/c/camarto01.html,2024,2023-10-25,POR,LAC,@,"L, 111-123",,15:51,2,5,2,2,1,2,0,2,2,1,0,1,0,2,7
Toumani Camara,https://www.basketball-reference.com/players/c/camarto01.html,2024,2023-10-27,POR,ORL,,"L, 97-102",,22:54,0,4,0,2,2,2,1,3,4,3,0,0,0,0,2
Toumani Camara,https://www.basketball-reference.com/players/c/camarto01.html,2024,2023-10-29,POR,PHI,@,"L, 98-126",,27:40,5,16,1,5,1,2,3,0,3,2,0,2,0,3,12
Toumani Camara,https://www.basketball-reference.com/players/c/camarto01.html,2024,2023-10-30,POR,TOR,@,"W, 99-91",,23:21,1,4,0,2,1,2,2,5,7,0,0,1,1,2,3
Toumani Camara,https://www.basketball-reference.com/players/c/camarto01.html,2024,,,,,,,,,,,,,,,,,,,,,,
Toumani Camara,https://www.basketball-reference.com/players/c/camarto01.html,2024,2023-11-01,POR,DET,@,"W, 110-101",,25:55,2,3,0,0,3,3,2,5,7,0,1,1,1,2,7
Toumani Camara,https://www.basketball-reference.com/players/c/camarto01.html,2024,2023-11-03,POR,MEM,,"W, 115-113 (OT)",,31:29,2,8,0,3,1,1,3,0,3,1,2,0,1,4,5
Toumani Camara,https://www.basketball-reference.com/players/c/camarto01.html,2024,2023-11-05,POR,MEM,,"L, 100-112",,24:29,3,5,2,3,0,0,3,3,6,2,1,0,3,1,8
Toumani Camara,https://www.basketball-reference.com/players/c/camarto01.html,2024,2023-11-08,POR,SAC,@,"L, 118-121 (OT)",,25:21,1,2,0,0,0,0,1,3,4,1,3,0,1,3,2
Toumani Camara,https://www.basketball-reference.com/players/c/camarto01.html,2024,2023-11-12,POR,LAL,@,"L, 110-116",,23:30,1,3,0,2,0,0,4,2,6,2,0,1,2,5,2
Toumani Camara,https://www.basketball-reference.com/players/c/camarto01.html,2024,2023-11-14,POR,UTA,@,"L, 99-115",,25:38,3,6,2,4,1,2,2,3,5,1,0,2,2,2,9
Toumani Camara,https://www.basketball-reference.com/players/c/camarto01.html,2024,2023-11-15,POR,CLE,,"L, 95-109",,21:41,0,4,0,3,0,0,0,1,1,3,2,0,1,1,0
Toumani Camara,https://www.basketball-reference.com/players/c/camarto01.html,2024,2023-11-17,POR,LAL,,"L, 95-107",,35:52,3,8,1,6,3,5,2,4,6,0,2,1,1,3,10
Toumani Camara,https://www.basketball-reference.com/players/c/camarto01.html,2024,2023-11-19,POR,OKC,,"L, 91-134",,14:59,3,5,0,2,0,0,0,2,2,0,0,0,1,4,6
Toumani Camara,https://www.basketball-reference.com/players/c/camarto01.html,2024,2023-11-21,POR,PHO,@,"L, 107-120",,38:34,2,4,0,2,3,4,0,4,4,0,1,0,1,4,7
Toumani Camara,https://www.basketball-reference.com/players/c/camarto01.html,2024,2023-11-22,POR,UTA,,"W, 121-105",,27:54,4,8,2,4,2,2,3,4,7,3,0,1,2,2,12
Toumani Camara,https://www.basketball-reference.com/players/c/camarto01.html,2024,2023-11-26,POR,MIL,@,"L, 102-108",,16:54,2,3,2,2,0,0,2,1,3,0,0,0,2,4,6
Toumani Camara,https://www.basketball-reference.com/players/c/camarto01.html,2024,2023-11-27,POR,IND,@,"W, 114-110",,16:54,1,3,1,2,2,2,2,0,2,0,0,0,0,2,5
Toumani Camara,https://www.basketball-reference.com/players/c/camarto01.html,2024,2023-11-30,POR,CLE,@,"W, 103-95",,24:18,4,6,1,3,0,0,1,1,2,1,2,1,1,0,9
Toumani Camara,https://www.basketball-reference.com/players/c/camarto01.html,2024,2023-12-02,POR,UTA,@,"L, 113-118 (OT)",,29:58,4,8,0,3,0,0,2,1,3,0,4,1,0,4,8
Toumani Camara,https://www.basketball-reference.com/players/c/camarto01.html,2024,2023-12-06,POR,GSW,@,"L, 106-110",,26:55,3,14,0,4,0,0,5,8,13,2,0,0,3,6,6
Toumani Camara,https://www.basketball-reference.com/players/c/camarto01.html,2024,2023-12-08,POR,DAL,,"L, 112-125",,32:00,6,20,2,10,0,0,6,3,9,0,1,0,0,5,14
Toumani Camara,https://www.basketball-reference.com/players/c/camarto01.html,2024,2023-12-11,POR,LAC,@,"L, 127-132",,37:27,3,6,1,3,0,2,0,4,4,4,1,1,1,5,7
Toumani Camara,https://www.basketball-reference.com/players/c/camarto01.html,2024,2023-12-14,POR,UTA,,"L, 114-122",,24:15,7,10,3,4,1,2,4,2,6,0,0,0,1,3,18
Toumani Camara,https://www.basketball-reference.com/players/c/camarto01.html,2024,2023-12-16,POR,DAL,,"L, 120-131",,19:47,3,7,0,4,2,2,0,3,3,1,1,0,0,3,8
Toumani Camara,https://www.basketball-reference.com/players/c/camarto01.html,2024,2023-12-17,POR,GSW,,"L, 114-118",,22:23,3,4,3,3,2,4,1,2,3,0,2,0,1,2,11
Toumani Camara,https://www.basketball-reference.com/players/c/camarto01.html,2024,2023-12-19,POR,PHO,,"W, 109-104",,21:31,2,4,1,1,0,0,3,6,9,0,3,1,2,3,5
Toumani Camara,https://www.basketball-reference.com/players/c/camarto01.html,2024,2023-12-21,POR,WAS,,"L, 117-118",,17:57,2,3,0,1,0,0,1,2,3,0,1,0,0,3,4
Toumani Camara,https://www.basketball-reference.com/players/c/camarto01.html,2024,2023-12-23,POR,GSW,@,"L, 106-126",,24:34,2,3,0,0,2,2,0,2,2,0,1,1,1,1,6
Toumani Camara,https://www.basketball-reference.com/players/c/camarto01.html,2024,2023-12-26,POR,SAC,,"W, 130-113",,17:49,2,5,0,1,0,0,2,1,3,1,0,0,1,1,4
Toumani Camara,https://www.basketball-reference.com/players/c/camarto01.html,2024,2023-12-28,POR,SAS,,"L, 105-118",,21:04,0,5,0,1,1,2,3,4,7,0,0,0,1,1,1
Toumani Camara,https://www.basketball-reference.com/players/c/camarto01.html,2024,2023-12-29,POR,SAS,,"W, 134-128",,36:26,6,12,1,3,0,0,4,7,11,2,3,0,3,1,13
Toumani Camara,https://www.basketball-reference.com/players/c/camarto01.html,2024,2024-01-01,POR,PHO,@,"L, 88-109",,,,,,,,,,,,,,,,,
Toumani Camara,https://www.basketball-reference.com/players/c/camarto01.html,2024,2024-01-03,POR,DAL,@,"L, 97-126",,20:06,3,8,2,4,2,3,2,3,5,0,2,1,2,6,10
Toumani Camara,https://www.basketball-reference.com/players/c/camarto01.html,2024,2024-01-05,POR,DAL,@,"L, 103-139",,24:13,4,10,2,7,0,1,1,6,7,1,1,0,2,2,10
Toumani Camara,https://www.basketball-reference.com/players/c/camarto01.html,2024,2024-01-07,POR,BRK,@,"W, 134-127 (OT)",,28:31,1,4,0,2,3,4,1,5,6,1,1,0,2,4,5
Toumani Camara,https://www.basketball-reference.com/players/c/camarto01.html,2024,2024-01-09,POR,NYK,@,"L, 84-112",,25:30,2,4,1,3,0,0,3,3,6,2,1,2,2,3,5
Toumani Camara,https://www.basketball-reference.com/players/c/camarto01.html,2024,2024-01-11,POR,OKC,@,"L, 77-139",,31:55,2,9,1,6,1,2,2,3,5,1,2,2,2,3,6
Toumani Camara,https://www.basketball-reference.com/players/c/camarto01.html,2024,2024-01-12,POR,MIN,@,"L, 93-116",,24:47,5,8,1,3,3,4,2,3,5,0,0,1,3,1,14
Toumani Camara,https://www.basketball-reference.com/players/c/camarto01.html,2024,2024-01-14,POR,PHO,,"L, 116-127",,22:43,1,4,0,2,0,0,2,0,2,2,0,0,0,1,2
Toumani Camara,https://www.basketball-reference.com/players/c/camarto01.html,2024,2024-01-17,POR,BRK,,"W, 105-103",,20:27,3,4,0,0,0,0,2,4,6,1,0,0,0,2,6
Toumani Camara,https://www.basketball-reference.com/players/c/camarto01.html,2024,2024-01-19,POR,IND,,"W, 118-115",,18:34,1,3,0,0,2,2,1,3,4,0,0,0,1,2,4
Toumani Camara,https://www.basketball-reference.com/players/c/camarto01.html,2024,2024-01-21,POR,LAL,@,"L, 110-134",,22:40,2,5,0,2,1,2,1,4,5,1,2,0,1,3,5
Toumani Camara,https://www.basketball-reference.com/players/c/camarto01.html,2024,2024-01-23,POR,OKC,@,"L, 109-111",,14:25,0,2,0,0,0,0,2,3,5,1,2,0,0,2,0
Toumani Camara,https://www.basketball-reference.com/players/c/camarto01.html,2024,2024-01-24,POR,HOU,@,"W, 137-131 (OT)",,17:07,1,4,0,0,2,2,1,3,4,1,2,0,0,3,4
Toumani Camara,https://www.basketball-reference.com/players/c/camarto01.html,2024,2024-01-26,POR,SAS,@,"L, 100-116",,23:08,4,9,0,1,4,4,2,2,4,1,2,1,3,0,12
Toumani Camara,https://www.basketball-reference.com/players/c/camarto01.html,2024,2024-01-28,POR,CHI,,"L, 96-104",,02:48,1,1,0,0,0,0,0,1,1,0,0,0,0,0,2
Toumani Camara,https://www.basketball-reference.com/players/c/camarto01.html,2024,2024-01-29,POR,PHI,,"W, 130-104",,15:44,2,4,1,3,1,2,2,1,3,3,1,0,1,1,6
Toumani Camara,https://www.basketball-reference.com/players/c/camarto01.html,2024,2024-01-31,POR,MIL,,"W, 119-116",,22:43,2,3,0,0,0,0,1,3,4,2,2,0,0,2,4
Toumani Camara,https://www.basketball-reference.com/players/c/camarto01.html,2024,2024-02-02,POR,DEN,@,"L, 108-120",,23:47,3,6,0,2,4,4,0,2,2,0,2,1,1,1,10
Toumani Camara,https://www.basketball-reference.com/players/c/camarto01.html,2024,2024-02-04,POR,DEN,@,"L, 103-112",,22:31,4,6,2,3,0,0,2,4,6,0,0,0,1,4,10
Toumani Camara,https://www.basketball-reference.com/players/c/camarto01.html,2024,2024-02-08,POR,DET,,"L, 122-128 (OT)",,35:38,4,7,1,1,0,0,4,6,10,1,1,0,1,5,9
Toumani Camara,https://www.basketball-reference.com/players/c/camarto01.html,2024,2024-02-10,POR,NOP,,"L, 84-93",,19:49,2,8,1,3,0,0,0,3,3,1,1,0,3,1,5
Toumani Camara,https://www.basketball-reference.com/players/c/camarto01.html,2024,2024-02-13,POR,MIN,,"L, 109-121",,22:16,5,7,2,2,2,2,1,3,4,2,0,0,2,4,14
Toumani Camara,https://www.basketball-reference.com/players/c/camarto01.html,2024,2024-02-15,POR,MIN,,"L, 91-128",,18:18,5,5,1,1,2,3,1,4,5,2,0,2,1,2,13
Toumani Camara,https://www.basketball-reference.com/players/c/camarto01.html,2024,2024-02-23,POR,DEN,,"L, 112-127",,24:27,3,7,0,1,0,0,4,2,6,2,1,0,3,0,6
Toumani Camara,https://www.basketball-reference.com/players/c/camarto01.html,2024,2024-02-25,POR,CHO,,"L, 80-93",,18:29,0,4,0,3,0,0,2,1,3,1,0,0,0,1,0
Toumani Camara,https://www.basketball-reference.com/players/c/camarto01.html,2024,2024-02-27,POR,MIA,,"L, 96-106",,32:28,6,12,2,2,3,3,6,4,10,3,0,0,3,6,17
Toumani Camara,https://www.basketball-reference.com/players/c/camarto01.html,2024,2024-03-01,POR,MEM,@,"W, 122-92",,20:49,2,5,0,0,0,0,2,5,7,1,1,0,0,1,4
Toumani Camara,https://www.basketball-reference.com/players/c/camarto01.html,2024,2024-03-02,POR,MEM,@,"W, 107-100 (OT)",,36:10,5,10,3,4,2,4,3,4,7,1,1,1,1,2,15
Toumani Camara,https://www.basketball-reference.com/players/c/camarto01.html,2024,2024-03-04,POR,MIN,@,"L, 114-119",,,,,,,,,,,,,,,,,
Toumani Camara,https://www.basketball-reference.com/players/c/camarto01.html,2024,2024-03-06,POR,OKC,,"L, 120-128",,,,,,,,,,,,,,,,,
Toumani Camara,https://www.basketball-reference.com/players/c/camarto01.html,2024,2024-03-08,POR,HOU,,"L, 107-123",,30:16,2,4,1,2,4,4,3,4,7,0,1,0,1,1,9
Toumani Camara,https://www.basketball-reference.com/players/c/camarto01.html,2024,2024-03-09,POR,TOR,,"W, 128-118 (OT)",,31:52,5,10,2,4,3,3,5,4,9,4,1,0,1,3,15
Toumani Camara,https://www.basketball-reference.com/players/c/camarto01.html,2024,2024-03-11,POR,BOS,,"L, 99-121",,24:34,3,5,0,1,2,2,0,1,1,2,0,1,0,0,8
Toumani Camara,https://www.basketball-reference.com/players/c/camarto01.html,2024,2024-03-13,POR,ATL,,"W, 106-102",,30:21,1,3,0,1,1,2,2,4,6,3,0,1,1,3,3
Toumani Camara,https://www.basketball-reference.com/players/c/camarto01.html,2024,2024-03-14,POR,NYK,,"L, 93-105",,34:11,3,6,1,3,0,0,1,2,3,4,3,0,2,4,7
Toumani Camara,https://www.basketball-reference.com/players/c/camarto01.html,2024,2024-03-16,POR,NOP,@,"L, 107-126",,33:36,5,12,1,5,0,0,3,3,6,1,0,2,1,3,11
Toumani Camara,https://www.basketball-reference.com/players/c/camarto01.html,2024,2024-03-18,POR,CHI,@,"L, 107-110",,14:30,0,0,0,0,0,0,0,1,1,1,0,0,1,3,0
Toumani Camara,https://www.basketball-reference.com/players/c/camarto01.html,2024,2024-03-20,POR,LAC,,"L, 103-116",,17:49,1,1,1,1,0,0,0,2,2,2,1,0,0,2,3
Toumani Camara,https://www.basketball-reference.com/players/c/camarto01.html,2024,2024-03-22,POR,LAC,,"L, 117-125",,31:49,5,11,1,4,0,0,5,2,7,1,0,0,1,3,11
Toumani Camara,https://www.basketball-reference.com/players/c/camarto01.html,2024,2024-03-23,POR,DEN,,"L, 111-114",,39:20,6,11,2,4,2,2,4,3,7,6,1,1,1,2,16
Toumani Camara,https://www.basketball-reference.com/players/c/camarto01.html,2024,2024-03-25,POR,HOU,@,"L, 92-110",,35:14,4,9,1,3,3,3,3,2,5,0,2,2,4,4,12
Toumani Camara,https://www.basketball-reference.com/players/c/camarto01.html,2024,2024-03-27,POR,ATL,@,"L, 106-120",,30:17,7,9,3,4,0,0,1,3,4,2,1,0,2,2,17
Toumani Camara,https://www.basketball-reference.com/players/c/camarto01.html,2024,2024-03-29,POR,MIA,@,"L, 82-142",,,,,,,,,,,,,,,,,
Toumani Camara,https://www.basketball-reference.com/players/c/camarto01.html,2024,2024-04-01,POR,ORL,@,"L, 103-104",,,,,,,,,,,,,,,,,
Toumani Camara,https://www.basketball-reference.com/players/c/camarto01.html,2024,2024-04-03,POR,CHO,@,"W, 89-86",,,,,,,,,,,,,,,,,
Toumani Camara,https://www.basketball-reference.com/players/c/camarto01.html,2024,2024-04-05,POR,WAS,@,"W, 108-102",,,,,,,,,,,,,,,,,
Toumani Camara,https://www.basketball-reference.com/players/c/camarto01.html,2024,2024-04-07,POR,BOS,@,"L, 107-124",,,,,,,,,,,,,,,,,
Toumani Camara,https://www.basketball-reference.com/players/c/camarto01.html,2024,2024-04-09,POR,NOP,,"L, 100-110",,,,,,,,,,,,,,,,,
Toumani Camara,https://www.basketball-reference.com/players/c/camarto01.html,2024,2024-04-11,POR,GSW,,"L, 92-100",,,,,,,,,,,,,,,,,
Toumani Camara,https://www.basketball-reference.com/players/c/camarto01.html,2024,2024-04-12,POR,HOU,,"L, 107-116",,,,,,,,,,,,,,,,,
Toumani Camara,https://www.basketball-reference.com/players/c/camarto01.html,2024,2024-04-14,POR,SAC,@,"L, 82-121",,,,,,,,,,,,,,,,,
Scoot Henderson,https://www.basketball-reference.com/players/h/hendesc01.html,2024,2023-10-25,POR,LAC,@,"L, 111-123",,35:50,5,11,0,3,1,1,1,2,3,4,0,0,4,2,11
Scoot Henderson,https://www.basketball-reference.com/players/h/hendesc01.html,2024,2023-10-27,POR,ORL,,"L, 97-102",,25:00,3,12,1,5,0,0,2,1,3,2,1,0,5,5,7
Scoot Henderson,https://www.basketball-reference.com/players/h/hendesc01.html,2024,2023-10-29,POR,PHI,@,"L, 98-126",,26:30,2,7,0,4,0,0,0,1,1,3,0,1,4,5,4
Scoot Henderson,https://www.basketball-reference.com/players/h/hendesc01.html,2024,2023-10-30,POR,TOR,@,"W, 99-91",,34:25,4,12,0,6,3,4,0,4,4,7,2,0,4,6,11
Scoot Henderson,https://www.basketball-reference.com/players/h/hendesc01.html,2024,,,,,,,,,,,,,,,,,,,,,,
Scoot Henderson,https://www.basketball-reference.com/players/h/hendesc01.html,2024,2023-11-01,POR,DET,@,"W, 110-101",,20:10,4,10,1,3,2,2,0,0,0,7,0,0,3,2,11
Scoot Henderson,https://www.basketball-reference.com/players/h/hendesc01.html,2024,2023-11-03,POR,MEM,,"W, 115-113 (OT)",,,,,,,,,,,,,,,,,
Scoot Henderson,https://www.basketball-reference.com/players/h/hendesc01.html,2024,2023-11-05,POR,MEM,,"L, 100-112",,,,,,,,,,,,,,,,,
Scoot Henderson,https://www.basketball-reference.com/players/h/hendesc01.html,2024,2023-11-08,POR,SAC,@,"L, 118-121 (OT)",,,,,,,,,,,,,,,,,
Scoot Henderson,https://www.basketball-reference.com/players/h/hendesc01.html,2024,2023-11-12,POR,LAL,@,"L, 110-116",,,,,,,,,,,,,,,,,
Scoot Henderson,https://www.basketball-reference.com/players/h/hendesc01.html,2024,2023-11-14,POR,UTA,@,"L, 99-115",,,,,,,,,,,,,,,,,
Scoot Henderson,https://www.basketball-reference.com/players/h/hendesc01.html,2024,2023-11-15,POR,CLE,,"L, 95-109",,,,,,,,,,,,,,,,,
Scoot Henderson,https://www.basketball-reference.com/players/h/hendesc01.html,2024,2023-11-17,POR,LAL,,"L, 95-107",,,,,,,,,,,,,,,,,
Scoot Henderson,https://www.basketball-reference.com/players/h/hendesc01.html,2024,2023-11-19,POR,OKC,,"L, 91-134",,,,,,,,,,,,,,,,,
Scoot Henderson,https://www.basketball-reference.com/players/h/hendesc01.html,2024,2023-11-21,POR,PHO,@,"L, 107-120",,,,,,,,,,,,,,,,,
Scoot Henderson,https://www.basketball-reference.com/players/h/hendesc01.html,2024,2023-11-22,POR,UTA,,"W, 121-105",,16:40,1,7,0,3,1,2,1,2,3,7,0,0,3,4,3
Scoot Henderson,https://www.basketball-reference.com/players/h/hendesc01.html,2024,2023-11-26,POR,MIL,@,"L, 102-108",,27:11,5,10,3,4,0,0,1,3,4,1,0,0,2,5,13
Scoot Henderson,https://www.basketball-reference.com/players/h/hendesc01.html,2024,2023-11-27,POR,IND,@,"W, 114-110",,21:55,4,10,2,3,3,6,1,2,3,1,1,0,4,5,13
Scoot Henderson,https://www.basketball-reference.com/players/h/hendesc01.html,2024,2023-11-30,POR,CLE,@,"W, 103-95",,21:42,1,8,0,5,0,0,0,1,1,7,0,0,3,2,2
Scoot Henderson,https://www.basketball-reference.com/players/h/hendesc01.html,2024,2023-12-02,POR,UTA,@,"L, 113-118 (OT)",,21:17,6,15,2,5,3,4,2,3,5,3,1,0,2,5,17
Scoot Henderson,https://www.basketball-reference.com/players/h/hendesc01.html,2024,2023-12-06,POR,GSW,@,"L, 106-110",,25:52,4,9,0,3,1,2,2,0,2,4,1,0,1,5,9
Scoot Henderson,https://www.basketball-reference.com/players/h/hendesc01.html,2024,2023-12-08,POR,DAL,,"L, 112-125",,30:18,4,17,0,6,2,3,1,2,3,3,0,0,4,4,10
Scoot Henderson,https://www.basketball-reference.com/players/h/hendesc01.html,2024,2023-12-11,POR,LAC,@,"L, 127-132",,29:39,8,16,3,4,0,0,1,3,4,6,0,2,3,5,19
Scoot Henderson,https://www.basketball-reference.com/players/h/hendesc01.html,2024,2023-12-14,POR,UTA,,"L, 114-122",,35:03,9,21,2,7,3,3,0,2,2,10,1,0,4,1,23
Scoot Henderson,https://www.basketball-reference.com/players/h/hendesc01.html,2024,2023-12-16,POR,DAL,,"L, 120-131",,24:05,5,10,1,1,2,2,0,3,3,2,0,1,3,3,13
Scoot Henderson,https://www.basketball-reference.com/players/h/hendesc01.html,2024,2023-12-17,POR,GSW,,"L, 114-118",,21:46,4,9,1,4,5,5,0,1,1,2,1,0,1,2,14
Scoot Henderson,https://www.basketball-reference.com/players/h/hendesc01.html,2024,2023-12-19,POR,PHO,,"W, 109-104",,29:33,3,9,0,2,3,3,1,3,4,5,0,0,5,4,9
Scoot Henderson,https://www.basketball-reference.com/players/h/hendesc01.html,2024,2023-12-21,POR,WAS,,"L, 117-118",,26:17,0,5,0,0,4,4,0,4,4,2,0,0,1,3,4
Scoot Henderson,https://www.basketball-reference.com/players/h/hendesc01.html,2024,2023-12-23,POR,GSW,@,"L, 106-126",,22:48,4,9,2,4,2,4,0,1,1,2,3,0,2,4,12
Scoot Henderson,https://www.basketball-reference.com/players/h/hendesc01.html,2024,2023-12-26,POR,SAC,,"W, 130-113",,28:02,6,15,1,3,4,4,1,0,1,11,0,0,1,2,17
Scoot Henderson,https://www.basketball-reference.com/players/h/hendesc01.html,2024,2023-12-28,POR,SAS,,"L, 105-118",,36:19,8,23,3,7,6,6,2,1,3,4,1,0,6,5,25
Scoot Henderson,https://www.basketball-reference.com/players/h/hendesc01.html,2024,2023-12-29,POR,SAS,,"W, 134-128",,36:41,9,21,3,5,1,2,4,3,7,11,1,1,4,5,22
Scoot Henderson,https://www.basketball-reference.com/players/h/hendesc01.html,2024,2024-01-01,POR,PHO,@,"L, 88-109",,33:48,7,18,1,3,2,4,0,3,3,6,1,2,5,1,17
Scoot Henderson,https://www.basketball-reference.com/players/h/hendesc01.html,2024,2024-01-03,POR,DAL,@,"L, 97-126",,32:32,2,11,1,4,2,4,1,4,5,7,0,0,6,4,7
Scoot Henderson,https://www.basketball-reference.com/players/h/hendesc01.html,2024,2024-01-05,POR,DAL,@,"L, 103-139",,33:13,7,15,3,7,0,0,1,2,3,10,1,0,1,0,17
Scoot Henderson,https://www.basketball-reference.com/players/h/hendesc01.html,2024,2024-01-07,POR,BRK,@,"W, 134-127 (OT)",,29:33,3,8,2,3,2,2,1,2,3,4,0,0,2,2,10
Scoot Henderson,https://www.basketball-reference.com/players/h/hendesc01.html,2024,2024-01-09,POR,NYK,@,"L, 84-112",,24:52,3,8,1,3,1,2,0,3,3,4,1,0,3,2,8
Scoot Henderson,https://www.basketball-reference.com/players/h/hendesc01.html,2024,2024-01-11,POR,OKC,@,"L, 77-139",,31:12,4,21,1,9,4,6,2,4,6,2,1,0,3,3,13
Scoot Henderson,https://www.basketball-reference.com/players/h/hendesc01.html,2024,2024-01-12,POR,MIN,@,"L, 93-116",,25:11,3,4,0,0,2,7,0,2,2,4,0,0,6,2,8
Scoot Henderson,https://www.basketball-reference.com/players/h/hendesc01.html,2024,2024-01-14,POR,PHO,,"L, 116-127",,39:54,11,31,4,9,7,9,4,3,7,9,3,0,3,3,33
Scoot Henderson,https://www.basketball-reference.com/players/h/hendesc01.html,2024,2024-01-17,POR,BRK,,"W, 105-103",,23:24,1,6,0,2,5,5,1,2,3,3,0,0,5,0,7
Scoot Henderson,https://www.basketball-reference.com/players/h/hendesc01.html,2024,2024-01-19,POR,IND,,"W, 118-115",,07:52,4,4,0,0,2,2,0,2,2,1,0,1,2,2,10
Scoot Henderson,https://www.basketball-reference.com/players/h/hendesc01.html,2024,2024-01-21,POR,LAL,@,"L, 110-134",,23:08,1,6,0,3,2,2,0,1,1,2,0,0,3,1,4
Scoot Henderson,https://www.basketball-reference.com/players/h/hendesc01.html,2024,2024-01-23,POR,OKC,@,"L, 109-111",,25:56,7,18,2,6,3,3,0,4,4,7,1,0,1,5,19
Scoot Henderson,https://www.basketball-reference.com/players/h/hendesc01.html,2024,2024-01-24,POR,HOU,@,"W, 137-131 (OT)",,23:49,4,12,1,5,2,2,0,1,1,3,0,0,2,0,11
Scoot Henderson,https://www.basketball-reference.com/players/h/hendesc01.html,2024,2024-01-26,POR,SAS,@,"L, 100-116",,06:27,1,2,1,1,3,3,0,1,1,0,0,0,0,0,6
Scoot Henderson,https://www.basketball-reference.com/players/h/hendesc01.html,2024,2024-01-28,POR,CHI,,"L, 96-104",,22:13,2,4,0,1,0,0,1,3,4,4,0,1,2,3,4
Scoot Henderson,https://www.basketball-reference.com/players/h/hendesc01.html,2024,2024-01-29,POR,PHI,,"W, 130-104",,21:55,5,9,3,4,9,9,1,1,2,4,2,1,2,4,22
Scoot Henderson,https://www.basketball-reference.com/players/h/hendesc01.html,2024,2024-01-31,POR,MIL,,"W, 119-116",,22:00,6,11,1,2,2,2,0,0,0,4,0,0,2,1,15
Scoot Henderson,https://www.basketball-reference.com/players/h/hendesc01.html,2024,2024-02-02,POR,DEN,@,"L, 108-120",,37:09,8,15,3,7,11,12,2,3,5,2,0,0,2,3,30
Scoot Henderson,https://www.basketball-reference.com/players/h/hendesc01.html,2024,2024-02-04,POR,DEN,@,"L, 103-112",,33:25,3,16,2,6,6,6,4,4,8,9,0,0,3,4,14
Scoot Henderson,https://www.basketball-reference.com/players/h/hendesc01.html,2024,2024-02-08,POR,DET,,"L, 122-128 (OT)",,,,,,,,,,,,,,,,,
Scoot Henderson,https://www.basketball-reference.com/players/h/hendesc01.html,2024,2024-02-10,POR,NOP,,"L, 84-93",,,,,,,,,,,,,,,,,
Scoot Henderson,https://www.basketball-reference.com/players/h/hendesc01.html,2024,2024-02-13,POR,MIN,,"L, 109-121",,33:52,4,9,1,2,5,5,0,1,1,9,0,0,2,4,14
Scoot Henderson,https://www.basketball-reference.com/players/h/hendesc01.html,2024,2024-02-15,POR,MIN,,"L, 91-128",,31:07,5,12,0,4,5,6,0,1,1,4,1,0,3,1,15
Scoot Henderson,https://www.basketball-reference.com/players/h/hendesc01.html,2024,2024-02-23,POR,DEN,,"L, 112-127",,,,,,,,,,,,,,,,,
Scoot Henderson,https://www.basketball-reference.com/players/h/hendesc01.html,2024,2024-02-25,POR,CHO,,"L, 80-93",,,,,,,,,,,,,,,,,
Scoot Henderson,https://www.basketball-reference.com/players/h/hendesc01.html,2024,2024-02-27,POR,MIA,,"L, 96-106",,,,,,,,,,,,,,,,,
Scoot Henderson,https://www.basketball-reference.com/players/h/hendesc01.html,2024,2024-03-01,POR,MEM,@,"W, 122-92",,,,,,,,,,,,,,,,,
Scoot Henderson,https://www.basketball-reference.com/players/h/hendesc01.html,2024,2024-03-02,POR,MEM,@,"W, 107-100 (OT)",,,,,,,,,,,,,,,,,
Scoot Henderson,https://www.basketball-reference.com/players/h/hendesc01.html,2024,2024-03-04,POR,MIN,@,"L, 114-119",,,,,,,,,,,,,,,,,
Scoot Henderson,https://www.basketball-reference.com/players/h/hendesc01.html,2024,2024-03-06,POR,OKC,,"L, 120-128",,,,,,,,,,,,,,,,,
Scoot Henderson,https://www.basketball-reference.com/players/h/hendesc01.html,2024,2024-03-08,POR,HOU,,"L, 107-123",,,,,,,,,,,,,,,,,
Scoot Henderson,https://www.basketball-reference.com/players/h/hendesc01.html,2024,2024-03-09,POR,TOR,,"W, 128-118 (OT)",,26:20,5,12,1,4,2,2,0,1,1,5,1,0,1,4,13
Scoot Henderson,https://www.basketball-reference.com/players/h/hendesc01.html,2024,2024-03-11,POR,BOS,,"L, 99-121",,33:17,5,12,1,5,2,2,2,4,6,8,0,0,5,3,13
Scoot Henderson,https://www.basketball-reference.com/players/h/hendesc01.html,2024,2024-03-13,POR,ATL,,"W, 106-102",,17:29,1,8,0,4,0,0,0,1,1,3,1,0,3,5,2
Scoot Henderson,https://www.basketball-reference.com/players/h/hendesc01.html,2024,2024-03-14,POR,NYK,,"L, 93-105",,25:58,4,13,1,4,3,4,0,7,7,6,1,0,2,5,12
Scoot Henderson,https://www.basketball-reference.com/players/h/hendesc01.html,2024,2024-03-16,POR,NOP,@,"L, 107-126",,24:15,5,8,0,2,1,1,0,2,2,2,2,1,3,2,11
Scoot Henderson,https://www.basketball-reference.com/players/h/hendesc01.html,2024,2024-03-18,POR,CHI,@,"L, 107-110",,30:09,4,17,1,3,5,6,3,2,5,5,1,0,6,3,14
Scoot Henderson,https://www.basketball-reference.com/players/h/hendesc01.html,2024,2024-03-20,POR,LAC,,"L, 103-116",,35:04,6,15,2,5,4,6,0,2,2,5,2,0,2,5,18
Scoot Henderson,https://www.basketball-reference.com/players/h/hendesc01.html,2024,2024-03-22,POR,LAC,,"L, 117-125",,34:34,8,18,3,6,5,5,1,3,4,10,2,0,4,0,24
Scoot Henderson,https://www.basketball-reference.com/players/h/hendesc01.html,2024,2024-03-23,POR,DEN,,"L, 111-114",,28:20,9,20,2,4,2,2,1,3,4,6,2,0,4,5,22
Scoot Henderson,https://www.basketball-reference.com/players/h/hendesc01.html,2024,2024-03-25,POR,HOU,@,"L, 92-110",,24:32,6,14,1,5,2,2,0,3,3,4,0,0,5,5,15
Scoot Henderson,https://www.basketball-reference.com/players/h/hendesc01.html,2024,2024-03-27,POR,ATL,@,"L, 106-120",,32:10,6,16,2,5,1,1,0,2,2,6,2,0,6,4,15
Scoot Henderson,https://www.basketball-reference.com/players/h/hendesc01.html,2024,2024-03-29,POR,MIA,@,"L, 82-142",,41:07,8,18,1,5,3,5,1,5,6,6,2,1,7,1,20
Scoot Henderson,https://www.basketball-reference.com/players/h/hendesc01.html,2024,2024-04-01,POR,ORL,@,"L, 103-104",,34:48,6,16,1,5,0,0,2,6,8,9,0,0,5,5,13
Scoot Henderson,https://www.basketball-reference.com/players/h/hendesc01.html,2024,2024-04-03,POR,CHO,@,"W, 89-86",,37:03,9,16,4,7,0,2,0,1,1,10,1,0,6,3,22
Scoot Henderson,https://www.basketball-reference.com/players/h/hendesc01.html,2024,2024-04-05,POR,WAS,@,"W, 108-102",,30:27,8,14,2,4,1,1,0,3,3,7,1,0,3,5,19
Scoot Henderson,https://www.basketball-reference.com/players/h/hendesc01.html,2024,2024-04-07,POR,BOS,@,"L, 107-124",,36:26,3,13,3,7,6,6,0,1,1,8,2,0,5,2,15
Scoot Henderson,https://www.basketball-reference.com/players/h/hendesc01.html,2024,2024-04-09,POR,NOP,,"L, 100-110",,40:32,7,18,2,10,3,3,2,1,3,15,1,0,8,4,19
Scoot Henderson,https://www.basketball-reference.com/players/h/hendesc01.html,2024,2024-04-11,POR,GSW,,"L, 92-100",,39:42,7,20,2,8,2,3,1,2,3,12,2,0,9,2,18
Scoot Henderson,https://www.basketball-reference.com/players/h/hendesc01.html,2024,2024-04-12,POR,HOU,,"L, 107-116",,33:36,10,23,6,7,4,5,2,3,5,7,1,1,1,3,30
Scoot Henderson,https://www.basketball-reference.com/players/h/hendesc01.html,2024,2024-04-14,POR,SAC,@,"L, 82-121",,,,,,,,,,,,,,,,,
Taze Moore,https://www.basketball-reference.com/players/m/mooreta02.html,2024,2024-01-21,POR,LAL,@,"L, 110-134",,04:06,1,2,0,1,0,0,0,0,0,0,1,0,0,1,2
Taze Moore,https://www.basketball-reference.com/players/m/mooreta02.html,2024,2024-01-23,POR,OKC,@,"L, 109-111",,,,,,,,,,,,,,,,,
Taze Moore,https://www.basketball-reference.com/players/m/mooreta02.html,2024,2024-01-24,POR,HOU,@,"W, 137-131 (OT)",,,,,,,,,,,,,,,,,
Taze Moore,https://www.basketball-reference.com/players/m/mooreta02.html,2024,2024-01-26,POR,SAS,@,"L, 100-116",,01:15,1,2,0,1,0,0,0,0,0,0,0,0,0,1,2
Taze Moore,https://www.basketball-reference.com/players/m/mooreta02.html,2024,2024-01-28,POR,CHI,,"L, 96-104",,,,,,,,,,,,,,,,,
Taze Moore,https://www.basketball-reference.com/players/m/mooreta02.html,2024,2024-01-29,POR,PHI,,"W, 130-104",,04:50,1,1,0,0,0,0,0,0,0,1,0,0,1,0,2
Taze Moore,https://www.basketball-reference.com/players/m/mooreta02.html,2024,,,,,,,,,,,,,,,,,,,,,,
Taze Moore,https://www.basketball-reference.com/players/m/mooreta02.html,2024,2024-04-14,POR,SAC,@,"L, 82-121",,30:09,5,14,1,5,1,2,4,4,8,4,1,0,2,2,12
Kris Murray,https://www.basketball-reference.com/players/m/murrakr01.html,2024,2023-10-25,POR,LAC,@,"L, 111-123",,05:18,0,0,0,0,0,0,0,1,1,0,0,0,0,0,0
Kris Murray,https://www.basketball-reference.com/players/m/murrakr01.html,2024,2023-10-27,POR,ORL,,"L, 97-102",,,,,,,,,,,,,,,,,
Kris Murray,https://www.basketball-reference.com/players/m/murrakr01.html,2024,2023-10-29,POR,PHI,@,"L, 98-126",,05:47,0,1,0,1,0,0,0,0,0,0,1,0,0,1,0
Kris Murray,https://www.basketball-reference.com/players/m/murrakr01.html,2024,2023-10-30,POR,TOR,@,"W, 99-91",,,,,,,,,,,,,,,,,
Kris Murray,https://www.basketball-reference.com/players/m/murrakr01.html,2024,,,,,,,,,,,,,,,,,,,,,,
Kris Murray,https://www.basketball-reference.com/players/m/murrakr01.html,2024,2023-11-01,POR,DET,@,"W, 110-101",,,,,,,,,,,,,,,,,
Kris Murray,https://www.basketball-reference.com/players/m/murrakr01.html,2024,2023-11-03,POR,MEM,,"W, 115-113 (OT)",,,,,,,,,,,,,,,,,
Kris Murray,https://www.basketball-reference.com/players/m/murrakr01.html,2024,2023-11-05,POR,MEM,,"L, 100-112",,,,,,,,,,,,,,,,,
Kris Murray,https://www.basketball-reference.com/players/m/murrakr01.html,2024,2023-11-08,POR,SAC,@,"L, 118-121 (OT)",,09:06,0,1,0,0,0,0,0,0,0,0,0,1,0,1,0
Kris Murray,https://www.basketball-reference.com/players/m/murrakr01.html,2024,2023-11-12,POR,LAL,@,"L, 110-116",,03:00,0,0,0,0,0,0,0,0,0,0,0,0,0,1,0
Kris Murray,https://www.basketball-reference.com/players/m/murrakr01.html,2024,2023-11-14,POR,UTA,@,"L, 99-115",,02:34,0,0,0,0,0,0,0,0,0,0,0,0,0,0,0
Kris Murray,https://www.basketball-reference.com/players/m/murrakr01.html,2024,2023-11-15,POR,CLE,,"L, 95-109",,17:20,2,5,1,3,0,0,0,2,2,3,1,0,0,1,5
Kris Murray,https://www.basketball-reference.com/players/m/murrakr01.html,2024,2023-11-17,POR,LAL,,"L, 95-107",,05:29,0,2,0,2,0,0,1,0,1,0,1,0,0,1,0
Kris Murray,https://www.basketball-reference.com/players/m/murrakr01.html,2024,2023-11-19,POR,OKC,,"L, 91-134",,20:55,2,4,1,2,3,4,1,1,2,0,1,0,1,3,8
Kris Murray,https://www.basketball-reference.com/players/m/murrakr01.html,2024,2023-11-21,POR,PHO,@,"L, 107-120",,01:39,1,2,1,1,0,0,0,0,0,0,0,0,0,0,3
Kris Murray,https://www.basketball-reference.com/players/m/murrakr01.html,2024,2023-11-22,POR,UTA,,"W, 121-105",,17:20,1,5,0,3,0,1,2,0,2,0,1,0,0,0,2
Kris Murray,https://www.basketball-reference.com/players/m/murrakr01.html,2024,2023-11-26,POR,MIL,@,"L, 102-108",,,,,,,,,,,,,,,,,
Kris Murray,https://www.basketball-reference.com/players/m/murrakr01.html,2024,2023-11-27,POR,IND,@,"W, 114-110",,,,,,,,,,,,,,,,,
Kris Murray,https://www.basketball-reference.com/players/m/murrakr01.html,2024,2023-11-30,POR,CLE,@,"W, 103-95",,,,,,,,,,,,,,,,,
Kris Murray,https://www.basketball-reference.com/players/m/murrakr01.html,2024,2023-12-02,POR,UTA,@,"L, 113-118 (OT)",,,,,,,,,,,,,,,,,
Kris Murray,https://www.basketball-reference.com/players/m/murrakr01.html,2024,2023-12-06,POR,GSW,@,"L, 106-110",,21:02,2,4,2,4,0,0,0,5,5,1,2,0,0,2,6
Kris Murray,https://www.basketball-reference.com/players/m/murrakr01.html,2024,2023-12-08,POR,DAL,,"L, 112-125",,18:14,2,6,1,3,0,0,1,4,5,0,1,0,0,0,5
Kris Murray,https://www.basketball-reference.com/players/m/murrakr01.html,2024,2023-12-11,POR,LAC,@,"L, 127-132",,,,,,,,,,,,,,,,,
Kris Murray,https://www.basketball-reference.com/players/m/murrakr01.html,2024,2023-12-14,POR,UTA,,"L, 114-122",,16:43,2,7,2,5,0,0,3,2,5,3,2,1,0,0,6
Kris Murray,https://www.basketball-reference.com/players/m/murrakr01.html,2024,2023-12-16,POR,DAL,,"L, 120-131",,,,,,,,,,,,,,,,,
Kris Murray,https://www.basketball-reference.com/players/m/murrakr01.html,2024,2023-12-17,POR,GSW,,"L, 114-118",,,,,,,,,,,,,,,,,
Kris Murray,https://www.basketball-reference.com/players/m/murrakr01.html,2024,2023-12-19,POR,PHO,,"W, 109-104",,,,,,,,,,,,,,,,,
Kris Murray,https://www.basketball-reference.com/players/m/murrakr01.html,2024,2023-12-21,POR,WAS,,"L, 117-118",,,,,,,,,,,,,,,,,
Kris Murray,https://www.basketball-reference.com/players/m/murrakr01.html,2024,2023-12-23,POR,GSW,@,"L, 106-126",,04:38,1,1,0,0,0,0,1,1,2,0,1,0,0,2,2
Kris Murray,https://www.basketball-reference.com/players/m/murrakr01.html,2024,2023-12-26,POR,SAC,,"W, 130-113",,01:56,0,0,0,0,0,0,0,0,0,0,0,0,0,0,0
Kris Murray,https://www.basketball-reference.com/players/m/murrakr01.html,2024,2023-12-28,POR,SAS,,"L, 105-118",,,,,,,,,,,,,,,,,
Kris Murray,https://www.basketball-reference.com/players/m/murrakr01.html,2024,2023-12-29,POR,SAS,,"W, 134-128",,,,,,,,,,,,,,,,,
Kris Murray,https://www.basketball-reference.com/players/m/murrakr01.html,2024,2024-01-01,POR,PHO,@,"L, 88-109",,19:01,3,5,0,2,0,0,1,1,2,1,1,1,0,2,6
Kris Murray,https://www.basketball-reference.com/players/m/murrakr01.html,2024,2024-01-03,POR,DAL,@,"L, 97-126",,14:36,1,3,0,1,0,0,0,1,1,2,0,0,1,0,2
Kris Murray,https://www.basketball-reference.com/players/m/murrakr01.html,2024,2024-01-05,POR,DAL,@,"L, 103-139",,20:01,4,8,2,3,0,0,2,2,4,1,2,0,1,0,10
Kris Murray,https://www.basketball-reference.com/players/m/murrakr01.html,2024,2024-01-07,POR,BRK,@,"W, 134-127 (OT)",,07:09,0,2,0,0,0,0,1,2,3,0,0,0,2,1,0
Kris Murray,https://www.basketball-reference.com/players/m/murrakr01.html,2024,2024-01-09,POR,NYK,@,"L, 84-112",,16:22,3,10,0,3,3,3,2,1,3,1,1,0,1,0,9
Kris Murray,https://www.basketball-reference.com/players/m/murrakr01.html,2024,2024-01-11,POR,OKC,@,"L, 77-139",,23:15,4,10,1,5,0,0,3,2,5,0,1,0,0,0,9
Kris Murray,https://www.basketball-reference.com/players/m/murrakr01.html,2024,2024-01-12,POR,MIN,@,"L, 93-116",,09:28,0,1,0,0,2,2,0,0,0,1,1,0,0,0,2
Kris Murray,https://www.basketball-reference.com/players/m/murrakr01.html,2024,2024-01-14,POR,PHO,,"L, 116-127",,37:02,5,9,3,6,0,1,0,1,1,3,3,0,3,2,13
Kris Murray,https://www.basketball-reference.com/players/m/murrakr01.html,2024,2024-01-17,POR,BRK,,"W, 105-103",,02:33,0,0,0,0,0,0,0,0,0,0,0,0,1,0,0
Kris Murray,https://www.basketball-reference.com/players/m/murrakr01.html,2024,2024-01-19,POR,IND,,"W, 118-115",,14:29,2,2,1,1,0,0,0,3,3,0,0,0,3,1,5
Kris Murray,https://www.basketball-reference.com/players/m/murrakr01.html,2024,2024-01-21,POR,LAL,@,"L, 110-134",,06:08,0,0,0,0,0,0,0,1,1,0,0,1,0,0,0
Kris Murray,https://www.basketball-reference.com/players/m/murrakr01.html,2024,2024-01-23,POR,OKC,@,"L, 109-111",,,,,,,,,,,,,,,,,
Kris Murray,https://www.basketball-reference.com/players/m/murrakr01.html,2024,2024-01-24,POR,HOU,@,"W, 137-131 (OT)",,,,,,,,,,,,,,,,,
Kris Murray,https://www.basketball-reference.com/players/m/murrakr01.html,2024,2024-01-26,POR,SAS,@,"L, 100-116",,17:20,1,9,0,6,0,1,0,2,2,0,1,0,0,3,2
Kris Murray,https://www.basketball-reference.com/players/m/murrakr01.html,2024,2024-01-28,POR,CHI,,"L, 96-104",,,,,,,,,,,,,,,,,
Kris Murray,https://www.basketball-reference.com/players/m/murrakr01.html,2024,2024-01-29,POR,PHI,,"W, 130-104",,08:11,0,0,0,0,0,0,0,1,1,0,0,1,0,2,0
Kris Murray,https://www.basketball-reference.com/players/m/murrakr01.html,2024,2024-01-31,POR,MIL,,"W, 119-116",,,,,,,,,,,,,,,,,
Kris Murray,https://www.basketball-reference.com/players/m/murrakr01.html,2024,2024-02-02,POR,DEN,@,"L, 108-120",,13:37,0,1,0,0,0,0,1,1,2,0,1,0,1,0,0
Kris Murray,https://www.basketball-reference.com/players/m/murrakr01.html,2024,2024-02-04,POR,DEN,@,"L, 103-112",,19:38,4,7,0,2,0,0,0,2,2,2,1,1,2,2,8
Kris Murray,https://www.basketball-reference.com/players/m/murrakr01.html,2024,2024-02-08,POR,DET,,"L, 122-128 (OT)",,28:27,5,6,2,2,0,0,2,1,3,3,1,1,1,1,12
Kris Murray,https://www.basketball-reference.com/players/m/murrakr01.html,2024,2024-02-10,POR,NOP,,"L, 84-93",,22:26,1,2,1,1,0,0,0,4,4,2,1,0,0,0,3
Kris Murray,https://www.basketball-reference.com/players/m/murrakr01.html,2024,2024-02-13,POR,MIN,,"L, 109-121",,03:30,0,0,0,0,0,0,0,1,1,0,0,0,0,0,0
Kris Murray,https://www.basketball-reference.com/players/m/murrakr01.html,2024,2024-02-15,POR,MIN,,"L, 91-128",,12:00,2,5,1,3,1,4,1,3,4,0,0,0,2,1,6
Kris Murray,https://www.basketball-reference.com/players/m/murrakr01.html,2024,2024-02-23,POR,DEN,,"L, 112-127",,35:19,4,10,0,4,1,2,3,5,8,2,1,0,0,4,9
Kris Murray,https://www.basketball-reference.com/players/m/murrakr01.html,2024,2024-02-25,POR,CHO,,"L, 80-93",,32:45,2,9,0,4,2,4,6,3,9,4,2,0,2,4,6
Kris Murray,https://www.basketball-reference.com/players/m/murrakr01.html,2024,2024-02-27,POR,MIA,,"L, 96-106",,29:54,0,6,0,5,0,0,1,2,3,2,2,0,3,3,0
Kris Murray,https://www.basketball-reference.com/players/m/murrakr01.html,2024,2024-03-01,POR,MEM,@,"W, 122-92",,24:06,5,8,2,3,2,2,1,1,2,2,3,0,0,1,14
Kris Murray,https://www.basketball-reference.com/players/m/murrakr01.html,2024,2024-03-02,POR,MEM,@,"W, 107-100 (OT)",,38:46,1,6,0,3,0,0,0,5,5,2,0,0,1,2,2
Kris Murray,https://www.basketball-reference.com/players/m/murrakr01.html,2024,2024-03-04,POR,MIN,@,"L, 114-119",,35:03,6,11,1,5,1,1,4,1,5,2,1,1,0,1,14
Kris Murray,https://www.basketball-reference.com/players/m/murrakr01.html,2024,2024-03-06,POR,OKC,,"L, 120-128",,23:07,4,5,1,1,3,4,0,3,3,1,1,0,1,6,12
Kris Murray,https://www.basketball-reference.com/players/m/murrakr01.html,2024,2024-03-08,POR,HOU,,"L, 107-123",,33:22,5,12,1,6,1,2,4,7,11,7,0,1,2,0,12
Kris Murray,https://www.basketball-reference.com/players/m/murrakr01.html,2024,2024-03-09,POR,TOR,,"W, 128-118 (OT)",,24:35,2,7,1,5,0,0,0,4,4,3,0,0,1,1,5
Kris Murray,https://www.basketball-reference.com/players/m/murrakr01.html,2024,2024-03-11,POR,BOS,,"L, 99-121",,19:18,1,1,0,0,0,0,0,4,4,1,0,1,0,0,2
Kris Murray,https://www.basketball-reference.com/players/m/murrakr01.html,2024,2024-03-13,POR,ATL,,"W, 106-102",,34:55,3,8,1,3,2,3,2,4,6,2,1,1,6,4,9
Kris Murray,https://www.basketball-reference.com/players/m/murrakr01.html,2024,2024-03-14,POR,NYK,,"L, 93-105",,31:14,3,8,2,6,2,2,1,3,4,1,0,1,0,1,10
Kris Murray,https://www.basketball-reference.com/players/m/murrakr01.html,2024,2024-03-16,POR,NOP,@,"L, 107-126",,26:13,0,4,0,2,0,0,1,4,5,4,0,1,0,3,0
Kris Murray,https://www.basketball-reference.com/players/m/murrakr01.html,2024,2024-03-18,POR,CHI,@,"L, 107-110",,26:52,5,9,0,2,0,2,1,0,1,1,2,1,0,3,10
Kris Murray,https://www.basketball-reference.com/players/m/murrakr01.html,2024,2024-03-20,POR,LAC,,"L, 103-116",,32:41,7,11,3,6,0,0,1,4,5,2,1,0,2,1,17
Kris Murray,https://www.basketball-reference.com/players/m/murrakr01.html,2024,2024-03-22,POR,LAC,,"L, 117-125",,36:08,8,15,3,6,2,3,3,4,7,2,3,0,1,4,21
Kris Murray,https://www.basketball-reference.com/players/m/murrakr01.html,2024,2024-03-23,POR,DEN,,"L, 111-114",,39:11,5,13,1,6,0,0,3,4,7,1,1,1,1,1,11
Kris Murray,https://www.basketball-reference.com/players/m/murrakr01.html,2024,2024-03-25,POR,HOU,@,"L, 92-110",,31:25,2,11,0,6,0,0,2,4,6,1,2,1,0,1,4
Kris Murray,https://www.basketball-reference.com/players/m/murrakr01.html,2024,2024-03-27,POR,ATL,@,"L, 106-120",,21:48,0,3,0,1,0,0,1,2,3,4,1,0,1,0,0
Kris Murray,https://www.basketball-reference.com/players/m/murrakr01.html,2024,2024-03-29,POR,MIA,@,"L, 82-142",,42:11,4,10,3,8,0,0,1,4,5,4,0,0,4,2,11
Kris Murray,https://www.basketball-reference.com/players/m/murrakr01.html,2024,2024-04-01,POR,ORL,@,"L, 103-104",,29:11,2,7,1,4,2,2,2,3,5,1,3,0,0,3,7
Kris Murray,https://www.basketball-reference.com/players/m/murrakr01.html,2024,2024-04-03,POR,CHO,@,"W, 89-86",,32:07,3,6,0,2,0,1,1,2,3,0,0,1,1,3,6
Kris Murray,https://www.basketball-reference.com/players/m/murrakr01.html,2024,2024-04-05,POR,WAS,@,"W, 108-102",,28:05,6,13,1,5,0,1,5,0,5,0,0,0,2,2,13
Kris Murray,https://www.basketball-reference.com/players/m/murrakr01.html,2024,2024-04-07,POR,BOS,@,"L, 107-124",,25:39,4,9,2,4,0,0,4,3,7,2,1,0,2,1,10
Kris Murray,https://www.basketball-reference.com/players/m/murrakr01.html,2024,2024-04-09,POR,NOP,,"L, 100-110",,37:19,4,8,4,6,2,2,3,2,5,2,1,2,4,5,14
Kris Murray,https://www.basketball-reference.com/players/m/murrakr01.html,2024,2024-04-11,POR,GSW,,"L, 92-100",,44:33,4,12,1,7,5,6,2,2,4,2,1,1,0,5,14
Kris Murray,https://www.basketball-reference.com/players/m/murrakr01.html,2024,2024-04-12,POR,HOU,,"L, 107-116",,42:34,4,11,1,7,1,1,4,3,7,2,0,0,0,1,10
Kris Murray,https://www.basketball-reference.com/players/m/murrakr01.html,2024,2024-04-14,POR,SAC,@,"L, 82-121",,43:35,3,15,1,7,2,2,7,11,18,0,1,1,2,3,9
Duop Reath,https://www.basketball-reference.com/players/r/reathdu01.html,2024,2023-10-25,POR,LAC,@,"L, 111-123",,,,,,,,,,,,,,,,,
Duop Reath,https://www.basketball-reference.com/players/r/reathdu01.html,2024,2023-10-27,POR,ORL,,"L, 97-102",,,,,,,,,,,,,,,,,
Duop Reath,https://www.basketball-reference.com/players/r/reathdu01.html,2024,2023-10-29,POR,PHI,@,"L, 98-126",,,,,,,,,,,,,,,,,
Duop Reath,https://www.basketball-reference.com/players/r/reathdu01.html,2024,2023-10-30,POR,TOR,@,"W, 99-91",,,,,,,,,,,,,,,,,
Duop Reath,https://www.basketball-reference.com/players/r/reathdu01.html,2024,,,,,,,,,,,,,,,,,,,,,,
Duop Reath,https://www.basketball-reference.com/players/r/reathdu01.html,2024,2023-11-01,POR,DET,@,"W, 110-101",,,,,,,,,,,,,,,,,
Duop Reath,https://www.basketball-reference.com/players/r/reathdu01.html,2024,2023-11-03,POR,MEM,,"W, 115-113 (OT)",,,,,,,,,,,,,,,,,
Duop Reath,https://www.basketball-reference.com/players/r/reathdu01.html,2024,2023-11-05,POR,MEM,,"L, 100-112",,,,,,,,,,,,,,,,,
Duop Reath,https://www.basketball-reference.com/players/r/reathdu01.html,2024,2023-11-08,POR,SAC,@,"L, 118-121 (OT)",,,,,,,,,,,,,,,,,
Duop Reath,https://www.basketball-reference.com/players/r/reathdu01.html,2024,2023-11-12,POR,LAL,@,"L, 110-116",,14:04,4,10,3,8,0,0,0,3,3,3,0,1,0,3,11
Duop Reath,https://www.basketball-reference.com/players/r/reathdu01.html,2024,2023-11-14,POR,UTA,@,"L, 99-115",,09:47,0,4,0,3,0,0,1,0,1,0,0,0,2,1,0
Duop Reath,https://www.basketball-reference.com/players/r/reathdu01.html,2024,2023-11-15,POR,CLE,,"L, 95-109",,19:40,6,10,2,5,2,2,2,0,2,3,0,0,1,2,16
Duop Reath,https://www.basketball-reference.com/players/r/reathdu01.html,2024,2023-11-17,POR,LAL,,"L, 95-107",,10:12,0,5,0,4,0,0,1,1,2,0,0,0,0,1,0
Duop Reath,https://www.basketball-reference.com/players/r/reathdu01.html,2024,2023-11-19,POR,OKC,,"L, 91-134",,12:01,1,6,0,2,2,2,0,2,2,0,0,0,1,2,4
Duop Reath,https://www.basketball-reference.com/players/r/reathdu01.html,2024,2023-11-21,POR,PHO,@,"L, 107-120",,12:39,4,6,2,3,0,0,1,0,1,1,2,0,0,1,10
Duop Reath,https://www.basketball-reference.com/players/r/reathdu01.html,2024,2023-11-22,POR,UTA,,"W, 121-105",,20:11,3,5,2,4,0,0,0,4,4,1,0,1,1,2,8
Duop Reath,https://www.basketball-reference.com/players/r/reathdu01.html,2024,2023-11-26,POR,MIL,@,"L, 102-108",,12:12,1,5,1,4,0,0,0,0,0,0,2,0,1,2,3
Duop Reath,https://www.basketball-reference.com/players/r/reathdu01.html,2024,2023-11-27,POR,IND,@,"W, 114-110",,09:49,1,1,1,1,1,2,0,2,2,1,0,0,1,1,4
Duop Reath,https://www.basketball-reference.com/players/r/reathdu01.html,2024,2023-11-30,POR,CLE,@,"W, 103-95",,18:19,4,5,3,4,2,2,1,1,2,2,1,1,1,2,13
Duop Reath,https://www.basketball-reference.com/players/r/reathdu01.html,2024,2023-12-02,POR,UTA,@,"L, 113-118 (OT)",,14:00,3,8,1,4,2,2,1,0,1,1,0,0,0,0,9
Duop Reath,https://www.basketball-reference.com/players/r/reathdu01.html,2024,2023-12-06,POR,GSW,@,"L, 106-110",,22:00,2,6,1,5,5,6,1,5,6,2,1,1,0,5,10
Duop Reath,https://www.basketball-reference.com/players/r/reathdu01.html,2024,2023-12-08,POR,DAL,,"L, 112-125",,21:03,4,9,2,6,0,0,2,4,6,1,2,0,1,4,10
Duop Reath,https://www.basketball-reference.com/players/r/reathdu01.html,2024,2023-12-11,POR,LAC,@,"L, 127-132",,26:23,4,11,2,6,0,0,2,1,3,4,1,0,1,3,10
Duop Reath,https://www.basketball-reference.com/players/r/reathdu01.html,2024,2023-12-14,POR,UTA,,"L, 114-122",,12:41,6,11,3,6,0,0,2,3,5,0,1,1,0,1,15
Duop Reath,https://www.basketball-reference.com/players/r/reathdu01.html,2024,2023-12-16,POR,DAL,,"L, 120-131",,15:07,3,9,0,3,5,5,3,2,5,1,0,0,0,0,11
Duop Reath,https://www.basketball-reference.com/players/r/reathdu01.html,2024,2023-12-17,POR,GSW,,"L, 114-118",,,,,,,,,,,,,,,,,
Duop Reath,https://www.basketball-reference.com/players/r/reathdu01.html,2024,2023-12-19,POR,PHO,,"W, 109-104",,04:06,1,1,1,1,0,0,1,1,2,0,1,0,1,0,3
Duop Reath,https://www.basketball-reference.com/players/r/reathdu01.html,2024,2023-12-21,POR,WAS,,"L, 117-118",,09:39,4,7,1,1,1,1,1,4,5,0,0,1,1,4,10
Duop Reath,https://www.basketball-reference.com/players/r/reathdu01.html,2024,2023-12-23,POR,GSW,@,"L, 106-126",,09:06,0,2,0,2,0,0,0,1,1,0,0,0,0,3,0
Duop Reath,https://www.basketball-reference.com/players/r/reathdu01.html,2024,2023-12-26,POR,SAC,,"W, 130-113",,32:04,9,15,3,6,4,4,5,4,9,0,1,1,1,3,25
Duop Reath,https://www.basketball-reference.com/players/r/reathdu01.html,2024,2023-12-28,POR,SAS,,"L, 105-118",,,,,,,,,,,,,,,,,
Duop Reath,https://www.basketball-reference.com/players/r/reathdu01.html,2024,2023-12-29,POR,SAS,,"W, 134-128",,,,,,,,,,,,,,,,,
Duop Reath,https://www.basketball-reference.com/players/r/reathdu01.html,2024,2024-01-01,POR,PHO,@,"L, 88-109",,,,,,,,,,,,,,,,,
Duop Reath,https://www.basketball-reference.com/players/r/reathdu01.html,2024,2024-01-03,POR,DAL,@,"L, 97-126",,06:04,1,2,0,1,0,0,0,2,2,1,0,0,2,4,2
Duop Reath,https://www.basketball-reference.com/players/r/reathdu01.html,2024,2024-01-05,POR,DAL,@,"L, 103-139",,26:53,7,12,1,3,1,2,4,3,7,2,0,0,3,3,16
Duop Reath,https://www.basketball-reference.com/players/r/reathdu01.html,2024,2024-01-07,POR,BRK,@,"W, 134-127 (OT)",,40:46,5,10,3,4,2,3,3,10,13,1,1,3,1,4,15
Duop Reath,https://www.basketball-reference.com/players/r/reathdu01.html,2024,2024-01-09,POR,NYK,@,"L, 84-112",,20:45,3,6,1,3,0,0,1,5,6,0,0,0,0,2,7
Duop Reath,https://www.basketball-reference.com/players/r/reathdu01.html,2024,2024-01-11,POR,OKC,@,"L, 77-139",,24:19,3,9,1,4,1,2,2,5,7,2,0,1,0,2,8
Duop Reath,https://www.basketball-reference.com/players/r/reathdu01.html,2024,2024-01-12,POR,MIN,@,"L, 93-116",,23:53,6,14,2,6,0,3,3,3,6,0,1,1,1,4,14
Duop Reath,https://www.basketball-reference.com/players/r/reathdu01.html,2024,2024-01-14,POR,PHO,,"L, 116-127",,38:59,7,15,2,6,1,1,2,4,6,1,2,1,2,4,17
Duop Reath,https://www.basketball-reference.com/players/r/reathdu01.html,2024,2024-01-17,POR,BRK,,"W, 105-103",,25:20,7,9,2,4,1,1,2,5,7,3,0,0,1,4,17
Duop Reath,https://www.basketball-reference.com/players/r/reathdu01.html,2024,2024-01-19,POR,IND,,"W, 118-115",,17:38,1,1,0,0,1,2,2,3,5,2,0,2,0,4,3
Duop Reath,https://www.basketball-reference.com/players/r/reathdu01.html,2024,2024-01-21,POR,LAL,@,"L, 110-134",,22:22,6,9,2,4,2,2,2,1,3,4,0,1,1,3,16
Duop Reath,https://www.basketball-reference.com/players/r/reathdu01.html,2024,2024-01-23,POR,OKC,@,"L, 109-111",,20:44,3,5,2,3,2,2,1,3,4,3,1,1,2,3,10
Duop Reath,https://www.basketball-reference.com/players/r/reathdu01.html,2024,2024-01-24,POR,HOU,@,"W, 137-131 (OT)",,12:16,4,7,1,3,0,0,1,1,2,2,0,0,0,0,9
Duop Reath,https://www.basketball-reference.com/players/r/reathdu01.html,2024,2024-01-26,POR,SAS,@,"L, 100-116",,12:38,1,4,0,2,1,2,1,2,3,0,0,0,0,2,3
Duop Reath,https://www.basketball-reference.com/players/r/reathdu01.html,2024,2024-01-28,POR,CHI,,"L, 96-104",,10:34,1,7,1,7,0,0,0,3,3,0,0,0,0,2,3
Duop Reath,https://www.basketball-reference.com/players/r/reathdu01.html,2024,2024-01-29,POR,PHI,,"W, 130-104",,11:50,2,3,1,1,0,0,1,0,1,1,0,0,0,5,5
Duop Reath,https://www.basketball-reference.com/players/r/reathdu01.html,2024,2024-01-31,POR,MIL,,"W, 119-116",,13:00,4,6,2,2,0,0,2,2,4,1,1,0,1,3,10
Duop Reath,https://www.basketball-reference.com/players/r/reathdu01.html,2024,2024-02-02,POR,DEN,@,"L, 108-120",,20:31,3,4,2,2,2,4,1,3,4,1,1,1,1,3,10
Duop Reath,https://www.basketball-reference.com/players/r/reathdu01.html,2024,2024-02-04,POR,DEN,@,"L, 103-112",,13:20,3,3,2,2,0,0,0,1,1,1,0,0,1,3,8
Duop Reath,https://www.basketball-reference.com/players/r/reathdu01.html,2024,2024-02-08,POR,DET,,"L, 122-128 (OT)",,,,,,,,,,,,,,,,,
Duop Reath,https://www.basketball-reference.com/players/r/reathdu01.html,2024,2024-02-10,POR,NOP,,"L, 84-93",,,,,,,,,,,,,,,,,
Duop Reath,https://www.basketball-reference.com/players/r/reathdu01.html,2024,2024-02-13,POR,MIN,,"L, 109-121",,12:33,2,5,1,3,1,2,3,0,3,0,1,1,0,3,6
Duop Reath,https://www.basketball-reference.com/players/r/reathdu01.html,2024,2024-02-15,POR,MIN,,"L, 91-128",,16:46,2,9,1,5,1,2,3,0,3,0,0,0,1,1,6
Duop Reath,https://www.basketball-reference.com/players/r/reathdu01.html,2024,2024-02-23,POR,DEN,,"L, 112-127",,12:57,3,10,0,3,2,3,3,3,6,1,1,2,1,1,8
Duop Reath,https://www.basketball-reference.com/players/r/reathdu01.html,2024,2024-02-25,POR,CHO,,"L, 80-93",,12:56,3,5,1,3,0,0,0,1,1,0,0,1,0,3,7
Duop Reath,https://www.basketball-reference.com/players/r/reathdu01.html,2024,2024-02-27,POR,MIA,,"L, 96-106",,12:35,0,4,0,3,0,0,2,1,3,0,0,0,1,3,0
Duop Reath,https://www.basketball-reference.com/players/r/reathdu01.html,2024,2024-03-01,POR,MEM,@,"W, 122-92",,23:09,8,16,2,8,0,1,3,2,5,1,2,2,1,3,18
Duop Reath,https://www.basketball-reference.com/players/r/reathdu01.html,2024,2024-03-02,POR,MEM,@,"W, 107-100 (OT)",,24:04,5,9,1,4,1,4,1,5,6,1,0,3,2,4,12
Duop Reath,https://www.basketball-reference.com/players/r/reathdu01.html,2024,2024-03-04,POR,MIN,@,"L, 114-119",,38:55,10,14,5,6,1,2,2,1,3,1,1,1,3,4,26
Duop Reath,https://www.basketball-reference.com/players/r/reathdu01.html,2024,2024-03-06,POR,OKC,,"L, 120-128",,30:37,5,12,0,5,6,7,3,2,5,1,1,0,1,3,16
Duop Reath,https://www.basketball-reference.com/players/r/reathdu01.html,2024,2024-03-08,POR,HOU,,"L, 107-123",,32:00,6,13,4,6,0,0,3,3,6,3,0,1,1,5,16
Duop Reath,https://www.basketball-reference.com/players/r/reathdu01.html,2024,2024-03-09,POR,TOR,,"W, 128-118 (OT)",,13:03,1,3,0,1,2,2,0,1,1,0,0,0,0,1,4
Duop Reath,https://www.basketball-reference.com/players/r/reathdu01.html,2024,2024-03-11,POR,BOS,,"L, 99-121",,13:00,3,5,2,3,0,0,1,0,1,0,0,0,1,1,8
Duop Reath,https://www.basketball-reference.com/players/r/reathdu01.html,2024,2024-03-13,POR,ATL,,"W, 106-102",,07:30,0,3,0,1,1,2,0,0,0,0,0,0,1,1,1
Duop Reath,https://www.basketball-reference.com/players/r/reathdu01.html,2024,2024-03-14,POR,NYK,,"L, 93-105",,11:14,0,2,0,0,0,0,2,1,3,0,0,0,1,2,0
Duop Reath,https://www.basketball-reference.com/players/r/reathdu01.html,2024,2024-03-16,POR,NOP,@,"L, 107-126",,08:18,0,1,0,1,0,0,0,0,0,0,0,0,0,1,0
Duop Reath,https://www.basketball-reference.com/players/r/reathdu01.html,2024,2024-03-18,POR,CHI,@,"L, 107-110",,16:57,5,6,2,3,2,2,1,0,1,0,0,0,0,3,14
Duop Reath,https://www.basketball-reference.com/players/r/reathdu01.html,2024,2024-03-20,POR,LAC,,"L, 103-116",,16:06,3,8,2,4,0,0,0,2,2,1,0,1,1,0,8
Duop Reath,https://www.basketball-reference.com/players/r/reathdu01.html,2024,2024-03-22,POR,LAC,,"L, 117-125",,26:41,5,10,2,6,1,1,0,3,3,2,2,0,3,3,13
Duop Reath,https://www.basketball-reference.com/players/r/reathdu01.html,2024,2024-03-23,POR,DEN,,"L, 111-114",,26:20,9,14,3,6,3,3,2,6,8,2,1,2,2,5,24
Duop Reath,https://www.basketball-reference.com/players/r/reathdu01.html,2024,2024-03-25,POR,HOU,@,"L, 92-110",,23:59,3,8,0,2,2,2,1,3,4,0,0,1,0,5,8
Duop Reath,https://www.basketball-reference.com/players/r/reathdu01.html,2024,2024-03-27,POR,ATL,@,"L, 106-120",,30:13,6,12,1,5,0,0,1,4,5,5,1,0,1,3,13
Duop Reath,https://www.basketball-reference.com/players/r/reathdu01.html,2024,2024-03-29,POR,MIA,@,"L, 82-142",,14:06,3,8,0,4,0,0,0,2,2,0,0,0,1,0,6
Duop Reath,https://www.basketball-reference.com/players/r/reathdu01.html,2024,2024-04-01,POR,ORL,@,"L, 103-104",,16:30,1,4,0,2,0,0,0,3,3,0,1,1,0,1,2
Duop Reath,https://www.basketball-reference.com/players/r/reathdu01.html,2024,2024-04-03,POR,CHO,@,"W, 89-86",,10:46,3,10,1,6,0,0,1,2,3,0,0,0,0,2,7
Duop Reath,https://www.basketball-reference.com/players/r/reathdu01.html,2024,2024-04-05,POR,WAS,@,"W, 108-102",,10:35,2,4,1,3,0,0,0,2,2,2,0,0,0,3,5
Duop Reath,https://www.basketball-reference.com/players/r/reathdu01.html,2024,2024-04-07,POR,BOS,@,"L, 107-124",,15:38,0,5,0,3,0,0,2,3,5,1,0,0,0,0,0
Duop Reath,https://www.basketball-reference.com/players/r/reathdu01.html,2024,2024-04-09,POR,NOP,,"L, 100-110",,12:13,5,8,2,3,0,1,2,3,5,1,0,0,0,2,12
Duop Reath,https://www.basketball-reference.com/players/r/reathdu01.html,2024,2024-04-11,POR,GSW,,"L, 92-100",,14:13,2,10,1,4,3,3,3,2,5,0,0,1,0,0,8
Duop Reath,https://www.basketball-reference.com/players/r/reathdu01.html,2024,2024-04-12,POR,HOU,,"L, 107-116",,19:06,3,7,1,2,3,4,1,3,4,0,0,2,0,1,10
Duop Reath,https://www.basketball-reference.com/players/r/reathdu01.html,2024,2024-04-14,POR,SAC,@,"L, 82-121",,24:09,5,12,2,5,2,2,1,5,6,0,3,1,1,2,14
Rayan Rupert,https://www.basketball-reference.com/players/r/ruperra01.html,2024,2023-10-25,POR,LAC,@,"L, 111-123",,01:50,0,0,0,0,0,0,0,0,0,0,0,0,0,0,0
Rayan Rupert,https://www.basketball-reference.com/players/r/ruperra01.html,2024,2023-10-27,POR,ORL,,"L, 97-102",,,,,,,,,,,,,,,,,
Rayan Rupert,https://www.basketball-reference.com/players/r/ruperra01.html,2024,2023-10-29,POR,PHI,@,"L, 98-126",,04:39,0,1,0,1,0,0,0,0,0,0,0,0,0,0,0
Rayan Rupert,https://www.basketball-reference.com/players/r/ruperra01.html,2024,2023-10-30,POR,TOR,@,"W, 99-91",,,,,,,,,,,,,,,,,
Rayan Rupert,https://www.basketball-reference.com/players/r/ruperra01.html,2024,,,,,,,,,,,,,,,,,,,,,,
Rayan Rupert,https://www.basketball-reference.com/players/r/ruperra01.html,2024,2023-11-01,POR,DET,@,"W, 110-101",,,,,,,,,,,,,,,,,
Rayan Rupert,https://www.basketball-reference.com/players/r/ruperra01.html,2024,2023-11-03,POR,MEM,,"W, 115-113 (OT)",,,,,,,,,,,,,,,,,
Rayan Rupert,https://www.basketball-reference.com/players/r/ruperra01.html,2024,2023-11-05,POR,MEM,,"L, 100-112",,,,,,,,,,,,,,,,,
Rayan Rupert,https://www.basketball-reference.com/players/r/ruperra01.html,2024,2023-11-08,POR,SAC,@,"L, 118-121 (OT)",,,,,,,,,,,,,,,,,
Rayan Rupert,https://www.basketball-reference.com/players/r/ruperra01.html,2024,2023-11-12,POR,LAL,@,"L, 110-116",,,,,,,,,,,,,,,,,
Rayan Rupert,https://www.basketball-reference.com/players/r/ruperra01.html,2024,2023-11-14,POR,UTA,@,"L, 99-115",,02:34,0,2,0,0,1,2,0,0,0,0,0,0,0,0,1
Rayan Rupert,https://www.basketball-reference.com/players/r/ruperra01.html,2024,2023-11-15,POR,CLE,,"L, 95-109",,02:32,0,1,0,1,0,0,0,0,0,0,0,0,1,1,0
Rayan Rupert,https://www.basketball-reference.com/players/r/ruperra01.html,2024,2023-11-17,POR,LAL,,"L, 95-107",,,,,,,,,,,,,,,,,
Rayan Rupert,https://www.basketball-reference.com/players/r/ruperra01.html,2024,2023-11-19,POR,OKC,,"L, 91-134",,12:00,1,5,1,3,1,2,1,0,1,1,1,0,1,0,4
Rayan Rupert,https://www.basketball-reference.com/players/r/ruperra01.html,2024,2023-11-21,POR,PHO,@,"L, 107-120",,01:39,0,1,0,0,0,0,0,0,0,1,1,0,0,0,0
Rayan Rupert,https://www.basketball-reference.com/players/r/ruperra01.html,2024,2023-11-22,POR,UTA,,"W, 121-105",,05:44,0,2,0,1,0,0,0,0,0,0,0,0,0,0,0
Rayan Rupert,https://www.basketball-reference.com/players/r/ruperra01.html,2024,2023-11-26,POR,MIL,@,"L, 102-108",,,,,,,,,,,,,,,,,
Rayan Rupert,https://www.basketball-reference.com/players/r/ruperra01.html,2024,2023-11-27,POR,IND,@,"W, 114-110",,,,,,,,,,,,,,,,,
Rayan Rupert,https://www.basketball-reference.com/players/r/ruperra01.html,2024,2023-11-30,POR,CLE,@,"W, 103-95",,,,,,,,,,,,,,,,,
Rayan Rupert,https://www.basketball-reference.com/players/r/ruperra01.html,2024,2023-12-02,POR,UTA,@,"L, 113-118 (OT)",,,,,,,,,,,,,,,,,
Rayan Rupert,https://www.basketball-reference.com/players/r/ruperra01.html,2024,2023-12-06,POR,GSW,@,"L, 106-110",,,,,,,,,,,,,,,,,
Rayan Rupert,https://www.basketball-reference.com/players/r/ruperra01.html,2024,2023-12-08,POR,DAL,,"L, 112-125",,,,,,,,,,,,,,,,,
Rayan Rupert,https://www.basketball-reference.com/players/r/ruperra01.html,2024,2023-12-11,POR,LAC,@,"L, 127-132",,,,,,,,,,,,,,,,,
Rayan Rupert,https://www.basketball-reference.com/players/r/ruperra01.html,2024,2023-12-14,POR,UTA,,"L, 114-122",,,,,,,,,,,,,,,,,
Rayan Rupert,https://www.basketball-reference.com/players/r/ruperra01.html,2024,2023-12-16,POR,DAL,,"L, 120-131",,,,,,,,,,,,,,,,,
Rayan Rupert,https://www.basketball-reference.com/players/r/ruperra01.html,2024,2023-12-17,POR,GSW,,"L, 114-118",,,,,,,,,,,,,,,,,
Rayan Rupert,https://www.basketball-reference.com/players/r/ruperra01.html,2024,2023-12-19,POR,PHO,,"W, 109-104",,,,,,,,,,,,,,,,,
Rayan Rupert,https://www.basketball-reference.com/players/r/ruperra01.html,2024,2023-12-21,POR,WAS,,"L, 117-118",,,,,,,,,,,,,,,,,
Rayan Rupert,https://www.basketball-reference.com/players/r/ruperra01.html,2024,2023-12-23,POR,GSW,@,"L, 106-126",,04:38,0,1,0,0,0,0,0,0,0,2,0,0,0,0,0
Rayan Rupert,https://www.basketball-reference.com/players/r/ruperra01.html,2024,2023-12-26,POR,SAC,,"W, 130-113",,,,,,,,,,,,,,,,,
Rayan Rupert,https://www.basketball-reference.com/players/r/ruperra01.html,2024,2023-12-28,POR,SAS,,"L, 105-118",,,,,,,,,,,,,,,,,
Rayan Rupert,https://www.basketball-reference.com/players/r/ruperra01.html,2024,2023-12-29,POR,SAS,,"W, 134-128",,,,,,,,,,,,,,,,,
Rayan Rupert,https://www.basketball-reference.com/players/r/ruperra01.html,2024,2024-01-01,POR,PHO,@,"L, 88-109",,,,,,,,,,,,,,,,,
Rayan Rupert,https://www.basketball-reference.com/players/r/ruperra01.html,2024,2024-01-03,POR,DAL,@,"L, 97-126",,,,,,,,,,,,,,,,,
Rayan Rupert,https://www.basketball-reference.com/players/r/ruperra01.html,2024,2024-01-05,POR,DAL,@,"L, 103-139",,18:34,3,5,1,2,0,0,1,2,3,0,0,0,2,3,7
Rayan Rupert,https://www.basketball-reference.com/players/r/ruperra01.html,2024,2024-01-07,POR,BRK,@,"W, 134-127 (OT)",,,,,,,,,,,,,,,,,
Rayan Rupert,https://www.basketball-reference.com/players/r/ruperra01.html,2024,2024-01-09,POR,NYK,@,"L, 84-112",,12:00,2,5,0,1,0,0,1,4,5,1,0,0,1,0,4
Rayan Rupert,https://www.basketball-reference.com/players/r/ruperra01.html,2024,2024-01-11,POR,OKC,@,"L, 77-139",,12:00,1,5,1,2,0,0,0,3,3,2,0,0,0,0,3
Rayan Rupert,https://www.basketball-reference.com/players/r/ruperra01.html,2024,2024-01-12,POR,MIN,@,"L, 93-116",,06:38,1,2,0,0,1,2,0,1,1,1,0,0,0,0,3
Rayan Rupert,https://www.basketball-reference.com/players/r/ruperra01.html,2024,2024-01-14,POR,PHO,,"L, 116-127",,14:25,4,5,3,3,0,0,2,3,5,2,0,0,1,2,11
Rayan Rupert,https://www.basketball-reference.com/players/r/ruperra01.html,2024,2024-01-17,POR,BRK,,"W, 105-103",,,,,,,,,,,,,,,,,
Rayan Rupert,https://www.basketball-reference.com/players/r/ruperra01.html,2024,2024-01-19,POR,IND,,"W, 118-115",,,,,,,,,,,,,,,,,
Rayan Rupert,https://www.basketball-reference.com/players/r/ruperra01.html,2024,2024-01-21,POR,LAL,@,"L, 110-134",,06:08,2,5,0,2,2,2,1,0,1,0,0,0,0,0,6
Rayan Rupert,https://www.basketball-reference.com/players/r/ruperra01.html,2024,2024-01-23,POR,OKC,@,"L, 109-111",,,,,,,,,,,,,,,,,
Rayan Rupert,https://www.basketball-reference.com/players/r/ruperra01.html,2024,2024-01-24,POR,HOU,@,"W, 137-131 (OT)",,,,,,,,,,,,,,,,,
Rayan Rupert,https://www.basketball-reference.com/players/r/ruperra01.html,2024,2024-01-26,POR,SAS,@,"L, 100-116",,08:25,1,1,1,1,0,0,0,0,0,1,0,0,0,1,3
Rayan Rupert,https://www.basketball-reference.com/players/r/ruperra01.html,2024,2024-01-28,POR,CHI,,"L, 96-104",,,,,,,,,,,,,,,,,
Rayan Rupert,https://www.basketball-reference.com/players/r/ruperra01.html,2024,2024-01-29,POR,PHI,,"W, 130-104",,04:50,0,2,0,0,0,0,1,1,2,0,1,0,0,0,0
Rayan Rupert,https://www.basketball-reference.com/players/r/ruperra01.html,2024,2024-01-31,POR,MIL,,"W, 119-116",,,,,,,,,,,,,,,,,
Rayan Rupert,https://www.basketball-reference.com/players/r/ruperra01.html,2024,2024-02-02,POR,DEN,@,"L, 108-120",,,,,,,,,,,,,,,,,
Rayan Rupert,https://www.basketball-reference.com/players/r/ruperra01.html,2024,2024-02-04,POR,DEN,@,"L, 103-112",,,,,,,,,,,,,,,,,
Rayan Rupert,https://www.basketball-reference.com/players/r/ruperra01.html,2024,2024-02-08,POR,DET,,"L, 122-128 (OT)",,,,,,,,,,,,,,,,,
Rayan Rupert,https://www.basketball-reference.com/players/r/ruperra01.html,2024,2024-02-10,POR,NOP,,"L, 84-93",,,,,,,,,,,,,,,,,
Rayan Rupert,https://www.basketball-reference.com/players/r/ruperra01.html,2024,2024-02-13,POR,MIN,,"L, 109-121",,,,,,,,,,,,,,,,,
Rayan Rupert,https://www.basketball-reference.com/players/r/ruperra01.html,2024,2024-02-15,POR,MIN,,"L, 91-128",,,,,,,,,,,,,,,,,
Rayan Rupert,https://www.basketball-reference.com/players/r/ruperra01.html,2024,2024-02-23,POR,DEN,,"L, 112-127",,,,,,,,,,,,,,,,,
Rayan Rupert,https://www.basketball-reference.com/players/r/ruperra01.html,2024,2024-02-25,POR,CHO,,"L, 80-93",,,,,,,,,,,,,,,,,
Rayan Rupert,https://www.basketball-reference.com/players/r/ruperra01.html,2024,2024-02-27,POR,MIA,,"L, 96-106",,,,,,,,,,,,,,,,,
Rayan Rupert,https://www.basketball-reference.com/players/r/ruperra01.html,2024,2024-03-01,POR,MEM,@,"W, 122-92",,07:14,1,2,1,1,2,2,1,1,2,2,0,0,1,1,5
Rayan Rupert,https://www.basketball-reference.com/players/r/ruperra01.html,2024,2024-03-02,POR,MEM,@,"W, 107-100 (OT)",,06:46,0,1,0,1,0,0,1,0,1,0,0,0,0,1,0
Rayan Rupert,https://www.basketball-reference.com/players/r/ruperra01.html,2024,2024-03-04,POR,MIN,@,"L, 114-119",,23:22,5,7,3,3,0,0,1,5,6,0,0,0,1,3,13
Rayan Rupert,https://www.basketball-reference.com/players/r/ruperra01.html,2024,2024-03-06,POR,OKC,,"L, 120-128",,18:17,1,6,1,4,0,0,0,1,1,2,1,0,0,3,3
Rayan Rupert,https://www.basketball-reference.com/players/r/ruperra01.html,2024,2024-03-08,POR,HOU,,"L, 107-123",,22:28,1,1,0,0,0,0,1,1,2,2,0,0,3,2,2
Rayan Rupert,https://www.basketball-reference.com/players/r/ruperra01.html,2024,2024-03-09,POR,TOR,,"W, 128-118 (OT)",,12:35,0,3,0,3,0,0,2,1,3,3,1,0,0,2,0
Rayan Rupert,https://www.basketball-reference.com/players/r/ruperra01.html,2024,2024-03-11,POR,BOS,,"L, 99-121",,01:54,0,1,0,0,0,0,0,0,0,1,0,0,0,0,0
Rayan Rupert,https://www.basketball-reference.com/players/r/ruperra01.html,2024,2024-03-13,POR,ATL,,"W, 106-102",,,,,,,,,,,,,,,,,
Rayan Rupert,https://www.basketball-reference.com/players/r/ruperra01.html,2024,2024-03-14,POR,NYK,,"L, 93-105",,,,,,,,,,,,,,,,,
Rayan Rupert,https://www.basketball-reference.com/players/r/ruperra01.html,2024,2024-03-16,POR,NOP,@,"L, 107-126",,11:38,0,1,0,0,2,2,0,1,1,0,0,0,2,1,2
Rayan Rupert,https://www.basketball-reference.com/players/r/ruperra01.html,2024,2024-03-18,POR,CHI,@,"L, 107-110",,03:41,0,2,0,1,0,0,0,1,1,0,0,0,0,0,0
Rayan Rupert,https://www.basketball-reference.com/players/r/ruperra01.html,2024,2024-03-20,POR,LAC,,"L, 103-116",,19:35,3,5,0,2,2,2,1,4,5,3,0,0,0,1,8
Rayan Rupert,https://www.basketball-reference.com/players/r/ruperra01.html,2024,2024-03-22,POR,LAC,,"L, 117-125",,23:14,2,2,0,0,1,2,0,2,2,1,0,1,0,2,5
Rayan Rupert,https://www.basketball-reference.com/players/r/ruperra01.html,2024,2024-03-23,POR,DEN,,"L, 111-114",,15:46,1,2,0,0,1,1,0,1,1,5,0,0,2,1,3
Rayan Rupert,https://www.basketball-reference.com/players/r/ruperra01.html,2024,2024-03-25,POR,HOU,@,"L, 92-110",,23:10,3,8,3,4,0,0,0,4,4,1,0,0,1,3,9
Rayan Rupert,https://www.basketball-reference.com/players/r/ruperra01.html,2024,2024-03-27,POR,ATL,@,"L, 106-120",,38:47,2,6,1,3,2,2,0,6,6,5,0,1,1,4,7
Rayan Rupert,https://www.basketball-reference.com/players/r/ruperra01.html,2024,2024-03-29,POR,MIA,@,"L, 82-142",,26:25,3,6,0,1,0,0,2,2,4,3,1,0,3,5,6
Rayan Rupert,https://www.basketball-reference.com/players/r/ruperra01.html,2024,2024-04-01,POR,ORL,@,"L, 103-104",,31:26,4,11,3,6,0,0,0,1,1,2,1,0,1,3,11
Rayan Rupert,https://www.basketball-reference.com/players/r/ruperra01.html,2024,2024-04-03,POR,CHO,@,"W, 89-86",,34:46,1,5,0,1,2,2,1,4,5,1,1,0,3,4,4
Rayan Rupert,https://www.basketball-reference.com/players/r/ruperra01.html,2024,2024-04-05,POR,WAS,@,"W, 108-102",,31:59,1,8,1,5,0,0,1,6,7,4,2,1,1,5,3
Rayan Rupert,https://www.basketball-reference.com/players/r/ruperra01.html,2024,2024-04-07,POR,BOS,@,"L, 107-124",,33:16,3,8,3,6,0,0,1,2,3,2,1,0,1,3,9
Rayan Rupert,https://www.basketball-reference.com/players/r/ruperra01.html,2024,2024-04-09,POR,NOP,,"L, 100-110",,33:13,2,9,2,6,0,0,0,4,4,4,0,0,1,1,6
Rayan Rupert,https://www.basketball-reference.com/players/r/ruperra01.html,2024,2024-04-11,POR,GSW,,"L, 92-100",,28:33,1,6,0,3,0,0,1,3,4,0,0,0,1,3,2
Rayan Rupert,https://www.basketball-reference.com/players/r/ruperra01.html,2024,2024-04-12,POR,HOU,,"L, 107-116",,26:14,1,6,1,4,1,2,1,1,2,5,1,0,1,0,4
Rayan Rupert,https://www.basketball-reference.com/players/r/ruperra01.html,2024,2024-04-14,POR,SAC,@,"L, 82-121",,40:16,4,12,2,7,1,2,3,3,6,5,0,0,2,1,11
Sidy Cissoko,https://www.basketball-reference.com/players/c/cissosi01.html,2024,2023-10-25,SAS,DAL,,"L, 119-126",,,,,,,,,,,,,,,,,
Sidy Cissoko,https://www.basketball-reference.com/players/c/cissosi01.html,2024,2023-10-27,SAS,HOU,,"W, 126-122 (OT)",,,,,,,,,,,,,,,,,
Sidy Cissoko,https://www.basketball-reference.com/players/c/cissosi01.html,2024,2023-10-29,SAS,LAC,@,"L, 83-123",,,,,,,,,,,,,,,,,
Sidy Cissoko,https://www.basketball-reference.com/players/c/cissosi01.html,2024,2023-10-31,SAS,PHO,@,"W, 115-114",,,,,,,,,,,,,,,,,
Sidy Cissoko,https://www.basketball-reference.com/players/c/cissosi01.html,2024,,,,,,,,,,,,,,,,,,,,,,
Sidy Cissoko,https://www.basketball-reference.com/players/c/cissosi01.html,2024,2023-11-02,SAS,PHO,@,"W, 132-121",,,,,,,,,,,,,,,,,
Sidy Cissoko,https://www.basketball-reference.com/players/c/cissosi01.html,2024,2023-11-05,SAS,TOR,,"L, 116-123 (OT)",,,,,,,,,,,,,,,,,
Sidy Cissoko,https://www.basketball-reference.com/players/c/cissosi01.html,2024,2023-11-06,SAS,IND,@,"L, 111-152",,,,,,,,,,,,,,,,,
Sidy Cissoko,https://www.basketball-reference.com/players/c/cissosi01.html,2024,2023-11-08,SAS,NYK,@,"L, 105-126",,,,,,,,,,,,,,,,,
Sidy Cissoko,https://www.basketball-reference.com/players/c/cissosi01.html,2024,2023-11-10,SAS,MIN,,"L, 110-117",,,,,,,,,,,,,,,,,
Sidy Cissoko,https://www.basketball-reference.com/players/c/cissosi01.html,2024,2023-11-12,SAS,MIA,,"L, 113-118",,,,,,,,,,,,,,,,,
Sidy Cissoko,https://www.basketball-reference.com/players/c/cissosi01.html,2024,2023-11-14,SAS,OKC,@,"L, 87-123",,,,,,,,,,,,,,,,,
Sidy Cissoko,https://www.basketball-reference.com/players/c/cissosi01.html,2024,2023-11-17,SAS,SAC,,"L, 120-129",,,,,,,,,,,,,,,,,
Sidy Cissoko,https://www.basketball-reference.com/players/c/cissosi01.html,2024,2023-11-18,SAS,MEM,,"L, 108-120",,,,,,,,,,,,,,,,,
Sidy Cissoko,https://www.basketball-reference.com/players/c/cissosi01.html,2024,2023-11-20,SAS,LAC,,"L, 99-124",,04:15,0,0,0,0,0,0,0,0,0,0,0,0,1,0,0
Sidy Cissoko,https://www.basketball-reference.com/players/c/cissosi01.html,2024,2023-11-22,SAS,LAC,,"L, 102-109",,,,,,,,,,,,,,,,,
Sidy Cissoko,https://www.basketball-reference.com/players/c/cissosi01.html,2024,2023-11-24,SAS,GSW,@,"L, 112-118",,,,,,,,,,,,,,,,,
Sidy Cissoko,https://www.basketball-reference.com/players/c/cissosi01.html,2024,2023-11-26,SAS,DEN,@,"L, 120-132",,,,,,,,,,,,,,,,,
Sidy Cissoko,https://www.basketball-reference.com/players/c/cissosi01.html,2024,2023-11-30,SAS,ATL,,"L, 135-137",,,,,,,,,,,,,,,,,
Sidy Cissoko,https://www.basketball-reference.com/players/c/cissosi01.html,2024,2023-12-01,SAS,NOP,@,"L, 106-121",,,,,,,,,,,,,,,,,
Sidy Cissoko,https://www.basketball-reference.com/players/c/cissosi01.html,2024,2023-12-06,SAS,MIN,@,"L, 94-102",,,,,,,,,,,,,,,,,
Sidy Cissoko,https://www.basketball-reference.com/players/c/cissosi01.html,2024,2023-12-08,SAS,CHI,,"L, 112-121",,,,,,,,,,,,,,,,,
Sidy Cissoko,https://www.basketball-reference.com/players/c/cissosi01.html,2024,2023-12-11,SAS,HOU,@,"L, 82-93",,,,,,,,,,,,,,,,,
Sidy Cissoko,https://www.basketball-reference.com/players/c/cissosi01.html,2024,2023-12-13,SAS,LAL,,"L, 119-122",,,,,,,,,,,,,,,,,
Sidy Cissoko,https://www.basketball-reference.com/players/c/cissosi01.html,2024,2023-12-15,SAS,LAL,,"W, 129-115",,,,,,,,,,,,,,,,,
Sidy Cissoko,https://www.basketball-reference.com/players/c/cissosi01.html,2024,2023-12-17,SAS,NOP,,"L, 110-146",,,,,,,,,,,,,,,,,
Sidy Cissoko,https://www.basketball-reference.com/players/c/cissosi01.html,2024,2023-12-19,SAS,MIL,@,"L, 119-132",,,,,,,,,,,,,,,,,
Sidy Cissoko,https://www.basketball-reference.com/players/c/cissosi01.html,2024,2023-12-21,SAS,CHI,@,"L, 95-114",,02:48,0,0,0,0,0,0,0,0,0,0,0,0,0,0,0
Sidy Cissoko,https://www.basketball-reference.com/players/c/cissosi01.html,2024,2023-12-23,SAS,DAL,@,"L, 119-144",,14:23,0,3,0,2,2,2,0,3,3,0,2,0,0,2,2
Sidy Cissoko,https://www.basketball-reference.com/players/c/cissosi01.html,2024,2023-12-26,SAS,UTA,,"L, 118-130",,02:08,1,1,0,0,2,2,0,1,1,0,0,0,0,0,4
Sidy Cissoko,https://www.basketball-reference.com/players/c/cissosi01.html,2024,2023-12-28,SAS,POR,@,"W, 118-105",,,,,,,,,,,,,,,,,
Sidy Cissoko,https://www.basketball-reference.com/players/c/cissosi01.html,2024,2023-12-29,SAS,POR,@,"L, 128-134",,,,,,,,,,,,,,,,,
Sidy Cissoko,https://www.basketball-reference.com/players/c/cissosi01.html,2024,2023-12-31,SAS,BOS,,"L, 101-134",,08:00,0,2,0,2,0,0,0,2,2,0,1,0,0,0,0
Sidy Cissoko,https://www.basketball-reference.com/players/c/cissosi01.html,2024,2024-01-02,SAS,MEM,@,"L, 98-106",,,,,,,,,,,,,,,,,
Sidy Cissoko,https://www.basketball-reference.com/players/c/cissosi01.html,2024,2024-01-04,SAS,MIL,,"L, 121-125",,,,,,,,,,,,,,,,,
Sidy Cissoko,https://www.basketball-reference.com/players/c/cissosi01.html,2024,2024-01-07,SAS,CLE,@,"L, 115-117",,,,,,,,,,,,,,,,,
Sidy Cissoko,https://www.basketball-reference.com/players/c/cissosi01.html,2024,2024-01-10,SAS,DET,@,"W, 130-108",,,,,,,,,,,,,,,,,
Sidy Cissoko,https://www.basketball-reference.com/players/c/cissosi01.html,2024,2024-01-12,SAS,CHO,,"W, 135-99",,,,,,,,,,,,,,,,,
Sidy Cissoko,https://www.basketball-reference.com/players/c/cissosi01.html,2024,2024-01-13,SAS,CHI,,"L, 116-122",,,,,,,,,,,,,,,,,
Sidy Cissoko,https://www.basketball-reference.com/players/c/cissosi01.html,2024,2024-01-15,SAS,ATL,@,"L, 99-109",,,,,,,,,,,,,,,,,
Sidy Cissoko,https://www.basketball-reference.com/players/c/cissosi01.html,2024,2024-01-17,SAS,BOS,@,"L, 98-117",,,,,,,,,,,,,,,,,
Sidy Cissoko,https://www.basketball-reference.com/players/c/cissosi01.html,2024,2024-01-19,SAS,CHO,@,"L, 120-124",,,,,,,,,,,,,,,,,
Sidy Cissoko,https://www.basketball-reference.com/players/c/cissosi01.html,2024,2024-01-20,SAS,WAS,@,"W, 131-127",,,,,,,,,,,,,,,,,
Sidy Cissoko,https://www.basketball-reference.com/players/c/cissosi01.html,2024,2024-01-22,SAS,PHI,@,"L, 123-133",,,,,,,,,,,,,,,,,
Sidy Cissoko,https://www.basketball-reference.com/players/c/cissosi01.html,2024,2024-01-24,SAS,OKC,,"L, 114-140",,,,,,,,,,,,,,,,,
Sidy Cissoko,https://www.basketball-reference.com/players/c/cissosi01.html,2024,2024-01-26,SAS,POR,,"W, 116-100",,,,,,,,,,,,,,,,,
Sidy Cissoko,https://www.basketball-reference.com/players/c/cissosi01.html,2024,2024-01-27,SAS,MIN,,"W, 113-112",,,,,,,,,,,,,,,,,
Sidy Cissoko,https://www.basketball-reference.com/players/c/cissosi01.html,2024,2024-01-29,SAS,WAS,,"L, 113-118",,,,,,,,,,,,,,,,,
Sidy Cissoko,https://www.basketball-reference.com/players/c/cissosi01.html,2024,2024-01-31,SAS,ORL,,"L, 98-108",,,,,,,,,,,,,,,,,
Sidy Cissoko,https://www.basketball-reference.com/players/c/cissosi01.html,2024,2024-02-02,SAS,NOP,,"L, 113-114",,,,,,,,,,,,,,,,,
Sidy Cissoko,https://www.basketball-reference.com/players/c/cissosi01.html,2024,2024-02-03,SAS,CLE,,"L, 101-117",,,,,,,,,,,,,,,,,
Sidy Cissoko,https://www.basketball-reference.com/players/c/cissosi01.html,2024,2024-02-07,SAS,MIA,@,"L, 104-116",,,,,,,,,,,,,,,,,
Sidy Cissoko,https://www.basketball-reference.com/players/c/cissosi01.html,2024,2024-02-08,SAS,ORL,@,"L, 111-127",,,,,,,,,,,,,,,,,
Sidy Cissoko,https://www.basketball-reference.com/players/c/cissosi01.html,2024,2024-02-10,SAS,BRK,@,"L, 103-123",,,,,,,,,,,,,,,,,
Sidy Cissoko,https://www.basketball-reference.com/players/c/cissosi01.html,2024,2024-02-12,SAS,TOR,@,"W, 122-99",,,,,,,,,,,,,,,,,
Sidy Cissoko,https://www.basketball-reference.com/players/c/cissosi01.html,2024,2024-02-14,SAS,DAL,@,"L, 93-116",,,,,,,,,,,,,,,,,
Sidy Cissoko,https://www.basketball-reference.com/players/c/cissosi01.html,2024,2024-02-22,SAS,SAC,@,"L, 122-127",,,,,,,,,,,,,,,,,
Sidy Cissoko,https://www.basketball-reference.com/players/c/cissosi01.html,2024,2024-02-23,SAS,LAL,@,"L, 118-123",,,,,,,,,,,,,,,,,
Sidy Cissoko,https://www.basketball-reference.com/players/c/cissosi01.html,2024,2024-02-25,SAS,UTA,@,"L, 109-128",,,,,,,,,,,,,,,,,
Sidy Cissoko,https://www.basketball-reference.com/players/c/cissosi01.html,2024,2024-02-27,SAS,MIN,@,"L, 105-114",,,,,,,,,,,,,,,,,
Sidy Cissoko,https://www.basketball-reference.com/players/c/cissosi01.html,2024,2024-02-29,SAS,OKC,,"W, 132-118",,,,,,,,,,,,,,,,,
Sidy Cissoko,https://www.basketball-reference.com/players/c/cissosi01.html,2024,2024-03-03,SAS,IND,,"W, 117-105",,00:22,0,0,0,0,0,0,0,0,0,0,0,0,0,0,0
Sidy Cissoko,https://www.basketball-reference.com/players/c/cissosi01.html,2024,2024-03-05,SAS,HOU,@,"L, 101-114",,,,,,,,,,,,,,,,,
Sidy Cissoko,https://www.basketball-reference.com/players/c/cissosi01.html,2024,2024-03-07,SAS,SAC,@,"L, 129-131",,,,,,,,,,,,,,,,,
Sidy Cissoko,https://www.basketball-reference.com/players/c/cissosi01.html,2024,2024-03-09,SAS,GSW,@,"W, 126-113",,,,,,,,,,,,,,,,,
Sidy Cissoko,https://www.basketball-reference.com/players/c/cissosi01.html,2024,2024-03-11,SAS,GSW,,"L, 102-112",,,,,,,,,,,,,,,,,
Sidy Cissoko,https://www.basketball-reference.com/players/c/cissosi01.html,2024,2024-03-12,SAS,HOU,,"L, 101-103",,,,,,,,,,,,,,,,,
Sidy Cissoko,https://www.basketball-reference.com/players/c/cissosi01.html,2024,2024-03-15,SAS,DEN,,"L, 106-117",,,,,,,,,,,,,,,,,
Sidy Cissoko,https://www.basketball-reference.com/players/c/cissosi01.html,2024,2024-03-17,SAS,BRK,,"W, 122-115 (OT)",,,,,,,,,,,,,,,,,
Sidy Cissoko,https://www.basketball-reference.com/players/c/cissosi01.html,2024,2024-03-19,SAS,DAL,,"L, 107-113",,,,,,,,,,,,,,,,,
Sidy Cissoko,https://www.basketball-reference.com/players/c/cissosi01.html,2024,2024-03-22,SAS,MEM,,"L, 97-99",,,,,,,,,,,,,,,,,
Sidy Cissoko,https://www.basketball-reference.com/players/c/cissosi01.html,2024,2024-03-23,SAS,PHO,,"L, 106-131",,,,,,,,,,,,,,,,,
Sidy Cissoko,https://www.basketball-reference.com/players/c/cissosi01.html,2024,2024-03-25,SAS,PHO,,"W, 104-102",,,,,,,,,,,,,,,,,
Sidy Cissoko,https://www.basketball-reference.com/players/c/cissosi01.html,2024,2024-03-27,SAS,UTA,@,"W, 118-111",,,,,,,,,,,,,,,,,
Sidy Cissoko,https://www.basketball-reference.com/players/c/cissosi01.html,2024,2024-03-29,SAS,NYK,,"W, 130-126 (OT)",,,,,,,,,,,,,,,,,
Sidy Cissoko,https://www.basketball-reference.com/players/c/cissosi01.html,2024,2024-03-31,SAS,GSW,,"L, 113-117",,,,,,,,,,,,,,,,,
Sidy Cissoko,https://www.basketball-reference.com/players/c/cissosi01.html,2024,2024-04-02,SAS,DEN,@,"L, 105-110",,05:01,0,0,0,0,0,0,0,1,1,0,0,0,0,1,0
Sidy Cissoko,https://www.basketball-reference.com/players/c/cissosi01.html,2024,2024-04-05,SAS,NOP,@,"W, 111-109",,05:59,0,1,0,1,0,0,0,0,0,0,0,0,1,1,0
Sidy Cissoko,https://www.basketball-reference.com/players/c/cissosi01.html,2024,2024-04-07,SAS,PHI,,"L, 126-133 (2OT)",,,,,,,,,,,,,,,,,
Sidy Cissoko,https://www.basketball-reference.com/players/c/cissosi01.html,2024,2024-04-09,SAS,MEM,@,"W, 102-87",,21:23,4,6,0,1,2,2,2,1,3,2,1,1,0,2,10
Sidy Cissoko,https://www.basketball-reference.com/players/c/cissosi01.html,2024,2024-04-10,SAS,OKC,@,"L, 89-127",,28:17,4,7,1,3,5,7,3,2,5,3,0,0,0,3,14
Sidy Cissoko,https://www.basketball-reference.com/players/c/cissosi01.html,2024,2024-04-12,SAS,DEN,,"W, 121-120",,16:35,4,5,0,1,0,0,2,1,3,0,0,0,0,5,8
Sidy Cissoko,https://www.basketball-reference.com/players/c/cissosi01.html,2024,2024-04-14,SAS,DET,,"W, 123-95",,31:43,3,8,0,2,1,2,1,3,4,5,3,2,1,4,7
David Duke Jr.,https://www.basketball-reference.com/players/d/dukeda01.html,2024,2023-12-15,SAS,LAL,,"W, 129-115",,,,,,,,,,,,,,,,,
David Duke Jr.,https://www.basketball-reference.com/players/d/dukeda01.html,2024,2023-12-17,SAS,NOP,,"L, 110-146",,,,,,,,,,,,,,,,,
David Duke Jr.,https://www.basketball-reference.com/players/d/dukeda01.html,2024,2023-12-19,SAS,MIL,@,"L, 119-132",,,,,,,,,,,,,,,,,
David Duke Jr.,https://www.basketball-reference.com/players/d/dukeda01.html,2024,2023-12-21,SAS,CHI,@,"L, 95-114",,,,,,,,,,,,,,,,,
David Duke Jr.,https://www.basketball-reference.com/players/d/dukeda01.html,2024,2023-12-23,SAS,DAL,@,"L, 119-144",,,,,,,,,,,,,,,,,
David Duke Jr.,https://www.basketball-reference.com/players/d/dukeda01.html,2024,2023-12-26,SAS,UTA,,"L, 118-130",,,,,,,,,,,,,,,,,
David Duke Jr.,https://www.basketball-reference.com/players/d/dukeda01.html,2024,2023-12-28,SAS,POR,@,"W, 118-105",,,,,,,,,,,,,,,,,
David Duke Jr.,https://www.basketball-reference.com/players/d/dukeda01.html,2024,2023-12-29,SAS,POR,@,"L, 128-134",,,,,,,,,,,,,,,,,
David Duke Jr.,https://www.basketball-reference.com/players/d/dukeda01.html,2024,2023-12-31,SAS,BOS,,"L, 101-134",,,,,,,,,,,,,,,,,
David Duke Jr.,https://www.basketball-reference.com/players/d/dukeda01.html,2024,,,,,,,,,,,,,,,,,,,,,,
David Duke Jr.,https://www.basketball-reference.com/players/d/dukeda01.html,2024,2024-01-02,SAS,MEM,@,"L, 98-106",,,,,,,,,,,,,,,,,
David Duke Jr.,https://www.basketball-reference.com/players/d/dukeda01.html,2024,2024-01-04,SAS,MIL,,"L, 121-125",,,,,,,,,,,,,,,,,
David Duke Jr.,https://www.basketball-reference.com/players/d/dukeda01.html,2024,2024-01-07,SAS,CLE,@,"L, 115-117",,,,,,,,,,,,,,,,,
David Duke Jr.,https://www.basketball-reference.com/players/d/dukeda01.html,2024,2024-01-10,SAS,DET,@,"W, 130-108",,,,,,,,,,,,,,,,,
David Duke Jr.,https://www.basketball-reference.com/players/d/dukeda01.html,2024,2024-01-12,SAS,CHO,,"W, 135-99",,,,,,,,,,,,,,,,,
David Duke Jr.,https://www.basketball-reference.com/players/d/dukeda01.html,2024,2024-01-13,SAS,CHI,,"L, 116-122",,,,,,,,,,,,,,,,,
David Duke Jr.,https://www.basketball-reference.com/players/d/dukeda01.html,2024,2024-01-15,SAS,ATL,@,"L, 99-109",,,,,,,,,,,,,,,,,
David Duke Jr.,https://www.basketball-reference.com/players/d/dukeda01.html,2024,2024-01-17,SAS,BOS,@,"L, 98-117",,,,,,,,,,,,,,,,,
David Duke Jr.,https://www.basketball-reference.com/players/d/dukeda01.html,2024,2024-01-19,SAS,CHO,@,"L, 120-124",,,,,,,,,,,,,,,,,
David Duke Jr.,https://www.basketball-reference.com/players/d/dukeda01.html,2024,2024-01-20,SAS,WAS,@,"W, 131-127",,,,,,,,,,,,,,,,,
David Duke Jr.,https://www.basketball-reference.com/players/d/dukeda01.html,2024,2024-01-22,SAS,PHI,@,"L, 123-133",,,,,,,,,,,,,,,,,
David Duke Jr.,https://www.basketball-reference.com/players/d/dukeda01.html,2024,2024-01-24,SAS,OKC,,"L, 114-140",,,,,,,,,,,,,,,,,
David Duke Jr.,https://www.basketball-reference.com/players/d/dukeda01.html,2024,2024-01-26,SAS,POR,,"W, 116-100",,,,,,,,,,,,,,,,,
David Duke Jr.,https://www.basketball-reference.com/players/d/dukeda01.html,2024,2024-01-27,SAS,MIN,,"W, 113-112",,,,,,,,,,,,,,,,,
David Duke Jr.,https://www.basketball-reference.com/players/d/dukeda01.html,2024,2024-01-29,SAS,WAS,,"L, 113-118",,,,,,,,,,,,,,,,,
David Duke Jr.,https://www.basketball-reference.com/players/d/dukeda01.html,2024,2024-01-31,SAS,ORL,,"L, 98-108",,,,,,,,,,,,,,,,,
David Duke Jr.,https://www.basketball-reference.com/players/d/dukeda01.html,2024,2024-02-02,SAS,NOP,,"L, 113-114",,,,,,,,,,,,,,,,,
David Duke Jr.,https://www.basketball-reference.com/players/d/dukeda01.html,2024,2024-02-03,SAS,CLE,,"L, 101-117",,,,,,,,,,,,,,,,,
David Duke Jr.,https://www.basketball-reference.com/players/d/dukeda01.html,2024,2024-02-07,SAS,MIA,@,"L, 104-116",,,,,,,,,,,,,,,,,
David Duke Jr.,https://www.basketball-reference.com/players/d/dukeda01.html,2024,2024-02-08,SAS,ORL,@,"L, 111-127",,,,,,,,,,,,,,,,,
David Duke Jr.,https://www.basketball-reference.com/players/d/dukeda01.html,2024,2024-02-10,SAS,BRK,@,"L, 103-123",,,,,,,,,,,,,,,,,
David Duke Jr.,https://www.basketball-reference.com/players/d/dukeda01.html,2024,2024-02-12,SAS,TOR,@,"W, 122-99",,,,,,,,,,,,,,,,,
David Duke Jr.,https://www.basketball-reference.com/players/d/dukeda01.html,2024,2024-02-14,SAS,DAL,@,"L, 93-116",,,,,,,,,,,,,,,,,
David Duke Jr.,https://www.basketball-reference.com/players/d/dukeda01.html,2024,2024-02-22,SAS,SAC,@,"L, 122-127",,,,,,,,,,,,,,,,,
David Duke Jr.,https://www.basketball-reference.com/players/d/dukeda01.html,2024,2024-02-23,SAS,LAL,@,"L, 118-123",,,,,,,,,,,,,,,,,
David Duke Jr.,https://www.basketball-reference.com/players/d/dukeda01.html,2024,2024-02-25,SAS,UTA,@,"L, 109-128",,,,,,,,,,,,,,,,,
David Duke Jr.,https://www.basketball-reference.com/players/d/dukeda01.html,2024,2024-02-27,SAS,MIN,@,"L, 105-114",,,,,,,,,,,,,,,,,
David Duke Jr.,https://www.basketball-reference.com/players/d/dukeda01.html,2024,2024-02-29,SAS,OKC,,"W, 132-118",,,,,,,,,,,,,,,,,
David Duke Jr.,https://www.basketball-reference.com/players/d/dukeda01.html,2024,2024-03-03,SAS,IND,,"W, 117-105",,,,,,,,,,,,,,,,,
David Duke Jr.,https://www.basketball-reference.com/players/d/dukeda01.html,2024,2024-03-05,SAS,HOU,@,"L, 101-114",,,,,,,,,,,,,,,,,
David Duke Jr.,https://www.basketball-reference.com/players/d/dukeda01.html,2024,2024-03-07,SAS,SAC,@,"L, 129-131",,,,,,,,,,,,,,,,,
David Duke Jr.,https://www.basketball-reference.com/players/d/dukeda01.html,2024,2024-03-09,SAS,GSW,@,"W, 126-113",,,,,,,,,,,,,,,,,
David Duke Jr.,https://www.basketball-reference.com/players/d/dukeda01.html,2024,2024-03-11,SAS,GSW,,"L, 102-112",,,,,,,,,,,,,,,,,
David Duke Jr.,https://www.basketball-reference.com/players/d/dukeda01.html,2024,2024-03-12,SAS,HOU,,"L, 101-103",,,,,,,,,,,,,,,,,
David Duke Jr.,https://www.basketball-reference.com/players/d/dukeda01.html,2024,2024-03-15,SAS,DEN,,"L, 106-117",,,,,,,,,,,,,,,,,
David Duke Jr.,https://www.basketball-reference.com/players/d/dukeda01.html,2024,2024-03-17,SAS,BRK,,"W, 122-115 (OT)",,,,,,,,,,,,,,,,,
David Duke Jr.,https://www.basketball-reference.com/players/d/dukeda01.html,2024,2024-03-19,SAS,DAL,,"L, 107-113",,,,,,,,,,,,,,,,,
David Duke Jr.,https://www.basketball-reference.com/players/d/dukeda01.html,2024,2024-03-22,SAS,MEM,,"L, 97-99",,,,,,,,,,,,,,,,,
David Duke Jr.,https://www.basketball-reference.com/players/d/dukeda01.html,2024,2024-03-23,SAS,PHO,,"L, 106-131",,,,,,,,,,,,,,,,,
David Duke Jr.,https://www.basketball-reference.com/players/d/dukeda01.html,2024,2024-03-25,SAS,PHO,,"W, 104-102",,,,,,,,,,,,,,,,,
David Duke Jr.,https://www.basketball-reference.com/players/d/dukeda01.html,2024,2024-03-27,SAS,UTA,@,"W, 118-111",,,,,,,,,,,,,,,,,
David Duke Jr.,https://www.basketball-reference.com/players/d/dukeda01.html,2024,2024-03-29,SAS,NYK,,"W, 130-126 (OT)",,,,,,,,,,,,,,,,,
David Duke Jr.,https://www.basketball-reference.com/players/d/dukeda01.html,2024,2024-03-31,SAS,GSW,,"L, 113-117",,,,,,,,,,,,,,,,,
David Duke Jr.,https://www.basketball-reference.com/players/d/dukeda01.html,2024,2024-04-02,SAS,DEN,@,"L, 105-110",,,,,,,,,,,,,,,,,
David Duke Jr.,https://www.basketball-reference.com/players/d/dukeda01.html,2024,2024-04-05,SAS,NOP,@,"W, 111-109",,,,,,,,,,,,,,,,,
David Duke Jr.,https://www.basketball-reference.com/players/d/dukeda01.html,2024,2024-04-07,SAS,PHI,,"L, 126-133 (2OT)",,,,,,,,,,,,,,,,,
David Duke Jr.,https://www.basketball-reference.com/players/d/dukeda01.html,2024,2024-04-09,SAS,MEM,@,"W, 102-87",,03:13,1,1,1,1,0,0,0,0,0,1,0,0,0,0,3
David Duke Jr.,https://www.basketball-reference.com/players/d/dukeda01.html,2024,2024-04-10,SAS,OKC,@,"L, 89-127",,18:00,2,8,0,2,2,2,1,6,7,4,1,0,1,1,6
David Duke Jr.,https://www.basketball-reference.com/players/d/dukeda01.html,2024,2024-04-12,SAS,DEN,,"W, 121-120",,08:24,1,1,0,0,0,0,0,0,0,0,0,0,0,1,2
David Duke Jr.,https://www.basketball-reference.com/players/d/dukeda01.html,2024,2024-04-14,SAS,DET,,"W, 123-95",,21:44,6,8,2,3,1,1,1,2,3,0,1,0,2,2,15
RaiQuan Gray,https://www.basketball-reference.com/players/g/grayra01.html,2024,2024-03-03,SAS,IND,,"W, 117-105",,,,,,,,,,,,,,,,,
RaiQuan Gray,https://www.basketball-reference.com/players/g/grayra01.html,2024,2024-03-05,SAS,HOU,@,"L, 101-114",,,,,,,,,,,,,,,,,
RaiQuan Gray,https://www.basketball-reference.com/players/g/grayra01.html,2024,2024-03-07,SAS,SAC,@,"L, 129-131",,,,,,,,,,,,,,,,,
RaiQuan Gray,https://www.basketball-reference.com/players/g/grayra01.html,2024,2024-03-09,SAS,GSW,@,"W, 126-113",,,,,,,,,,,,,,,,,
RaiQuan Gray,https://www.basketball-reference.com/players/g/grayra01.html,2024,2024-03-11,SAS,GSW,,"L, 102-112",,,,,,,,,,,,,,,,,
RaiQuan Gray,https://www.basketball-reference.com/players/g/grayra01.html,2024,2024-03-12,SAS,HOU,,"L, 101-103",,,,,,,,,,,,,,,,,
RaiQuan Gray,https://www.basketball-reference.com/players/g/grayra01.html,2024,2024-03-15,SAS,DEN,,"L, 106-117",,,,,,,,,,,,,,,,,
RaiQuan Gray,https://www.basketball-reference.com/players/g/grayra01.html,2024,2024-03-17,SAS,BRK,,"W, 122-115 (OT)",,,,,,,,,,,,,,,,,
RaiQuan Gray,https://www.basketball-reference.com/players/g/grayra01.html,2024,2024-03-19,SAS,DAL,,"L, 107-113",,,,,,,,,,,,,,,,,
RaiQuan Gray,https://www.basketball-reference.com/players/g/grayra01.html,2024,2024-03-22,SAS,MEM,,"L, 97-99",,,,,,,,,,,,,,,,,
RaiQuan Gray,https://www.basketball-reference.com/players/g/grayra01.html,2024,2024-03-23,SAS,PHO,,"L, 106-131",,,,,,,,,,,,,,,,,
RaiQuan Gray,https://www.basketball-reference.com/players/g/grayra01.html,2024,2024-03-25,SAS,PHO,,"W, 104-102",,,,,,,,,,,,,,,,,
RaiQuan Gray,https://www.basketball-reference.com/players/g/grayra01.html,2024,2024-03-27,SAS,UTA,@,"W, 118-111",,,,,,,,,,,,,,,,,
RaiQuan Gray,https://www.basketball-reference.com/players/g/grayra01.html,2024,2024-03-29,SAS,NYK,,"W, 130-126 (OT)",,,,,,,,,,,,,,,,,
RaiQuan Gray,https://www.basketball-reference.com/players/g/grayra01.html,2024,2024-03-31,SAS,GSW,,"L, 113-117",,,,,,,,,,,,,,,,,
RaiQuan Gray,https://www.basketball-reference.com/players/g/grayra01.html,2024,,,,,,,,,,,,,,,,,,,,,,
RaiQuan Gray,https://www.basketball-reference.com/players/g/grayra01.html,2024,2024-04-02,SAS,DEN,@,"L, 105-110",,,,,,,,,,,,,,,,,
RaiQuan Gray,https://www.basketball-reference.com/players/g/grayra01.html,2024,2024-04-05,SAS,NOP,@,"W, 111-109",,,,,,,,,,,,,,,,,
RaiQuan Gray,https://www.basketball-reference.com/players/g/grayra01.html,2024,2024-04-07,SAS,PHI,,"L, 126-133 (2OT)",,,,,,,,,,,,,,,,,
RaiQuan Gray,https://www.basketball-reference.com/players/g/grayra01.html,2024,2024-04-09,SAS,MEM,@,"W, 102-87",,03:54,0,0,0,0,0,0,0,2,2,0,0,0,1,0,0
RaiQuan Gray,https://www.basketball-reference.com/players/g/grayra01.html,2024,2024-04-10,SAS,OKC,@,"L, 89-127",,12:33,5,8,3,5,0,0,0,0,0,2,1,0,0,0,13
RaiQuan Gray,https://www.basketball-reference.com/players/g/grayra01.html,2024,2024-04-12,SAS,DEN,,"W, 121-120",,,,,,,,,,,,,,,,,
RaiQuan Gray,https://www.basketball-reference.com/players/g/grayra01.html,2024,2024-04-14,SAS,DET,,"W, 123-95",,22:35,5,9,0,2,0,0,2,3,5,4,0,1,0,0,10
Victor Wembanyama,https://www.basketball-reference.com/players/w/wembavi01.html,2024,2023-10-25,SAS,DAL,,"L, 119-126",,23:19,6,9,3,5,0,1,0,5,5,2,2,1,5,5,15
Victor Wembanyama,https://www.basketball-reference.com/players/w/wembavi01.html,2024,2023-10-27,SAS,HOU,,"W, 126-122 (OT)",,30:59,7,19,0,6,7,8,5,7,12,1,3,3,4,2,21
Victor Wembanyama,https://www.basketball-reference.com/players/w/wembavi01.html,2024,2023-10-29,SAS,LAC,@,"L, 83-123",,26:16,4,10,0,2,3,6,1,4,5,2,1,1,5,1,11
Victor Wembanyama,https://www.basketball-reference.com/players/w/wembavi01.html,2024,2023-10-31,SAS,PHO,@,"W, 115-114",,28:13,6,12,2,6,4,5,3,5,8,1,0,4,5,3,18
Victor Wembanyama,https://www.basketball-reference.com/players/w/wembavi01.html,2024,,,,,,,,,,,,,,,,,,,,,,
Victor Wembanyama,https://www.basketball-reference.com/players/w/wembavi01.html,2024,2023-11-02,SAS,PHO,@,"W, 132-121",,34:21,15,26,3,6,5,6,2,8,10,2,1,2,2,3,38
Victor Wembanyama,https://www.basketball-reference.com/players/w/wembavi01.html,2024,2023-11-05,SAS,TOR,,"L, 116-123 (OT)",,37:54,7,16,2,7,4,5,2,7,9,4,1,5,2,1,20
Victor Wembanyama,https://www.basketball-reference.com/players/w/wembavi01.html,2024,2023-11-06,SAS,IND,@,"L, 111-152",,21:17,3,12,2,5,5,6,1,9,10,0,1,2,2,1,13
Victor Wembanyama,https://www.basketball-reference.com/players/w/wembavi01.html,2024,2023-11-08,SAS,NYK,@,"L, 105-126",,30:11,4,14,0,4,6,6,4,5,9,2,0,1,3,2,14
Victor Wembanyama,https://www.basketball-reference.com/players/w/wembavi01.html,2024,2023-11-10,SAS,MIN,,"L, 110-117",,34:54,12,21,3,7,2,4,1,8,9,4,1,4,3,5,29
Victor Wembanyama,https://www.basketball-reference.com/players/w/wembavi01.html,2024,2023-11-12,SAS,MIA,,"L, 113-118",,34:24,8,22,2,9,0,0,1,10,11,7,1,1,7,3,18
Victor Wembanyama,https://www.basketball-reference.com/players/w/wembavi01.html,2024,2023-11-14,SAS,OKC,@,"L, 87-123",,28:20,4,15,0,3,0,0,3,11,14,2,0,2,5,2,8
Victor Wembanyama,https://www.basketball-reference.com/players/w/wembavi01.html,2024,2023-11-17,SAS,SAC,,"L, 120-129",,30:28,12,26,2,8,1,1,1,8,9,0,2,0,4,3,27
Victor Wembanyama,https://www.basketball-reference.com/players/w/wembavi01.html,2024,2023-11-18,SAS,MEM,,"L, 108-120",,31:07,6,17,2,6,5,6,4,9,13,4,1,8,2,5,19
Victor Wembanyama,https://www.basketball-reference.com/players/w/wembavi01.html,2024,2023-11-20,SAS,LAC,,"L, 99-124",,26:33,4,12,0,4,1,1,0,3,3,4,0,2,1,1,9
Victor Wembanyama,https://www.basketball-reference.com/players/w/wembavi01.html,2024,2023-11-22,SAS,LAC,,"L, 102-109",,32:47,7,13,1,2,7,7,2,13,15,3,1,3,2,2,22
Victor Wembanyama,https://www.basketball-reference.com/players/w/wembavi01.html,2024,2023-11-24,SAS,GSW,@,"L, 112-118",,35:09,8,18,1,6,5,5,2,7,9,4,1,2,6,2,22
Victor Wembanyama,https://www.basketball-reference.com/players/w/wembavi01.html,2024,2023-11-26,SAS,DEN,@,"L, 120-132",,24:56,7,17,2,5,6,7,4,7,11,2,6,4,3,4,22
Victor Wembanyama,https://www.basketball-reference.com/players/w/wembavi01.html,2024,2023-11-30,SAS,ATL,,"L, 135-137",,29:17,9,16,1,5,2,2,2,10,12,2,2,4,2,1,21
Victor Wembanyama,https://www.basketball-reference.com/players/w/wembavi01.html,2024,2023-12-01,SAS,NOP,@,"L, 106-121",,,,,,,,,,,,,,,,,
Victor Wembanyama,https://www.basketball-reference.com/players/w/wembavi01.html,2024,2023-12-06,SAS,MIN,@,"L, 94-102",,32:25,4,13,0,2,4,6,3,7,10,1,1,1,2,1,12
Victor Wembanyama,https://www.basketball-reference.com/players/w/wembavi01.html,2024,2023-12-08,SAS,CHI,,"L, 112-121",,31:49,8,20,0,4,5,6,7,13,20,4,1,4,1,2,21
Victor Wembanyama,https://www.basketball-reference.com/players/w/wembavi01.html,2024,2023-12-11,SAS,HOU,@,"L, 82-93",,33:00,7,15,1,6,0,1,2,16,18,3,0,5,5,3,15
Victor Wembanyama,https://www.basketball-reference.com/players/w/wembavi01.html,2024,2023-12-13,SAS,LAL,,"L, 119-122",,32:30,11,21,4,5,4,7,4,9,13,2,3,6,5,6,30
Victor Wembanyama,https://www.basketball-reference.com/players/w/wembavi01.html,2024,2023-12-15,SAS,LAL,,"W, 129-115",,30:50,5,13,1,2,2,3,3,12,15,5,2,2,2,3,13
Victor Wembanyama,https://www.basketball-reference.com/players/w/wembavi01.html,2024,2023-12-17,SAS,NOP,,"L, 110-146",,31:07,6,13,2,6,3,4,1,12,13,4,1,4,3,2,17
Victor Wembanyama,https://www.basketball-reference.com/players/w/wembavi01.html,2024,2023-12-19,SAS,MIL,@,"L, 119-132",,,,,,,,,,,,,,,,,
Victor Wembanyama,https://www.basketball-reference.com/players/w/wembavi01.html,2024,2023-12-21,SAS,CHI,@,"L, 95-114",,22:13,3,8,0,1,1,3,0,5,5,5,2,3,2,0,7
Victor Wembanyama,https://www.basketball-reference.com/players/w/wembavi01.html,2024,2023-12-23,SAS,DAL,@,"L, 119-144",,,,,,,,,,,,,,,,,
Victor Wembanyama,https://www.basketball-reference.com/players/w/wembavi01.html,2024,2023-12-26,SAS,UTA,,"L, 118-130",,24:26,6,15,1,4,2,3,2,5,7,4,1,5,4,1,15
Victor Wembanyama,https://www.basketball-reference.com/players/w/wembavi01.html,2024,2023-12-28,SAS,POR,@,"W, 118-105",,24:21,9,14,2,4,10,10,0,6,6,6,0,7,1,0,30
Victor Wembanyama,https://www.basketball-reference.com/players/w/wembavi01.html,2024,2023-12-29,SAS,POR,@,"L, 128-134",,,,,,,,,,,,,,,,,
Victor Wembanyama,https://www.basketball-reference.com/players/w/wembavi01.html,2024,2023-12-31,SAS,BOS,,"L, 101-134",,23:42,8,16,3,8,2,2,2,5,7,3,0,1,3,0,21
Victor Wembanyama,https://www.basketball-reference.com/players/w/wembavi01.html,2024,2024-01-02,SAS,MEM,@,"L, 98-106",,26:04,8,16,2,5,2,4,0,7,7,1,0,4,1,0,20
Victor Wembanyama,https://www.basketball-reference.com/players/w/wembavi01.html,2024,2024-01-04,SAS,MIL,,"L, 121-125",,26:11,10,18,2,8,5,6,3,6,9,1,1,5,5,5,27
Victor Wembanyama,https://www.basketball-reference.com/players/w/wembavi01.html,2024,2024-01-07,SAS,CLE,@,"L, 115-117",,24:37,6,13,2,5,10,11,0,10,10,3,1,5,3,3,24
Victor Wembanyama,https://www.basketball-reference.com/players/w/wembavi01.html,2024,2024-01-10,SAS,DET,@,"W, 130-108",,21:02,6,16,0,4,4,5,3,9,12,10,0,0,0,1,16
Victor Wembanyama,https://www.basketball-reference.com/players/w/wembavi01.html,2024,2024-01-12,SAS,CHO,,"W, 135-99",,19:41,9,14,2,3,6,6,3,8,11,1,0,2,3,2,26
Victor Wembanyama,https://www.basketball-reference.com/players/w/wembavi01.html,2024,2024-01-13,SAS,CHI,,"L, 116-122",,,,,,,,,,,,,,,,,
Victor Wembanyama,https://www.basketball-reference.com/players/w/wembavi01.html,2024,2024-01-15,SAS,ATL,@,"L, 99-109",,27:05,12,18,1,5,1,1,2,11,13,2,2,5,3,2,26
Victor Wembanyama,https://www.basketball-reference.com/players/w/wembavi01.html,2024,2024-01-17,SAS,BOS,@,"L, 98-117",,26:36,10,19,2,6,5,6,2,3,5,1,0,1,5,2,27
Victor Wembanyama,https://www.basketball-reference.com/players/w/wembavi01.html,2024,2024-01-19,SAS,CHO,@,"L, 120-124",,,,,,,,,,,,,,,,,
Victor Wembanyama,https://www.basketball-reference.com/players/w/wembavi01.html,2024,2024-01-20,SAS,WAS,@,"W, 131-127",,27:45,10,21,2,5,2,4,1,7,8,4,0,6,6,3,24
Victor Wembanyama,https://www.basketball-reference.com/players/w/wembavi01.html,2024,2024-01-22,SAS,PHI,@,"L, 123-133",,28:21,10,19,2,5,11,12,3,4,7,2,0,2,1,5,33
Victor Wembanyama,https://www.basketball-reference.com/players/w/wembavi01.html,2024,2024-01-24,SAS,OKC,,"L, 114-140",,27:46,9,18,0,3,6,8,6,6,12,4,1,4,3,2,24
Victor Wembanyama,https://www.basketball-reference.com/players/w/wembavi01.html,2024,2024-01-26,SAS,POR,,"W, 116-100",,28:36,7,18,3,7,6,6,3,9,12,4,2,2,7,1,23
Victor Wembanyama,https://www.basketball-reference.com/players/w/wembavi01.html,2024,2024-01-27,SAS,MIN,,"W, 113-112",,29:45,9,17,3,6,2,5,0,10,10,6,2,2,6,3,23
Victor Wembanyama,https://www.basketball-reference.com/players/w/wembavi01.html,2024,2024-01-29,SAS,WAS,,"L, 113-118",,30:46,9,19,0,4,4,4,3,8,11,4,1,3,4,1,22
Victor Wembanyama,https://www.basketball-reference.com/players/w/wembavi01.html,2024,2024-01-31,SAS,ORL,,"L, 98-108",,30:11,7,15,2,5,5,5,0,8,8,3,2,5,3,3,21
Victor Wembanyama,https://www.basketball-reference.com/players/w/wembavi01.html,2024,2024-02-02,SAS,NOP,,"L, 113-114",,28:25,7,14,0,3,2,2,5,9,14,7,2,3,6,2,16
Victor Wembanyama,https://www.basketball-reference.com/players/w/wembavi01.html,2024,2024-02-03,SAS,CLE,,"L, 101-117",,26:52,5,16,2,4,7,8,4,10,14,3,2,2,3,0,19
Victor Wembanyama,https://www.basketball-reference.com/players/w/wembavi01.html,2024,2024-02-07,SAS,MIA,@,"L, 104-116",,27:48,7,13,3,5,1,3,0,13,13,3,1,1,3,1,18
Victor Wembanyama,https://www.basketball-reference.com/players/w/wembavi01.html,2024,2024-02-08,SAS,ORL,@,"L, 111-127",,22:32,6,12,2,4,1,1,0,1,1,2,1,3,5,1,15
Victor Wembanyama,https://www.basketball-reference.com/players/w/wembavi01.html,2024,2024-02-10,SAS,BRK,@,"L, 103-123",,29:02,7,16,3,6,4,4,0,4,4,3,0,1,4,2,21
Victor Wembanyama,https://www.basketball-reference.com/players/w/wembavi01.html,2024,2024-02-12,SAS,TOR,@,"W, 122-99",,28:59,10,14,2,4,5,6,2,12,14,5,2,10,7,2,27
Victor Wembanyama,https://www.basketball-reference.com/players/w/wembavi01.html,2024,2024-02-14,SAS,DAL,@,"L, 93-116",,27:12,10,21,2,6,4,5,3,6,9,5,1,3,2,0,26
Victor Wembanyama,https://www.basketball-reference.com/players/w/wembavi01.html,2024,2024-02-22,SAS,SAC,@,"L, 122-127",,31:17,8,21,1,6,2,3,5,8,13,4,5,5,1,1,19
Victor Wembanyama,https://www.basketball-reference.com/players/w/wembavi01.html,2024,2024-02-23,SAS,LAL,@,"L, 118-123",,30:55,7,16,3,8,10,11,1,9,10,8,5,5,2,3,27
Victor Wembanyama,https://www.basketball-reference.com/players/w/wembavi01.html,2024,2024-02-25,SAS,UTA,@,"L, 109-128",,26:58,9,17,1,3,3,4,2,8,10,2,1,5,4,1,22
Victor Wembanyama,https://www.basketball-reference.com/players/w/wembavi01.html,2024,2024-02-27,SAS,MIN,@,"L, 105-114",,34:15,5,13,2,7,5,5,1,12,13,5,2,4,5,5,17
Victor Wembanyama,https://www.basketball-reference.com/players/w/wembavi01.html,2024,2024-02-29,SAS,OKC,,"W, 132-118",,32:22,9,17,5,7,5,7,3,10,13,7,2,5,2,2,28
Victor Wembanyama,https://www.basketball-reference.com/players/w/wembavi01.html,2024,2024-03-03,SAS,IND,,"W, 117-105",,31:24,11,17,3,4,6,7,2,10,12,6,1,6,3,2,31
Victor Wembanyama,https://www.basketball-reference.com/players/w/wembavi01.html,2024,2024-03-05,SAS,HOU,@,"L, 101-114",,30:30,4,10,2,5,0,0,2,9,11,3,0,7,6,4,10
Victor Wembanyama,https://www.basketball-reference.com/players/w/wembavi01.html,2024,2024-03-07,SAS,SAC,@,"L, 129-131",,,,,,,,,,,,,,,,,
Victor Wembanyama,https://www.basketball-reference.com/players/w/wembavi01.html,2024,2024-03-09,SAS,GSW,@,"W, 126-113",,,,,,,,,,,,,,,,,
Victor Wembanyama,https://www.basketball-reference.com/players/w/wembavi01.html,2024,2024-03-11,SAS,GSW,,"L, 102-112",,31:26,10,25,3,9,4,9,2,12,14,3,1,2,3,1,27
Victor Wembanyama,https://www.basketball-reference.com/players/w/wembavi01.html,2024,2024-03-12,SAS,HOU,,"L, 101-103",,31:06,5,12,2,7,1,1,1,9,10,6,1,2,2,2,13
Victor Wembanyama,https://www.basketball-reference.com/players/w/wembavi01.html,2024,2024-03-15,SAS,DEN,,"L, 106-117",,33:11,4,12,1,5,8,9,4,5,9,2,2,3,4,5,17
Victor Wembanyama,https://www.basketball-reference.com/players/w/wembavi01.html,2024,2024-03-17,SAS,BRK,,"W, 122-115 (OT)",,36:09,14,26,1,7,4,6,4,11,15,7,0,7,4,1,33
Victor Wembanyama,https://www.basketball-reference.com/players/w/wembavi01.html,2024,2024-03-19,SAS,DAL,,"L, 107-113",,32:07,3,13,0,4,6,7,3,8,11,3,1,6,5,4,12
Victor Wembanyama,https://www.basketball-reference.com/players/w/wembavi01.html,2024,2024-03-22,SAS,MEM,,"L, 97-99",,33:27,11,24,3,12,6,10,5,11,16,5,2,3,7,2,31
Victor Wembanyama,https://www.basketball-reference.com/players/w/wembavi01.html,2024,2024-03-23,SAS,PHO,,"L, 106-131",,20:53,5,7,1,2,2,2,1,4,5,4,0,1,5,0,13
Victor Wembanyama,https://www.basketball-reference.com/players/w/wembavi01.html,2024,2024-03-25,SAS,PHO,,"W, 104-102",,,,,,,,,,,,,,,,,
Victor Wembanyama,https://www.basketball-reference.com/players/w/wembavi01.html,2024,2024-03-27,SAS,UTA,@,"W, 118-111",,30:29,7,15,1,4,4,7,2,6,8,6,0,5,6,4,19
Victor Wembanyama,https://www.basketball-reference.com/players/w/wembavi01.html,2024,2024-03-29,SAS,NYK,,"W, 130-126 (OT)",,37:42,13,22,4,9,10,12,5,15,20,7,2,1,4,2,40
Victor Wembanyama,https://www.basketball-reference.com/players/w/wembavi01.html,2024,2024-03-31,SAS,GSW,,"L, 113-117",,31:22,10,22,3,10,9,10,1,8,9,5,4,3,5,2,32
Victor Wembanyama,https://www.basketball-reference.com/players/w/wembavi01.html,2024,2024-04-02,SAS,DEN,@,"L, 105-110",,33:57,9,29,2,11,3,6,5,10,15,8,1,9,2,3,23
Victor Wembanyama,https://www.basketball-reference.com/players/w/wembavi01.html,2024,2024-04-05,SAS,NOP,@,"W, 111-109",,33:58,5,12,3,6,4,4,2,10,12,9,1,3,2,1,17
Victor Wembanyama,https://www.basketball-reference.com/players/w/wembavi01.html,2024,2024-04-07,SAS,PHI,,"L, 126-133 (2OT)",,43:18,11,20,5,10,6,7,3,15,18,6,0,7,9,1,33
Victor Wembanyama,https://www.basketball-reference.com/players/w/wembavi01.html,2024,2024-04-09,SAS,MEM,@,"W, 102-87",,30:33,9,19,0,5,0,0,1,6,7,6,0,7,1,1,18
Victor Wembanyama,https://www.basketball-reference.com/players/w/wembavi01.html,2024,2024-04-10,SAS,OKC,@,"L, 89-127",,,,,,,,,,,,,,,,,
Victor Wembanyama,https://www.basketball-reference.com/players/w/wembavi01.html,2024,2024-04-12,SAS,DEN,,"W, 121-120",,36:49,12,27,5,12,5,7,1,11,12,5,1,2,7,1,34
Victor Wembanyama,https://www.basketball-reference.com/players/w/wembavi01.html,2024,2024-04-14,SAS,DET,,"W, 123-95",,,,,,,,,,,,,,,,,
D.J. Carton,https://www.basketball-reference.com/players/c/cartodj01.html,2024,2024-02-22,TOR,BRK,,"W, 121-93",,04:06,1,1,0,0,1,1,0,1,1,0,0,0,0,2,3
D.J. Carton,https://www.basketball-reference.com/players/c/cartodj01.html,2024,2024-02-23,TOR,ATL,@,"W, 123-121",,,,,,,,,,,,,,,,,
D.J. Carton,https://www.basketball-reference.com/players/c/cartodj01.html,2024,2024-02-26,TOR,IND,@,"W, 130-122",,,,,,,,,,,,,,,,,
D.J. Carton,https://www.basketball-reference.com/players/c/cartodj01.html,2024,2024-02-28,TOR,DAL,,"L, 125-136",,,,,,,,,,,,,,,,,
D.J. Carton,https://www.basketball-reference.com/players/c/cartodj01.html,2024,,,,,,,,,,,,,,,,,,,,,,
D.J. Carton,https://www.basketball-reference.com/players/c/cartodj01.html,2024,2024-03-01,TOR,GSW,,"L, 105-120",,06:29,1,2,1,2,2,2,0,0,0,2,0,0,0,0,5
D.J. Carton,https://www.basketball-reference.com/players/c/cartodj01.html,2024,2024-03-03,TOR,CHO,,"W, 111-106",,12:27,1,3,0,1,0,0,1,0,1,1,0,0,1,1,2
D.J. Carton,https://www.basketball-reference.com/players/c/cartodj01.html,2024,2024-03-05,TOR,NOP,,"L, 98-139",,12:30,0,2,0,1,1,2,1,1,2,0,1,0,0,0,1
D.J. Carton,https://www.basketball-reference.com/players/c/cartodj01.html,2024,2024-03-07,TOR,PHO,@,"L, 113-120",,,,,,,,,,,,,,,,,
D.J. Carton,https://www.basketball-reference.com/players/c/cartodj01.html,2024,2024-03-09,TOR,POR,@,"L, 118-128 (OT)",,,,,,,,,,,,,,,,,
D.J. Carton,https://www.basketball-reference.com/players/c/cartodj01.html,2024,2024-03-11,TOR,DEN,@,"L, 119-125",,,,,,,,,,,,,,,,,
D.J. Carton,https://www.basketball-reference.com/players/c/cartodj01.html,2024,2024-03-13,TOR,DET,@,"L, 104-113",,,,,,,,,,,,,,,,,
D.J. Carton,https://www.basketball-reference.com/players/c/cartodj01.html,2024,2024-03-15,TOR,ORL,,"L, 103-113",,,,,,,,,,,,,,,,,
D.J. Carton,https://www.basketball-reference.com/players/c/cartodj01.html,2024,2024-03-17,TOR,ORL,@,"L, 96-111",,,,,,,,,,,,,,,,,
D.J. Carton,https://www.basketball-reference.com/players/c/cartodj01.html,2024,2024-03-20,TOR,SAC,,"L, 89-123",,,,,,,,,,,,,,,,,
D.J. Carton,https://www.basketball-reference.com/players/c/cartodj01.html,2024,2024-03-22,TOR,OKC,,"L, 103-123",,,,,,,,,,,,,,,,,
D.J. Carton,https://www.basketball-reference.com/players/c/cartodj01.html,2024,2024-03-23,TOR,WAS,@,"L, 109-112",,,,,,,,,,,,,,,,,
D.J. Carton,https://www.basketball-reference.com/players/c/cartodj01.html,2024,2024-03-25,TOR,BRK,,"L, 88-96",,,,,,,,,,,,,,,,,
D.J. Carton,https://www.basketball-reference.com/players/c/cartodj01.html,2024,2024-03-27,TOR,NYK,,"L, 101-145",,,,,,,,,,,,,,,,,
D.J. Carton,https://www.basketball-reference.com/players/c/cartodj01.html,2024,2024-03-31,TOR,PHI,,"L, 120-135",,,,,,,,,,,,,,,,,
D.J. Carton,https://www.basketball-reference.com/players/c/cartodj01.html,2024,2024-04-02,TOR,LAL,,"L, 111-128",,,,,,,,,,,,,,,,,
D.J. Carton,https://www.basketball-reference.com/players/c/cartodj01.html,2024,2024-04-03,TOR,MIN,@,"L, 85-133",,,,,,,,,,,,,,,,,
D.J. Carton,https://www.basketball-reference.com/players/c/cartodj01.html,2024,2024-04-05,TOR,MIL,@,"W, 117-111",,,,,,,,,,,,,,,,,
D.J. Carton,https://www.basketball-reference.com/players/c/cartodj01.html,2024,2024-04-07,TOR,WAS,,"W, 130-122",,,,,,,,,,,,,,,,,
D.J. Carton,https://www.basketball-reference.com/players/c/cartodj01.html,2024,2024-04-09,TOR,IND,,"L, 123-140",,,,,,,,,,,,,,,,,
D.J. Carton,https://www.basketball-reference.com/players/c/cartodj01.html,2024,2024-04-10,TOR,BRK,@,"L, 102-106",,,,,,,,,,,,,,,,,
D.J. Carton,https://www.basketball-reference.com/players/c/cartodj01.html,2024,2024-04-12,TOR,MIA,@,"L, 103-125",,,,,,,,,,,,,,,,,
D.J. Carton,https://www.basketball-reference.com/players/c/cartodj01.html,2024,2024-04-14,TOR,MIA,@,"L, 103-118",,,,,,,,,,,,,,,,,
Gradey Dick,https://www.basketball-reference.com/players/d/dickgr01.html,2024,2023-10-25,TOR,MIN,,"W, 97-94",,02:07,0,1,0,0,0,0,0,0,0,1,0,0,0,1,0
Gradey Dick,https://www.basketball-reference.com/players/d/dickgr01.html,2024,2023-10-27,TOR,CHI,@,"L, 103-104 (OT)",,05:45,0,2,0,2,0,0,0,1,1,0,0,0,0,0,0
Gradey Dick,https://www.basketball-reference.com/players/d/dickgr01.html,2024,2023-10-28,TOR,PHI,,"L, 107-114",,28:27,5,8,4,6,2,2,2,0,2,1,0,0,1,5,16
Gradey Dick,https://www.basketball-reference.com/players/d/dickgr01.html,2024,2023-10-30,TOR,POR,,"L, 91-99",,20:50,2,7,0,3,0,0,1,5,6,0,2,0,0,3,4
Gradey Dick,https://www.basketball-reference.com/players/d/dickgr01.html,2024,,,,,,,,,,,,,,,,,,,,,,
Gradey Dick,https://www.basketball-reference.com/players/d/dickgr01.html,2024,2023-11-01,TOR,MIL,,"W, 130-111",,21:15,2,10,1,8,0,0,0,1,1,0,0,0,0,1,5
Gradey Dick,https://www.basketball-reference.com/players/d/dickgr01.html,2024,2023-11-02,TOR,PHI,@,"L, 99-114",,13:35,0,2,0,0,0,0,0,0,0,1,0,0,1,1,0
Gradey Dick,https://www.basketball-reference.com/players/d/dickgr01.html,2024,2023-11-05,TOR,SAS,@,"W, 123-116 (OT)",,14:09,0,2,0,2,0,0,1,2,3,4,0,0,1,1,0
Gradey Dick,https://www.basketball-reference.com/players/d/dickgr01.html,2024,2023-11-08,TOR,DAL,@,"W, 127-116",,06:37,0,1,0,0,0,0,0,0,0,0,0,0,2,1,0
Gradey Dick,https://www.basketball-reference.com/players/d/dickgr01.html,2024,2023-11-11,TOR,BOS,@,"L, 94-117",,14:32,1,4,0,2,2,2,0,1,1,1,0,0,1,1,4
Gradey Dick,https://www.basketball-reference.com/players/d/dickgr01.html,2024,2023-11-13,TOR,WAS,,"W, 111-107",,24:01,3,4,2,3,0,0,3,1,4,2,0,0,2,2,8
Gradey Dick,https://www.basketball-reference.com/players/d/dickgr01.html,2024,2023-11-15,TOR,MIL,,"L, 112-128",,26:23,2,10,1,6,6,6,0,0,0,2,1,0,1,4,11
Gradey Dick,https://www.basketball-reference.com/players/d/dickgr01.html,2024,2023-11-17,TOR,BOS,,"L, 105-108",,10:00,0,5,0,4,0,0,0,1,1,1,0,0,2,0,0
Gradey Dick,https://www.basketball-reference.com/players/d/dickgr01.html,2024,2023-11-19,TOR,DET,,"W, 142-113",,12:06,1,3,1,2,2,2,0,0,0,0,1,0,0,2,5
Gradey Dick,https://www.basketball-reference.com/players/d/dickgr01.html,2024,2023-11-21,TOR,ORL,@,"L, 107-126",,11:40,1,4,1,3,0,0,0,2,2,2,0,0,0,0,3
Gradey Dick,https://www.basketball-reference.com/players/d/dickgr01.html,2024,2023-11-22,TOR,IND,@,"W, 132-131",,,,,,,,,,,,,,,,,
Gradey Dick,https://www.basketball-reference.com/players/d/dickgr01.html,2024,2023-11-24,TOR,CHI,,"W, 121-108",,09:01,0,0,0,0,2,2,0,1,1,0,0,0,1,1,2
Gradey Dick,https://www.basketball-reference.com/players/d/dickgr01.html,2024,2023-11-26,TOR,CLE,@,"L, 102-105",,,,,,,,,,,,,,,,,
Gradey Dick,https://www.basketball-reference.com/players/d/dickgr01.html,2024,2023-11-28,TOR,BRK,@,"L, 103-115",,,,,,,,,,,,,,,,,
Gradey Dick,https://www.basketball-reference.com/players/d/dickgr01.html,2024,2023-11-29,TOR,PHO,,"W, 112-105",,,,,,,,,,,,,,,,,
Gradey Dick,https://www.basketball-reference.com/players/d/dickgr01.html,2024,2023-12-01,TOR,NYK,,"L, 106-119",,,,,,,,,,,,,,,,,
Gradey Dick,https://www.basketball-reference.com/players/d/dickgr01.html,2024,2023-12-06,TOR,MIA,,"L, 103-112",,,,,,,,,,,,,,,,,
Gradey Dick,https://www.basketball-reference.com/players/d/dickgr01.html,2024,2023-12-08,TOR,CHO,@,"L, 116-119",,,,,,,,,,,,,,,,,
Gradey Dick,https://www.basketball-reference.com/players/d/dickgr01.html,2024,2023-12-11,TOR,NYK,@,"L, 130-136",,04:17,1,1,0,0,0,0,0,0,0,0,0,0,0,1,2
Gradey Dick,https://www.basketball-reference.com/players/d/dickgr01.html,2024,2023-12-13,TOR,ATL,,"W, 135-128",,,,,,,,,,,,,,,,,
Gradey Dick,https://www.basketball-reference.com/players/d/dickgr01.html,2024,2023-12-15,TOR,ATL,,"L, 104-125",,02:43,1,3,1,3,0,0,0,0,0,0,0,0,0,0,3
Gradey Dick,https://www.basketball-reference.com/players/d/dickgr01.html,2024,2023-12-18,TOR,CHO,,"W, 114-99",,,,,,,,,,,,,,,,,
Gradey Dick,https://www.basketball-reference.com/players/d/dickgr01.html,2024,2023-12-20,TOR,DEN,,"L, 104-113",,,,,,,,,,,,,,,,,
Gradey Dick,https://www.basketball-reference.com/players/d/dickgr01.html,2024,2023-12-22,TOR,PHI,@,"L, 111-121",,02:17,0,0,0,0,0,0,0,0,0,0,1,0,0,0,0
Gradey Dick,https://www.basketball-reference.com/players/d/dickgr01.html,2024,2023-12-23,TOR,UTA,,"L, 119-126",,,,,,,,,,,,,,,,,
Gradey Dick,https://www.basketball-reference.com/players/d/dickgr01.html,2024,2023-12-27,TOR,WAS,@,"W, 132-102",,04:53,1,1,0,0,1,1,0,0,0,0,1,0,0,0,3
Gradey Dick,https://www.basketball-reference.com/players/d/dickgr01.html,2024,2023-12-29,TOR,BOS,@,"L, 118-120",,,,,,,,,,,,,,,,,
Gradey Dick,https://www.basketball-reference.com/players/d/dickgr01.html,2024,2023-12-30,TOR,DET,@,"L, 127-129",,,,,,,,,,,,,,,,,
Gradey Dick,https://www.basketball-reference.com/players/d/dickgr01.html,2024,2024-01-01,TOR,CLE,,"W, 124-121",,,,,,,,,,,,,,,,,
Gradey Dick,https://www.basketball-reference.com/players/d/dickgr01.html,2024,2024-01-03,TOR,MEM,@,"W, 116-111",,,,,,,,,,,,,,,,,
Gradey Dick,https://www.basketball-reference.com/players/d/dickgr01.html,2024,2024-01-05,TOR,SAC,@,"L, 130-135",,,,,,,,,,,,,,,,,
Gradey Dick,https://www.basketball-reference.com/players/d/dickgr01.html,2024,2024-01-07,TOR,GSW,@,"W, 133-118",,,,,,,,,,,,,,,,,
Gradey Dick,https://www.basketball-reference.com/players/d/dickgr01.html,2024,2024-01-09,TOR,LAL,@,"L, 131-132",,,,,,,,,,,,,,,,,
Gradey Dick,https://www.basketball-reference.com/players/d/dickgr01.html,2024,2024-01-10,TOR,LAC,@,"L, 120-126",,,,,,,,,,,,,,,,,
Gradey Dick,https://www.basketball-reference.com/players/d/dickgr01.html,2024,2024-01-12,TOR,UTA,@,"L, 113-145",,12:10,0,3,0,2,0,0,0,1,1,2,0,0,0,1,0
Gradey Dick,https://www.basketball-reference.com/players/d/dickgr01.html,2024,2024-01-15,TOR,BOS,,"L, 96-105",,,,,,,,,,,,,,,,,
Gradey Dick,https://www.basketball-reference.com/players/d/dickgr01.html,2024,2024-01-17,TOR,MIA,,"W, 121-97",,11:33,2,2,2,2,0,0,0,0,0,4,2,0,2,2,6
Gradey Dick,https://www.basketball-reference.com/players/d/dickgr01.html,2024,2024-01-18,TOR,CHI,,"L, 110-116",,,,,,,,,,,,,,,,,
Gradey Dick,https://www.basketball-reference.com/players/d/dickgr01.html,2024,2024-01-20,TOR,NYK,@,"L, 100-126",,16:14,4,7,3,6,0,0,0,2,2,1,1,0,0,1,11
Gradey Dick,https://www.basketball-reference.com/players/d/dickgr01.html,2024,2024-01-22,TOR,MEM,,"L, 100-108",,14:35,0,1,0,1,0,0,1,2,3,0,0,0,1,0,0
Gradey Dick,https://www.basketball-reference.com/players/d/dickgr01.html,2024,2024-01-26,TOR,LAC,,"L, 107-127",,21:08,3,7,0,3,0,0,1,3,4,2,1,0,0,3,6
Gradey Dick,https://www.basketball-reference.com/players/d/dickgr01.html,2024,2024-01-28,TOR,ATL,@,"L, 125-126",,25:03,5,12,3,5,2,3,3,2,5,3,1,0,2,3,15
Gradey Dick,https://www.basketball-reference.com/players/d/dickgr01.html,2024,2024-01-30,TOR,CHI,@,"W, 118-107",,20:07,0,1,0,1,0,0,0,3,3,4,1,0,0,2,0
Gradey Dick,https://www.basketball-reference.com/players/d/dickgr01.html,2024,2024-02-02,TOR,HOU,@,"L, 106-135",,23:47,1,8,0,4,1,2,1,6,7,0,3,0,1,1,3
Gradey Dick,https://www.basketball-reference.com/players/d/dickgr01.html,2024,2024-02-04,TOR,OKC,@,"L, 127-135 (2OT)",,10:23,2,2,0,0,2,2,0,0,0,1,0,0,0,0,6
Gradey Dick,https://www.basketball-reference.com/players/d/dickgr01.html,2024,2024-02-05,TOR,NOP,@,"L, 100-138",,30:10,9,16,4,8,0,0,0,4,4,2,1,0,0,2,22
Gradey Dick,https://www.basketball-reference.com/players/d/dickgr01.html,2024,2024-02-07,TOR,CHO,@,"W, 123-117",,15:21,2,2,2,2,0,0,0,1,1,2,0,0,1,0,6
Gradey Dick,https://www.basketball-reference.com/players/d/dickgr01.html,2024,2024-02-09,TOR,HOU,,"W, 107-104",,19:37,2,5,2,5,0,0,0,1,1,1,1,0,0,3,6
Gradey Dick,https://www.basketball-reference.com/players/d/dickgr01.html,2024,2024-02-10,TOR,CLE,,"L, 95-119",,22:15,4,8,3,6,3,3,0,0,0,1,0,0,1,2,14
Gradey Dick,https://www.basketball-reference.com/players/d/dickgr01.html,2024,2024-02-12,TOR,SAS,,"L, 99-122",,21:45,7,10,4,5,0,0,1,1,2,0,0,0,1,1,18
Gradey Dick,https://www.basketball-reference.com/players/d/dickgr01.html,2024,2024-02-14,TOR,IND,,"L, 125-127",,21:01,3,7,1,4,0,0,0,1,1,1,1,0,1,2,7
Gradey Dick,https://www.basketball-reference.com/players/d/dickgr01.html,2024,2024-02-22,TOR,BRK,,"W, 121-93",,16:37,3,6,1,3,0,0,1,3,4,0,0,0,0,0,7
Gradey Dick,https://www.basketball-reference.com/players/d/dickgr01.html,2024,2024-02-23,TOR,ATL,@,"W, 123-121",,21:33,8,13,2,5,0,0,0,2,2,1,0,0,0,1,18
Gradey Dick,https://www.basketball-reference.com/players/d/dickgr01.html,2024,2024-02-26,TOR,IND,@,"W, 130-122",,22:48,7,9,4,4,0,0,2,3,5,2,1,0,0,0,18
Gradey Dick,https://www.basketball-reference.com/players/d/dickgr01.html,2024,2024-02-28,TOR,DAL,,"L, 125-136",,18:54,3,6,1,3,0,0,0,3,3,0,0,0,1,2,7
Gradey Dick,https://www.basketball-reference.com/players/d/dickgr01.html,2024,2024-03-01,TOR,GSW,,"L, 105-120",,26:41,5,11,2,6,0,0,0,2,2,3,1,0,0,1,12
Gradey Dick,https://www.basketball-reference.com/players/d/dickgr01.html,2024,2024-03-03,TOR,CHO,,"W, 111-106",,24:05,4,7,3,5,0,0,1,3,4,0,1,0,0,3,11
Gradey Dick,https://www.basketball-reference.com/players/d/dickgr01.html,2024,2024-03-05,TOR,NOP,,"L, 98-139",,27:04,1,7,0,5,0,0,1,1,2,0,1,0,2,1,2
Gradey Dick,https://www.basketball-reference.com/players/d/dickgr01.html,2024,2024-03-07,TOR,PHO,@,"L, 113-120",,30:37,4,12,4,10,0,0,0,2,2,0,0,0,1,2,12
Gradey Dick,https://www.basketball-reference.com/players/d/dickgr01.html,2024,2024-03-09,TOR,POR,@,"L, 118-128 (OT)",,39:04,3,10,2,7,0,0,2,3,5,2,0,0,0,3,8
Gradey Dick,https://www.basketball-reference.com/players/d/dickgr01.html,2024,2024-03-11,TOR,DEN,@,"L, 119-125",,36:25,7,12,2,4,1,1,1,3,4,7,2,0,1,0,17
Gradey Dick,https://www.basketball-reference.com/players/d/dickgr01.html,2024,2024-03-13,TOR,DET,@,"L, 104-113",,32:23,4,13,1,6,0,0,0,3,3,1,1,0,2,2,9
Gradey Dick,https://www.basketball-reference.com/players/d/dickgr01.html,2024,2024-03-15,TOR,ORL,,"L, 103-113",,22:44,3,9,0,3,2,2,1,1,2,1,0,1,1,3,8
Gradey Dick,https://www.basketball-reference.com/players/d/dickgr01.html,2024,2024-03-17,TOR,ORL,@,"L, 96-111",,26:41,4,11,2,3,0,0,0,0,0,1,0,0,3,2,10
Gradey Dick,https://www.basketball-reference.com/players/d/dickgr01.html,2024,2024-03-20,TOR,SAC,,"L, 89-123",,32:10,1,8,1,6,2,2,0,1,1,3,1,0,2,1,5
Gradey Dick,https://www.basketball-reference.com/players/d/dickgr01.html,2024,2024-03-22,TOR,OKC,,"L, 103-123",,32:41,8,15,4,7,1,3,0,5,5,1,1,0,4,1,21
Gradey Dick,https://www.basketball-reference.com/players/d/dickgr01.html,2024,2024-03-23,TOR,WAS,@,"L, 109-112",,33:39,6,13,3,8,2,2,0,2,2,2,0,1,0,3,17
Gradey Dick,https://www.basketball-reference.com/players/d/dickgr01.html,2024,2024-03-25,TOR,BRK,,"L, 88-96",,32:33,3,11,0,5,2,2,0,3,3,2,1,0,2,2,8
Gradey Dick,https://www.basketball-reference.com/players/d/dickgr01.html,2024,2024-03-27,TOR,NYK,,"L, 101-145",,30:21,10,18,3,6,0,0,1,0,1,0,0,0,0,1,23
Gradey Dick,https://www.basketball-reference.com/players/d/dickgr01.html,2024,2024-03-31,TOR,PHI,,"L, 120-135",,31:06,3,8,1,3,5,7,0,0,0,2,2,0,2,2,12
Gradey Dick,https://www.basketball-reference.com/players/d/dickgr01.html,2024,2024-04-02,TOR,LAL,,"L, 111-128",,32:20,6,14,2,5,0,0,1,1,2,0,0,0,0,0,14
Gradey Dick,https://www.basketball-reference.com/players/d/dickgr01.html,2024,2024-04-03,TOR,MIN,@,"L, 85-133",,33:47,6,17,1,6,3,3,0,8,8,0,1,0,4,2,16
Gradey Dick,https://www.basketball-reference.com/players/d/dickgr01.html,2024,2024-04-05,TOR,MIL,@,"W, 117-111",,25:55,4,7,2,4,0,0,1,4,5,0,1,0,0,2,10
Gradey Dick,https://www.basketball-reference.com/players/d/dickgr01.html,2024,2024-04-07,TOR,WAS,,"W, 130-122",,24:30,5,9,3,5,0,0,0,4,4,0,0,0,0,2,13
Gradey Dick,https://www.basketball-reference.com/players/d/dickgr01.html,2024,2024-04-09,TOR,IND,,"L, 123-140",,,,,,,,,,,,,,,,,
Gradey Dick,https://www.basketball-reference.com/players/d/dickgr01.html,2024,2024-04-10,TOR,BRK,@,"L, 102-106",,33:30,9,20,6,14,0,0,1,3,4,0,0,0,1,3,24
Gradey Dick,https://www.basketball-reference.com/players/d/dickgr01.html,2024,2024-04-12,TOR,MIA,@,"L, 103-125",,30:45,3,7,2,5,0,0,0,1,1,0,0,0,0,0,8
Gradey Dick,https://www.basketball-reference.com/players/d/dickgr01.html,2024,2024-04-14,TOR,MIA,@,"L, 103-118",,29:01,5,13,1,5,3,4,0,2,2,1,2,0,2,1,14
Javon Freeman-Liberty,https://www.basketball-reference.com/players/f/freemja01.html,2024,2023-10-25,TOR,MIN,,"W, 97-94",,,,,,,,,,,,,,,,,
Javon Freeman-Liberty,https://www.basketball-reference.com/players/f/freemja01.html,2024,2023-10-27,TOR,CHI,@,"L, 103-104 (OT)",,,,,,,,,,,,,,,,,
Javon Freeman-Liberty,https://www.basketball-reference.com/players/f/freemja01.html,2024,2023-10-28,TOR,PHI,,"L, 107-114",,,,,,,,,,,,,,,,,
Javon Freeman-Liberty,https://www.basketball-reference.com/players/f/freemja01.html,2024,2023-10-30,TOR,POR,,"L, 91-99",,,,,,,,,,,,,,,,,
Javon Freeman-Liberty,https://www.basketball-reference.com/players/f/freemja01.html,2024,,,,,,,,,,,,,,,,,,,,,,
Javon Freeman-Liberty,https://www.basketball-reference.com/players/f/freemja01.html,2024,2023-11-01,TOR,MIL,,"W, 130-111",,,,,,,,,,,,,,,,,
Javon Freeman-Liberty,https://www.basketball-reference.com/players/f/freemja01.html,2024,2023-11-02,TOR,PHI,@,"L, 99-114",,,,,,,,,,,,,,,,,
Javon Freeman-Liberty,https://www.basketball-reference.com/players/f/freemja01.html,2024,2023-11-05,TOR,SAS,@,"W, 123-116 (OT)",,,,,,,,,,,,,,,,,
Javon Freeman-Liberty,https://www.basketball-reference.com/players/f/freemja01.html,2024,2023-11-08,TOR,DAL,@,"W, 127-116",,,,,,,,,,,,,,,,,
Javon Freeman-Liberty,https://www.basketball-reference.com/players/f/freemja01.html,2024,2023-11-11,TOR,BOS,@,"L, 94-117",,,,,,,,,,,,,,,,,
Javon Freeman-Liberty,https://www.basketball-reference.com/players/f/freemja01.html,2024,2023-11-13,TOR,WAS,,"W, 111-107",,,,,,,,,,,,,,,,,
Javon Freeman-Liberty,https://www.basketball-reference.com/players/f/freemja01.html,2024,2023-11-15,TOR,MIL,,"L, 112-128",,,,,,,,,,,,,,,,,
Javon Freeman-Liberty,https://www.basketball-reference.com/players/f/freemja01.html,2024,2023-11-17,TOR,BOS,,"L, 105-108",,,,,,,,,,,,,,,,,
Javon Freeman-Liberty,https://www.basketball-reference.com/players/f/freemja01.html,2024,2023-11-19,TOR,DET,,"W, 142-113",,,,,,,,,,,,,,,,,
Javon Freeman-Liberty,https://www.basketball-reference.com/players/f/freemja01.html,2024,2023-11-21,TOR,ORL,@,"L, 107-126",,,,,,,,,,,,,,,,,
Javon Freeman-Liberty,https://www.basketball-reference.com/players/f/freemja01.html,2024,2023-11-22,TOR,IND,@,"W, 132-131",,,,,,,,,,,,,,,,,
Javon Freeman-Liberty,https://www.basketball-reference.com/players/f/freemja01.html,2024,2023-11-24,TOR,CHI,,"W, 121-108",,,,,,,,,,,,,,,,,
Javon Freeman-Liberty,https://www.basketball-reference.com/players/f/freemja01.html,2024,2023-11-26,TOR,CLE,@,"L, 102-105",,,,,,,,,,,,,,,,,
Javon Freeman-Liberty,https://www.basketball-reference.com/players/f/freemja01.html,2024,2023-11-28,TOR,BRK,@,"L, 103-115",,,,,,,,,,,,,,,,,
Javon Freeman-Liberty,https://www.basketball-reference.com/players/f/freemja01.html,2024,2023-11-29,TOR,PHO,,"W, 112-105",,,,,,,,,,,,,,,,,
Javon Freeman-Liberty,https://www.basketball-reference.com/players/f/freemja01.html,2024,2023-12-01,TOR,NYK,,"L, 106-119",,,,,,,,,,,,,,,,,
Javon Freeman-Liberty,https://www.basketball-reference.com/players/f/freemja01.html,2024,2023-12-06,TOR,MIA,,"L, 103-112",,,,,,,,,,,,,,,,,
Javon Freeman-Liberty,https://www.basketball-reference.com/players/f/freemja01.html,2024,2023-12-08,TOR,CHO,@,"L, 116-119",,,,,,,,,,,,,,,,,
Javon Freeman-Liberty,https://www.basketball-reference.com/players/f/freemja01.html,2024,2023-12-11,TOR,NYK,@,"L, 130-136",,,,,,,,,,,,,,,,,
Javon Freeman-Liberty,https://www.basketball-reference.com/players/f/freemja01.html,2024,2023-12-13,TOR,ATL,,"W, 135-128",,,,,,,,,,,,,,,,,
Javon Freeman-Liberty,https://www.basketball-reference.com/players/f/freemja01.html,2024,2023-12-15,TOR,ATL,,"L, 104-125",,,,,,,,,,,,,,,,,
Javon Freeman-Liberty,https://www.basketball-reference.com/players/f/freemja01.html,2024,2023-12-18,TOR,CHO,,"W, 114-99",,,,,,,,,,,,,,,,,
Javon Freeman-Liberty,https://www.basketball-reference.com/players/f/freemja01.html,2024,2023-12-20,TOR,DEN,,"L, 104-113",,,,,,,,,,,,,,,,,
Javon Freeman-Liberty,https://www.basketball-reference.com/players/f/freemja01.html,2024,2023-12-22,TOR,PHI,@,"L, 111-121",,,,,,,,,,,,,,,,,
Javon Freeman-Liberty,https://www.basketball-reference.com/players/f/freemja01.html,2024,2023-12-23,TOR,UTA,,"L, 119-126",,,,,,,,,,,,,,,,,
Javon Freeman-Liberty,https://www.basketball-reference.com/players/f/freemja01.html,2024,2023-12-27,TOR,WAS,@,"W, 132-102",,,,,,,,,,,,,,,,,
Javon Freeman-Liberty,https://www.basketball-reference.com/players/f/freemja01.html,2024,2023-12-29,TOR,BOS,@,"L, 118-120",,,,,,,,,,,,,,,,,
Javon Freeman-Liberty,https://www.basketball-reference.com/players/f/freemja01.html,2024,2023-12-30,TOR,DET,@,"L, 127-129",,,,,,,,,,,,,,,,,
Javon Freeman-Liberty,https://www.basketball-reference.com/players/f/freemja01.html,2024,2024-01-01,TOR,CLE,,"W, 124-121",,,,,,,,,,,,,,,,,
Javon Freeman-Liberty,https://www.basketball-reference.com/players/f/freemja01.html,2024,2024-01-03,TOR,MEM,@,"W, 116-111",,,,,,,,,,,,,,,,,
Javon Freeman-Liberty,https://www.basketball-reference.com/players/f/freemja01.html,2024,2024-01-05,TOR,SAC,@,"L, 130-135",,,,,,,,,,,,,,,,,
Javon Freeman-Liberty,https://www.basketball-reference.com/players/f/freemja01.html,2024,2024-01-07,TOR,GSW,@,"W, 133-118",,,,,,,,,,,,,,,,,
Javon Freeman-Liberty,https://www.basketball-reference.com/players/f/freemja01.html,2024,2024-01-09,TOR,LAL,@,"L, 131-132",,,,,,,,,,,,,,,,,
Javon Freeman-Liberty,https://www.basketball-reference.com/players/f/freemja01.html,2024,2024-01-10,TOR,LAC,@,"L, 120-126",,,,,,,,,,,,,,,,,
Javon Freeman-Liberty,https://www.basketball-reference.com/players/f/freemja01.html,2024,2024-01-12,TOR,UTA,@,"L, 113-145",,,,,,,,,,,,,,,,,
Javon Freeman-Liberty,https://www.basketball-reference.com/players/f/freemja01.html,2024,2024-01-15,TOR,BOS,,"L, 96-105",,,,,,,,,,,,,,,,,
Javon Freeman-Liberty,https://www.basketball-reference.com/players/f/freemja01.html,2024,2024-01-17,TOR,MIA,,"W, 121-97",,02:21,1,3,0,0,0,0,1,0,1,0,0,0,0,0,2
Javon Freeman-Liberty,https://www.basketball-reference.com/players/f/freemja01.html,2024,2024-01-18,TOR,CHI,,"L, 110-116",,,,,,,,,,,,,,,,,
Javon Freeman-Liberty,https://www.basketball-reference.com/players/f/freemja01.html,2024,2024-01-20,TOR,NYK,@,"L, 100-126",,,,,,,,,,,,,,,,,
Javon Freeman-Liberty,https://www.basketball-reference.com/players/f/freemja01.html,2024,2024-01-22,TOR,MEM,,"L, 100-108",,,,,,,,,,,,,,,,,
Javon Freeman-Liberty,https://www.basketball-reference.com/players/f/freemja01.html,2024,2024-01-26,TOR,LAC,,"L, 107-127",,01:33,0,0,0,0,0,0,0,0,0,0,0,0,0,0,0
Javon Freeman-Liberty,https://www.basketball-reference.com/players/f/freemja01.html,2024,2024-01-28,TOR,ATL,@,"L, 125-126",,,,,,,,,,,,,,,,,
Javon Freeman-Liberty,https://www.basketball-reference.com/players/f/freemja01.html,2024,2024-01-30,TOR,CHI,@,"W, 118-107",,,,,,,,,,,,,,,,,
Javon Freeman-Liberty,https://www.basketball-reference.com/players/f/freemja01.html,2024,2024-02-02,TOR,HOU,@,"L, 106-135",,,,,,,,,,,,,,,,,
Javon Freeman-Liberty,https://www.basketball-reference.com/players/f/freemja01.html,2024,2024-02-04,TOR,OKC,@,"L, 127-135 (2OT)",,,,,,,,,,,,,,,,,
Javon Freeman-Liberty,https://www.basketball-reference.com/players/f/freemja01.html,2024,2024-02-05,TOR,NOP,@,"L, 100-138",,,,,,,,,,,,,,,,,
Javon Freeman-Liberty,https://www.basketball-reference.com/players/f/freemja01.html,2024,2024-02-07,TOR,CHO,@,"W, 123-117",,,,,,,,,,,,,,,,,
Javon Freeman-Liberty,https://www.basketball-reference.com/players/f/freemja01.html,2024,2024-02-09,TOR,HOU,,"W, 107-104",,,,,,,,,,,,,,,,,
Javon Freeman-Liberty,https://www.basketball-reference.com/players/f/freemja01.html,2024,2024-02-10,TOR,CLE,,"L, 95-119",,,,,,,,,,,,,,,,,
Javon Freeman-Liberty,https://www.basketball-reference.com/players/f/freemja01.html,2024,2024-02-12,TOR,SAS,,"L, 99-122",,,,,,,,,,,,,,,,,
Javon Freeman-Liberty,https://www.basketball-reference.com/players/f/freemja01.html,2024,2024-02-14,TOR,IND,,"L, 125-127",,,,,,,,,,,,,,,,,
Javon Freeman-Liberty,https://www.basketball-reference.com/players/f/freemja01.html,2024,2024-02-22,TOR,BRK,,"W, 121-93",,,,,,,,,,,,,,,,,
Javon Freeman-Liberty,https://www.basketball-reference.com/players/f/freemja01.html,2024,2024-02-23,TOR,ATL,@,"W, 123-121",,,,,,,,,,,,,,,,,
Javon Freeman-Liberty,https://www.basketball-reference.com/players/f/freemja01.html,2024,2024-02-26,TOR,IND,@,"W, 130-122",,,,,,,,,,,,,,,,,
Javon Freeman-Liberty,https://www.basketball-reference.com/players/f/freemja01.html,2024,2024-02-28,TOR,DAL,,"L, 125-136",,,,,,,,,,,,,,,,,
Javon Freeman-Liberty,https://www.basketball-reference.com/players/f/freemja01.html,2024,2024-03-01,TOR,GSW,,"L, 105-120",,01:00,0,0,0,0,0,0,0,0,0,0,0,0,0,0,0
Javon Freeman-Liberty,https://www.basketball-reference.com/players/f/freemja01.html,2024,2024-03-03,TOR,CHO,,"W, 111-106",,,,,,,,,,,,,,,,,
Javon Freeman-Liberty,https://www.basketball-reference.com/players/f/freemja01.html,2024,2024-03-05,TOR,NOP,,"L, 98-139",,17:38,4,7,1,3,4,5,0,3,3,1,0,0,0,0,13
Javon Freeman-Liberty,https://www.basketball-reference.com/players/f/freemja01.html,2024,2024-03-07,TOR,PHO,@,"L, 113-120",,18:00,1,4,1,2,2,2,0,3,3,2,0,1,0,1,5
Javon Freeman-Liberty,https://www.basketball-reference.com/players/f/freemja01.html,2024,2024-03-09,TOR,POR,@,"L, 118-128 (OT)",,18:05,2,3,0,1,2,2,1,3,4,2,0,0,3,3,6
Javon Freeman-Liberty,https://www.basketball-reference.com/players/f/freemja01.html,2024,2024-03-11,TOR,DEN,@,"L, 119-125",,12:22,0,2,0,2,0,0,0,1,1,2,0,1,0,1,0
Javon Freeman-Liberty,https://www.basketball-reference.com/players/f/freemja01.html,2024,2024-03-13,TOR,DET,@,"L, 104-113",,,,,,,,,,,,,,,,,
Javon Freeman-Liberty,https://www.basketball-reference.com/players/f/freemja01.html,2024,2024-03-15,TOR,ORL,,"L, 103-113",,,,,,,,,,,,,,,,,
Javon Freeman-Liberty,https://www.basketball-reference.com/players/f/freemja01.html,2024,2024-03-17,TOR,ORL,@,"L, 96-111",,02:44,0,1,0,1,0,0,0,0,0,0,0,0,0,1,0
Javon Freeman-Liberty,https://www.basketball-reference.com/players/f/freemja01.html,2024,2024-03-20,TOR,SAC,,"L, 89-123",,20:59,1,4,0,1,2,2,1,3,4,1,1,0,0,3,4
Javon Freeman-Liberty,https://www.basketball-reference.com/players/f/freemja01.html,2024,2024-03-22,TOR,OKC,,"L, 103-123",,29:15,4,10,0,3,2,2,0,4,4,3,0,0,2,1,10
Javon Freeman-Liberty,https://www.basketball-reference.com/players/f/freemja01.html,2024,2024-03-23,TOR,WAS,@,"L, 109-112",,23:00,1,5,0,2,2,2,1,3,4,4,2,0,3,1,4
Javon Freeman-Liberty,https://www.basketball-reference.com/players/f/freemja01.html,2024,2024-03-25,TOR,BRK,,"L, 88-96",,29:18,7,12,0,2,1,2,1,3,4,2,1,0,0,2,15
Javon Freeman-Liberty,https://www.basketball-reference.com/players/f/freemja01.html,2024,2024-03-27,TOR,NYK,,"L, 101-145",,28:27,5,9,1,4,3,3,2,3,5,3,0,0,3,2,14
Javon Freeman-Liberty,https://www.basketball-reference.com/players/f/freemja01.html,2024,2024-03-31,TOR,PHI,,"L, 120-135",,31:18,4,11,1,3,2,2,1,6,7,2,1,0,1,2,11
Javon Freeman-Liberty,https://www.basketball-reference.com/players/f/freemja01.html,2024,2024-04-02,TOR,LAL,,"L, 111-128",,13:56,2,5,0,1,1,2,1,4,5,1,2,0,1,2,5
Javon Freeman-Liberty,https://www.basketball-reference.com/players/f/freemja01.html,2024,2024-04-03,TOR,MIN,@,"L, 85-133",,27:17,6,10,2,4,2,2,0,5,5,6,1,0,5,1,16
Javon Freeman-Liberty,https://www.basketball-reference.com/players/f/freemja01.html,2024,2024-04-05,TOR,MIL,@,"W, 117-111",,11:59,2,4,0,0,0,0,1,1,2,0,0,0,1,2,4
Javon Freeman-Liberty,https://www.basketball-reference.com/players/f/freemja01.html,2024,2024-04-07,TOR,WAS,,"W, 130-122",,08:40,0,5,0,1,0,0,1,3,4,0,0,0,0,1,0
Javon Freeman-Liberty,https://www.basketball-reference.com/players/f/freemja01.html,2024,2024-04-09,TOR,IND,,"L, 123-140",,33:26,7,10,2,3,4,4,3,5,8,1,1,0,1,3,20
Javon Freeman-Liberty,https://www.basketball-reference.com/players/f/freemja01.html,2024,2024-04-10,TOR,BRK,@,"L, 102-106",,23:48,4,8,2,4,2,2,1,3,4,1,1,0,0,0,12
Javon Freeman-Liberty,https://www.basketball-reference.com/players/f/freemja01.html,2024,2024-04-12,TOR,MIA,@,"L, 103-125",,15:11,1,5,0,3,2,2,0,1,1,2,0,0,2,1,4
Javon Freeman-Liberty,https://www.basketball-reference.com/players/f/freemja01.html,2024,2024-04-14,TOR,MIA,@,"L, 103-118",,32:45,3,6,0,2,2,2,1,0,1,7,0,2,3,1,8
Mouhamadou Gueye,https://www.basketball-reference.com/players/g/gueyemo01.html,2024,2024-02-10,TOR,CLE,,"L, 95-119",,,,,,,,,,,,,,,,,
Mouhamadou Gueye,https://www.basketball-reference.com/players/g/gueyemo01.html,2024,2024-02-12,TOR,SAS,,"L, 99-122",,06:18,1,3,0,0,0,0,2,1,3,0,0,2,0,1,2
Mouhamadou Gueye,https://www.basketball-reference.com/players/g/gueyemo01.html,2024,2024-02-14,TOR,IND,,"L, 125-127",,,,,,,,,,,,,,,,,
Mouhamadou Gueye,https://www.basketball-reference.com/players/g/gueyemo01.html,2024,,,,,,,,,,,,,,,,,,,,,,
Mouhamadou Gueye,https://www.basketball-reference.com/players/g/gueyemo01.html,2024,2024-03-05,TOR,NOP,,"L, 98-139",,03:23,0,1,0,0,0,0,1,1,2,0,0,1,0,1,0
Mouhamadou Gueye,https://www.basketball-reference.com/players/g/gueyemo01.html,2024,2024-03-07,TOR,PHO,@,"L, 113-120",,,,,,,,,,,,,,,,,
Mouhamadou Gueye,https://www.basketball-reference.com/players/g/gueyemo01.html,2024,2024-03-09,TOR,POR,@,"L, 118-128 (OT)",,,,,,,,,,,,,,,,,
Mouhamadou Gueye,https://www.basketball-reference.com/players/g/gueyemo01.html,2024,2024-03-11,TOR,DEN,@,"L, 119-125",,,,,,,,,,,,,,,,,
Mouhamadou Gueye,https://www.basketball-reference.com/players/g/gueyemo01.html,2024,2024-03-13,TOR,DET,@,"L, 104-113",,,,,,,,,,,,,,,,,
Mouhamadou Gueye,https://www.basketball-reference.com/players/g/gueyemo01.html,2024,2024-03-15,TOR,ORL,,"L, 103-113",,,,,,,,,,,,,,,,,
Mouhamadou Gueye,https://www.basketball-reference.com/players/g/gueyemo01.html,2024,2024-03-17,TOR,ORL,@,"L, 96-111",,,,,,,,,,,,,,,,,
Mouhamadou Gueye,https://www.basketball-reference.com/players/g/gueyemo01.html,2024,2024-03-20,TOR,SAC,,"L, 89-123",,13:23,1,6,0,0,1,4,1,1,2,0,1,1,3,1,3
Mouhamadou Gueye,https://www.basketball-reference.com/players/g/gueyemo01.html,2024,2024-03-22,TOR,OKC,,"L, 103-123",,03:14,0,0,0,0,0,0,0,0,0,0,0,2,1,1,0
Mouhamadou Gueye,https://www.basketball-reference.com/players/g/gueyemo01.html,2024,2024-03-23,TOR,WAS,@,"L, 109-112",,07:23,1,1,0,0,0,0,0,0,0,0,0,1,0,1,2
Mouhamadou Gueye,https://www.basketball-reference.com/players/g/gueyemo01.html,2024,2024-03-25,TOR,BRK,,"L, 88-96",,12:09,1,3,0,1,0,0,1,0,1,0,0,0,0,0,2
Mouhamadou Gueye,https://www.basketball-reference.com/players/g/gueyemo01.html,2024,2024-03-27,TOR,NYK,,"L, 101-145",,11:19,1,4,0,0,0,0,2,0,2,1,0,1,2,1,2
Mouhamadou Gueye,https://www.basketball-reference.com/players/g/gueyemo01.html,2024,2024-03-31,TOR,PHI,,"L, 120-135",,06:42,1,2,0,0,1,2,1,0,1,1,0,1,0,0,3
Mouhamadou Gueye,https://www.basketball-reference.com/players/g/gueyemo01.html,2024,2024-04-02,TOR,LAL,,"L, 111-128",,14:14,3,7,0,1,0,0,0,2,2,2,1,3,5,2,6
Mouhamadou Gueye,https://www.basketball-reference.com/players/g/gueyemo01.html,2024,2024-04-03,TOR,MIN,@,"L, 85-133",,18:46,1,4,0,1,1,2,3,3,6,0,0,3,1,3,3
Mouhamadou Gueye,https://www.basketball-reference.com/players/g/gueyemo01.html,2024,2024-04-05,TOR,MIL,@,"W, 117-111",,,,,,,,,,,,,,,,,
Mouhamadou Gueye,https://www.basketball-reference.com/players/g/gueyemo01.html,2024,2024-04-07,TOR,WAS,,"W, 130-122",,,,,,,,,,,,,,,,,
Mouhamadou Gueye,https://www.basketball-reference.com/players/g/gueyemo01.html,2024,2024-04-09,TOR,IND,,"L, 123-140",,,,,,,,,,,,,,,,,
Mouhamadou Gueye,https://www.basketball-reference.com/players/g/gueyemo01.html,2024,2024-04-10,TOR,BRK,@,"L, 102-106",,23:05,1,7,0,0,1,1,1,3,4,1,1,3,0,4,3
Mouhamadou Gueye,https://www.basketball-reference.com/players/g/gueyemo01.html,2024,2024-04-12,TOR,MIA,@,"L, 103-125",,,,,,,,,,,,,,,,,
Mouhamadou Gueye,https://www.basketball-reference.com/players/g/gueyemo01.html,2024,2024-04-14,TOR,MIA,@,"L, 103-118",,,,,,,,,,,,,,,,,
Kira Lewis Jr.,https://www.basketball-reference.com/players/l/lewiski01.html,2024,2023-10-25,NOP,MEM,@,"W, 111-104",,10:49,0,3,0,2,0,0,0,0,0,0,0,1,1,1,0
Kira Lewis Jr.,https://www.basketball-reference.com/players/l/lewiski01.html,2024,2023-10-28,NOP,NYK,,"W, 96-87",,10:10,1,4,0,2,0,0,0,2,2,0,0,0,0,0,2
Kira Lewis Jr.,https://www.basketball-reference.com/players/l/lewiski01.html,2024,2023-10-30,NOP,GSW,,"L, 102-130",,16:04,4,6,0,2,3,4,1,0,1,2,0,0,0,1,11
Kira Lewis Jr.,https://www.basketball-reference.com/players/l/lewiski01.html,2024,,,,,,,,,,,,,,,,,,,,,,
Kira Lewis Jr.,https://www.basketball-reference.com/players/l/lewiski01.html,2024,2023-11-01,NOP,OKC,@,"W, 110-106",,10:13,2,4,1,2,0,0,0,0,0,0,2,0,1,0,5
Kira Lewis Jr.,https://www.basketball-reference.com/players/l/lewiski01.html,2024,2023-11-02,NOP,DET,,"W, 125-116",,19:58,1,5,0,1,4,4,0,3,3,4,1,0,1,1,6
Kira Lewis Jr.,https://www.basketball-reference.com/players/l/lewiski01.html,2024,2023-11-04,NOP,ATL,,"L, 105-123",,09:38,0,3,0,2,0,0,0,0,0,4,1,0,0,1,0
Kira Lewis Jr.,https://www.basketball-reference.com/players/l/lewiski01.html,2024,2023-11-06,NOP,DEN,@,"L, 116-134",,09:28,1,2,0,1,0,0,0,0,0,0,0,0,0,1,2
Kira Lewis Jr.,https://www.basketball-reference.com/players/l/lewiski01.html,2024,2023-11-08,NOP,MIN,@,"L, 101-122",,18:58,1,7,0,1,0,0,1,2,3,2,0,0,1,2,2
Kira Lewis Jr.,https://www.basketball-reference.com/players/l/lewiski01.html,2024,2023-11-10,NOP,HOU,@,"L, 101-104",,,,,,,,,,,,,,,,,
Kira Lewis Jr.,https://www.basketball-reference.com/players/l/lewiski01.html,2024,2023-11-12,NOP,DAL,,"L, 124-136",,07:35,2,5,0,0,1,1,1,0,1,4,0,0,1,0,5
Kira Lewis Jr.,https://www.basketball-reference.com/players/l/lewiski01.html,2024,2023-11-14,NOP,DAL,,"W, 131-110",,02:03,1,1,0,0,0,0,0,0,0,0,0,0,0,0,2
Kira Lewis Jr.,https://www.basketball-reference.com/players/l/lewiski01.html,2024,2023-11-17,NOP,DEN,,"W, 115-110",,,,,,,,,,,,,,,,,
Kira Lewis Jr.,https://www.basketball-reference.com/players/l/lewiski01.html,2024,2023-11-18,NOP,MIN,,"L, 120-121",,,,,,,,,,,,,,,,,
Kira Lewis Jr.,https://www.basketball-reference.com/players/l/lewiski01.html,2024,2023-11-20,NOP,SAC,,"W, 129-93",,06:26,1,3,1,2,0,0,0,0,0,2,1,0,0,1,3
Kira Lewis Jr.,https://www.basketball-reference.com/players/l/lewiski01.html,2024,2023-11-22,NOP,SAC,,"W, 117-112",,,,,,,,,,,,,,,,,
Kira Lewis Jr.,https://www.basketball-reference.com/players/l/lewiski01.html,2024,2023-11-24,NOP,LAC,@,"W, 116-106",,,,,,,,,,,,,,,,,
Kira Lewis Jr.,https://www.basketball-reference.com/players/l/lewiski01.html,2024,2023-11-25,NOP,UTA,@,"L, 100-105",,,,,,,,,,,,,,,,,
Kira Lewis Jr.,https://www.basketball-reference.com/players/l/lewiski01.html,2024,2023-11-27,NOP,UTA,@,"L, 112-114",,,,,,,,,,,,,,,,,
Kira Lewis Jr.,https://www.basketball-reference.com/players/l/lewiski01.html,2024,2023-11-29,NOP,PHI,,"W, 124-114",,,,,,,,,,,,,,,,,
Kira Lewis Jr.,https://www.basketball-reference.com/players/l/lewiski01.html,2024,2023-12-01,NOP,SAS,,"W, 121-106",,,,,,,,,,,,,,,,,
Kira Lewis Jr.,https://www.basketball-reference.com/players/l/lewiski01.html,2024,2023-12-02,NOP,CHI,@,"L, 118-124",,,,,,,,,,,,,,,,,
Kira Lewis Jr.,https://www.basketball-reference.com/players/l/lewiski01.html,2024,2023-12-04,NOP,SAC,@,"W, 127-117",,,,,,,,,,,,,,,,,
Kira Lewis Jr.,https://www.basketball-reference.com/players/l/lewiski01.html,2024,2023-12-07,NOP,LAL,@,"L, 89-133",,06:23,1,3,0,1,0,0,0,0,0,0,0,0,1,0,2
Kira Lewis Jr.,https://www.basketball-reference.com/players/l/lewiski01.html,2024,2023-12-11,NOP,MIN,,"W, 121-107",,,,,,,,,,,,,,,,,
Kira Lewis Jr.,https://www.basketball-reference.com/players/l/lewiski01.html,2024,2023-12-13,NOP,WAS,@,"W, 142-122",,03:36,0,1,0,1,0,0,0,1,1,0,0,0,0,0,0
Kira Lewis Jr.,https://www.basketball-reference.com/players/l/lewiski01.html,2024,2023-12-15,NOP,CHO,@,"W, 112-107",,,,,,,,,,,,,,,,,
Kira Lewis Jr.,https://www.basketball-reference.com/players/l/lewiski01.html,2024,2023-12-17,NOP,SAS,@,"W, 146-110",,,,,,,,,,,,,,,,,
Kira Lewis Jr.,https://www.basketball-reference.com/players/l/lewiski01.html,2024,2023-12-19,NOP,MEM,,"L, 113-115",,,,,,,,,,,,,,,,,
Kira Lewis Jr.,https://www.basketball-reference.com/players/l/lewiski01.html,2024,2023-12-21,NOP,CLE,@,"W, 123-104",,,,,,,,,,,,,,,,,
Kira Lewis Jr.,https://www.basketball-reference.com/players/l/lewiski01.html,2024,2023-12-23,NOP,HOU,,"L, 104-106",,,,,,,,,,,,,,,,,
Kira Lewis Jr.,https://www.basketball-reference.com/players/l/lewiski01.html,2024,2023-12-26,NOP,MEM,,"L, 115-116 (OT)",,,,,,,,,,,,,,,,,
Kira Lewis Jr.,https://www.basketball-reference.com/players/l/lewiski01.html,2024,2023-12-28,NOP,UTA,,"W, 112-105",,,,,,,,,,,,,,,,,
Kira Lewis Jr.,https://www.basketball-reference.com/players/l/lewiski01.html,2024,2023-12-31,NOP,LAL,,"W, 129-109",,,,,,,,,,,,,,,,,
Kira Lewis Jr.,https://www.basketball-reference.com/players/l/lewiski01.html,2024,2024-01-02,NOP,BRK,,"W, 112-85",,05:03,1,3,0,2,0,0,1,0,1,0,0,0,1,0,2
Kira Lewis Jr.,https://www.basketball-reference.com/players/l/lewiski01.html,2024,2024-01-03,NOP,MIN,@,"W, 117-106",,,,,,,,,,,,,,,,,
Kira Lewis Jr.,https://www.basketball-reference.com/players/l/lewiski01.html,2024,2024-01-05,NOP,LAC,,"L, 95-111",,,,,,,,,,,,,,,,,
Kira Lewis Jr.,https://www.basketball-reference.com/players/l/lewiski01.html,2024,2024-01-07,NOP,SAC,@,"W, 133-100",,,,,,,,,,,,,,,,,
Kira Lewis Jr.,https://www.basketball-reference.com/players/l/lewiski01.html,2024,2024-01-10,NOP,GSW,@,"W, 141-105",,,,,,,,,,,,,,,,,
Kira Lewis Jr.,https://www.basketball-reference.com/players/l/lewiski01.html,2024,2024-01-12,NOP,DEN,@,"L, 113-125",,,,,,,,,,,,,,,,,
Kira Lewis Jr.,https://www.basketball-reference.com/players/l/lewiski01.html,2024,2024-01-13,NOP,DAL,@,"W, 118-108",,07:08,0,2,0,1,2,2,0,2,2,0,0,0,1,0,2
Kira Lewis Jr.,https://www.basketball-reference.com/players/l/lewiski01.html,2024,2024-01-15,NOP,DAL,@,"L, 120-125",,,,,,,,,,,,,,,,,
Kira Lewis Jr.,https://www.basketball-reference.com/players/l/lewiski01.html,2024,2024-01-17,NOP,CHO,,"W, 132-112",,,,,,,,,,,,,,,,,
Kira Lewis Jr.,https://www.basketball-reference.com/players/l/lewiski01.html,2024,2024-01-18,TOR,CHI,,"L, 110-116",,,,,,,,,,,,,,,,,
Kira Lewis Jr.,https://www.basketball-reference.com/players/l/lewiski01.html,2024,2024-01-20,TOR,NYK,@,"L, 100-126",,,,,,,,,,,,,,,,,
Kira Lewis Jr.,https://www.basketball-reference.com/players/l/lewiski01.html,2024,2024-01-22,TOR,MEM,,"L, 100-108",,,,,,,,,,,,,,,,,
Kira Lewis Jr.,https://www.basketball-reference.com/players/l/lewiski01.html,2024,2024-01-26,TOR,LAC,,"L, 107-127",,01:33,0,0,0,0,0,0,0,0,0,0,0,0,0,1,0
Kira Lewis Jr.,https://www.basketball-reference.com/players/l/lewiski01.html,2024,2024-01-28,TOR,ATL,@,"L, 125-126",,,,,,,,,,,,,,,,,
Kira Lewis Jr.,https://www.basketball-reference.com/players/l/lewiski01.html,2024,2024-01-30,TOR,CHI,@,"W, 118-107",,,,,,,,,,,,,,,,,
Kira Lewis Jr.,https://www.basketball-reference.com/players/l/lewiski01.html,2024,2024-02-02,TOR,HOU,@,"L, 106-135",,,,,,,,,,,,,,,,,
Kira Lewis Jr.,https://www.basketball-reference.com/players/l/lewiski01.html,2024,2024-02-04,TOR,OKC,@,"L, 127-135 (2OT)",,,,,,,,,,,,,,,,,
Kira Lewis Jr.,https://www.basketball-reference.com/players/l/lewiski01.html,2024,2024-02-05,TOR,NOP,@,"L, 100-138",,,,,,,,,,,,,,,,,
Kira Lewis Jr.,https://www.basketball-reference.com/players/l/lewiski01.html,2024,2024-02-07,TOR,CHO,@,"W, 123-117",,,,,,,,,,,,,,,,,
Kira Lewis Jr.,https://www.basketball-reference.com/players/l/lewiski01.html,2024,2024-02-08,UTA,PHO,@,"L, 115-129",,,,,,,,,,,,,,,,,
Kira Lewis Jr.,https://www.basketball-reference.com/players/l/lewiski01.html,2024,2024-02-12,UTA,GSW,,"L, 107-129",,02:16,0,0,0,0,0,0,0,0,0,0,0,0,0,0,0
Kira Lewis Jr.,https://www.basketball-reference.com/players/l/lewiski01.html,2024,2024-02-14,UTA,LAL,,"L, 122-138",,02:27,0,1,0,1,0,0,0,0,0,2,1,0,0,0,0
Kira Lewis Jr.,https://www.basketball-reference.com/players/l/lewiski01.html,2024,2024-02-15,UTA,GSW,,"L, 137-140",,,,,,,,,,,,,,,,,
Kira Lewis Jr.,https://www.basketball-reference.com/players/l/lewiski01.html,2024,2024-02-22,UTA,CHO,,"L, 107-115",,,,,,,,,,,,,,,,,
Kira Lewis Jr.,https://www.basketball-reference.com/players/l/lewiski01.html,2024,2024-02-25,UTA,SAS,,"W, 128-109",,02:32,1,1,0,0,0,0,1,0,1,1,0,0,0,0,2
Kira Lewis Jr.,https://www.basketball-reference.com/players/l/lewiski01.html,2024,2024-02-27,UTA,ATL,@,"L, 97-124",,,,,,,,,,,,,,,,,
Kira Lewis Jr.,https://www.basketball-reference.com/players/l/lewiski01.html,2024,2024-02-29,UTA,ORL,@,"L, 107-115",,,,,,,,,,,,,,,,,
Kira Lewis Jr.,https://www.basketball-reference.com/players/l/lewiski01.html,2024,2024-03-02,UTA,MIA,@,"L, 120-126",,,,,,,,,,,,,,,,,
Kira Lewis Jr.,https://www.basketball-reference.com/players/l/lewiski01.html,2024,2024-03-04,UTA,WAS,,"W, 127-115",,,,,,,,,,,,,,,,,
Kira Lewis Jr.,https://www.basketball-reference.com/players/l/lewiski01.html,2024,2024-03-06,UTA,CHI,,"L, 117-119",,,,,,,,,,,,,,,,,
Kira Lewis Jr.,https://www.basketball-reference.com/players/l/lewiski01.html,2024,2024-03-09,UTA,DEN,@,"L, 121-142",,,,,,,,,,,,,,,,,
Kira Lewis Jr.,https://www.basketball-reference.com/players/l/lewiski01.html,2024,2024-03-12,UTA,BOS,,"L, 107-123",,,,,,,,,,,,,,,,,
Kira Lewis Jr.,https://www.basketball-reference.com/players/l/lewiski01.html,2024,2024-03-15,UTA,ATL,,"W, 124-122",,,,,,,,,,,,,,,,,
Kira Lewis Jr.,https://www.basketball-reference.com/players/l/lewiski01.html,2024,2024-03-16,UTA,MIN,,"L, 100-119",,,,,,,,,,,,,,,,,
Kira Lewis Jr.,https://www.basketball-reference.com/players/l/lewiski01.html,2024,2024-03-18,UTA,MIN,,"L, 104-114",,06:46,0,0,0,0,0,0,0,0,0,0,0,0,0,0,0
Kira Lewis Jr.,https://www.basketball-reference.com/players/l/lewiski01.html,2024,2024-03-20,UTA,OKC,@,"L, 107-119",,04:07,2,3,0,1,2,2,1,0,1,2,0,0,0,0,6
Kira Lewis Jr.,https://www.basketball-reference.com/players/l/lewiski01.html,2024,2024-03-21,UTA,DAL,@,"L, 97-113",,07:25,0,2,0,0,0,0,0,0,0,3,0,0,0,1,0
Kira Lewis Jr.,https://www.basketball-reference.com/players/l/lewiski01.html,2024,2024-03-23,UTA,HOU,@,"L, 119-147",,25:18,4,9,1,3,3,4,1,4,5,4,0,0,2,0,12
Kira Lewis Jr.,https://www.basketball-reference.com/players/l/lewiski01.html,2024,2024-03-25,UTA,DAL,,"L, 105-115",,00:48,0,0,0,0,0,0,0,0,0,0,0,1,0,0,0
Kira Lewis Jr.,https://www.basketball-reference.com/players/l/lewiski01.html,2024,2024-03-27,UTA,SAS,,"L, 111-118",,05:51,2,4,1,2,0,0,1,0,1,0,0,0,2,0,5
Kira Lewis Jr.,https://www.basketball-reference.com/players/l/lewiski01.html,2024,2024-03-29,UTA,HOU,,"L, 100-101",,,,,,,,,,,,,,,,,
Kira Lewis Jr.,https://www.basketball-reference.com/players/l/lewiski01.html,2024,2024-03-31,UTA,SAC,@,"L, 106-127",,,,,,,,,,,,,,,,,
Kira Lewis Jr.,https://www.basketball-reference.com/players/l/lewiski01.html,2024,2024-04-02,UTA,CLE,,"L, 113-129",,17:23,1,4,0,3,0,0,0,0,0,2,1,0,1,2,2
Kira Lewis Jr.,https://www.basketball-reference.com/players/l/lewiski01.html,2024,2024-04-05,UTA,LAC,@,"L, 102-131",,,,,,,,,,,,,,,,,
Kira Lewis Jr.,https://www.basketball-reference.com/players/l/lewiski01.html,2024,2024-04-07,UTA,GSW,@,"L, 110-118",,16:22,2,4,0,1,1,2,0,1,1,2,1,0,0,0,5
Kira Lewis Jr.,https://www.basketball-reference.com/players/l/lewiski01.html,2024,2024-04-09,UTA,DEN,,"L, 95-111",,,,,,,,,,,,,,,,,
Kira Lewis Jr.,https://www.basketball-reference.com/players/l/lewiski01.html,2024,2024-04-11,UTA,HOU,,"W, 124-121",,,,,,,,,,,,,,,,,
Kira Lewis Jr.,https://www.basketball-reference.com/players/l/lewiski01.html,2024,2024-04-12,UTA,LAC,@,"W, 110-109",,,,,,,,,,,,,,,,,
Kira Lewis Jr.,https://www.basketball-reference.com/players/l/lewiski01.html,2024,2024-04-14,UTA,GSW,@,"L, 116-123",,27:52,6,12,0,2,1,1,1,2,3,3,1,0,1,1,13
Markquis Nowell,https://www.basketball-reference.com/players/n/nowelma01.html,2024,2023-10-25,TOR,MIN,,"W, 97-94",,,,,,,,,,,,,,,,,
Markquis Nowell,https://www.basketball-reference.com/players/n/nowelma01.html,2024,2023-10-27,TOR,CHI,@,"L, 103-104 (OT)",,,,,,,,,,,,,,,,,
Markquis Nowell,https://www.basketball-reference.com/players/n/nowelma01.html,2024,2023-10-28,TOR,PHI,,"L, 107-114",,,,,,,,,,,,,,,,,
Markquis Nowell,https://www.basketball-reference.com/players/n/nowelma01.html,2024,2023-10-30,TOR,POR,,"L, 91-99",,,,,,,,,,,,,,,,,
Markquis Nowell,https://www.basketball-reference.com/players/n/nowelma01.html,2024,,,,,,,,,,,,,,,,,,,,,,
Markquis Nowell,https://www.basketball-reference.com/players/n/nowelma01.html,2024,2023-11-01,TOR,MIL,,"W, 130-111",,,,,,,,,,,,,,,,,
Markquis Nowell,https://www.basketball-reference.com/players/n/nowelma01.html,2024,2023-11-02,TOR,PHI,@,"L, 99-114",,,,,,,,,,,,,,,,,
Markquis Nowell,https://www.basketball-reference.com/players/n/nowelma01.html,2024,2023-11-05,TOR,SAS,@,"W, 123-116 (OT)",,,,,,,,,,,,,,,,,
Markquis Nowell,https://www.basketball-reference.com/players/n/nowelma01.html,2024,2023-11-08,TOR,DAL,@,"W, 127-116",,,,,,,,,,,,,,,,,
Markquis Nowell,https://www.basketball-reference.com/players/n/nowelma01.html,2024,2023-11-11,TOR,BOS,@,"L, 94-117",,,,,,,,,,,,,,,,,
Markquis Nowell,https://www.basketball-reference.com/players/n/nowelma01.html,2024,2023-11-13,TOR,WAS,,"W, 111-107",,,,,,,,,,,,,,,,,
Markquis Nowell,https://www.basketball-reference.com/players/n/nowelma01.html,2024,2023-11-15,TOR,MIL,,"L, 112-128",,03:31,0,1,0,0,2,2,2,0,2,2,1,0,0,0,2
Markquis Nowell,https://www.basketball-reference.com/players/n/nowelma01.html,2024,2023-11-17,TOR,BOS,,"L, 105-108",,,,,,,,,,,,,,,,,
Markquis Nowell,https://www.basketball-reference.com/players/n/nowelma01.html,2024,2023-11-19,TOR,DET,,"W, 142-113",,,,,,,,,,,,,,,,,
Markquis Nowell,https://www.basketball-reference.com/players/n/nowelma01.html,2024,2023-11-21,TOR,ORL,@,"L, 107-126",,,,,,,,,,,,,,,,,
Markquis Nowell,https://www.basketball-reference.com/players/n/nowelma01.html,2024,2023-11-22,TOR,IND,@,"W, 132-131",,,,,,,,,,,,,,,,,
Markquis Nowell,https://www.basketball-reference.com/players/n/nowelma01.html,2024,2023-11-24,TOR,CHI,,"W, 121-108",,,,,,,,,,,,,,,,,
Markquis Nowell,https://www.basketball-reference.com/players/n/nowelma01.html,2024,2023-11-26,TOR,CLE,@,"L, 102-105",,,,,,,,,,,,,,,,,
Markquis Nowell,https://www.basketball-reference.com/players/n/nowelma01.html,2024,2023-11-28,TOR,BRK,@,"L, 103-115",,,,,,,,,,,,,,,,,
Markquis Nowell,https://www.basketball-reference.com/players/n/nowelma01.html,2024,2023-11-29,TOR,PHO,,"W, 112-105",,,,,,,,,,,,,,,,,
Markquis Nowell,https://www.basketball-reference.com/players/n/nowelma01.html,2024,2023-12-01,TOR,NYK,,"L, 106-119",,,,,,,,,,,,,,,,,
Markquis Nowell,https://www.basketball-reference.com/players/n/nowelma01.html,2024,2023-12-06,TOR,MIA,,"L, 103-112",,,,,,,,,,,,,,,,,
Markquis Nowell,https://www.basketball-reference.com/players/n/nowelma01.html,2024,2023-12-08,TOR,CHO,@,"L, 116-119",,,,,,,,,,,,,,,,,
Markquis Nowell,https://www.basketball-reference.com/players/n/nowelma01.html,2024,2023-12-11,TOR,NYK,@,"L, 130-136",,,,,,,,,,,,,,,,,
Markquis Nowell,https://www.basketball-reference.com/players/n/nowelma01.html,2024,2023-12-13,TOR,ATL,,"W, 135-128",,,,,,,,,,,,,,,,,
Markquis Nowell,https://www.basketball-reference.com/players/n/nowelma01.html,2024,2023-12-15,TOR,ATL,,"L, 104-125",,,,,,,,,,,,,,,,,
Markquis Nowell,https://www.basketball-reference.com/players/n/nowelma01.html,2024,2023-12-18,TOR,CHO,,"W, 114-99",,,,,,,,,,,,,,,,,
Markquis Nowell,https://www.basketball-reference.com/players/n/nowelma01.html,2024,2023-12-20,TOR,DEN,,"L, 104-113",,,,,,,,,,,,,,,,,
Markquis Nowell,https://www.basketball-reference.com/players/n/nowelma01.html,2024,2023-12-22,TOR,PHI,@,"L, 111-121",,,,,,,,,,,,,,,,,
Markquis Nowell,https://www.basketball-reference.com/players/n/nowelma01.html,2024,2023-12-23,TOR,UTA,,"L, 119-126",,,,,,,,,,,,,,,,,
Markquis Nowell,https://www.basketball-reference.com/players/n/nowelma01.html,2024,2023-12-27,TOR,WAS,@,"W, 132-102",,,,,,,,,,,,,,,,,
Markquis Nowell,https://www.basketball-reference.com/players/n/nowelma01.html,2024,2023-12-29,TOR,BOS,@,"L, 118-120",,,,,,,,,,,,,,,,,
Markquis Nowell,https://www.basketball-reference.com/players/n/nowelma01.html,2024,2023-12-30,TOR,DET,@,"L, 127-129",,,,,,,,,,,,,,,,,
Markquis Nowell,https://www.basketball-reference.com/players/n/nowelma01.html,2024,2024-01-01,TOR,CLE,,"W, 124-121",,,,,,,,,,,,,,,,,
Markquis Nowell,https://www.basketball-reference.com/players/n/nowelma01.html,2024,2024-01-03,TOR,MEM,@,"W, 116-111",,,,,,,,,,,,,,,,,
Markquis Nowell,https://www.basketball-reference.com/players/n/nowelma01.html,2024,2024-01-05,TOR,SAC,@,"L, 130-135",,,,,,,,,,,,,,,,,
Markquis Nowell,https://www.basketball-reference.com/players/n/nowelma01.html,2024,2024-01-07,TOR,GSW,@,"W, 133-118",,,,,,,,,,,,,,,,,
Markquis Nowell,https://www.basketball-reference.com/players/n/nowelma01.html,2024,2024-01-09,TOR,LAL,@,"L, 131-132",,,,,,,,,,,,,,,,,
Markquis Nowell,https://www.basketball-reference.com/players/n/nowelma01.html,2024,2024-01-10,TOR,LAC,@,"L, 120-126",,,,,,,,,,,,,,,,,
Markquis Nowell,https://www.basketball-reference.com/players/n/nowelma01.html,2024,2024-01-12,TOR,UTA,@,"L, 113-145",,,,,,,,,,,,,,,,,
Markquis Nowell,https://www.basketball-reference.com/players/n/nowelma01.html,2024,2024-01-15,TOR,BOS,,"L, 96-105",,,,,,,,,,,,,,,,,
Markquis Nowell,https://www.basketball-reference.com/players/n/nowelma01.html,2024,2024-01-17,TOR,MIA,,"W, 121-97",,,,,,,,,,,,,,,,,
Markquis Nowell,https://www.basketball-reference.com/players/n/nowelma01.html,2024,2024-01-18,TOR,CHI,,"L, 110-116",,,,,,,,,,,,,,,,,
Markquis Nowell,https://www.basketball-reference.com/players/n/nowelma01.html,2024,2024-01-20,TOR,NYK,@,"L, 100-126",,,,,,,,,,,,,,,,,
Markquis Nowell,https://www.basketball-reference.com/players/n/nowelma01.html,2024,2024-01-22,TOR,MEM,,"L, 100-108",,,,,,,,,,,,,,,,,
Markquis Nowell,https://www.basketball-reference.com/players/n/nowelma01.html,2024,2024-01-26,TOR,LAC,,"L, 107-127",,,,,,,,,,,,,,,,,
Markquis Nowell,https://www.basketball-reference.com/players/n/nowelma01.html,2024,2024-01-28,TOR,ATL,@,"L, 125-126",,,,,,,,,,,,,,,,,
Markquis Nowell,https://www.basketball-reference.com/players/n/nowelma01.html,2024,2024-01-30,TOR,CHI,@,"W, 118-107",,,,,,,,,,,,,,,,,
Markquis Nowell,https://www.basketball-reference.com/players/n/nowelma01.html,2024,2024-02-02,TOR,HOU,@,"L, 106-135",,,,,,,,,,,,,,,,,
Markquis Nowell,https://www.basketball-reference.com/players/n/nowelma01.html,2024,2024-02-04,TOR,OKC,@,"L, 127-135 (2OT)",,,,,,,,,,,,,,,,,
Markquis Nowell,https://www.basketball-reference.com/players/n/nowelma01.html,2024,2024-02-05,TOR,NOP,@,"L, 100-138",,,,,,,,,,,,,,,,,
Markquis Nowell,https://www.basketball-reference.com/players/n/nowelma01.html,2024,2024-02-07,TOR,CHO,@,"W, 123-117",,,,,,,,,,,,,,,,,
Markquis Nowell,https://www.basketball-reference.com/players/n/nowelma01.html,2024,2024-02-09,TOR,HOU,,"W, 107-104",,,,,,,,,,,,,,,,,
Markquis Nowell,https://www.basketball-reference.com/players/n/nowelma01.html,2024,2024-02-10,TOR,CLE,,"L, 95-119",,,,,,,,,,,,,,,,,
Markquis Nowell,https://www.basketball-reference.com/players/n/nowelma01.html,2024,2024-02-12,TOR,SAS,,"L, 99-122",,,,,,,,,,,,,,,,,
Markquis Nowell,https://www.basketball-reference.com/players/n/nowelma01.html,2024,2024-02-14,TOR,IND,,"L, 125-127",,,,,,,,,,,,,,,,,
Markquis Nowell,https://www.basketball-reference.com/players/n/nowelma01.html,2024,2024-02-22,TOR,BRK,,"W, 121-93",,,,,,,,,,,,,,,,,
Markquis Nowell,https://www.basketball-reference.com/players/n/nowelma01.html,2024,2024-02-23,TOR,ATL,@,"W, 123-121",,,,,,,,,,,,,,,,,
Markquis Nowell,https://www.basketball-reference.com/players/n/nowelma01.html,2024,2024-02-26,TOR,IND,@,"W, 130-122",,,,,,,,,,,,,,,,,
Markquis Nowell,https://www.basketball-reference.com/players/n/nowelma01.html,2024,2024-02-28,TOR,DAL,,"L, 125-136",,,,,,,,,,,,,,,,,
Markquis Nowell,https://www.basketball-reference.com/players/n/nowelma01.html,2024,2024-03-01,TOR,GSW,,"L, 105-120",,,,,,,,,,,,,,,,,
Markquis Nowell,https://www.basketball-reference.com/players/n/nowelma01.html,2024,2024-03-03,TOR,CHO,,"W, 111-106",,,,,,,,,,,,,,,,,
Malik Williams,https://www.basketball-reference.com/players/w/willima11.html,2024,2024-04-03,TOR,MIN,@,"L, 85-133",,31:07,0,7,0,2,0,0,1,4,5,1,1,2,1,1,0
Malik Williams,https://www.basketball-reference.com/players/w/willima11.html,2024,2024-04-05,TOR,MIL,@,"W, 117-111",,02:12,0,0,0,0,0,0,0,0,0,0,0,1,0,0,0
Malik Williams,https://www.basketball-reference.com/players/w/willima11.html,2024,2024-04-07,TOR,WAS,,"W, 130-122",,04:40,0,0,0,0,0,0,0,2,2,0,0,0,0,2,0
Malik Williams,https://www.basketball-reference.com/players/w/willima11.html,2024,2024-04-09,TOR,IND,,"L, 123-140",,14:12,3,8,0,1,0,2,5,4,9,0,0,1,0,3,6
Malik Williams,https://www.basketball-reference.com/players/w/willima11.html,2024,2024-04-10,TOR,BRK,@,"L, 102-106",,24:07,3,10,1,1,0,0,5,9,14,1,2,0,1,4,7
Malik Williams,https://www.basketball-reference.com/players/w/willima11.html,2024,2024-04-12,TOR,MIA,@,"L, 103-125",,19:06,0,2,0,0,0,0,2,2,4,0,0,0,1,3,0
Malik Williams,https://www.basketball-reference.com/players/w/willima11.html,2024,2024-04-14,TOR,MIA,@,"L, 103-118",,11:06,3,7,0,1,0,0,2,2,4,0,0,0,0,2,6
Keyonte George,https://www.basketball-reference.com/players/g/georgke01.html,2024,2023-10-25,UTA,SAC,,"L, 114-130",,18:53,3,5,1,3,1,1,0,2,2,2,0,0,1,0,8
Keyonte George,https://www.basketball-reference.com/players/g/georgke01.html,2024,2023-10-27,UTA,LAC,,"W, 120-118",,12:00,3,5,2,3,0,0,1,2,3,2,0,0,1,2,8
Keyonte George,https://www.basketball-reference.com/players/g/georgke01.html,2024,2023-10-28,UTA,PHO,@,"L, 104-126",,27:02,4,12,2,8,2,2,2,5,7,6,1,0,2,0,12
Keyonte George,https://www.basketball-reference.com/players/g/georgke01.html,2024,2023-10-30,UTA,DEN,@,"L, 102-110",,19:58,1,6,1,4,0,0,1,0,1,2,1,0,0,0,3
Keyonte George,https://www.basketball-reference.com/players/g/georgke01.html,2024,,,,,,,,,,,,,,,,,,,,,,
Keyonte George,https://www.basketball-reference.com/players/g/georgke01.html,2024,2023-11-01,UTA,MEM,,"W, 133-109",,23:26,4,8,1,4,0,0,0,1,1,3,1,1,3,0,9
Keyonte George,https://www.basketball-reference.com/players/g/georgke01.html,2024,2023-11-02,UTA,ORL,,"L, 113-115",,16:43,1,2,1,1,3,5,0,2,2,3,0,0,2,1,6
Keyonte George,https://www.basketball-reference.com/players/g/georgke01.html,2024,2023-11-04,UTA,MIN,@,"L, 95-123",,27:14,3,6,1,4,1,2,0,0,0,4,0,0,3,2,8
Keyonte George,https://www.basketball-reference.com/players/g/georgke01.html,2024,2023-11-06,UTA,CHI,@,"L, 113-130",,20:37,2,5,1,3,0,0,0,2,2,4,0,0,2,1,5
Keyonte George,https://www.basketball-reference.com/players/g/georgke01.html,2024,2023-11-08,UTA,IND,@,"L, 118-134",,30:52,3,8,1,3,0,0,0,2,2,9,0,0,1,2,7
Keyonte George,https://www.basketball-reference.com/players/g/georgke01.html,2024,2023-11-10,UTA,MEM,@,"W, 127-121",,29:32,2,12,1,6,2,2,0,3,3,11,0,1,2,1,7
Keyonte George,https://www.basketball-reference.com/players/g/georgke01.html,2024,2023-11-14,UTA,POR,,"W, 115-99",,26:20,4,9,2,7,5,5,0,4,4,7,1,0,2,2,15
Keyonte George,https://www.basketball-reference.com/players/g/georgke01.html,2024,2023-11-17,UTA,PHO,,"L, 128-131",,28:58,5,11,3,6,2,3,0,3,3,6,1,0,3,2,15
Keyonte George,https://www.basketball-reference.com/players/g/georgke01.html,2024,2023-11-19,UTA,PHO,,"L, 137-140 (2OT)",,34:01,2,12,0,5,3,4,2,3,5,11,1,0,5,2,7
Keyonte George,https://www.basketball-reference.com/players/g/georgke01.html,2024,2023-11-21,UTA,LAL,@,"L, 99-131",,21:20,3,11,1,5,2,2,1,2,3,2,1,0,2,2,9
Keyonte George,https://www.basketball-reference.com/players/g/georgke01.html,2024,2023-11-22,UTA,POR,@,"L, 105-121",,33:39,3,9,3,6,7,7,0,3,3,7,1,0,0,2,16
Keyonte George,https://www.basketball-reference.com/players/g/georgke01.html,2024,2023-11-25,UTA,NOP,,"W, 105-100",,27:02,4,13,4,9,3,5,0,6,6,5,0,0,5,1,15
Keyonte George,https://www.basketball-reference.com/players/g/georgke01.html,2024,2023-11-27,UTA,NOP,,"W, 114-112",,31:07,6,14,3,8,4,6,1,4,5,3,2,0,2,0,19
Keyonte George,https://www.basketball-reference.com/players/g/georgke01.html,2024,2023-11-29,UTA,MEM,@,"L, 91-105",,23:41,2,6,2,4,2,2,1,2,3,2,0,0,2,0,8
Keyonte George,https://www.basketball-reference.com/players/g/georgke01.html,2024,2023-11-30,UTA,MIN,@,"L, 90-101",,32:46,4,19,1,6,3,3,1,3,4,4,0,0,2,2,12
Keyonte George,https://www.basketball-reference.com/players/g/georgke01.html,2024,2023-12-02,UTA,POR,,"W, 118-113 (OT)",,35:38,7,17,1,8,6,10,2,4,6,6,0,0,4,2,21
Keyonte George,https://www.basketball-reference.com/players/g/georgke01.html,2024,2023-12-06,UTA,DAL,@,"L, 97-147",,31:43,2,11,0,4,3,4,0,4,4,11,0,1,5,0,7
Keyonte George,https://www.basketball-reference.com/players/g/georgke01.html,2024,2023-12-08,UTA,LAC,,"L, 103-117",,28:17,5,11,2,5,3,5,0,0,0,3,1,0,1,1,15
Keyonte George,https://www.basketball-reference.com/players/g/georgke01.html,2024,2023-12-11,UTA,OKC,@,"L, 120-134",,32:59,10,17,5,9,5,5,0,3,3,7,1,0,3,0,30
Keyonte George,https://www.basketball-reference.com/players/g/georgke01.html,2024,2023-12-13,UTA,NYK,,"W, 117-113",,03:57,0,1,0,1,0,0,0,0,0,0,0,0,2,1,0
Keyonte George,https://www.basketball-reference.com/players/g/georgke01.html,2024,2023-12-14,UTA,POR,@,"W, 122-114",,,,,,,,,,,,,,,,,
Keyonte George,https://www.basketball-reference.com/players/g/georgke01.html,2024,2023-12-16,UTA,SAC,@,"L, 104-125",,,,,,,,,,,,,,,,,
Keyonte George,https://www.basketball-reference.com/players/g/georgke01.html,2024,2023-12-18,UTA,BRK,,"W, 125-108",,,,,,,,,,,,,,,,,
Keyonte George,https://www.basketball-reference.com/players/g/georgke01.html,2024,2023-12-20,UTA,CLE,@,"L, 116-124",,,,,,,,,,,,,,,,,
Keyonte George,https://www.basketball-reference.com/players/g/georgke01.html,2024,2023-12-21,UTA,DET,@,"W, 119-111",,,,,,,,,,,,,,,,,
Keyonte George,https://www.basketball-reference.com/players/g/georgke01.html,2024,2023-12-23,UTA,TOR,@,"W, 126-119",,,,,,,,,,,,,,,,,
Keyonte George,https://www.basketball-reference.com/players/g/georgke01.html,2024,2023-12-26,UTA,SAS,@,"W, 130-118",,24:25,4,11,2,5,0,1,0,0,0,4,1,0,2,3,10
Keyonte George,https://www.basketball-reference.com/players/g/georgke01.html,2024,2023-12-28,UTA,NOP,@,"L, 105-112",,21:38,1,7,1,5,1,2,0,3,3,5,0,0,2,1,4
Keyonte George,https://www.basketball-reference.com/players/g/georgke01.html,2024,2023-12-30,UTA,MIA,,"W, 117-109",,27:37,6,10,5,8,4,5,0,6,6,2,0,0,2,3,21
Keyonte George,https://www.basketball-reference.com/players/g/georgke01.html,2024,2024-01-01,UTA,DAL,,"W, 127-90",,28:55,3,8,2,6,6,6,0,3,3,3,0,0,0,1,14
Keyonte George,https://www.basketball-reference.com/players/g/georgke01.html,2024,2024-01-03,UTA,DET,,"W, 154-148 (OT)",,22:44,2,9,1,4,0,0,0,2,2,2,1,0,1,1,5
Keyonte George,https://www.basketball-reference.com/players/g/georgke01.html,2024,2024-01-05,UTA,BOS,@,"L, 97-126",,20:21,4,10,2,7,2,2,1,3,4,1,0,0,1,0,12
Keyonte George,https://www.basketball-reference.com/players/g/georgke01.html,2024,2024-01-06,UTA,PHI,@,"W, 120-109",,16:01,2,4,0,2,2,2,0,2,2,3,0,0,2,2,6
Keyonte George,https://www.basketball-reference.com/players/g/georgke01.html,2024,2024-01-08,UTA,MIL,@,"W, 132-116",,22:27,7,13,4,9,1,1,0,6,6,4,0,0,2,0,19
Keyonte George,https://www.basketball-reference.com/players/g/georgke01.html,2024,2024-01-10,UTA,DEN,,"W, 124-111",,22:18,2,7,1,4,1,2,0,1,1,3,1,0,1,0,6
Keyonte George,https://www.basketball-reference.com/players/g/georgke01.html,2024,2024-01-12,UTA,TOR,,"W, 145-113",,24:12,3,10,0,5,3,3,0,3,3,6,0,0,3,0,9
Keyonte George,https://www.basketball-reference.com/players/g/georgke01.html,2024,2024-01-13,UTA,LAL,,"W, 132-125",,26:31,5,11,3,9,6,6,0,3,3,3,1,0,1,0,19
Keyonte George,https://www.basketball-reference.com/players/g/georgke01.html,2024,2024-01-15,UTA,IND,,"W, 132-105",,23:44,6,11,3,7,4,5,0,0,0,5,1,0,2,1,19
Keyonte George,https://www.basketball-reference.com/players/g/georgke01.html,2024,2024-01-18,UTA,OKC,,"L, 129-134",,13:55,1,5,1,2,0,0,0,1,1,2,0,0,2,0,3
Keyonte George,https://www.basketball-reference.com/players/g/georgke01.html,2024,2024-01-20,UTA,HOU,@,"L, 126-127 (OT)",,09:45,1,3,1,2,0,0,0,1,1,2,0,0,3,1,3
Keyonte George,https://www.basketball-reference.com/players/g/georgke01.html,2024,2024-01-23,UTA,NOP,@,"L, 124-153",,24:49,1,8,1,4,9,10,0,1,1,5,1,0,0,2,12
Keyonte George,https://www.basketball-reference.com/players/g/georgke01.html,2024,2024-01-25,UTA,WAS,@,"W, 123-108",,31:08,1,6,0,2,3,4,0,4,4,7,0,0,3,0,5
Keyonte George,https://www.basketball-reference.com/players/g/georgke01.html,2024,2024-01-27,UTA,CHO,@,"W, 134-122",,12:39,2,5,1,4,5,5,0,0,0,1,0,0,1,1,10
Keyonte George,https://www.basketball-reference.com/players/g/georgke01.html,2024,2024-01-29,UTA,BRK,@,"L, 114-147",,26:41,6,11,3,7,6,7,0,4,4,3,0,0,1,1,21
Keyonte George,https://www.basketball-reference.com/players/g/georgke01.html,2024,2024-01-30,UTA,NYK,@,"L, 103-118",,22:30,6,12,1,5,2,2,0,2,2,1,0,0,2,2,15
Keyonte George,https://www.basketball-reference.com/players/g/georgke01.html,2024,2024-02-01,UTA,PHI,,"L, 124-127",,21:00,5,9,1,4,0,0,0,3,3,3,0,0,2,1,11
Keyonte George,https://www.basketball-reference.com/players/g/georgke01.html,2024,2024-02-04,UTA,MIL,,"W, 123-108",,24:47,7,13,5,9,0,0,0,10,10,2,0,0,3,2,19
Keyonte George,https://www.basketball-reference.com/players/g/georgke01.html,2024,2024-02-06,UTA,OKC,,"W, 124-117",,26:54,6,11,4,6,0,0,1,1,2,5,1,1,1,0,16
Keyonte George,https://www.basketball-reference.com/players/g/georgke01.html,2024,2024-02-08,UTA,PHO,@,"L, 115-129",,30:27,4,11,0,5,3,4,0,0,0,6,1,0,1,0,11
Keyonte George,https://www.basketball-reference.com/players/g/georgke01.html,2024,2024-02-12,UTA,GSW,,"L, 107-129",,29:19,2,10,1,6,0,0,0,1,1,4,0,0,2,1,5
Keyonte George,https://www.basketball-reference.com/players/g/georgke01.html,2024,2024-02-14,UTA,LAL,,"L, 122-138",,32:59,5,9,3,5,0,0,0,5,5,7,2,0,2,3,13
Keyonte George,https://www.basketball-reference.com/players/g/georgke01.html,2024,2024-02-15,UTA,GSW,,"L, 137-140",,40:33,11,22,9,16,2,3,0,2,2,6,3,0,2,6,33
Keyonte George,https://www.basketball-reference.com/players/g/georgke01.html,2024,2024-02-22,UTA,CHO,,"L, 107-115",,31:07,7,14,2,8,0,0,0,3,3,5,0,0,5,2,16
Keyonte George,https://www.basketball-reference.com/players/g/georgke01.html,2024,2024-02-25,UTA,SAS,,"W, 128-109",,30:20,3,13,1,4,0,0,0,3,3,6,1,1,3,0,7
Keyonte George,https://www.basketball-reference.com/players/g/georgke01.html,2024,2024-02-27,UTA,ATL,@,"L, 97-124",,33:30,5,15,4,9,0,0,0,1,1,6,0,0,2,1,14
Keyonte George,https://www.basketball-reference.com/players/g/georgke01.html,2024,2024-02-29,UTA,ORL,@,"L, 107-115",,31:07,5,12,2,4,7,7,0,3,3,9,1,0,2,0,19
Keyonte George,https://www.basketball-reference.com/players/g/georgke01.html,2024,2024-03-02,UTA,MIA,@,"L, 120-126",,43:08,12,23,6,14,1,2,0,4,4,4,0,0,5,0,31
Keyonte George,https://www.basketball-reference.com/players/g/georgke01.html,2024,2024-03-04,UTA,WAS,,"W, 127-115",,05:46,0,2,0,0,0,0,0,1,1,1,0,0,1,0,0
Keyonte George,https://www.basketball-reference.com/players/g/georgke01.html,2024,2024-03-06,UTA,CHI,,"L, 117-119",,,,,,,,,,,,,,,,,
Keyonte George,https://www.basketball-reference.com/players/g/georgke01.html,2024,2024-03-09,UTA,DEN,@,"L, 121-142",,38:23,10,17,5,8,4,5,0,5,5,6,0,0,4,2,29
Keyonte George,https://www.basketball-reference.com/players/g/georgke01.html,2024,2024-03-12,UTA,BOS,,"L, 107-123",,35:07,9,17,5,10,3,4,0,1,1,6,0,2,3,5,26
Keyonte George,https://www.basketball-reference.com/players/g/georgke01.html,2024,2024-03-15,UTA,ATL,,"W, 124-122",,34:31,8,19,1,7,8,8,0,4,4,5,2,0,2,2,25
Keyonte George,https://www.basketball-reference.com/players/g/georgke01.html,2024,2024-03-16,UTA,MIN,,"L, 100-119",,29:49,5,16,1,7,7,8,0,3,3,2,0,0,4,2,18
Keyonte George,https://www.basketball-reference.com/players/g/georgke01.html,2024,2024-03-18,UTA,MIN,,"L, 104-114",,29:48,6,12,2,3,1,1,0,3,3,8,1,0,6,0,15
Keyonte George,https://www.basketball-reference.com/players/g/georgke01.html,2024,2024-03-20,UTA,OKC,@,"L, 107-119",,27:59,3,14,0,7,3,3,0,7,7,2,0,0,2,1,9
Keyonte George,https://www.basketball-reference.com/players/g/georgke01.html,2024,2024-03-21,UTA,DAL,@,"L, 97-113",,33:04,6,16,1,6,5,5,0,2,2,5,1,0,6,0,18
Keyonte George,https://www.basketball-reference.com/players/g/georgke01.html,2024,2024-03-23,UTA,HOU,@,"L, 119-147",,31:26,4,13,2,9,5,6,0,4,4,5,0,0,2,0,15
Keyonte George,https://www.basketball-reference.com/players/g/georgke01.html,2024,2024-03-25,UTA,DAL,,"L, 105-115",,35:06,2,11,0,6,2,2,0,5,5,6,2,0,3,2,6
Keyonte George,https://www.basketball-reference.com/players/g/georgke01.html,2024,2024-03-27,UTA,SAS,,"L, 111-118",,39:35,5,12,2,6,2,2,0,1,1,8,0,0,5,2,14
Keyonte George,https://www.basketball-reference.com/players/g/georgke01.html,2024,2024-03-29,UTA,HOU,,"L, 100-101",,29:08,3,12,0,4,0,0,0,1,1,6,0,0,6,3,6
Keyonte George,https://www.basketball-reference.com/players/g/georgke01.html,2024,2024-03-31,UTA,SAC,@,"L, 106-127",,36:55,4,14,3,10,7,7,0,2,2,2,1,0,2,2,18
Keyonte George,https://www.basketball-reference.com/players/g/georgke01.html,2024,2024-04-02,UTA,CLE,,"L, 113-129",,36:19,2,11,1,5,4,4,0,4,4,3,0,0,4,1,9
Keyonte George,https://www.basketball-reference.com/players/g/georgke01.html,2024,2024-04-05,UTA,LAC,@,"L, 102-131",,18:47,2,9,0,4,2,2,0,2,2,5,0,0,5,2,6
Keyonte George,https://www.basketball-reference.com/players/g/georgke01.html,2024,2024-04-07,UTA,GSW,@,"L, 110-118",,34:14,8,16,4,11,5,5,0,2,2,1,0,0,1,1,25
Keyonte George,https://www.basketball-reference.com/players/g/georgke01.html,2024,2024-04-09,UTA,DEN,,"L, 95-111",,30:02,4,11,2,9,0,0,1,2,3,5,0,0,5,0,10
Keyonte George,https://www.basketball-reference.com/players/g/georgke01.html,2024,2024-04-11,UTA,HOU,,"W, 124-121",,32:55,7,14,2,6,4,5,0,4,4,5,2,0,5,3,20
Keyonte George,https://www.basketball-reference.com/players/g/georgke01.html,2024,2024-04-12,UTA,LAC,@,"W, 110-109",,28:18,5,15,2,7,2,3,0,1,1,2,0,0,5,1,14
Keyonte George,https://www.basketball-reference.com/players/g/georgke01.html,2024,2024-04-14,UTA,GSW,@,"L, 116-123",,20:08,8,11,5,6,0,1,0,1,1,4,0,0,1,1,21
Taylor Hendricks,https://www.basketball-reference.com/players/h/hendrta01.html,2024,2023-10-25,UTA,SAC,,"L, 114-130",,02:25,0,0,0,0,1,2,0,1,1,0,0,0,0,0,1
Taylor Hendricks,https://www.basketball-reference.com/players/h/hendrta01.html,2024,2023-10-27,UTA,LAC,,"W, 120-118",,,,,,,,,,,,,,,,,
Taylor Hendricks,https://www.basketball-reference.com/players/h/hendrta01.html,2024,2023-10-28,UTA,PHO,@,"L, 104-126",,,,,,,,,,,,,,,,,
Taylor Hendricks,https://www.basketball-reference.com/players/h/hendrta01.html,2024,2023-10-30,UTA,DEN,@,"L, 102-110",,,,,,,,,,,,,,,,,
Taylor Hendricks,https://www.basketball-reference.com/players/h/hendrta01.html,2024,,,,,,,,,,,,,,,,,,,,,,
Taylor Hendricks,https://www.basketball-reference.com/players/h/hendrta01.html,2024,2023-11-01,UTA,MEM,,"W, 133-109",,,,,,,,,,,,,,,,,
Taylor Hendricks,https://www.basketball-reference.com/players/h/hendrta01.html,2024,2023-11-02,UTA,ORL,,"L, 113-115",,,,,,,,,,,,,,,,,
Taylor Hendricks,https://www.basketball-reference.com/players/h/hendrta01.html,2024,2023-11-04,UTA,MIN,@,"L, 95-123",,,,,,,,,,,,,,,,,
Taylor Hendricks,https://www.basketball-reference.com/players/h/hendrta01.html,2024,2023-11-06,UTA,CHI,@,"L, 113-130",,,,,,,,,,,,,,,,,
Taylor Hendricks,https://www.basketball-reference.com/players/h/hendrta01.html,2024,2023-11-08,UTA,IND,@,"L, 118-134",,,,,,,,,,,,,,,,,
Taylor Hendricks,https://www.basketball-reference.com/players/h/hendrta01.html,2024,2023-11-10,UTA,MEM,@,"W, 127-121",,,,,,,,,,,,,,,,,
Taylor Hendricks,https://www.basketball-reference.com/players/h/hendrta01.html,2024,2023-11-14,UTA,POR,,"W, 115-99",,,,,,,,,,,,,,,,,
Taylor Hendricks,https://www.basketball-reference.com/players/h/hendrta01.html,2024,2023-11-17,UTA,PHO,,"L, 128-131",,,,,,,,,,,,,,,,,
Taylor Hendricks,https://www.basketball-reference.com/players/h/hendrta01.html,2024,2023-11-19,UTA,PHO,,"L, 137-140 (2OT)",,,,,,,,,,,,,,,,,
Taylor Hendricks,https://www.basketball-reference.com/players/h/hendrta01.html,2024,2023-11-21,UTA,LAL,@,"L, 99-131",,,,,,,,,,,,,,,,,
Taylor Hendricks,https://www.basketball-reference.com/players/h/hendrta01.html,2024,2023-11-22,UTA,POR,@,"L, 105-121",,,,,,,,,,,,,,,,,
Taylor Hendricks,https://www.basketball-reference.com/players/h/hendrta01.html,2024,2023-11-25,UTA,NOP,,"W, 105-100",,,,,,,,,,,,,,,,,
Taylor Hendricks,https://www.basketball-reference.com/players/h/hendrta01.html,2024,2023-11-27,UTA,NOP,,"W, 114-112",,,,,,,,,,,,,,,,,
Taylor Hendricks,https://www.basketball-reference.com/players/h/hendrta01.html,2024,2023-11-29,UTA,MEM,@,"L, 91-105",,,,,,,,,,,,,,,,,
Taylor Hendricks,https://www.basketball-reference.com/players/h/hendrta01.html,2024,2023-11-30,UTA,MIN,@,"L, 90-101",,,,,,,,,,,,,,,,,
Taylor Hendricks,https://www.basketball-reference.com/players/h/hendrta01.html,2024,2023-12-02,UTA,POR,,"W, 118-113 (OT)",,17:44,2,7,1,4,0,0,1,1,2,0,0,2,0,1,5
Taylor Hendricks,https://www.basketball-reference.com/players/h/hendrta01.html,2024,2023-12-06,UTA,DAL,@,"L, 97-147",,24:34,4,6,2,4,0,0,1,1,2,0,2,1,2,3,10
Taylor Hendricks,https://www.basketball-reference.com/players/h/hendrta01.html,2024,2023-12-08,UTA,LAC,,"L, 103-117",,11:30,0,3,0,2,0,0,0,0,0,0,1,0,1,0,0
Taylor Hendricks,https://www.basketball-reference.com/players/h/hendrta01.html,2024,2023-12-11,UTA,OKC,@,"L, 120-134",,26:17,3,6,1,4,1,1,0,2,2,2,1,1,0,2,8
Taylor Hendricks,https://www.basketball-reference.com/players/h/hendrta01.html,2024,2023-12-13,UTA,NYK,,"W, 117-113",,20:17,2,7,1,3,0,0,2,2,4,1,2,1,1,3,5
Taylor Hendricks,https://www.basketball-reference.com/players/h/hendrta01.html,2024,2023-12-14,UTA,POR,@,"W, 122-114",,25:12,4,9,2,5,0,0,3,4,7,0,1,0,2,1,10
Taylor Hendricks,https://www.basketball-reference.com/players/h/hendrta01.html,2024,2023-12-16,UTA,SAC,@,"L, 104-125",,21:26,3,8,2,5,4,5,1,2,3,1,1,0,0,0,12
Taylor Hendricks,https://www.basketball-reference.com/players/h/hendrta01.html,2024,2023-12-18,UTA,BRK,,"W, 125-108",,06:42,0,1,0,1,0,0,0,2,2,1,0,0,1,1,0
Taylor Hendricks,https://www.basketball-reference.com/players/h/hendrta01.html,2024,2023-12-20,UTA,CLE,@,"L, 116-124",,,,,,,,,,,,,,,,,
Taylor Hendricks,https://www.basketball-reference.com/players/h/hendrta01.html,2024,2023-12-21,UTA,DET,@,"W, 119-111",,16:16,3,5,1,2,0,0,3,1,4,0,0,1,0,0,7
Taylor Hendricks,https://www.basketball-reference.com/players/h/hendrta01.html,2024,2023-12-23,UTA,TOR,@,"W, 126-119",,,,,,,,,,,,,,,,,
Taylor Hendricks,https://www.basketball-reference.com/players/h/hendrta01.html,2024,2023-12-26,UTA,SAS,@,"W, 130-118",,02:08,0,3,0,2,0,0,0,1,1,0,0,0,1,0,0
Taylor Hendricks,https://www.basketball-reference.com/players/h/hendrta01.html,2024,2023-12-28,UTA,NOP,@,"L, 105-112",,,,,,,,,,,,,,,,,
Taylor Hendricks,https://www.basketball-reference.com/players/h/hendrta01.html,2024,2023-12-30,UTA,MIA,,"W, 117-109",,,,,,,,,,,,,,,,,
Taylor Hendricks,https://www.basketball-reference.com/players/h/hendrta01.html,2024,2024-01-01,UTA,DAL,,"W, 127-90",,,,,,,,,,,,,,,,,
Taylor Hendricks,https://www.basketball-reference.com/players/h/hendrta01.html,2024,2024-01-03,UTA,DET,,"W, 154-148 (OT)",,,,,,,,,,,,,,,,,
Taylor Hendricks,https://www.basketball-reference.com/players/h/hendrta01.html,2024,2024-01-05,UTA,BOS,@,"L, 97-126",,,,,,,,,,,,,,,,,
Taylor Hendricks,https://www.basketball-reference.com/players/h/hendrta01.html,2024,2024-01-06,UTA,PHI,@,"W, 120-109",,,,,,,,,,,,,,,,,
Taylor Hendricks,https://www.basketball-reference.com/players/h/hendrta01.html,2024,2024-01-08,UTA,MIL,@,"W, 132-116",,,,,,,,,,,,,,,,,
Taylor Hendricks,https://www.basketball-reference.com/players/h/hendrta01.html,2024,2024-01-10,UTA,DEN,,"W, 124-111",,03:19,0,1,0,1,0,0,0,0,0,0,0,1,1,0,0
Taylor Hendricks,https://www.basketball-reference.com/players/h/hendrta01.html,2024,2024-01-12,UTA,TOR,,"W, 145-113",,03:39,2,2,2,2,0,0,0,1,1,1,1,0,0,1,6
Taylor Hendricks,https://www.basketball-reference.com/players/h/hendrta01.html,2024,2024-01-13,UTA,LAL,,"W, 132-125",,,,,,,,,,,,,,,,,
Taylor Hendricks,https://www.basketball-reference.com/players/h/hendrta01.html,2024,2024-01-15,UTA,IND,,"W, 132-105",,,,,,,,,,,,,,,,,
Taylor Hendricks,https://www.basketball-reference.com/players/h/hendrta01.html,2024,2024-01-18,UTA,OKC,,"L, 129-134",,,,,,,,,,,,,,,,,
Taylor Hendricks,https://www.basketball-reference.com/players/h/hendrta01.html,2024,2024-01-20,UTA,HOU,@,"L, 126-127 (OT)",,,,,,,,,,,,,,,,,
Taylor Hendricks,https://www.basketball-reference.com/players/h/hendrta01.html,2024,2024-01-23,UTA,NOP,@,"L, 124-153",,,,,,,,,,,,,,,,,
Taylor Hendricks,https://www.basketball-reference.com/players/h/hendrta01.html,2024,2024-01-25,UTA,WAS,@,"W, 123-108",,,,,,,,,,,,,,,,,
Taylor Hendricks,https://www.basketball-reference.com/players/h/hendrta01.html,2024,2024-01-27,UTA,CHO,@,"W, 134-122",,,,,,,,,,,,,,,,,
Taylor Hendricks,https://www.basketball-reference.com/players/h/hendrta01.html,2024,2024-01-29,UTA,BRK,@,"L, 114-147",,,,,,,,,,,,,,,,,
Taylor Hendricks,https://www.basketball-reference.com/players/h/hendrta01.html,2024,2024-01-30,UTA,NYK,@,"L, 103-118",,,,,,,,,,,,,,,,,
Taylor Hendricks,https://www.basketball-reference.com/players/h/hendrta01.html,2024,2024-02-01,UTA,PHI,,"L, 124-127",,,,,,,,,,,,,,,,,
Taylor Hendricks,https://www.basketball-reference.com/players/h/hendrta01.html,2024,2024-02-04,UTA,MIL,,"W, 123-108",,,,,,,,,,,,,,,,,
Taylor Hendricks,https://www.basketball-reference.com/players/h/hendrta01.html,2024,2024-02-06,UTA,OKC,,"W, 124-117",,,,,,,,,,,,,,,,,
Taylor Hendricks,https://www.basketball-reference.com/players/h/hendrta01.html,2024,2024-02-08,UTA,PHO,@,"L, 115-129",,17:30,1,5,1,2,0,0,2,6,8,1,0,1,2,1,3
Taylor Hendricks,https://www.basketball-reference.com/players/h/hendrta01.html,2024,2024-02-12,UTA,GSW,,"L, 107-129",,19:17,0,2,0,2,0,0,0,4,4,0,0,1,2,4,0
Taylor Hendricks,https://www.basketball-reference.com/players/h/hendrta01.html,2024,2024-02-14,UTA,LAL,,"L, 122-138",,16:11,4,9,1,6,0,0,2,3,5,1,0,0,0,2,9
Taylor Hendricks,https://www.basketball-reference.com/players/h/hendrta01.html,2024,2024-02-15,UTA,GSW,,"L, 137-140",,15:59,1,1,1,1,0,0,1,2,3,0,2,0,2,0,3
Taylor Hendricks,https://www.basketball-reference.com/players/h/hendrta01.html,2024,2024-02-22,UTA,CHO,,"L, 107-115",,25:46,5,9,1,5,1,1,4,5,9,1,0,0,0,2,12
Taylor Hendricks,https://www.basketball-reference.com/players/h/hendrta01.html,2024,2024-02-25,UTA,SAS,,"W, 128-109",,25:46,4,8,1,5,0,0,1,2,3,0,0,1,0,6,9
Taylor Hendricks,https://www.basketball-reference.com/players/h/hendrta01.html,2024,2024-02-27,UTA,ATL,@,"L, 97-124",,28:38,3,8,2,4,0,0,0,8,8,1,2,0,0,3,8
Taylor Hendricks,https://www.basketball-reference.com/players/h/hendrta01.html,2024,2024-02-29,UTA,ORL,@,"L, 107-115",,27:26,3,6,2,4,2,2,2,5,7,1,1,1,1,4,10
Taylor Hendricks,https://www.basketball-reference.com/players/h/hendrta01.html,2024,2024-03-02,UTA,MIA,@,"L, 120-126",,28:50,4,7,0,2,0,0,4,9,13,1,0,2,1,3,8
Taylor Hendricks,https://www.basketball-reference.com/players/h/hendrta01.html,2024,2024-03-04,UTA,WAS,,"W, 127-115",,14:13,3,3,2,2,0,0,0,2,2,1,0,0,0,3,8
Taylor Hendricks,https://www.basketball-reference.com/players/h/hendrta01.html,2024,2024-03-06,UTA,CHI,,"L, 117-119",,,,,,,,,,,,,,,,,
Taylor Hendricks,https://www.basketball-reference.com/players/h/hendrta01.html,2024,2024-03-09,UTA,DEN,@,"L, 121-142",,,,,,,,,,,,,,,,,
Taylor Hendricks,https://www.basketball-reference.com/players/h/hendrta01.html,2024,2024-03-12,UTA,BOS,,"L, 107-123",,,,,,,,,,,,,,,,,
Taylor Hendricks,https://www.basketball-reference.com/players/h/hendrta01.html,2024,2024-03-15,UTA,ATL,,"W, 124-122",,19:24,1,7,0,3,1,2,2,8,10,0,0,3,0,5,3
Taylor Hendricks,https://www.basketball-reference.com/players/h/hendrta01.html,2024,2024-03-16,UTA,MIN,,"L, 100-119",,33:12,5,12,2,7,3,4,1,9,10,1,1,1,1,1,15
Taylor Hendricks,https://www.basketball-reference.com/players/h/hendrta01.html,2024,2024-03-18,UTA,MIN,,"L, 104-114",,27:37,3,6,2,4,0,0,0,6,6,1,1,1,0,1,8
Taylor Hendricks,https://www.basketball-reference.com/players/h/hendrta01.html,2024,2024-03-20,UTA,OKC,@,"L, 107-119",,24:10,3,6,2,5,4,4,3,1,4,1,0,3,0,3,12
Taylor Hendricks,https://www.basketball-reference.com/players/h/hendrta01.html,2024,2024-03-21,UTA,DAL,@,"L, 97-113",,28:24,2,4,1,3,0,0,0,2,2,0,1,0,1,5,5
Taylor Hendricks,https://www.basketball-reference.com/players/h/hendrta01.html,2024,2024-03-23,UTA,HOU,@,"L, 119-147",,27:15,4,9,1,4,0,0,1,5,6,0,0,1,1,3,9
Taylor Hendricks,https://www.basketball-reference.com/players/h/hendrta01.html,2024,2024-03-25,UTA,DAL,,"L, 105-115",,28:54,3,8,1,5,1,1,1,5,6,1,0,1,0,3,8
Taylor Hendricks,https://www.basketball-reference.com/players/h/hendrta01.html,2024,2024-03-27,UTA,SAS,,"L, 111-118",,33:04,3,8,2,6,0,0,0,8,8,1,2,1,0,3,8
Taylor Hendricks,https://www.basketball-reference.com/players/h/hendrta01.html,2024,2024-03-29,UTA,HOU,,"L, 100-101",,34:40,3,7,2,5,0,0,2,7,9,2,0,2,1,2,8
Taylor Hendricks,https://www.basketball-reference.com/players/h/hendrta01.html,2024,2024-03-31,UTA,SAC,@,"L, 106-127",,27:58,6,11,4,6,2,3,2,1,3,1,0,0,1,3,18
Taylor Hendricks,https://www.basketball-reference.com/players/h/hendrta01.html,2024,2024-04-02,UTA,CLE,,"L, 113-129",,27:32,7,13,4,6,0,0,1,2,3,1,2,0,1,3,18
Taylor Hendricks,https://www.basketball-reference.com/players/h/hendrta01.html,2024,2024-04-05,UTA,LAC,@,"L, 102-131",,12:21,2,3,1,1,0,0,0,2,2,0,0,0,0,0,5
Taylor Hendricks,https://www.basketball-reference.com/players/h/hendrta01.html,2024,2024-04-07,UTA,GSW,@,"L, 110-118",,26:16,3,7,3,6,1,2,0,3,3,2,0,1,3,0,10
Taylor Hendricks,https://www.basketball-reference.com/players/h/hendrta01.html,2024,2024-04-09,UTA,DEN,,"L, 95-111",,21:43,1,5,1,2,0,0,1,4,5,1,1,1,0,0,3
Taylor Hendricks,https://www.basketball-reference.com/players/h/hendrta01.html,2024,2024-04-11,UTA,HOU,,"W, 124-121",,18:54,2,3,1,2,0,0,1,3,4,4,3,1,0,1,5
Taylor Hendricks,https://www.basketball-reference.com/players/h/hendrta01.html,2024,2024-04-12,UTA,LAC,@,"W, 110-109",,22:44,3,5,1,3,0,0,1,4,5,1,0,0,0,2,7
Taylor Hendricks,https://www.basketball-reference.com/players/h/hendrta01.html,2024,2024-04-14,UTA,GSW,@,"L, 116-123",,41:11,6,10,2,4,2,2,3,5,8,2,3,1,1,2,16
Brice Sensabaugh,https://www.basketball-reference.com/players/s/sensabr01.html,2024,2023-10-25,UTA,SAC,,"L, 114-130",,02:25,0,2,0,0,0,0,1,1,2,0,0,0,0,0,0
Brice Sensabaugh,https://www.basketball-reference.com/players/s/sensabr01.html,2024,2023-10-27,UTA,LAC,,"W, 120-118",,,,,,,,,,,,,,,,,
Brice Sensabaugh,https://www.basketball-reference.com/players/s/sensabr01.html,2024,2023-10-28,UTA,PHO,@,"L, 104-126",,,,,,,,,,,,,,,,,
Brice Sensabaugh,https://www.basketball-reference.com/players/s/sensabr01.html,2024,2023-10-30,UTA,DEN,@,"L, 102-110",,,,,,,,,,,,,,,,,
Brice Sensabaugh,https://www.basketball-reference.com/players/s/sensabr01.html,2024,,,,,,,,,,,,,,,,,,,,,,
Brice Sensabaugh,https://www.basketball-reference.com/players/s/sensabr01.html,2024,2023-11-01,UTA,MEM,,"W, 133-109",,,,,,,,,,,,,,,,,
Brice Sensabaugh,https://www.basketball-reference.com/players/s/sensabr01.html,2024,2023-11-02,UTA,ORL,,"L, 113-115",,,,,,,,,,,,,,,,,
Brice Sensabaugh,https://www.basketball-reference.com/players/s/sensabr01.html,2024,2023-11-04,UTA,MIN,@,"L, 95-123",,,,,,,,,,,,,,,,,
Brice Sensabaugh,https://www.basketball-reference.com/players/s/sensabr01.html,2024,2023-11-06,UTA,CHI,@,"L, 113-130",,,,,,,,,,,,,,,,,
Brice Sensabaugh,https://www.basketball-reference.com/players/s/sensabr01.html,2024,2023-11-08,UTA,IND,@,"L, 118-134",,,,,,,,,,,,,,,,,
Brice Sensabaugh,https://www.basketball-reference.com/players/s/sensabr01.html,2024,2023-11-10,UTA,MEM,@,"W, 127-121",,,,,,,,,,,,,,,,,
Brice Sensabaugh,https://www.basketball-reference.com/players/s/sensabr01.html,2024,2023-11-14,UTA,POR,,"W, 115-99",,,,,,,,,,,,,,,,,
Brice Sensabaugh,https://www.basketball-reference.com/players/s/sensabr01.html,2024,2023-11-17,UTA,PHO,,"L, 128-131",,,,,,,,,,,,,,,,,
Brice Sensabaugh,https://www.basketball-reference.com/players/s/sensabr01.html,2024,2023-11-19,UTA,PHO,,"L, 137-140 (2OT)",,,,,,,,,,,,,,,,,
Brice Sensabaugh,https://www.basketball-reference.com/players/s/sensabr01.html,2024,2023-11-21,UTA,LAL,@,"L, 99-131",,,,,,,,,,,,,,,,,
Brice Sensabaugh,https://www.basketball-reference.com/players/s/sensabr01.html,2024,2023-11-22,UTA,POR,@,"L, 105-121",,,,,,,,,,,,,,,,,
Brice Sensabaugh,https://www.basketball-reference.com/players/s/sensabr01.html,2024,2023-11-25,UTA,NOP,,"W, 105-100",,,,,,,,,,,,,,,,,
Brice Sensabaugh,https://www.basketball-reference.com/players/s/sensabr01.html,2024,2023-11-27,UTA,NOP,,"W, 114-112",,,,,,,,,,,,,,,,,
Brice Sensabaugh,https://www.basketball-reference.com/players/s/sensabr01.html,2024,2023-11-29,UTA,MEM,@,"L, 91-105",,,,,,,,,,,,,,,,,
Brice Sensabaugh,https://www.basketball-reference.com/players/s/sensabr01.html,2024,2023-11-30,UTA,MIN,@,"L, 90-101",,,,,,,,,,,,,,,,,
Brice Sensabaugh,https://www.basketball-reference.com/players/s/sensabr01.html,2024,2023-12-02,UTA,POR,,"W, 118-113 (OT)",,,,,,,,,,,,,,,,,
Brice Sensabaugh,https://www.basketball-reference.com/players/s/sensabr01.html,2024,2023-12-06,UTA,DAL,@,"L, 97-147",,,,,,,,,,,,,,,,,
Brice Sensabaugh,https://www.basketball-reference.com/players/s/sensabr01.html,2024,2023-12-08,UTA,LAC,,"L, 103-117",,,,,,,,,,,,,,,,,
Brice Sensabaugh,https://www.basketball-reference.com/players/s/sensabr01.html,2024,2023-12-11,UTA,OKC,@,"L, 120-134",,,,,,,,,,,,,,,,,
Brice Sensabaugh,https://www.basketball-reference.com/players/s/sensabr01.html,2024,2023-12-13,UTA,NYK,,"W, 117-113",,,,,,,,,,,,,,,,,
Brice Sensabaugh,https://www.basketball-reference.com/players/s/sensabr01.html,2024,2023-12-14,UTA,POR,@,"W, 122-114",,,,,,,,,,,,,,,,,
Brice Sensabaugh,https://www.basketball-reference.com/players/s/sensabr01.html,2024,2023-12-16,UTA,SAC,@,"L, 104-125",,,,,,,,,,,,,,,,,
Brice Sensabaugh,https://www.basketball-reference.com/players/s/sensabr01.html,2024,2023-12-18,UTA,BRK,,"W, 125-108",,,,,,,,,,,,,,,,,
Brice Sensabaugh,https://www.basketball-reference.com/players/s/sensabr01.html,2024,2023-12-20,UTA,CLE,@,"L, 116-124",,,,,,,,,,,,,,,,,
Brice Sensabaugh,https://www.basketball-reference.com/players/s/sensabr01.html,2024,2023-12-21,UTA,DET,@,"W, 119-111",,,,,,,,,,,,,,,,,
Brice Sensabaugh,https://www.basketball-reference.com/players/s/sensabr01.html,2024,2023-12-23,UTA,TOR,@,"W, 126-119",,,,,,,,,,,,,,,,,
Brice Sensabaugh,https://www.basketball-reference.com/players/s/sensabr01.html,2024,2023-12-26,UTA,SAS,@,"W, 130-118",,02:08,0,0,0,0,0,0,0,1,1,0,0,0,0,0,0
Brice Sensabaugh,https://www.basketball-reference.com/players/s/sensabr01.html,2024,2023-12-28,UTA,NOP,@,"L, 105-112",,,,,,,,,,,,,,,,,
Brice Sensabaugh,https://www.basketball-reference.com/players/s/sensabr01.html,2024,2023-12-30,UTA,MIA,,"W, 117-109",,,,,,,,,,,,,,,,,
Brice Sensabaugh,https://www.basketball-reference.com/players/s/sensabr01.html,2024,2024-01-01,UTA,DAL,,"W, 127-90",,,,,,,,,,,,,,,,,
Brice Sensabaugh,https://www.basketball-reference.com/players/s/sensabr01.html,2024,2024-01-03,UTA,DET,,"W, 154-148 (OT)",,,,,,,,,,,,,,,,,
Brice Sensabaugh,https://www.basketball-reference.com/players/s/sensabr01.html,2024,2024-01-05,UTA,BOS,@,"L, 97-126",,,,,,,,,,,,,,,,,
Brice Sensabaugh,https://www.basketball-reference.com/players/s/sensabr01.html,2024,2024-01-06,UTA,PHI,@,"W, 120-109",,,,,,,,,,,,,,,,,
Brice Sensabaugh,https://www.basketball-reference.com/players/s/sensabr01.html,2024,2024-01-08,UTA,MIL,@,"W, 132-116",,,,,,,,,,,,,,,,,
Brice Sensabaugh,https://www.basketball-reference.com/players/s/sensabr01.html,2024,2024-01-10,UTA,DEN,,"W, 124-111",,03:19,0,0,0,0,0,0,0,0,0,0,0,0,0,0,0
Brice Sensabaugh,https://www.basketball-reference.com/players/s/sensabr01.html,2024,2024-01-12,UTA,TOR,,"W, 145-113",,03:39,2,4,1,2,0,0,0,0,0,2,0,0,0,1,5
Brice Sensabaugh,https://www.basketball-reference.com/players/s/sensabr01.html,2024,2024-01-13,UTA,LAL,,"W, 132-125",,,,,,,,,,,,,,,,,
Brice Sensabaugh,https://www.basketball-reference.com/players/s/sensabr01.html,2024,2024-01-15,UTA,IND,,"W, 132-105",,,,,,,,,,,,,,,,,
Brice Sensabaugh,https://www.basketball-reference.com/players/s/sensabr01.html,2024,2024-01-18,UTA,OKC,,"L, 129-134",,,,,,,,,,,,,,,,,
Brice Sensabaugh,https://www.basketball-reference.com/players/s/sensabr01.html,2024,2024-01-20,UTA,HOU,@,"L, 126-127 (OT)",,,,,,,,,,,,,,,,,
Brice Sensabaugh,https://www.basketball-reference.com/players/s/sensabr01.html,2024,2024-01-23,UTA,NOP,@,"L, 124-153",,,,,,,,,,,,,,,,,
Brice Sensabaugh,https://www.basketball-reference.com/players/s/sensabr01.html,2024,2024-01-25,UTA,WAS,@,"W, 123-108",,,,,,,,,,,,,,,,,
Brice Sensabaugh,https://www.basketball-reference.com/players/s/sensabr01.html,2024,2024-01-27,UTA,CHO,@,"W, 134-122",,,,,,,,,,,,,,,,,
Brice Sensabaugh,https://www.basketball-reference.com/players/s/sensabr01.html,2024,2024-01-29,UTA,BRK,@,"L, 114-147",,,,,,,,,,,,,,,,,
Brice Sensabaugh,https://www.basketball-reference.com/players/s/sensabr01.html,2024,2024-01-30,UTA,NYK,@,"L, 103-118",,,,,,,,,,,,,,,,,
Brice Sensabaugh,https://www.basketball-reference.com/players/s/sensabr01.html,2024,2024-02-01,UTA,PHI,,"L, 124-127",,,,,,,,,,,,,,,,,
Brice Sensabaugh,https://www.basketball-reference.com/players/s/sensabr01.html,2024,2024-02-04,UTA,MIL,,"W, 123-108",,,,,,,,,,,,,,,,,
Brice Sensabaugh,https://www.basketball-reference.com/players/s/sensabr01.html,2024,2024-02-06,UTA,OKC,,"W, 124-117",,,,,,,,,,,,,,,,,
Brice Sensabaugh,https://www.basketball-reference.com/players/s/sensabr01.html,2024,2024-02-08,UTA,PHO,@,"L, 115-129",,,,,,,,,,,,,,,,,
Brice Sensabaugh,https://www.basketball-reference.com/players/s/sensabr01.html,2024,2024-02-12,UTA,GSW,,"L, 107-129",,02:16,0,1,0,0,0,0,0,1,1,0,0,0,1,0,0
Brice Sensabaugh,https://www.basketball-reference.com/players/s/sensabr01.html,2024,2024-02-14,UTA,LAL,,"L, 122-138",,02:27,1,3,0,2,1,1,0,0,0,0,0,0,0,0,3
Brice Sensabaugh,https://www.basketball-reference.com/players/s/sensabr01.html,2024,2024-02-15,UTA,GSW,,"L, 137-140",,,,,,,,,,,,,,,,,
Brice Sensabaugh,https://www.basketball-reference.com/players/s/sensabr01.html,2024,2024-02-22,UTA,CHO,,"L, 107-115",,12:38,3,6,1,3,0,0,0,0,0,0,1,0,1,2,7
Brice Sensabaugh,https://www.basketball-reference.com/players/s/sensabr01.html,2024,2024-02-25,UTA,SAS,,"W, 128-109",,15:37,2,3,1,1,0,0,0,3,3,1,0,0,1,0,5
Brice Sensabaugh,https://www.basketball-reference.com/players/s/sensabr01.html,2024,2024-02-27,UTA,ATL,@,"L, 97-124",,17:24,2,5,2,4,0,0,0,1,1,0,0,0,1,3,6
Brice Sensabaugh,https://www.basketball-reference.com/players/s/sensabr01.html,2024,2024-02-29,UTA,ORL,@,"L, 107-115",,13:48,0,2,0,2,2,2,0,1,1,1,0,0,3,4,2
Brice Sensabaugh,https://www.basketball-reference.com/players/s/sensabr01.html,2024,2024-03-02,UTA,MIA,@,"L, 120-126",,12:31,2,4,2,3,0,0,0,0,0,0,0,0,2,1,6
Brice Sensabaugh,https://www.basketball-reference.com/players/s/sensabr01.html,2024,2024-03-04,UTA,WAS,,"W, 127-115",,20:58,3,9,1,5,0,0,0,2,2,2,0,0,1,1,7
Brice Sensabaugh,https://www.basketball-reference.com/players/s/sensabr01.html,2024,2024-03-06,UTA,CHI,,"L, 117-119",,29:44,5,8,2,4,3,3,3,9,12,1,0,0,1,2,15
Brice Sensabaugh,https://www.basketball-reference.com/players/s/sensabr01.html,2024,2024-03-09,UTA,DEN,@,"L, 121-142",,31:50,7,11,0,3,2,3,1,1,2,3,3,0,5,0,16
Brice Sensabaugh,https://www.basketball-reference.com/players/s/sensabr01.html,2024,2024-03-12,UTA,BOS,,"L, 107-123",,23:03,1,5,0,2,0,0,0,4,4,4,0,0,0,1,2
Brice Sensabaugh,https://www.basketball-reference.com/players/s/sensabr01.html,2024,2024-03-15,UTA,ATL,,"W, 124-122",,28:17,5,9,0,4,4,4,0,4,4,2,0,0,1,2,14
Brice Sensabaugh,https://www.basketball-reference.com/players/s/sensabr01.html,2024,2024-03-16,UTA,MIN,,"L, 100-119",,26:48,4,12,0,5,0,0,2,5,7,2,0,0,3,1,8
Brice Sensabaugh,https://www.basketball-reference.com/players/s/sensabr01.html,2024,2024-03-18,UTA,MIN,,"L, 104-114",,14:48,1,5,1,3,0,0,0,1,1,3,0,0,0,1,3
Brice Sensabaugh,https://www.basketball-reference.com/players/s/sensabr01.html,2024,2024-03-20,UTA,OKC,@,"L, 107-119",,20:10,2,9,0,3,0,0,1,5,6,1,1,0,4,1,4
Brice Sensabaugh,https://www.basketball-reference.com/players/s/sensabr01.html,2024,2024-03-21,UTA,DAL,@,"L, 97-113",,19:31,1,7,0,4,1,2,1,7,8,5,1,2,2,1,3
Brice Sensabaugh,https://www.basketball-reference.com/players/s/sensabr01.html,2024,2024-03-23,UTA,HOU,@,"L, 119-147",,27:17,5,14,2,10,4,5,0,4,4,4,0,0,2,0,16
Brice Sensabaugh,https://www.basketball-reference.com/players/s/sensabr01.html,2024,2024-03-25,UTA,DAL,,"L, 105-115",,16:21,1,3,1,2,0,0,0,3,3,1,0,0,2,2,3
Brice Sensabaugh,https://www.basketball-reference.com/players/s/sensabr01.html,2024,2024-03-27,UTA,SAS,,"L, 111-118",,13:28,3,5,1,2,2,2,0,1,1,1,1,0,2,2,9
Brice Sensabaugh,https://www.basketball-reference.com/players/s/sensabr01.html,2024,2024-03-29,UTA,HOU,,"L, 100-101",,24:44,0,8,0,7,0,0,1,3,4,5,1,0,2,1,0
Brice Sensabaugh,https://www.basketball-reference.com/players/s/sensabr01.html,2024,2024-03-31,UTA,SAC,@,"L, 106-127",,33:41,6,14,5,10,5,6,1,3,4,3,2,0,4,1,22
Brice Sensabaugh,https://www.basketball-reference.com/players/s/sensabr01.html,2024,2024-04-02,UTA,CLE,,"L, 113-129",,30:24,8,14,6,9,0,0,1,6,7,4,1,0,2,3,22
Brice Sensabaugh,https://www.basketball-reference.com/players/s/sensabr01.html,2024,2024-04-05,UTA,LAC,@,"L, 102-131",,13:27,1,4,0,1,2,2,0,4,4,1,0,1,1,4,4
Brice Sensabaugh,https://www.basketball-reference.com/players/s/sensabr01.html,2024,2024-04-07,UTA,GSW,@,"L, 110-118",,27:05,4,7,1,2,0,0,0,3,3,3,0,1,1,2,9
Brice Sensabaugh,https://www.basketball-reference.com/players/s/sensabr01.html,2024,2024-04-09,UTA,DEN,,"L, 95-111",,20:40,2,9,1,2,5,5,1,4,5,2,0,0,0,2,10
Brice Sensabaugh,https://www.basketball-reference.com/players/s/sensabr01.html,2024,2024-04-11,UTA,HOU,,"W, 124-121",,24:07,5,12,4,9,3,3,1,5,6,3,0,0,0,2,17
Brice Sensabaugh,https://www.basketball-reference.com/players/s/sensabr01.html,2024,2024-04-12,UTA,LAC,@,"W, 110-109",,20:57,3,8,0,4,3,3,1,2,3,1,1,2,0,0,9
Brice Sensabaugh,https://www.basketball-reference.com/players/s/sensabr01.html,2024,2024-04-14,UTA,GSW,@,"L, 116-123",,28:51,6,15,2,7,0,0,1,2,3,0,1,0,5,3,14
Jules Bernard,https://www.basketball-reference.com/players/b/bernaju01.html,2024,2023-12-08,WAS,BRK,@,"L, 97-124",,03:56,0,1,0,1,0,0,0,0,0,1,0,0,0,0,0
Jules Bernard,https://www.basketball-reference.com/players/b/bernaju01.html,2024,2023-12-11,WAS,PHI,@,"L, 101-146",,06:11,1,4,0,2,0,0,1,0,1,0,0,0,1,1,2
Jules Bernard,https://www.basketball-reference.com/players/b/bernaju01.html,2024,2023-12-13,WAS,NOP,,"L, 122-142",,,,,,,,,,,,,,,,,
Jules Bernard,https://www.basketball-reference.com/players/b/bernaju01.html,2024,2023-12-15,WAS,IND,,"W, 137-123",,,,,,,,,,,,,,,,,
Jules Bernard,https://www.basketball-reference.com/players/b/bernaju01.html,2024,2023-12-17,WAS,PHO,@,"L, 108-112",,,,,,,,,,,,,,,,,
Jules Bernard,https://www.basketball-reference.com/players/b/bernaju01.html,2024,2023-12-18,WAS,SAC,@,"L, 131-143",,,,,,,,,,,,,,,,,
Jules Bernard,https://www.basketball-reference.com/players/b/bernaju01.html,2024,2023-12-21,WAS,POR,@,"W, 118-117",,,,,,,,,,,,,,,,,
Jules Bernard,https://www.basketball-reference.com/players/b/bernaju01.html,2024,2023-12-22,WAS,GSW,@,"L, 118-129",,,,,,,,,,,,,,,,,
Jules Bernard,https://www.basketball-reference.com/players/b/bernaju01.html,2024,2023-12-26,WAS,ORL,,"L, 119-127",,,,,,,,,,,,,,,,,
Jules Bernard,https://www.basketball-reference.com/players/b/bernaju01.html,2024,2023-12-27,WAS,TOR,,"L, 102-132",,,,,,,,,,,,,,,,,
Jules Bernard,https://www.basketball-reference.com/players/b/bernaju01.html,2024,2023-12-29,WAS,BRK,,"W, 110-104",,,,,,,,,,,,,,,,,
Jules Bernard,https://www.basketball-reference.com/players/b/bernaju01.html,2024,2023-12-31,WAS,ATL,,"L, 126-130",,,,,,,,,,,,,,,,,
Jules Bernard,https://www.basketball-reference.com/players/b/bernaju01.html,2024,,,,,,,,,,,,,,,,,,,,,,
Jules Bernard,https://www.basketball-reference.com/players/b/bernaju01.html,2024,2024-01-03,WAS,CLE,@,"L, 101-140",,,,,,,,,,,,,,,,,
Jules Bernard,https://www.basketball-reference.com/players/b/bernaju01.html,2024,2024-01-05,WAS,CLE,@,"L, 90-114",,,,,,,,,,,,,,,,,
Jules Bernard,https://www.basketball-reference.com/players/b/bernaju01.html,2024,2024-01-06,WAS,NYK,,"L, 105-121",,,,,,,,,,,,,,,,,
Jules Bernard,https://www.basketball-reference.com/players/b/bernaju01.html,2024,2024-01-08,WAS,OKC,,"L, 128-136",,,,,,,,,,,,,,,,,
Jules Bernard,https://www.basketball-reference.com/players/b/bernaju01.html,2024,2024-01-10,WAS,IND,@,"L, 104-112",,,,,,,,,,,,,,,,,
Jules Bernard,https://www.basketball-reference.com/players/b/bernaju01.html,2024,2024-01-13,WAS,ATL,@,"W, 127-99",,04:36,0,3,0,3,0,0,0,0,0,0,0,0,0,2,0
Jules Bernard,https://www.basketball-reference.com/players/b/bernaju01.html,2024,2024-01-15,WAS,DET,,"L, 117-129",,,,,,,,,,,,,,,,,
Jules Bernard,https://www.basketball-reference.com/players/b/bernaju01.html,2024,2024-01-18,WAS,NYK,@,"L, 109-113",,,,,,,,,,,,,,,,,
Jules Bernard,https://www.basketball-reference.com/players/b/bernaju01.html,2024,2024-01-20,WAS,SAS,,"L, 127-131",,,,,,,,,,,,,,,,,
Jules Bernard,https://www.basketball-reference.com/players/b/bernaju01.html,2024,2024-01-21,WAS,DEN,,"L, 104-113",,,,,,,,,,,,,,,,,
Jules Bernard,https://www.basketball-reference.com/players/b/bernaju01.html,2024,2024-01-24,WAS,MIN,,"L, 107-118",,,,,,,,,,,,,,,,,
Jules Bernard,https://www.basketball-reference.com/players/b/bernaju01.html,2024,2024-01-25,WAS,UTA,,"L, 108-123",,00:50,0,1,0,1,0,0,0,0,0,0,0,0,0,0,0
Jules Bernard,https://www.basketball-reference.com/players/b/bernaju01.html,2024,2024-01-27,WAS,DET,@,"W, 118-104",,,,,,,,,,,,,,,,,
Jules Bernard,https://www.basketball-reference.com/players/b/bernaju01.html,2024,2024-01-29,WAS,SAS,@,"W, 118-113",,,,,,,,,,,,,,,,,
Jules Bernard,https://www.basketball-reference.com/players/b/bernaju01.html,2024,2024-01-31,WAS,LAC,,"L, 109-125",,05:27,1,1,0,0,0,0,1,2,3,1,0,0,0,1,2
Jules Bernard,https://www.basketball-reference.com/players/b/bernaju01.html,2024,2024-02-02,WAS,MIA,,"L, 102-110",,,,,,,,,,,,,,,,,
Jules Bernard,https://www.basketball-reference.com/players/b/bernaju01.html,2024,2024-02-04,WAS,PHO,,"L, 112-140",,06:56,1,2,1,1,0,0,0,1,1,3,1,1,1,0,3
Jules Bernard,https://www.basketball-reference.com/players/b/bernaju01.html,2024,2024-02-07,WAS,CLE,,"L, 106-114",,,,,,,,,,,,,,,,,
Jules Bernard,https://www.basketball-reference.com/players/b/bernaju01.html,2024,2024-02-09,WAS,BOS,@,"L, 129-133",,,,,,,,,,,,,,,,,
Jules Bernard,https://www.basketball-reference.com/players/b/bernaju01.html,2024,2024-02-10,WAS,PHI,,"L, 113-119",,,,,,,,,,,,,,,,,
Jules Bernard,https://www.basketball-reference.com/players/b/bernaju01.html,2024,2024-02-12,WAS,DAL,@,"L, 104-112",,,,,,,,,,,,,,,,,
Jules Bernard,https://www.basketball-reference.com/players/b/bernaju01.html,2024,2024-02-14,WAS,NOP,@,"L, 126-133",,,,,,,,,,,,,,,,,
Jules Bernard,https://www.basketball-reference.com/players/b/bernaju01.html,2024,2024-02-22,WAS,DEN,@,"L, 110-130",,,,,,,,,,,,,,,,,
Jules Bernard,https://www.basketball-reference.com/players/b/bernaju01.html,2024,2024-02-23,WAS,OKC,@,"L, 106-147",,,,,,,,,,,,,,,,,
Jules Bernard,https://www.basketball-reference.com/players/b/bernaju01.html,2024,2024-02-25,WAS,CLE,,"L, 105-114",,,,,,,,,,,,,,,,,
Jules Bernard,https://www.basketball-reference.com/players/b/bernaju01.html,2024,2024-02-27,WAS,GSW,,"L, 112-123",,,,,,,,,,,,,,,,,
Jules Bernard,https://www.basketball-reference.com/players/b/bernaju01.html,2024,2024-02-29,WAS,LAL,@,"L, 131-134 (OT)",,01:25,0,0,0,0,0,0,0,0,0,0,0,0,0,0,0
Jules Bernard,https://www.basketball-reference.com/players/b/bernaju01.html,2024,2024-03-01,WAS,LAC,@,"L, 115-140",,06:31,1,1,1,1,1,2,1,0,1,0,0,0,0,0,4
Jules Bernard,https://www.basketball-reference.com/players/b/bernaju01.html,2024,2024-03-04,WAS,UTA,@,"L, 115-127",,,,,,,,,,,,,,,,,
Jules Bernard,https://www.basketball-reference.com/players/b/bernaju01.html,2024,2024-03-06,WAS,ORL,,"L, 109-119",,,,,,,,,,,,,,,,,
Jules Bernard,https://www.basketball-reference.com/players/b/bernaju01.html,2024,2024-03-08,WAS,CHO,,"W, 112-100",,,,,,,,,,,,,,,,,
Jules Bernard,https://www.basketball-reference.com/players/b/bernaju01.html,2024,2024-03-10,WAS,MIA,@,"W, 110-108",,,,,,,,,,,,,,,,,
Jules Bernard,https://www.basketball-reference.com/players/b/bernaju01.html,2024,2024-03-12,WAS,MEM,@,"L, 97-109",,,,,,,,,,,,,,,,,
Jules Bernard,https://www.basketball-reference.com/players/b/bernaju01.html,2024,2024-03-14,WAS,HOU,@,"L, 119-135",,03:00,3,4,1,2,0,1,0,0,0,0,0,0,0,2,7
Jules Bernard,https://www.basketball-reference.com/players/b/bernaju01.html,2024,2024-03-16,WAS,CHI,@,"L, 98-127",,03:40,0,1,0,0,0,0,0,0,0,1,0,0,0,0,0
Jules Bernard,https://www.basketball-reference.com/players/b/bernaju01.html,2024,2024-03-17,WAS,BOS,,"L, 104-130",,23:49,5,12,1,4,1,1,2,2,4,1,0,0,2,0,12
Jules Bernard,https://www.basketball-reference.com/players/b/bernaju01.html,2024,2024-03-19,WAS,HOU,,"L, 114-137",,18:58,6,11,3,5,1,2,2,0,2,4,0,0,0,2,16
Jules Bernard,https://www.basketball-reference.com/players/b/bernaju01.html,2024,2024-03-21,WAS,SAC,,"W, 109-102",,,,,,,,,,,,,,,,,
Jules Bernard,https://www.basketball-reference.com/players/b/bernaju01.html,2024,2024-03-23,WAS,TOR,,"W, 112-109",,,,,,,,,,,,,,,,,
Jules Bernard,https://www.basketball-reference.com/players/b/bernaju01.html,2024,2024-03-25,WAS,CHI,@,"W, 107-105",,13:21,1,5,1,2,0,0,0,2,2,1,1,0,0,3,3
Jules Bernard,https://www.basketball-reference.com/players/b/bernaju01.html,2024,2024-03-27,WAS,BRK,,"L, 119-122 (OT)",,,,,,,,,,,,,,,,,
Jules Bernard,https://www.basketball-reference.com/players/b/bernaju01.html,2024,2024-03-29,WAS,DET,,"L, 87-96",,04:36,0,2,0,2,0,0,0,1,1,0,0,0,0,0,0
Jules Bernard,https://www.basketball-reference.com/players/b/bernaju01.html,2024,2024-03-31,WAS,MIA,,"L, 107-119",,08:10,2,2,1,1,1,2,0,1,1,1,0,0,0,0,6
Jules Bernard,https://www.basketball-reference.com/players/b/bernaju01.html,2024,2024-04-02,WAS,MIL,,"W, 117-113",,,,,,,,,,,,,,,,,
Jules Bernard,https://www.basketball-reference.com/players/b/bernaju01.html,2024,2024-04-03,WAS,LAL,,"L, 120-125",,01:21,0,0,0,0,0,0,0,0,0,0,0,0,0,0,0
Jules Bernard,https://www.basketball-reference.com/players/b/bernaju01.html,2024,2024-04-05,WAS,POR,,"L, 102-108",,,,,,,,,,,,,,,,,
Jules Bernard,https://www.basketball-reference.com/players/b/bernaju01.html,2024,2024-04-07,WAS,TOR,@,"L, 122-130",,04:20,0,1,0,0,0,0,0,1,1,0,0,0,0,1,0
Jules Bernard,https://www.basketball-reference.com/players/b/bernaju01.html,2024,2024-04-09,WAS,MIN,@,"L, 121-130",,07:51,3,3,0,0,0,0,1,2,3,0,0,0,2,2,6
Jules Bernard,https://www.basketball-reference.com/players/b/bernaju01.html,2024,2024-04-12,WAS,CHI,,"L, 127-129",,,,,,,,,,,,,,,,,
Jules Bernard,https://www.basketball-reference.com/players/b/bernaju01.html,2024,2024-04-14,WAS,BOS,@,"L, 122-132",,24:18,5,10,2,4,1,1,2,4,6,3,1,0,2,0,13
Bilal Coulibaly,https://www.basketball-reference.com/players/c/coulibi01.html,2024,2023-10-25,WAS,IND,@,"L, 120-143",,23:08,1,3,1,1,0,0,0,4,4,3,0,3,3,1,3
Bilal Coulibaly,https://www.basketball-reference.com/players/c/coulibi01.html,2024,2023-10-28,WAS,MEM,,"W, 113-106",,14:13,0,2,0,1,0,0,0,1,1,0,0,1,1,1,0
Bilal Coulibaly,https://www.basketball-reference.com/players/c/coulibi01.html,2024,2023-10-30,WAS,BOS,,"L, 107-126",,27:51,4,12,1,6,0,0,2,3,5,1,1,2,1,0,9
Bilal Coulibaly,https://www.basketball-reference.com/players/c/coulibi01.html,2024,,,,,,,,,,,,,,,,,,,,,,
Bilal Coulibaly,https://www.basketball-reference.com/players/c/coulibi01.html,2024,2023-11-01,WAS,ATL,@,"L, 121-130",,27:37,2,5,1,4,0,2,1,2,3,3,3,0,3,2,5
Bilal Coulibaly,https://www.basketball-reference.com/players/c/coulibi01.html,2024,2023-11-03,WAS,MIA,@,"L, 114-121",,26:17,4,5,1,2,0,2,0,3,3,3,0,0,1,1,9
Bilal Coulibaly,https://www.basketball-reference.com/players/c/coulibi01.html,2024,2023-11-06,WAS,PHI,@,"L, 128-146",,19:19,3,7,1,3,3,3,0,3,3,0,0,1,0,3,10
Bilal Coulibaly,https://www.basketball-reference.com/players/c/coulibi01.html,2024,2023-11-08,WAS,CHO,@,"W, 132-116",,29:34,2,3,2,3,0,0,0,2,2,1,0,0,0,5,6
Bilal Coulibaly,https://www.basketball-reference.com/players/c/coulibi01.html,2024,2023-11-10,WAS,CHO,,"L, 117-124",,19:38,2,4,2,4,4,4,0,2,2,1,0,0,2,1,10
Bilal Coulibaly,https://www.basketball-reference.com/players/c/coulibi01.html,2024,2023-11-12,WAS,BRK,@,"L, 94-102",,33:54,8,12,4,7,0,1,1,6,7,3,4,0,2,0,20
Bilal Coulibaly,https://www.basketball-reference.com/players/c/coulibi01.html,2024,2023-11-13,WAS,TOR,@,"L, 107-111",,33:16,4,7,1,1,1,3,1,6,7,3,3,1,0,4,10
Bilal Coulibaly,https://www.basketball-reference.com/players/c/coulibi01.html,2024,2023-11-15,WAS,DAL,,"L, 117-130",,27:58,4,5,2,2,0,0,0,8,8,2,0,1,0,3,10
Bilal Coulibaly,https://www.basketball-reference.com/players/c/coulibi01.html,2024,2023-11-17,WAS,NYK,,"L, 99-120",,30:55,2,7,0,3,2,3,0,3,3,4,0,1,2,1,6
Bilal Coulibaly,https://www.basketball-reference.com/players/c/coulibi01.html,2024,2023-11-20,WAS,MIL,,"L, 129-142",,25:16,5,7,2,2,0,0,1,2,3,1,2,0,1,3,12
Bilal Coulibaly,https://www.basketball-reference.com/players/c/coulibi01.html,2024,2023-11-22,WAS,CHO,@,"L, 114-117",,19:00,2,6,0,2,3,3,0,0,0,2,0,1,1,4,7
Bilal Coulibaly,https://www.basketball-reference.com/players/c/coulibi01.html,2024,2023-11-24,WAS,MIL,@,"L, 128-131",,,,,,,,,,,,,,,,,
Bilal Coulibaly,https://www.basketball-reference.com/players/c/coulibi01.html,2024,2023-11-25,WAS,ATL,,"L, 108-136",,31:40,3,5,1,2,0,0,0,3,3,2,1,1,3,1,7
Bilal Coulibaly,https://www.basketball-reference.com/players/c/coulibi01.html,2024,2023-11-27,WAS,DET,@,"W, 126-107",,27:34,2,6,0,2,1,1,0,4,4,0,2,1,2,1,5
Bilal Coulibaly,https://www.basketball-reference.com/players/c/coulibi01.html,2024,2023-11-29,WAS,ORL,@,"L, 120-139",,25:07,2,5,1,1,2,2,1,4,5,0,0,0,2,1,7
Bilal Coulibaly,https://www.basketball-reference.com/players/c/coulibi01.html,2024,2023-12-01,WAS,ORL,@,"L, 125-130",,31:37,6,7,0,0,0,0,1,4,5,0,3,0,2,1,12
Bilal Coulibaly,https://www.basketball-reference.com/players/c/coulibi01.html,2024,2023-12-06,WAS,PHI,,"L, 126-131",,27:31,6,10,1,5,1,1,0,1,1,3,3,0,2,1,14
Bilal Coulibaly,https://www.basketball-reference.com/players/c/coulibi01.html,2024,2023-12-08,WAS,BRK,@,"L, 97-124",,25:27,4,6,1,2,2,4,4,6,10,2,0,0,2,3,11
Bilal Coulibaly,https://www.basketball-reference.com/players/c/coulibi01.html,2024,2023-12-11,WAS,PHI,@,"L, 101-146",,30:52,4,11,2,7,3,6,3,5,8,4,1,1,3,0,13
Bilal Coulibaly,https://www.basketball-reference.com/players/c/coulibi01.html,2024,2023-12-13,WAS,NOP,,"L, 122-142",,31:50,6,9,4,6,0,2,1,4,5,1,1,1,2,3,16
Bilal Coulibaly,https://www.basketball-reference.com/players/c/coulibi01.html,2024,2023-12-15,WAS,IND,,"W, 137-123",,30:02,6,9,2,3,3,3,1,4,5,0,2,1,4,2,17
Bilal Coulibaly,https://www.basketball-reference.com/players/c/coulibi01.html,2024,2023-12-17,WAS,PHO,@,"L, 108-112",,20:01,2,7,2,6,0,0,0,1,1,1,0,0,0,3,6
Bilal Coulibaly,https://www.basketball-reference.com/players/c/coulibi01.html,2024,2023-12-18,WAS,SAC,@,"L, 131-143",,33:02,3,7,0,2,5,7,1,3,4,2,0,1,0,1,11
Bilal Coulibaly,https://www.basketball-reference.com/players/c/coulibi01.html,2024,2023-12-21,WAS,POR,@,"W, 118-117",,17:51,1,1,0,0,0,0,0,2,2,2,0,0,0,5,2
Bilal Coulibaly,https://www.basketball-reference.com/players/c/coulibi01.html,2024,2023-12-22,WAS,GSW,@,"L, 118-129",,32:03,3,8,1,2,0,0,0,3,3,2,1,1,2,1,7
Bilal Coulibaly,https://www.basketball-reference.com/players/c/coulibi01.html,2024,2023-12-26,WAS,ORL,,"L, 119-127",,25:33,1,1,0,0,2,2,2,4,6,3,0,2,2,4,4
Bilal Coulibaly,https://www.basketball-reference.com/players/c/coulibi01.html,2024,2023-12-27,WAS,TOR,,"L, 102-132",,24:34,4,8,1,4,1,2,0,4,4,2,0,0,1,2,10
Bilal Coulibaly,https://www.basketball-reference.com/players/c/coulibi01.html,2024,2023-12-29,WAS,BRK,,"W, 110-104",,19:32,2,3,0,0,0,0,2,4,6,2,0,0,1,3,4
Bilal Coulibaly,https://www.basketball-reference.com/players/c/coulibi01.html,2024,2023-12-31,WAS,ATL,,"L, 126-130",,17:25,0,3,0,1,2,2,1,3,4,3,0,0,0,2,2
Bilal Coulibaly,https://www.basketball-reference.com/players/c/coulibi01.html,2024,2024-01-03,WAS,CLE,@,"L, 101-140",,32:33,2,12,1,4,0,2,1,4,5,1,3,2,2,4,5
Bilal Coulibaly,https://www.basketball-reference.com/players/c/coulibi01.html,2024,2024-01-05,WAS,CLE,@,"L, 90-114",,36:08,6,13,2,4,1,3,2,5,7,1,1,3,1,0,15
Bilal Coulibaly,https://www.basketball-reference.com/players/c/coulibi01.html,2024,2024-01-06,WAS,NYK,,"L, 105-121",,27:46,2,5,0,2,0,0,2,1,3,3,0,0,3,3,4
Bilal Coulibaly,https://www.basketball-reference.com/players/c/coulibi01.html,2024,2024-01-08,WAS,OKC,,"L, 128-136",,24:46,1,4,1,2,2,2,1,4,5,3,0,2,0,2,5
Bilal Coulibaly,https://www.basketball-reference.com/players/c/coulibi01.html,2024,2024-01-10,WAS,IND,@,"L, 104-112",,22:20,1,5,0,1,3,4,1,5,6,1,0,1,0,4,5
Bilal Coulibaly,https://www.basketball-reference.com/players/c/coulibi01.html,2024,2024-01-13,WAS,ATL,@,"W, 127-99",,27:49,3,8,1,2,5,6,0,6,6,3,2,1,1,4,12
Bilal Coulibaly,https://www.basketball-reference.com/players/c/coulibi01.html,2024,2024-01-15,WAS,DET,,"L, 117-129",,27:08,1,4,0,1,0,0,1,3,4,2,0,0,0,2,2
Bilal Coulibaly,https://www.basketball-reference.com/players/c/coulibi01.html,2024,2024-01-18,WAS,NYK,@,"L, 109-113",,16:59,1,4,1,3,2,2,0,3,3,2,0,0,0,3,5
Bilal Coulibaly,https://www.basketball-reference.com/players/c/coulibi01.html,2024,2024-01-20,WAS,SAS,,"L, 127-131",,23:00,6,9,2,2,0,2,2,2,4,1,0,1,1,1,14
Bilal Coulibaly,https://www.basketball-reference.com/players/c/coulibi01.html,2024,2024-01-21,WAS,DEN,,"L, 104-113",,31:00,4,9,1,3,0,0,1,2,3,1,1,4,2,2,9
Bilal Coulibaly,https://www.basketball-reference.com/players/c/coulibi01.html,2024,2024-01-24,WAS,MIN,,"L, 107-118",,20:25,2,7,0,3,0,0,0,0,0,1,0,0,3,1,4
Bilal Coulibaly,https://www.basketball-reference.com/players/c/coulibi01.html,2024,2024-01-25,WAS,UTA,,"L, 108-123",,28:53,0,5,0,2,2,2,0,1,1,2,3,0,2,1,2
Bilal Coulibaly,https://www.basketball-reference.com/players/c/coulibi01.html,2024,2024-01-27,WAS,DET,@,"W, 118-104",,31:10,2,7,1,3,3,3,0,7,7,2,1,1,1,3,8
Bilal Coulibaly,https://www.basketball-reference.com/players/c/coulibi01.html,2024,2024-01-29,WAS,SAS,@,"W, 118-113",,30:37,5,6,2,2,1,1,1,0,1,1,2,1,1,2,13
Bilal Coulibaly,https://www.basketball-reference.com/players/c/coulibi01.html,2024,2024-01-31,WAS,LAC,,"L, 109-125",,37:00,8,16,1,4,2,3,2,2,4,2,1,2,1,2,19
Bilal Coulibaly,https://www.basketball-reference.com/players/c/coulibi01.html,2024,2024-02-02,WAS,MIA,,"L, 102-110",,25:12,1,4,0,2,3,3,0,4,4,3,1,1,1,2,5
Bilal Coulibaly,https://www.basketball-reference.com/players/c/coulibi01.html,2024,2024-02-04,WAS,PHO,,"L, 112-140",,25:10,0,2,0,1,0,0,0,1,1,0,0,0,1,0,0
Bilal Coulibaly,https://www.basketball-reference.com/players/c/coulibi01.html,2024,2024-02-07,WAS,CLE,,"L, 106-114",,28:17,2,5,1,2,1,1,0,3,3,1,0,0,4,4,6
Bilal Coulibaly,https://www.basketball-reference.com/players/c/coulibi01.html,2024,2024-02-09,WAS,BOS,@,"L, 129-133",,32:31,6,18,4,12,5,5,3,5,8,3,2,0,2,4,21
Bilal Coulibaly,https://www.basketball-reference.com/players/c/coulibi01.html,2024,2024-02-10,WAS,PHI,,"L, 113-119",,30:11,3,6,0,1,7,10,3,2,5,1,0,0,3,1,13
Bilal Coulibaly,https://www.basketball-reference.com/players/c/coulibi01.html,2024,2024-02-12,WAS,DAL,@,"L, 104-112",,30:24,1,10,1,4,1,2,4,3,7,1,0,2,1,2,4
Bilal Coulibaly,https://www.basketball-reference.com/players/c/coulibi01.html,2024,2024-02-14,WAS,NOP,@,"L, 126-133",,26:38,3,6,0,2,0,0,0,3,3,1,1,0,4,5,6
Bilal Coulibaly,https://www.basketball-reference.com/players/c/coulibi01.html,2024,2024-02-22,WAS,DEN,@,"L, 110-130",,32:02,2,6,0,3,0,1,0,1,1,2,1,1,0,1,4
Bilal Coulibaly,https://www.basketball-reference.com/players/c/coulibi01.html,2024,2024-02-23,WAS,OKC,@,"L, 106-147",,30:31,4,10,2,5,1,3,2,3,5,2,2,0,0,1,11
Bilal Coulibaly,https://www.basketball-reference.com/players/c/coulibi01.html,2024,2024-02-25,WAS,CLE,,"L, 105-114",,05:38,1,1,0,0,1,2,0,1,1,1,0,0,1,2,3
Bilal Coulibaly,https://www.basketball-reference.com/players/c/coulibi01.html,2024,2024-02-27,WAS,GSW,,"L, 112-123",,,,,,,,,,,,,,,,,
Bilal Coulibaly,https://www.basketball-reference.com/players/c/coulibi01.html,2024,2024-02-29,WAS,LAL,@,"L, 131-134 (OT)",,,,,,,,,,,,,,,,,
Bilal Coulibaly,https://www.basketball-reference.com/players/c/coulibi01.html,2024,2024-03-01,WAS,LAC,@,"L, 115-140",,,,,,,,,,,,,,,,,
Bilal Coulibaly,https://www.basketball-reference.com/players/c/coulibi01.html,2024,2024-03-04,WAS,UTA,@,"L, 115-127",,33:13,2,7,1,2,2,2,1,3,4,1,0,1,0,3,7
Bilal Coulibaly,https://www.basketball-reference.com/players/c/coulibi01.html,2024,2024-03-06,WAS,ORL,,"L, 109-119",,28:13,2,7,0,4,3,3,0,4,4,1,1,1,0,3,7
Bilal Coulibaly,https://www.basketball-reference.com/players/c/coulibi01.html,2024,2024-03-08,WAS,CHO,,"W, 112-100",,27:05,4,7,1,4,2,2,1,3,4,0,1,1,2,3,11
Bilal Coulibaly,https://www.basketball-reference.com/players/c/coulibi01.html,2024,2024-03-10,WAS,MIA,@,"W, 110-108",,36:19,4,8,3,5,0,0,0,4,4,1,2,2,1,2,11
Bilal Coulibaly,https://www.basketball-reference.com/players/c/coulibi01.html,2024,2024-03-12,WAS,MEM,@,"L, 97-109",,32:21,3,12,3,10,2,2,1,4,5,4,2,1,2,3,11
Bilal Coulibaly,https://www.basketball-reference.com/players/c/coulibi01.html,2024,2024-03-14,WAS,HOU,@,"L, 119-135",,33:55,3,9,0,3,4,4,2,1,3,4,2,0,0,1,10
Bilal Coulibaly,https://www.basketball-reference.com/players/c/coulibi01.html,2024,2024-03-16,WAS,CHI,@,"L, 98-127",,30:21,5,9,1,3,4,8,2,6,8,2,1,0,2,3,15
Bilal Coulibaly,https://www.basketball-reference.com/players/c/coulibi01.html,2024,2024-03-17,WAS,BOS,,"L, 104-130",,,,,,,,,,,,,,,,,
Bilal Coulibaly,https://www.basketball-reference.com/players/c/coulibi01.html,2024,2024-03-19,WAS,HOU,,"L, 114-137",,,,,,,,,,,,,,,,,
Bilal Coulibaly,https://www.basketball-reference.com/players/c/coulibi01.html,2024,2024-03-21,WAS,SAC,,"W, 109-102",,,,,,,,,,,,,,,,,
Bilal Coulibaly,https://www.basketball-reference.com/players/c/coulibi01.html,2024,2024-03-23,WAS,TOR,,"W, 112-109",,,,,,,,,,,,,,,,,
Bilal Coulibaly,https://www.basketball-reference.com/players/c/coulibi01.html,2024,2024-03-25,WAS,CHI,@,"W, 107-105",,,,,,,,,,,,,,,,,
Bilal Coulibaly,https://www.basketball-reference.com/players/c/coulibi01.html,2024,2024-03-27,WAS,BRK,,"L, 119-122 (OT)",,,,,,,,,,,,,,,,,
Bilal Coulibaly,https://www.basketball-reference.com/players/c/coulibi01.html,2024,2024-03-29,WAS,DET,,"L, 87-96",,,,,,,,,,,,,,,,,
Bilal Coulibaly,https://www.basketball-reference.com/players/c/coulibi01.html,2024,2024-03-31,WAS,MIA,,"L, 107-119",,,,,,,,,,,,,,,,,
Bilal Coulibaly,https://www.basketball-reference.com/players/c/coulibi01.html,2024,2024-04-02,WAS,MIL,,"W, 117-113",,,,,,,,,,,,,,,,,
Bilal Coulibaly,https://www.basketball-reference.com/players/c/coulibi01.html,2024,2024-04-03,WAS,LAL,,"L, 120-125",,,,,,,,,,,,,,,,,
Bilal Coulibaly,https://www.basketball-reference.com/players/c/coulibi01.html,2024,2024-04-05,WAS,POR,,"L, 102-108",,,,,,,,,,,,,,,,,
Bilal Coulibaly,https://www.basketball-reference.com/players/c/coulibi01.html,2024,2024-04-07,WAS,TOR,@,"L, 122-130",,,,,,,,,,,,,,,,,
Bilal Coulibaly,https://www.basketball-reference.com/players/c/coulibi01.html,2024,2024-04-09,WAS,MIN,@,"L, 121-130",,,,,,,,,,,,,,,,,
Bilal Coulibaly,https://www.basketball-reference.com/players/c/coulibi01.html,2024,2024-04-12,WAS,CHI,,"L, 127-129",,,,,,,,,,,,,,,,,
Bilal Coulibaly,https://www.basketball-reference.com/players/c/coulibi01.html,2024,2024-04-14,WAS,BOS,@,"L, 122-132",,,,,,,,,,,,,,,,,
Tristan Vukcevic,https://www.basketball-reference.com/players/v/vukcetr01.html,2024,2024-03-14,WAS,HOU,@,"L, 119-135",,,,,,,,,,,,,,,,,
Tristan Vukcevic,https://www.basketball-reference.com/players/v/vukcetr01.html,2024,2024-03-16,WAS,CHI,@,"L, 98-127",,,,,,,,,,,,,,,,,
Tristan Vukcevic,https://www.basketball-reference.com/players/v/vukcetr01.html,2024,2024-03-17,WAS,BOS,,"L, 104-130",,,,,,,,,,,,,,,,,
Tristan Vukcevic,https://www.basketball-reference.com/players/v/vukcetr01.html,2024,2024-03-19,WAS,HOU,,"L, 114-137",,,,,,,,,,,,,,,,,
Tristan Vukcevic,https://www.basketball-reference.com/players/v/vukcetr01.html,2024,2024-03-21,WAS,SAC,,"W, 109-102",,,,,,,,,,,,,,,,,
Tristan Vukcevic,https://www.basketball-reference.com/players/v/vukcetr01.html,2024,2024-03-23,WAS,TOR,,"W, 112-109",,03:00,0,0,0,0,0,0,0,1,1,0,0,0,0,0,0
Tristan Vukcevic,https://www.basketball-reference.com/players/v/vukcetr01.html,2024,2024-03-25,WAS,CHI,@,"W, 107-105",,09:00,2,5,2,4,0,0,0,3,3,0,0,0,1,2,6
Tristan Vukcevic,https://www.basketball-reference.com/players/v/vukcetr01.html,2024,2024-03-27,WAS,BRK,,"L, 119-122 (OT)",,04:14,0,2,0,1,0,0,0,1,1,0,1,1,1,1,0
Tristan Vukcevic,https://www.basketball-reference.com/players/v/vukcetr01.html,2024,2024-03-29,WAS,DET,,"L, 87-96",,02:24,0,0,0,0,0,0,0,2,2,0,0,0,0,0,0
Tristan Vukcevic,https://www.basketball-reference.com/players/v/vukcetr01.html,2024,2024-03-31,WAS,MIA,,"L, 107-119",,13:20,1,3,1,2,0,0,0,2,2,2,0,0,0,3,3
Tristan Vukcevic,https://www.basketball-reference.com/players/v/vukcetr01.html,2024,,,,,,,,,,,,,,,,,,,,,,
Tristan Vukcevic,https://www.basketball-reference.com/players/v/vukcetr01.html,2024,2024-04-02,WAS,MIL,,"W, 117-113",,31:02,5,11,1,6,3,3,1,6,7,3,1,0,1,4,14
Tristan Vukcevic,https://www.basketball-reference.com/players/v/vukcetr01.html,2024,2024-04-03,WAS,LAL,,"L, 120-125",,20:32,5,9,3,6,2,2,1,2,3,1,0,1,1,5,15
Tristan Vukcevic,https://www.basketball-reference.com/players/v/vukcetr01.html,2024,2024-04-05,WAS,POR,,"L, 102-108",,24:12,7,16,0,5,3,6,1,6,7,2,2,1,1,5,17
Tristan Vukcevic,https://www.basketball-reference.com/players/v/vukcetr01.html,2024,2024-04-07,WAS,TOR,@,"L, 122-130",,23:24,4,10,1,5,2,2,3,6,9,4,0,3,2,4,11
Tristan Vukcevic,https://www.basketball-reference.com/players/v/vukcetr01.html,2024,2024-04-09,WAS,MIN,@,"L, 121-130",,,,,,,,,,,,,,,,,
Tristan Vukcevic,https://www.basketball-reference.com/players/v/vukcetr01.html,2024,2024-04-12,WAS,CHI,,"L, 127-129",,22:15,5,11,2,7,7,9,0,1,1,1,1,1,3,4,19
Tristan Vukcevic,https://www.basketball-reference.com/players/v/vukcetr01.html,2024,2024-04-14,WAS,BOS,@,"L, 122-132",,,,,,,,,,,,,,,,,
