player,href,season,date,team,opp,home_away,result,gs,mp,fg,fga,fg3,fg3a,ft,fta,orb,drb,trb,ast,stl,blk,tov,pf,pts
Nathan Knight,https://www.basketball-reference.com/players/k/knighna01.html,2021,2020-12-23,ATL,CHI,@,"W, 124-104",,05:04,0,2,0,0,0,0,2,1,3,0,0,0,2,2,0
Nathan Knight,https://www.basketball-reference.com/players/k/knighna01.html,2021,2020-12-26,ATL,MEM,@,"W, 122-112",,08:35,4,5,2,3,4,5,1,2,3,0,0,0,1,1,14
Nathan Knight,https://www.basketball-reference.com/players/k/knighna01.html,2021,2020-12-28,ATL,DET,,"W, 128-120",,,,,,,,,,,,,,,,,
Nathan Knight,https://www.basketball-reference.com/players/k/knighna01.html,2021,2020-12-30,ATL,BRK,@,"L, 141-145",,,,,,,,,,,,,,,,,
Nathan Knight,https://www.basketball-reference.com/players/k/knighna01.html,2021,,,,,,,,,,,,,,,,,,,,,,
Nathan Knight,https://www.basketball-reference.com/players/k/knighna01.html,2021,2021-01-01,ATL,BRK,@,"W, 114-96",,00:54,0,0,0,0,0,0,0,0,0,0,0,0,0,0,0
Nathan Knight,https://www.basketball-reference.com/players/k/knighna01.html,2021,2021-01-02,ATL,CLE,,"L, 91-96",,,,,,,,,,,,,,,,,
Nathan Knight,https://www.basketball-reference.com/players/k/knighna01.html,2021,2021-01-04,ATL,NYK,,"L, 108-113",,,,,,,,,,,,,,,,,
Nathan Knight,https://www.basketball-reference.com/players/k/knighna01.html,2021,2021-01-06,ATL,CHO,,"L, 94-102",,02:45,0,1,0,1,0,0,0,0,0,0,0,0,0,1,0
Nathan Knight,https://www.basketball-reference.com/players/k/knighna01.html,2021,2021-01-09,ATL,CHO,@,"L, 105-113",,02:07,0,0,0,0,0,0,1,0,1,0,0,1,0,1,0
Nathan Knight,https://www.basketball-reference.com/players/k/knighna01.html,2021,2021-01-11,ATL,PHI,,"W, 112-94",,15:37,1,7,1,3,0,0,2,1,3,1,0,2,0,0,3
Nathan Knight,https://www.basketball-reference.com/players/k/knighna01.html,2021,2021-01-15,ATL,UTA,@,"L, 92-116",,,,,,,,,,,,,,,,,
Nathan Knight,https://www.basketball-reference.com/players/k/knighna01.html,2021,2021-01-16,ATL,POR,@,"L, 106-112",,,,,,,,,,,,,,,,,
Nathan Knight,https://www.basketball-reference.com/players/k/knighna01.html,2021,2021-01-18,ATL,MIN,,"W, 108-97",,,,,,,,,,,,,,,,,
Nathan Knight,https://www.basketball-reference.com/players/k/knighna01.html,2021,2021-01-20,ATL,DET,,"W, 123-115 (OT)",,05:15,0,0,0,0,0,0,0,1,1,0,0,0,1,1,0
Nathan Knight,https://www.basketball-reference.com/players/k/knighna01.html,2021,2021-01-22,ATL,MIN,@,"W, 116-98",,,,,,,,,,,,,,,,,
Nathan Knight,https://www.basketball-reference.com/players/k/knighna01.html,2021,2021-01-24,ATL,MIL,@,"L, 115-129",,,,,,,,,,,,,,,,,
Nathan Knight,https://www.basketball-reference.com/players/k/knighna01.html,2021,2021-01-26,ATL,LAC,,"W, 108-99",,,,,,,,,,,,,,,,,
Nathan Knight,https://www.basketball-reference.com/players/k/knighna01.html,2021,2021-01-27,ATL,BRK,,"L, 128-132 (OT)",,,,,,,,,,,,,,,,,
Nathan Knight,https://www.basketball-reference.com/players/k/knighna01.html,2021,2021-01-29,ATL,WAS,@,"W, 116-100",,,,,,,,,,,,,,,,,
Nathan Knight,https://www.basketball-reference.com/players/k/knighna01.html,2021,2021-02-01,ATL,LAL,,"L, 99-107",,,,,,,,,,,,,,,,,
Nathan Knight,https://www.basketball-reference.com/players/k/knighna01.html,2021,2021-02-03,ATL,DAL,,"L, 116-122",,,,,,,,,,,,,,,,,
Nathan Knight,https://www.basketball-reference.com/players/k/knighna01.html,2021,2021-02-04,ATL,UTA,,"L, 91-112",,03:45,2,3,0,0,1,1,1,0,1,0,1,0,0,1,5
Nathan Knight,https://www.basketball-reference.com/players/k/knighna01.html,2021,2021-02-06,ATL,TOR,,"W, 132-121",,,,,,,,,,,,,,,,,
Nathan Knight,https://www.basketball-reference.com/players/k/knighna01.html,2021,2021-02-10,ATL,DAL,@,"L, 117-118",,,,,,,,,,,,,,,,,
Nathan Knight,https://www.basketball-reference.com/players/k/knighna01.html,2021,2021-02-12,ATL,SAS,,"L, 114-125",,09:38,2,4,0,2,2,2,1,1,2,0,1,0,0,0,6
Nathan Knight,https://www.basketball-reference.com/players/k/knighna01.html,2021,2021-02-13,ATL,IND,,"L, 113-125",,,,,,,,,,,,,,,,,
Nathan Knight,https://www.basketball-reference.com/players/k/knighna01.html,2021,2021-02-15,ATL,NYK,@,"L, 112-123",,,,,,,,,,,,,,,,,
Nathan Knight,https://www.basketball-reference.com/players/k/knighna01.html,2021,2021-02-17,ATL,BOS,@,"W, 122-114",,,,,,,,,,,,,,,,,
Nathan Knight,https://www.basketball-reference.com/players/k/knighna01.html,2021,2021-02-19,ATL,BOS,@,"L, 109-121",,,,,,,,,,,,,,,,,
Nathan Knight,https://www.basketball-reference.com/players/k/knighna01.html,2021,2021-02-21,ATL,DEN,,"W, 123-115",,,,,,,,,,,,,,,,,
Nathan Knight,https://www.basketball-reference.com/players/k/knighna01.html,2021,2021-02-23,ATL,CLE,@,"L, 111-112",,,,,,,,,,,,,,,,,
Nathan Knight,https://www.basketball-reference.com/players/k/knighna01.html,2021,2021-02-24,ATL,BOS,,"W, 127-112",,03:52,0,1,0,0,0,0,0,1,1,0,0,0,1,0,0
Nathan Knight,https://www.basketball-reference.com/players/k/knighna01.html,2021,2021-02-26,ATL,OKC,@,"L, 109-118",,,,,,,,,,,,,,,,,
Nathan Knight,https://www.basketball-reference.com/players/k/knighna01.html,2021,2021-02-28,ATL,MIA,@,"L, 99-109",,,,,,,,,,,,,,,,,
Nathan Knight,https://www.basketball-reference.com/players/k/knighna01.html,2021,2021-03-02,ATL,MIA,@,"W, 94-80",,,,,,,,,,,,,,,,,
Nathan Knight,https://www.basketball-reference.com/players/k/knighna01.html,2021,2021-03-03,ATL,ORL,@,"W, 115-112",,,,,,,,,,,,,,,,,
Nathan Knight,https://www.basketball-reference.com/players/k/knighna01.html,2021,2021-03-11,ATL,TOR,@,"W, 121-120",,,,,,,,,,,,,,,,,
Nathan Knight,https://www.basketball-reference.com/players/k/knighna01.html,2021,2021-03-13,ATL,SAC,,"W, 121-106",,01:10,0,1,0,0,2,2,1,1,2,0,0,0,0,0,2
Nathan Knight,https://www.basketball-reference.com/players/k/knighna01.html,2021,2021-03-14,ATL,CLE,,"W, 100-82",,22:55,3,5,1,1,9,10,4,5,9,2,1,2,2,2,16
Nathan Knight,https://www.basketball-reference.com/players/k/knighna01.html,2021,2021-03-16,ATL,HOU,@,"W, 119-107",,22:06,6,9,1,1,2,2,1,2,3,1,0,1,2,2,15
Nathan Knight,https://www.basketball-reference.com/players/k/knighna01.html,2021,2021-03-18,ATL,OKC,,"W, 116-93",,11:46,2,5,0,2,0,0,1,2,3,0,0,0,1,2,4
Nathan Knight,https://www.basketball-reference.com/players/k/knighna01.html,2021,2021-03-20,ATL,LAL,@,"W, 99-94",,06:28,0,1,0,0,0,0,1,1,2,0,1,0,0,0,0
Nathan Knight,https://www.basketball-reference.com/players/k/knighna01.html,2021,2021-03-22,ATL,LAC,@,"L, 110-119",,,,,,,,,,,,,,,,,
Nathan Knight,https://www.basketball-reference.com/players/k/knighna01.html,2021,2021-03-24,ATL,SAC,@,"L, 108-110",,03:20,0,1,0,1,0,0,0,0,0,0,0,0,0,0,0
Nathan Knight,https://www.basketball-reference.com/players/k/knighna01.html,2021,2021-03-26,ATL,GSW,@,"W, 124-108",,02:49,0,0,0,0,0,0,0,1,1,0,0,0,0,0,0
Nathan Knight,https://www.basketball-reference.com/players/k/knighna01.html,2021,2021-03-28,ATL,DEN,@,"L, 102-126",,06:37,0,1,0,1,5,6,0,1,1,0,0,0,0,0,5
Nathan Knight,https://www.basketball-reference.com/players/k/knighna01.html,2021,2021-03-30,ATL,PHO,@,"L, 110-117",,05:47,1,2,0,1,0,2,0,1,1,0,0,0,0,0,2
Nathan Knight,https://www.basketball-reference.com/players/k/knighna01.html,2021,2021-04-01,ATL,SAS,@,"W, 134-129 (2OT)",,,,,,,,,,,,,,,,,
Nathan Knight,https://www.basketball-reference.com/players/k/knighna01.html,2021,2021-04-02,ATL,NOP,@,"W, 126-103",,06:12,0,1,0,0,1,2,0,0,0,0,1,0,1,0,1
Nathan Knight,https://www.basketball-reference.com/players/k/knighna01.html,2021,2021-04-04,ATL,GSW,,"W, 117-111",,,,,,,,,,,,,,,,,
Nathan Knight,https://www.basketball-reference.com/players/k/knighna01.html,2021,2021-04-06,ATL,NOP,,"W, 123-107",,03:36,0,2,0,1,2,2,0,1,1,0,0,0,0,0,2
Nathan Knight,https://www.basketball-reference.com/players/k/knighna01.html,2021,2021-04-07,ATL,MEM,,"L, 113-131",,19:12,4,8,0,1,1,2,0,4,4,1,1,0,0,2,9
Nathan Knight,https://www.basketball-reference.com/players/k/knighna01.html,2021,2021-04-09,ATL,CHI,,"W, 120-108",,,,,,,,,,,,,,,,,
Nathan Knight,https://www.basketball-reference.com/players/k/knighna01.html,2021,2021-04-11,ATL,CHO,@,"W, 105-101",,10:19,0,4,0,0,0,0,1,1,2,0,1,0,2,1,0
Nathan Knight,https://www.basketball-reference.com/players/k/knighna01.html,2021,2021-04-13,ATL,TOR,@,"W, 108-103",,17:55,2,7,0,2,2,3,2,3,5,1,0,1,1,1,6
Nathan Knight,https://www.basketball-reference.com/players/k/knighna01.html,2021,2021-04-15,ATL,MIL,,"L, 109-120",,13:05,0,5,0,4,2,2,1,0,1,0,1,0,1,1,2
Nathan Knight,https://www.basketball-reference.com/players/k/knighna01.html,2021,2021-04-18,ATL,IND,,"W, 129-117",,,,,,,,,,,,,,,,,
Nathan Knight,https://www.basketball-reference.com/players/k/knighna01.html,2021,2021-04-20,ATL,ORL,,"W, 112-96",,02:46,0,1,0,1,0,0,0,0,0,0,0,0,0,0,0
Nathan Knight,https://www.basketball-reference.com/players/k/knighna01.html,2021,2021-04-21,ATL,NYK,@,"L, 127-137 (OT)",,,,,,,,,,,,,,,,,
Nathan Knight,https://www.basketball-reference.com/players/k/knighna01.html,2021,2021-04-23,ATL,MIA,,"W, 118-103",,11:25,2,2,0,0,0,0,2,2,4,0,0,0,0,2,4
Nathan Knight,https://www.basketball-reference.com/players/k/knighna01.html,2021,2021-04-25,ATL,MIL,,"W, 111-104",,,,,,,,,,,,,,,,,
Nathan Knight,https://www.basketball-reference.com/players/k/knighna01.html,2021,2021-04-26,ATL,DET,@,"L, 86-100",,03:17,0,1,0,1,4,4,0,2,2,0,0,0,0,0,4
Nathan Knight,https://www.basketball-reference.com/players/k/knighna01.html,2021,2021-04-28,ATL,PHI,@,"L, 83-127",,09:46,0,3,0,1,4,4,1,2,3,0,0,0,0,1,4
Nathan Knight,https://www.basketball-reference.com/players/k/knighna01.html,2021,2021-04-30,ATL,PHI,@,"L, 104-126",,05:54,1,3,0,1,0,0,1,1,2,1,1,0,0,0,2
Nathan Knight,https://www.basketball-reference.com/players/k/knighna01.html,2021,2021-05-01,ATL,CHI,,"W, 108-97",,,,,,,,,,,,,,,,,
Nathan Knight,https://www.basketball-reference.com/players/k/knighna01.html,2021,2021-05-03,ATL,POR,,"W, 123-114",,,,,,,,,,,,,,,,,
Nathan Knight,https://www.basketball-reference.com/players/k/knighna01.html,2021,2021-05-05,ATL,PHO,,"W, 135-103",,03:31,1,3,0,1,2,2,0,1,1,0,0,1,0,0,4
Nathan Knight,https://www.basketball-reference.com/players/k/knighna01.html,2021,2021-05-06,ATL,IND,@,"L, 126-133",,,,,,,,,,,,,,,,,
Nathan Knight,https://www.basketball-reference.com/players/k/knighna01.html,2021,2021-05-10,ATL,WAS,,"W, 125-124",,,,,,,,,,,,,,,,,
Nathan Knight,https://www.basketball-reference.com/players/k/knighna01.html,2021,2021-05-12,ATL,WAS,,"W, 120-116",,,,,,,,,,,,,,,,,
Nathan Knight,https://www.basketball-reference.com/players/k/knighna01.html,2021,2021-05-13,ATL,ORL,,"W, 116-93",,05:17,0,3,0,1,1,2,0,0,0,1,0,0,0,0,1
Nathan Knight,https://www.basketball-reference.com/players/k/knighna01.html,2021,2021-05-16,ATL,HOU,,"W, 124-95",,26:01,6,9,1,3,0,2,3,7,10,0,0,2,0,1,13
Skylar Mays,https://www.basketball-reference.com/players/m/mayssk01.html,2021,2020-12-23,ATL,CHI,@,"W, 124-104",,05:04,0,1,0,1,0,0,0,0,0,0,0,0,0,1,0
Skylar Mays,https://www.basketball-reference.com/players/m/mayssk01.html,2021,2020-12-26,ATL,MEM,@,"W, 122-112",,,,,,,,,,,,,,,,,
Skylar Mays,https://www.basketball-reference.com/players/m/mayssk01.html,2021,2020-12-28,ATL,DET,,"W, 128-120",,,,,,,,,,,,,,,,,
Skylar Mays,https://www.basketball-reference.com/players/m/mayssk01.html,2021,2020-12-30,ATL,BRK,@,"L, 141-145",,,,,,,,,,,,,,,,,
Skylar Mays,https://www.basketball-reference.com/players/m/mayssk01.html,2021,,,,,,,,,,,,,,,,,,,,,,
Skylar Mays,https://www.basketball-reference.com/players/m/mayssk01.html,2021,2021-01-01,ATL,BRK,@,"W, 114-96",,00:54,0,0,0,0,0,0,0,0,0,0,0,0,0,0,0
Skylar Mays,https://www.basketball-reference.com/players/m/mayssk01.html,2021,2021-01-02,ATL,CLE,,"L, 91-96",,,,,,,,,,,,,,,,,
Skylar Mays,https://www.basketball-reference.com/players/m/mayssk01.html,2021,2021-01-04,ATL,NYK,,"L, 108-113",,,,,,,,,,,,,,,,,
Skylar Mays,https://www.basketball-reference.com/players/m/mayssk01.html,2021,2021-01-06,ATL,CHO,,"L, 94-102",,,,,,,,,,,,,,,,,
Skylar Mays,https://www.basketball-reference.com/players/m/mayssk01.html,2021,2021-01-09,ATL,CHO,@,"L, 105-113",,,,,,,,,,,,,,,,,
Skylar Mays,https://www.basketball-reference.com/players/m/mayssk01.html,2021,2021-01-11,ATL,PHI,,"W, 112-94",,05:00,0,2,0,0,0,0,0,0,0,1,0,0,0,0,0
Skylar Mays,https://www.basketball-reference.com/players/m/mayssk01.html,2021,2021-01-15,ATL,UTA,@,"L, 92-116",,,,,,,,,,,,,,,,,
Skylar Mays,https://www.basketball-reference.com/players/m/mayssk01.html,2021,2021-01-16,ATL,POR,@,"L, 106-112",,,,,,,,,,,,,,,,,
Skylar Mays,https://www.basketball-reference.com/players/m/mayssk01.html,2021,2021-01-18,ATL,MIN,,"W, 108-97",,,,,,,,,,,,,,,,,
Skylar Mays,https://www.basketball-reference.com/players/m/mayssk01.html,2021,2021-01-20,ATL,DET,,"W, 123-115 (OT)",,,,,,,,,,,,,,,,,
Skylar Mays,https://www.basketball-reference.com/players/m/mayssk01.html,2021,2021-01-22,ATL,MIN,@,"W, 116-98",,,,,,,,,,,,,,,,,
Skylar Mays,https://www.basketball-reference.com/players/m/mayssk01.html,2021,2021-01-24,ATL,MIL,@,"L, 115-129",,,,,,,,,,,,,,,,,
Skylar Mays,https://www.basketball-reference.com/players/m/mayssk01.html,2021,2021-01-26,ATL,LAC,,"W, 108-99",,00:07,0,0,0,0,0,0,0,0,0,0,0,0,0,1,0
Skylar Mays,https://www.basketball-reference.com/players/m/mayssk01.html,2021,2021-01-27,ATL,BRK,,"L, 128-132 (OT)",,,,,,,,,,,,,,,,,
Skylar Mays,https://www.basketball-reference.com/players/m/mayssk01.html,2021,2021-01-29,ATL,WAS,@,"W, 116-100",,,,,,,,,,,,,,,,,
Skylar Mays,https://www.basketball-reference.com/players/m/mayssk01.html,2021,2021-02-01,ATL,LAL,,"L, 99-107",,,,,,,,,,,,,,,,,
Skylar Mays,https://www.basketball-reference.com/players/m/mayssk01.html,2021,2021-02-03,ATL,DAL,,"L, 116-122",,,,,,,,,,,,,,,,,
Skylar Mays,https://www.basketball-reference.com/players/m/mayssk01.html,2021,2021-02-04,ATL,UTA,,"L, 91-112",,03:45,0,3,0,1,2,2,1,1,2,0,0,0,0,0,2
Skylar Mays,https://www.basketball-reference.com/players/m/mayssk01.html,2021,2021-02-06,ATL,TOR,,"W, 132-121",,,,,,,,,,,,,,,,,
Skylar Mays,https://www.basketball-reference.com/players/m/mayssk01.html,2021,2021-02-10,ATL,DAL,@,"L, 117-118",,00:10,0,0,0,0,0,0,0,0,0,0,0,0,0,0,0
Skylar Mays,https://www.basketball-reference.com/players/m/mayssk01.html,2021,2021-02-12,ATL,SAS,,"L, 114-125",,16:51,7,10,4,5,2,2,0,1,1,3,1,0,0,0,20
Skylar Mays,https://www.basketball-reference.com/players/m/mayssk01.html,2021,2021-02-13,ATL,IND,,"L, 113-125",,09:10,0,2,0,2,0,0,0,0,0,0,0,0,1,1,0
Skylar Mays,https://www.basketball-reference.com/players/m/mayssk01.html,2021,2021-02-15,ATL,NYK,@,"L, 112-123",,14:26,4,8,1,3,2,2,1,2,3,1,0,0,0,0,11
Skylar Mays,https://www.basketball-reference.com/players/m/mayssk01.html,2021,2021-02-17,ATL,BOS,@,"W, 122-114",,12:52,1,1,0,0,3,4,1,1,2,2,1,0,0,0,5
Skylar Mays,https://www.basketball-reference.com/players/m/mayssk01.html,2021,2021-02-19,ATL,BOS,@,"L, 109-121",,06:07,1,1,1,1,0,0,0,0,0,1,0,0,0,0,3
Skylar Mays,https://www.basketball-reference.com/players/m/mayssk01.html,2021,2021-02-21,ATL,DEN,,"W, 123-115",,11:53,1,4,0,2,0,0,0,0,0,2,2,0,2,0,2
Skylar Mays,https://www.basketball-reference.com/players/m/mayssk01.html,2021,2021-02-23,ATL,CLE,@,"L, 111-112",,11:44,2,7,1,2,0,0,0,0,0,2,1,0,0,2,5
Skylar Mays,https://www.basketball-reference.com/players/m/mayssk01.html,2021,2021-02-24,ATL,BOS,,"W, 127-112",,16:42,0,2,0,1,4,4,1,1,2,5,0,0,0,1,4
Skylar Mays,https://www.basketball-reference.com/players/m/mayssk01.html,2021,2021-02-26,ATL,OKC,@,"L, 109-118",,13:20,3,7,1,4,3,4,2,0,2,0,1,0,0,0,10
Skylar Mays,https://www.basketball-reference.com/players/m/mayssk01.html,2021,2021-02-28,ATL,MIA,@,"L, 99-109",,04:04,0,1,0,1,0,0,0,0,0,1,0,0,1,0,0
Skylar Mays,https://www.basketball-reference.com/players/m/mayssk01.html,2021,2021-03-02,ATL,MIA,@,"W, 94-80",,,,,,,,,,,,,,,,,
Skylar Mays,https://www.basketball-reference.com/players/m/mayssk01.html,2021,2021-03-03,ATL,ORL,@,"W, 115-112",,,,,,,,,,,,,,,,,
Skylar Mays,https://www.basketball-reference.com/players/m/mayssk01.html,2021,2021-03-11,ATL,TOR,@,"W, 121-120",,,,,,,,,,,,,,,,,
Skylar Mays,https://www.basketball-reference.com/players/m/mayssk01.html,2021,2021-03-13,ATL,SAC,,"W, 121-106",,01:10,0,0,0,0,0,0,0,0,0,0,0,0,0,0,0
Skylar Mays,https://www.basketball-reference.com/players/m/mayssk01.html,2021,2021-03-14,ATL,CLE,,"W, 100-82",,03:25,0,1,0,0,0,0,1,1,2,0,0,0,1,2,0
Skylar Mays,https://www.basketball-reference.com/players/m/mayssk01.html,2021,2021-03-16,ATL,HOU,@,"W, 119-107",,,,,,,,,,,,,,,,,
Skylar Mays,https://www.basketball-reference.com/players/m/mayssk01.html,2021,2021-03-18,ATL,OKC,,"W, 116-93",,04:00,1,1,0,0,0,0,0,1,1,1,0,0,0,0,2
Skylar Mays,https://www.basketball-reference.com/players/m/mayssk01.html,2021,2021-03-20,ATL,LAL,@,"W, 99-94",,,,,,,,,,,,,,,,,
Skylar Mays,https://www.basketball-reference.com/players/m/mayssk01.html,2021,2021-03-22,ATL,LAC,@,"L, 110-119",,,,,,,,,,,,,,,,,
Skylar Mays,https://www.basketball-reference.com/players/m/mayssk01.html,2021,2021-03-24,ATL,SAC,@,"L, 108-110",,,,,,,,,,,,,,,,,
Skylar Mays,https://www.basketball-reference.com/players/m/mayssk01.html,2021,2021-03-26,ATL,GSW,@,"W, 124-108",,11:42,1,3,1,1,1,2,2,2,4,0,0,0,0,2,4
Skylar Mays,https://www.basketball-reference.com/players/m/mayssk01.html,2021,2021-03-28,ATL,DEN,@,"L, 102-126",,14:01,2,5,1,3,0,0,0,2,2,1,0,0,1,1,5
Skylar Mays,https://www.basketball-reference.com/players/m/mayssk01.html,2021,2021-03-30,ATL,PHO,@,"L, 110-117",,,,,,,,,,,,,,,,,
Skylar Mays,https://www.basketball-reference.com/players/m/mayssk01.html,2021,2021-04-01,ATL,SAS,@,"W, 134-129 (2OT)",,,,,,,,,,,,,,,,,
Skylar Mays,https://www.basketball-reference.com/players/m/mayssk01.html,2021,2021-04-02,ATL,NOP,@,"W, 126-103",,06:45,2,4,0,0,0,0,0,2,2,0,2,0,0,0,4
Skylar Mays,https://www.basketball-reference.com/players/m/mayssk01.html,2021,2021-04-04,ATL,GSW,,"W, 117-111",,,,,,,,,,,,,,,,,
Skylar Mays,https://www.basketball-reference.com/players/m/mayssk01.html,2021,2021-04-06,ATL,NOP,,"W, 123-107",,03:36,0,0,0,0,0,0,0,0,0,0,1,0,0,1,0
Skylar Mays,https://www.basketball-reference.com/players/m/mayssk01.html,2021,2021-04-07,ATL,MEM,,"L, 113-131",,04:04,1,2,0,0,1,1,0,0,0,0,0,0,0,1,3
Skylar Mays,https://www.basketball-reference.com/players/m/mayssk01.html,2021,2021-04-09,ATL,CHI,,"W, 120-108",,,,,,,,,,,,,,,,,
Skylar Mays,https://www.basketball-reference.com/players/m/mayssk01.html,2021,2021-04-11,ATL,CHO,@,"W, 105-101",,05:43,1,2,0,1,0,0,0,2,2,0,1,0,1,0,2
Skylar Mays,https://www.basketball-reference.com/players/m/mayssk01.html,2021,2021-04-13,ATL,TOR,@,"W, 108-103",,09:56,1,3,0,1,0,0,0,0,0,1,1,0,0,0,2
Skylar Mays,https://www.basketball-reference.com/players/m/mayssk01.html,2021,2021-04-15,ATL,MIL,,"L, 109-120",,,,,,,,,,,,,,,,,
Skylar Mays,https://www.basketball-reference.com/players/m/mayssk01.html,2021,2021-04-18,ATL,IND,,"W, 129-117",,,,,,,,,,,,,,,,,
Skylar Mays,https://www.basketball-reference.com/players/m/mayssk01.html,2021,2021-04-20,ATL,ORL,,"W, 112-96",,02:46,0,1,0,0,4,4,0,1,1,0,1,0,0,0,4
Skylar Mays,https://www.basketball-reference.com/players/m/mayssk01.html,2021,2021-04-21,ATL,NYK,@,"L, 127-137 (OT)",,,,,,,,,,,,,,,,,
Skylar Mays,https://www.basketball-reference.com/players/m/mayssk01.html,2021,2021-04-23,ATL,MIA,,"W, 118-103",,,,,,,,,,,,,,,,,
Skylar Mays,https://www.basketball-reference.com/players/m/mayssk01.html,2021,2021-04-25,ATL,MIL,,"W, 111-104",,,,,,,,,,,,,,,,,
Skylar Mays,https://www.basketball-reference.com/players/m/mayssk01.html,2021,2021-04-26,ATL,DET,@,"L, 86-100",,06:53,0,2,0,1,0,0,0,0,0,0,1,0,0,1,0
Skylar Mays,https://www.basketball-reference.com/players/m/mayssk01.html,2021,2021-04-28,ATL,PHI,@,"L, 83-127",,22:31,5,8,1,3,0,0,1,4,5,1,1,0,1,0,11
Skylar Mays,https://www.basketball-reference.com/players/m/mayssk01.html,2021,2021-04-30,ATL,PHI,@,"L, 104-126",,05:54,2,3,0,1,0,0,0,0,0,1,0,0,0,0,4
Skylar Mays,https://www.basketball-reference.com/players/m/mayssk01.html,2021,2021-05-01,ATL,CHI,,"W, 108-97",,,,,,,,,,,,,,,,,
Skylar Mays,https://www.basketball-reference.com/players/m/mayssk01.html,2021,2021-05-03,ATL,POR,,"W, 123-114",,,,,,,,,,,,,,,,,
Skylar Mays,https://www.basketball-reference.com/players/m/mayssk01.html,2021,2021-05-05,ATL,PHO,,"W, 135-103",,03:31,1,1,1,1,0,0,0,0,0,0,0,0,0,1,3
Skylar Mays,https://www.basketball-reference.com/players/m/mayssk01.html,2021,2021-05-06,ATL,IND,@,"L, 126-133",,,,,,,,,,,,,,,,,
Skylar Mays,https://www.basketball-reference.com/players/m/mayssk01.html,2021,2021-05-10,ATL,WAS,,"W, 125-124",,,,,,,,,,,,,,,,,
Skylar Mays,https://www.basketball-reference.com/players/m/mayssk01.html,2021,2021-05-12,ATL,WAS,,"W, 120-116",,,,,,,,,,,,,,,,,
Skylar Mays,https://www.basketball-reference.com/players/m/mayssk01.html,2021,2021-05-13,ATL,ORL,,"W, 116-93",,03:51,1,2,0,0,0,0,0,0,0,0,0,0,0,0,2
Skylar Mays,https://www.basketball-reference.com/players/m/mayssk01.html,2021,2021-05-16,ATL,HOU,,"W, 124-95",,27:14,7,11,2,5,0,0,0,4,4,7,0,2,1,0,16
Onyeka Okongwu,https://www.basketball-reference.com/players/o/okongon01.html,2021,2020-12-23,ATL,CHI,@,"W, 124-104",,,,,,,,,,,,,,,,,
Onyeka Okongwu,https://www.basketball-reference.com/players/o/okongon01.html,2021,2020-12-26,ATL,MEM,@,"W, 122-112",,,,,,,,,,,,,,,,,
Onyeka Okongwu,https://www.basketball-reference.com/players/o/okongon01.html,2021,2020-12-28,ATL,DET,,"W, 128-120",,,,,,,,,,,,,,,,,
Onyeka Okongwu,https://www.basketball-reference.com/players/o/okongon01.html,2021,2020-12-30,ATL,BRK,@,"L, 141-145",,,,,,,,,,,,,,,,,
Onyeka Okongwu,https://www.basketball-reference.com/players/o/okongon01.html,2021,,,,,,,,,,,,,,,,,,,,,,
Onyeka Okongwu,https://www.basketball-reference.com/players/o/okongon01.html,2021,2021-01-01,ATL,BRK,@,"W, 114-96",,,,,,,,,,,,,,,,,
Onyeka Okongwu,https://www.basketball-reference.com/players/o/okongon01.html,2021,2021-01-02,ATL,CLE,,"L, 91-96",,,,,,,,,,,,,,,,,
Onyeka Okongwu,https://www.basketball-reference.com/players/o/okongon01.html,2021,2021-01-04,ATL,NYK,,"L, 108-113",,,,,,,,,,,,,,,,,
Onyeka Okongwu,https://www.basketball-reference.com/players/o/okongon01.html,2021,2021-01-06,ATL,CHO,,"L, 94-102",,,,,,,,,,,,,,,,,
Onyeka Okongwu,https://www.basketball-reference.com/players/o/okongon01.html,2021,2021-01-09,ATL,CHO,@,"L, 105-113",,,,,,,,,,,,,,,,,
Onyeka Okongwu,https://www.basketball-reference.com/players/o/okongon01.html,2021,2021-01-11,ATL,PHI,,"W, 112-94",,,,,,,,,,,,,,,,,
Onyeka Okongwu,https://www.basketball-reference.com/players/o/okongon01.html,2021,2021-01-15,ATL,UTA,@,"L, 92-116",,14:18,2,6,0,0,0,0,3,2,5,2,1,0,2,1,4
Onyeka Okongwu,https://www.basketball-reference.com/players/o/okongon01.html,2021,2021-01-16,ATL,POR,@,"L, 106-112",,,,,,,,,,,,,,,,,
Onyeka Okongwu,https://www.basketball-reference.com/players/o/okongon01.html,2021,2021-01-18,ATL,MIN,,"W, 108-97",,,,,,,,,,,,,,,,,
Onyeka Okongwu,https://www.basketball-reference.com/players/o/okongon01.html,2021,2021-01-20,ATL,DET,,"W, 123-115 (OT)",,13:41,1,3,0,0,0,0,1,5,6,0,0,3,0,0,2
Onyeka Okongwu,https://www.basketball-reference.com/players/o/okongon01.html,2021,2021-01-22,ATL,MIN,@,"W, 116-98",,04:28,1,1,0,0,0,0,0,1,1,0,0,0,1,0,2
Onyeka Okongwu,https://www.basketball-reference.com/players/o/okongon01.html,2021,2021-01-24,ATL,MIL,@,"L, 115-129",,15:46,2,2,0,0,0,2,1,1,2,0,1,3,0,4,4
Onyeka Okongwu,https://www.basketball-reference.com/players/o/okongon01.html,2021,2021-01-26,ATL,LAC,,"W, 108-99",,,,,,,,,,,,,,,,,
Onyeka Okongwu,https://www.basketball-reference.com/players/o/okongon01.html,2021,2021-01-27,ATL,BRK,,"L, 128-132 (OT)",,,,,,,,,,,,,,,,,
Onyeka Okongwu,https://www.basketball-reference.com/players/o/okongon01.html,2021,2021-01-29,ATL,WAS,@,"W, 116-100",,11:20,2,3,0,0,2,3,0,4,4,0,0,0,0,2,6
Onyeka Okongwu,https://www.basketball-reference.com/players/o/okongon01.html,2021,2021-02-01,ATL,LAL,,"L, 99-107",,,,,,,,,,,,,,,,,
Onyeka Okongwu,https://www.basketball-reference.com/players/o/okongon01.html,2021,2021-02-03,ATL,DAL,,"L, 116-122",,,,,,,,,,,,,,,,,
Onyeka Okongwu,https://www.basketball-reference.com/players/o/okongon01.html,2021,2021-02-04,ATL,UTA,,"L, 91-112",,,,,,,,,,,,,,,,,
Onyeka Okongwu,https://www.basketball-reference.com/players/o/okongon01.html,2021,2021-02-06,ATL,TOR,,"W, 132-121",,07:56,1,2,0,0,1,3,0,2,2,0,0,0,0,4,3
Onyeka Okongwu,https://www.basketball-reference.com/players/o/okongon01.html,2021,2021-02-10,ATL,DAL,@,"L, 117-118",,05:55,0,1,0,0,0,0,1,0,1,0,0,0,1,2,0
Onyeka Okongwu,https://www.basketball-reference.com/players/o/okongon01.html,2021,2021-02-12,ATL,SAS,,"L, 114-125",,15:58,1,1,0,0,4,4,0,3,3,2,2,0,1,2,6
Onyeka Okongwu,https://www.basketball-reference.com/players/o/okongon01.html,2021,2021-02-13,ATL,IND,,"L, 113-125",,,,,,,,,,,,,,,,,
Onyeka Okongwu,https://www.basketball-reference.com/players/o/okongon01.html,2021,2021-02-15,ATL,NYK,@,"L, 112-123",,03:21,0,0,0,0,0,0,0,1,1,0,0,0,0,0,0
Onyeka Okongwu,https://www.basketball-reference.com/players/o/okongon01.html,2021,2021-02-17,ATL,BOS,@,"W, 122-114",,,,,,,,,,,,,,,,,
Onyeka Okongwu,https://www.basketball-reference.com/players/o/okongon01.html,2021,2021-02-19,ATL,BOS,@,"L, 109-121",,,,,,,,,,,,,,,,,
Onyeka Okongwu,https://www.basketball-reference.com/players/o/okongon01.html,2021,2021-02-21,ATL,DEN,,"W, 123-115",,13:38,4,7,0,1,1,1,0,2,2,0,0,1,0,2,9
Onyeka Okongwu,https://www.basketball-reference.com/players/o/okongon01.html,2021,2021-02-23,ATL,CLE,@,"L, 111-112",,10:10,0,1,0,0,0,0,0,0,0,0,1,0,1,2,0
Onyeka Okongwu,https://www.basketball-reference.com/players/o/okongon01.html,2021,2021-02-24,ATL,BOS,,"W, 127-112",,11:55,2,3,0,0,1,2,2,2,4,0,0,0,0,0,5
Onyeka Okongwu,https://www.basketball-reference.com/players/o/okongon01.html,2021,2021-02-26,ATL,OKC,@,"L, 109-118",,04:24,2,2,0,0,0,0,0,0,0,0,0,0,0,1,4
Onyeka Okongwu,https://www.basketball-reference.com/players/o/okongon01.html,2021,2021-02-28,ATL,MIA,@,"L, 99-109",,03:22,0,0,0,0,0,0,1,0,1,1,0,0,0,1,0
Onyeka Okongwu,https://www.basketball-reference.com/players/o/okongon01.html,2021,2021-03-02,ATL,MIA,@,"W, 94-80",,10:02,3,3,0,0,0,0,1,2,3,0,1,0,0,2,6
Onyeka Okongwu,https://www.basketball-reference.com/players/o/okongon01.html,2021,2021-03-03,ATL,ORL,@,"W, 115-112",,13:01,0,2,0,0,0,0,2,2,4,0,0,0,2,3,0
Onyeka Okongwu,https://www.basketball-reference.com/players/o/okongon01.html,2021,2021-03-11,ATL,TOR,@,"W, 121-120",,10:38,1,1,0,0,0,0,1,1,2,0,1,3,0,1,2
Onyeka Okongwu,https://www.basketball-reference.com/players/o/okongon01.html,2021,2021-03-13,ATL,SAC,,"W, 121-106",,09:36,2,2,0,0,0,0,1,4,5,0,0,0,0,2,4
Onyeka Okongwu,https://www.basketball-reference.com/players/o/okongon01.html,2021,2021-03-14,ATL,CLE,,"W, 100-82",,,,,,,,,,,,,,,,,
Onyeka Okongwu,https://www.basketball-reference.com/players/o/okongon01.html,2021,2021-03-16,ATL,HOU,@,"W, 119-107",,,,,,,,,,,,,,,,,
Onyeka Okongwu,https://www.basketball-reference.com/players/o/okongon01.html,2021,2021-03-18,ATL,OKC,,"W, 116-93",,04:08,0,0,0,0,0,0,0,0,0,0,0,1,0,0,0
Onyeka Okongwu,https://www.basketball-reference.com/players/o/okongon01.html,2021,2021-03-20,ATL,LAL,@,"W, 99-94",,03:24,0,1,0,0,0,0,1,0,1,0,0,0,1,2,0
Onyeka Okongwu,https://www.basketball-reference.com/players/o/okongon01.html,2021,2021-03-22,ATL,LAC,@,"L, 110-119",,03:43,2,3,0,0,0,0,1,0,1,0,0,0,0,0,4
Onyeka Okongwu,https://www.basketball-reference.com/players/o/okongon01.html,2021,2021-03-24,ATL,SAC,@,"L, 108-110",,03:28,0,0,0,0,0,0,0,1,1,0,0,0,0,1,0
Onyeka Okongwu,https://www.basketball-reference.com/players/o/okongon01.html,2021,2021-03-26,ATL,GSW,@,"W, 124-108",,08:57,1,2,0,0,0,0,0,2,2,0,0,0,0,2,2
Onyeka Okongwu,https://www.basketball-reference.com/players/o/okongon01.html,2021,2021-03-28,ATL,DEN,@,"L, 102-126",,11:55,0,0,0,0,1,2,0,3,3,0,1,2,0,1,1
Onyeka Okongwu,https://www.basketball-reference.com/players/o/okongon01.html,2021,2021-03-30,ATL,PHO,@,"L, 110-117",,05:38,1,1,0,0,0,0,1,1,2,0,0,0,0,1,2
Onyeka Okongwu,https://www.basketball-reference.com/players/o/okongon01.html,2021,2021-04-01,ATL,SAS,@,"W, 134-129 (2OT)",,12:28,4,6,0,0,2,4,2,3,5,0,0,1,1,2,10
Onyeka Okongwu,https://www.basketball-reference.com/players/o/okongon01.html,2021,2021-04-02,ATL,NOP,@,"W, 126-103",,19:18,5,6,0,0,1,2,3,6,9,0,2,1,2,3,11
Onyeka Okongwu,https://www.basketball-reference.com/players/o/okongon01.html,2021,2021-04-04,ATL,GSW,,"W, 117-111",,15:40,1,2,0,0,5,7,1,5,6,1,1,0,1,3,7
Onyeka Okongwu,https://www.basketball-reference.com/players/o/okongon01.html,2021,2021-04-06,ATL,NOP,,"W, 123-107",,19:41,2,4,0,0,3,6,2,1,3,0,1,2,1,5,7
Onyeka Okongwu,https://www.basketball-reference.com/players/o/okongon01.html,2021,2021-04-07,ATL,MEM,,"L, 113-131",,32:19,6,12,0,0,1,2,6,5,11,1,0,2,0,3,13
Onyeka Okongwu,https://www.basketball-reference.com/players/o/okongon01.html,2021,2021-04-09,ATL,CHI,,"W, 120-108",,10:55,3,3,0,0,0,0,1,4,5,0,0,0,0,4,6
Onyeka Okongwu,https://www.basketball-reference.com/players/o/okongon01.html,2021,2021-04-11,ATL,CHO,@,"W, 105-101",,12:27,1,2,0,0,1,2,1,3,4,0,1,0,1,2,3
Onyeka Okongwu,https://www.basketball-reference.com/players/o/okongon01.html,2021,2021-04-13,ATL,TOR,@,"W, 108-103",,13:10,3,4,0,0,1,1,0,0,0,1,1,0,0,4,7
Onyeka Okongwu,https://www.basketball-reference.com/players/o/okongon01.html,2021,2021-04-15,ATL,MIL,,"L, 109-120",,09:15,4,4,0,0,0,0,0,2,2,0,0,1,0,3,8
Onyeka Okongwu,https://www.basketball-reference.com/players/o/okongon01.html,2021,2021-04-18,ATL,IND,,"W, 129-117",,07:26,0,1,0,0,2,2,1,0,1,0,0,2,0,2,2
Onyeka Okongwu,https://www.basketball-reference.com/players/o/okongon01.html,2021,2021-04-20,ATL,ORL,,"W, 112-96",,15:55,0,2,0,0,0,0,3,2,5,0,1,0,0,2,0
Onyeka Okongwu,https://www.basketball-reference.com/players/o/okongon01.html,2021,2021-04-21,ATL,NYK,@,"L, 127-137 (OT)",,08:05,2,2,0,0,0,0,1,0,1,0,0,1,0,2,4
Onyeka Okongwu,https://www.basketball-reference.com/players/o/okongon01.html,2021,2021-04-23,ATL,MIA,,"W, 118-103",,28:12,2,4,0,1,2,2,2,5,7,1,1,1,3,5,6
Onyeka Okongwu,https://www.basketball-reference.com/players/o/okongon01.html,2021,2021-04-25,ATL,MIL,,"W, 111-104",,09:40,0,3,0,0,0,0,1,0,1,0,0,0,0,2,0
Onyeka Okongwu,https://www.basketball-reference.com/players/o/okongon01.html,2021,2021-04-26,ATL,DET,@,"L, 86-100",,13:25,3,3,0,0,0,0,0,3,3,0,1,1,2,3,6
Onyeka Okongwu,https://www.basketball-reference.com/players/o/okongon01.html,2021,2021-04-28,ATL,PHI,@,"L, 83-127",,16:06,0,0,0,0,0,0,1,0,1,1,1,1,2,1,0
Onyeka Okongwu,https://www.basketball-reference.com/players/o/okongon01.html,2021,2021-04-30,ATL,PHI,@,"L, 104-126",,21:33,5,7,0,1,2,2,1,2,3,0,0,2,0,5,12
Onyeka Okongwu,https://www.basketball-reference.com/players/o/okongon01.html,2021,2021-05-01,ATL,CHI,,"W, 108-97",,13:34,2,2,0,0,0,0,1,2,3,0,0,0,1,3,4
Onyeka Okongwu,https://www.basketball-reference.com/players/o/okongon01.html,2021,2021-05-03,ATL,POR,,"W, 123-114",,08:40,1,1,0,0,0,0,0,2,2,1,0,0,0,0,2
Onyeka Okongwu,https://www.basketball-reference.com/players/o/okongon01.html,2021,2021-05-05,ATL,PHO,,"W, 135-103",,18:27,6,7,0,0,2,2,4,3,7,2,3,1,1,3,14
Onyeka Okongwu,https://www.basketball-reference.com/players/o/okongon01.html,2021,2021-05-06,ATL,IND,@,"L, 126-133",,06:58,1,2,0,0,1,1,1,1,2,0,0,1,0,1,3
Onyeka Okongwu,https://www.basketball-reference.com/players/o/okongon01.html,2021,2021-05-10,ATL,WAS,,"W, 125-124",,07:19,1,2,0,0,0,0,1,0,1,2,0,0,2,2,2
Onyeka Okongwu,https://www.basketball-reference.com/players/o/okongon01.html,2021,2021-05-12,ATL,WAS,,"W, 120-116",,10:42,5,7,0,0,1,2,3,1,4,0,0,0,0,0,11
Onyeka Okongwu,https://www.basketball-reference.com/players/o/okongon01.html,2021,2021-05-13,ATL,ORL,,"W, 116-93",,16:21,1,3,0,0,1,2,3,3,6,0,0,1,2,2,3
Onyeka Okongwu,https://www.basketball-reference.com/players/o/okongon01.html,2021,2021-05-16,ATL,HOU,,"W, 124-95",,32:54,10,13,0,0,1,3,6,9,15,3,2,2,1,2,21
Aaron Nesmith,https://www.basketball-reference.com/players/n/nesmiaa01.html,2021,2020-12-23,BOS,MIL,,"W, 122-121",,,,,,,,,,,,,,,,,
Aaron Nesmith,https://www.basketball-reference.com/players/n/nesmiaa01.html,2021,2020-12-25,BOS,BRK,,"L, 95-123",,08:45,1,2,1,2,0,0,0,0,0,0,0,0,1,0,3
Aaron Nesmith,https://www.basketball-reference.com/players/n/nesmiaa01.html,2021,2020-12-27,BOS,IND,@,"L, 107-108",,,,,,,,,,,,,,,,,
Aaron Nesmith,https://www.basketball-reference.com/players/n/nesmiaa01.html,2021,2020-12-29,BOS,IND,@,"W, 116-111",,,,,,,,,,,,,,,,,
Aaron Nesmith,https://www.basketball-reference.com/players/n/nesmiaa01.html,2021,2020-12-30,BOS,MEM,,"W, 126-107",,19:49,2,7,1,5,0,0,1,2,3,1,0,1,1,3,5
Aaron Nesmith,https://www.basketball-reference.com/players/n/nesmiaa01.html,2021,,,,,,,,,,,,,,,,,,,,,,
Aaron Nesmith,https://www.basketball-reference.com/players/n/nesmiaa01.html,2021,2021-01-01,BOS,DET,@,"L, 93-96",,,,,,,,,,,,,,,,,
Aaron Nesmith,https://www.basketball-reference.com/players/n/nesmiaa01.html,2021,2021-01-03,BOS,DET,@,"W, 122-120",,,,,,,,,,,,,,,,,
Aaron Nesmith,https://www.basketball-reference.com/players/n/nesmiaa01.html,2021,2021-01-04,BOS,TOR,@,"W, 126-114",,10:28,0,3,0,2,0,0,0,2,2,0,0,0,0,4,0
Aaron Nesmith,https://www.basketball-reference.com/players/n/nesmiaa01.html,2021,2021-01-06,BOS,MIA,@,"W, 107-105",,,,,,,,,,,,,,,,,
Aaron Nesmith,https://www.basketball-reference.com/players/n/nesmiaa01.html,2021,2021-01-08,BOS,WAS,,"W, 116-107",,,,,,,,,,,,,,,,,
Aaron Nesmith,https://www.basketball-reference.com/players/n/nesmiaa01.html,2021,2021-01-15,BOS,ORL,,"W, 124-97",,18:27,2,7,1,5,0,0,0,0,0,2,0,1,1,3,5
Aaron Nesmith,https://www.basketball-reference.com/players/n/nesmiaa01.html,2021,2021-01-17,BOS,NYK,,"L, 75-105",,08:26,0,4,0,2,0,0,0,1,1,0,0,0,0,1,0
Aaron Nesmith,https://www.basketball-reference.com/players/n/nesmiaa01.html,2021,2021-01-20,BOS,PHI,@,"L, 109-117",,,,,,,,,,,,,,,,,
Aaron Nesmith,https://www.basketball-reference.com/players/n/nesmiaa01.html,2021,2021-01-22,BOS,PHI,@,"L, 110-122",,,,,,,,,,,,,,,,,
Aaron Nesmith,https://www.basketball-reference.com/players/n/nesmiaa01.html,2021,2021-01-24,BOS,CLE,,"W, 141-103",,16:39,4,6,3,5,0,0,2,4,6,1,0,0,0,2,11
Aaron Nesmith,https://www.basketball-reference.com/players/n/nesmiaa01.html,2021,2021-01-25,BOS,CHI,@,"W, 119-103",,18:47,3,5,3,5,0,0,0,1,1,0,0,0,1,1,9
Aaron Nesmith,https://www.basketball-reference.com/players/n/nesmiaa01.html,2021,2021-01-27,BOS,SAS,@,"L, 106-110",,05:18,0,1,0,1,0,0,0,1,1,0,0,0,1,0,0
Aaron Nesmith,https://www.basketball-reference.com/players/n/nesmiaa01.html,2021,2021-01-30,BOS,LAL,,"L, 95-96",,08:21,0,2,0,2,0,0,0,1,1,0,0,0,2,2,0
Aaron Nesmith,https://www.basketball-reference.com/players/n/nesmiaa01.html,2021,2021-02-02,BOS,GSW,@,"W, 111-107",,,,,,,,,,,,,,,,,
Aaron Nesmith,https://www.basketball-reference.com/players/n/nesmiaa01.html,2021,2021-02-03,BOS,SAC,@,"L, 111-116",,,,,,,,,,,,,,,,,
Aaron Nesmith,https://www.basketball-reference.com/players/n/nesmiaa01.html,2021,2021-02-05,BOS,LAC,@,"W, 119-115",,,,,,,,,,,,,,,,,
Aaron Nesmith,https://www.basketball-reference.com/players/n/nesmiaa01.html,2021,2021-02-07,BOS,PHO,@,"L, 91-100",,,,,,,,,,,,,,,,,
Aaron Nesmith,https://www.basketball-reference.com/players/n/nesmiaa01.html,2021,2021-02-09,BOS,UTA,@,"L, 108-122",,,,,,,,,,,,,,,,,
Aaron Nesmith,https://www.basketball-reference.com/players/n/nesmiaa01.html,2021,2021-02-11,BOS,TOR,,"W, 120-106",,02:05,0,0,0,0,0,0,0,0,0,1,0,0,0,0,0
Aaron Nesmith,https://www.basketball-reference.com/players/n/nesmiaa01.html,2021,2021-02-12,BOS,DET,,"L, 102-108",,,,,,,,,,,,,,,,,
Aaron Nesmith,https://www.basketball-reference.com/players/n/nesmiaa01.html,2021,2021-02-14,BOS,WAS,@,"L, 91-104",,28:39,1,4,1,4,2,3,0,5,5,0,0,0,1,3,5
Aaron Nesmith,https://www.basketball-reference.com/players/n/nesmiaa01.html,2021,2021-02-16,BOS,DEN,,"W, 112-99",,24:10,2,4,2,4,3,4,1,3,4,0,0,1,0,2,9
Aaron Nesmith,https://www.basketball-reference.com/players/n/nesmiaa01.html,2021,2021-02-17,BOS,ATL,,"L, 114-122",,21:04,1,2,0,1,0,0,3,3,6,2,0,1,1,3,2
Aaron Nesmith,https://www.basketball-reference.com/players/n/nesmiaa01.html,2021,2021-02-19,BOS,ATL,,"W, 121-109",,19:36,1,4,1,3,0,0,0,4,4,0,0,0,0,2,3
Aaron Nesmith,https://www.basketball-reference.com/players/n/nesmiaa01.html,2021,2021-02-21,BOS,NOP,@,"L, 115-120 (OT)",,26:35,3,4,1,2,3,3,1,3,4,0,2,0,0,5,10
Aaron Nesmith,https://www.basketball-reference.com/players/n/nesmiaa01.html,2021,2021-02-23,BOS,DAL,@,"L, 107-110",,22:12,0,0,0,0,0,0,1,2,3,0,0,1,1,3,0
Aaron Nesmith,https://www.basketball-reference.com/players/n/nesmiaa01.html,2021,2021-02-24,BOS,ATL,@,"L, 112-127",,14:16,5,7,3,4,0,2,1,2,3,0,1,0,1,2,13
Aaron Nesmith,https://www.basketball-reference.com/players/n/nesmiaa01.html,2021,2021-02-26,BOS,IND,,"W, 118-112",,07:06,0,1,0,1,0,0,0,0,0,0,0,0,0,1,0
Aaron Nesmith,https://www.basketball-reference.com/players/n/nesmiaa01.html,2021,2021-02-28,BOS,WAS,,"W, 111-110",,,,,,,,,,,,,,,,,
Aaron Nesmith,https://www.basketball-reference.com/players/n/nesmiaa01.html,2021,2021-03-02,BOS,LAC,,"W, 117-112",,,,,,,,,,,,,,,,,
Aaron Nesmith,https://www.basketball-reference.com/players/n/nesmiaa01.html,2021,2021-03-04,BOS,TOR,,"W, 132-125",,,,,,,,,,,,,,,,,
Aaron Nesmith,https://www.basketball-reference.com/players/n/nesmiaa01.html,2021,2021-03-11,BOS,BRK,@,"L, 109-121",,,,,,,,,,,,,,,,,
Aaron Nesmith,https://www.basketball-reference.com/players/n/nesmiaa01.html,2021,2021-03-14,BOS,HOU,@,"W, 134-107",,09:08,1,3,1,2,0,0,0,0,0,1,1,0,0,0,3
Aaron Nesmith,https://www.basketball-reference.com/players/n/nesmiaa01.html,2021,2021-03-16,BOS,UTA,,"L, 109-117",,,,,,,,,,,,,,,,,
Aaron Nesmith,https://www.basketball-reference.com/players/n/nesmiaa01.html,2021,2021-03-17,BOS,CLE,@,"L, 110-117",,,,,,,,,,,,,,,,,
Aaron Nesmith,https://www.basketball-reference.com/players/n/nesmiaa01.html,2021,2021-03-19,BOS,SAC,,"L, 96-107",,13:56,1,2,0,1,0,0,0,0,0,0,0,0,0,1,2
Aaron Nesmith,https://www.basketball-reference.com/players/n/nesmiaa01.html,2021,2021-03-21,BOS,ORL,,"W, 112-96",,15:22,1,4,1,3,0,0,2,2,4,0,1,0,0,4,3
Aaron Nesmith,https://www.basketball-reference.com/players/n/nesmiaa01.html,2021,2021-03-22,BOS,MEM,@,"L, 126-132 (OT)",,17:22,1,2,1,1,2,2,0,5,5,0,0,0,1,0,5
Aaron Nesmith,https://www.basketball-reference.com/players/n/nesmiaa01.html,2021,2021-03-24,BOS,MIL,@,"L, 119-121",,,,,,,,,,,,,,,,,
Aaron Nesmith,https://www.basketball-reference.com/players/n/nesmiaa01.html,2021,2021-03-26,BOS,MIL,@,"W, 122-114",,13:54,0,4,0,3,0,0,0,1,1,0,0,0,0,0,0
Aaron Nesmith,https://www.basketball-reference.com/players/n/nesmiaa01.html,2021,2021-03-27,BOS,OKC,@,"W, 111-94",,16:16,1,3,0,2,0,0,0,2,2,2,2,1,2,0,2
Aaron Nesmith,https://www.basketball-reference.com/players/n/nesmiaa01.html,2021,2021-03-29,BOS,NOP,,"L, 109-115",,08:09,2,4,1,2,0,0,1,1,2,0,0,0,1,0,5
Aaron Nesmith,https://www.basketball-reference.com/players/n/nesmiaa01.html,2021,2021-03-31,BOS,DAL,,"L, 108-113",,03:59,0,1,0,1,0,0,0,1,1,0,0,0,0,0,0
Aaron Nesmith,https://www.basketball-reference.com/players/n/nesmiaa01.html,2021,2021-04-02,BOS,HOU,,"W, 118-102",,03:50,1,2,0,1,1,2,0,0,0,0,0,0,0,0,3
Aaron Nesmith,https://www.basketball-reference.com/players/n/nesmiaa01.html,2021,2021-04-04,BOS,CHO,,"W, 116-86",,12:00,0,3,0,2,0,0,1,5,6,0,2,0,0,1,0
Aaron Nesmith,https://www.basketball-reference.com/players/n/nesmiaa01.html,2021,2021-04-06,BOS,PHI,,"L, 96-106",,01:43,1,2,0,0,0,0,0,0,0,0,0,0,0,0,2
Aaron Nesmith,https://www.basketball-reference.com/players/n/nesmiaa01.html,2021,2021-04-07,BOS,NYK,,"W, 101-99",,,,,,,,,,,,,,,,,
Aaron Nesmith,https://www.basketball-reference.com/players/n/nesmiaa01.html,2021,2021-04-09,BOS,MIN,,"W, 145-136 (OT)",,,,,,,,,,,,,,,,,
Aaron Nesmith,https://www.basketball-reference.com/players/n/nesmiaa01.html,2021,2021-04-11,BOS,DEN,@,"W, 105-87",,01:33,1,1,1,1,0,0,0,0,0,0,0,0,0,0,3
Aaron Nesmith,https://www.basketball-reference.com/players/n/nesmiaa01.html,2021,2021-04-13,BOS,POR,@,"W, 116-115",,,,,,,,,,,,,,,,,
Aaron Nesmith,https://www.basketball-reference.com/players/n/nesmiaa01.html,2021,2021-04-15,BOS,LAL,@,"W, 121-113",,04:26,0,1,0,1,0,0,0,0,0,0,0,0,0,0,0
Aaron Nesmith,https://www.basketball-reference.com/players/n/nesmiaa01.html,2021,2021-04-17,BOS,GSW,,"W, 119-114",,,,,,,,,,,,,,,,,
Aaron Nesmith,https://www.basketball-reference.com/players/n/nesmiaa01.html,2021,2021-04-19,BOS,CHI,,"L, 96-102",,04:22,0,1,0,1,0,0,0,2,2,1,0,0,0,1,0
Aaron Nesmith,https://www.basketball-reference.com/players/n/nesmiaa01.html,2021,2021-04-22,BOS,PHO,,"W, 99-86",,08:58,2,3,2,3,0,0,0,1,1,0,0,0,1,2,6
Aaron Nesmith,https://www.basketball-reference.com/players/n/nesmiaa01.html,2021,2021-04-23,BOS,BRK,@,"L, 104-109",,16:50,2,5,1,2,0,0,2,6,8,2,0,0,2,2,5
Aaron Nesmith,https://www.basketball-reference.com/players/n/nesmiaa01.html,2021,2021-04-25,BOS,CHO,@,"L, 104-125",,08:01,1,3,1,2,2,2,0,2,2,0,0,0,0,0,5
Aaron Nesmith,https://www.basketball-reference.com/players/n/nesmiaa01.html,2021,2021-04-27,BOS,OKC,,"L, 115-119",,12:27,1,2,0,1,0,0,0,0,0,0,0,0,0,2,2
Aaron Nesmith,https://www.basketball-reference.com/players/n/nesmiaa01.html,2021,2021-04-28,BOS,CHO,,"W, 120-111",,31:23,6,12,2,5,1,2,3,6,9,0,3,3,1,5,15
Aaron Nesmith,https://www.basketball-reference.com/players/n/nesmiaa01.html,2021,2021-04-30,BOS,SAS,,"W, 143-140 (OT)",,30:14,7,9,2,3,0,0,2,4,6,1,1,0,0,5,16
Aaron Nesmith,https://www.basketball-reference.com/players/n/nesmiaa01.html,2021,2021-05-02,BOS,POR,,"L, 119-129",,20:02,6,7,4,4,0,0,1,3,4,0,0,0,1,5,16
Aaron Nesmith,https://www.basketball-reference.com/players/n/nesmiaa01.html,2021,2021-05-05,BOS,ORL,@,"W, 132-96",,20:29,2,3,1,2,0,0,0,4,4,0,0,0,1,4,5
Aaron Nesmith,https://www.basketball-reference.com/players/n/nesmiaa01.html,2021,2021-05-07,BOS,CHI,@,"L, 99-121",,12:34,1,2,0,0,2,2,2,3,5,1,0,0,0,3,4
Aaron Nesmith,https://www.basketball-reference.com/players/n/nesmiaa01.html,2021,2021-05-09,BOS,MIA,,"L, 124-130",,19:26,5,9,2,5,4,4,1,3,4,1,1,0,0,2,16
Aaron Nesmith,https://www.basketball-reference.com/players/n/nesmiaa01.html,2021,2021-05-11,BOS,MIA,,"L, 121-129",,17:30,2,3,2,3,0,0,0,3,3,2,0,0,0,1,6
Aaron Nesmith,https://www.basketball-reference.com/players/n/nesmiaa01.html,2021,2021-05-12,BOS,CLE,@,"L, 94-102",,22:10,3,10,0,4,2,2,1,6,7,2,1,0,0,4,8
Aaron Nesmith,https://www.basketball-reference.com/players/n/nesmiaa01.html,2021,2021-05-15,BOS,MIN,@,"W, 124-108",,22:27,4,8,1,4,0,0,1,3,4,1,0,0,1,5,9
Aaron Nesmith,https://www.basketball-reference.com/players/n/nesmiaa01.html,2021,2021-05-16,BOS,NYK,@,"L, 92-96",,19:28,1,6,0,1,0,0,1,2,3,2,0,0,1,3,2
Payton Pritchard,https://www.basketball-reference.com/players/p/pritcpa01.html,2021,2020-12-23,BOS,MIL,,"W, 122-121",,13:00,1,4,1,2,0,0,0,1,1,0,1,0,0,1,3
Payton Pritchard,https://www.basketball-reference.com/players/p/pritcpa01.html,2021,2020-12-25,BOS,BRK,,"L, 95-123",,25:06,3,5,1,2,0,0,0,2,2,1,2,0,3,3,7
Payton Pritchard,https://www.basketball-reference.com/players/p/pritcpa01.html,2021,2020-12-27,BOS,IND,@,"L, 107-108",,23:00,5,5,3,3,0,0,0,0,0,2,2,0,2,0,13
Payton Pritchard,https://www.basketball-reference.com/players/p/pritcpa01.html,2021,2020-12-29,BOS,IND,@,"W, 116-111",,27:10,4,8,0,2,2,3,0,5,5,5,1,0,3,1,10
Payton Pritchard,https://www.basketball-reference.com/players/p/pritcpa01.html,2021,2020-12-30,BOS,MEM,,"W, 126-107",,21:14,4,6,0,0,0,0,0,2,2,3,2,0,1,3,8
Payton Pritchard,https://www.basketball-reference.com/players/p/pritcpa01.html,2021,,,,,,,,,,,,,,,,,,,,,,
Payton Pritchard,https://www.basketball-reference.com/players/p/pritcpa01.html,2021,2021-01-01,BOS,DET,@,"L, 93-96",,16:00,0,3,0,3,0,0,0,0,0,2,2,2,2,0,0
Payton Pritchard,https://www.basketball-reference.com/players/p/pritcpa01.html,2021,2021-01-03,BOS,DET,@,"W, 122-120",,27:35,2,6,1,3,0,0,0,4,4,4,1,1,2,5,5
Payton Pritchard,https://www.basketball-reference.com/players/p/pritcpa01.html,2021,2021-01-04,BOS,TOR,@,"W, 126-114",,32:22,8,13,2,4,5,5,0,2,2,8,0,0,3,2,23
Payton Pritchard,https://www.basketball-reference.com/players/p/pritcpa01.html,2021,2021-01-06,BOS,MIA,@,"W, 107-105",,20:23,3,10,0,4,0,0,4,2,6,4,0,0,0,3,6
Payton Pritchard,https://www.basketball-reference.com/players/p/pritcpa01.html,2021,2021-01-08,BOS,WAS,,"W, 116-107",,23:13,3,4,3,3,2,2,1,1,2,2,2,0,3,2,11
Payton Pritchard,https://www.basketball-reference.com/players/p/pritcpa01.html,2021,2021-01-15,BOS,ORL,,"W, 124-97",,25:16,6,13,4,8,0,0,0,4,4,3,0,1,0,2,16
Payton Pritchard,https://www.basketball-reference.com/players/p/pritcpa01.html,2021,2021-01-17,BOS,NYK,,"L, 75-105",,17:23,1,3,1,3,0,0,1,4,5,0,0,1,2,1,3
Payton Pritchard,https://www.basketball-reference.com/players/p/pritcpa01.html,2021,2021-01-20,BOS,PHI,@,"L, 109-117",,19:19,1,3,1,2,0,0,0,0,0,2,0,0,1,2,3
Payton Pritchard,https://www.basketball-reference.com/players/p/pritcpa01.html,2021,2021-01-22,BOS,PHI,@,"L, 110-122",,02:16,0,1,0,1,0,0,0,0,0,0,0,0,0,0,0
Payton Pritchard,https://www.basketball-reference.com/players/p/pritcpa01.html,2021,2021-01-24,BOS,CLE,,"W, 141-103",,,,,,,,,,,,,,,,,
Payton Pritchard,https://www.basketball-reference.com/players/p/pritcpa01.html,2021,2021-01-25,BOS,CHI,@,"W, 119-103",,,,,,,,,,,,,,,,,
Payton Pritchard,https://www.basketball-reference.com/players/p/pritcpa01.html,2021,2021-01-27,BOS,SAS,@,"L, 106-110",,,,,,,,,,,,,,,,,
Payton Pritchard,https://www.basketball-reference.com/players/p/pritcpa01.html,2021,2021-01-30,BOS,LAL,,"L, 95-96",,,,,,,,,,,,,,,,,
Payton Pritchard,https://www.basketball-reference.com/players/p/pritcpa01.html,2021,2021-02-02,BOS,GSW,@,"W, 111-107",,,,,,,,,,,,,,,,,
Payton Pritchard,https://www.basketball-reference.com/players/p/pritcpa01.html,2021,2021-02-03,BOS,SAC,@,"L, 111-116",,,,,,,,,,,,,,,,,
Payton Pritchard,https://www.basketball-reference.com/players/p/pritcpa01.html,2021,2021-02-05,BOS,LAC,@,"W, 119-115",,19:18,3,4,2,3,0,0,1,1,2,2,0,0,0,1,8
Payton Pritchard,https://www.basketball-reference.com/players/p/pritcpa01.html,2021,2021-02-07,BOS,PHO,@,"L, 91-100",,22:54,4,9,4,9,0,0,0,5,5,1,0,0,0,2,12
Payton Pritchard,https://www.basketball-reference.com/players/p/pritcpa01.html,2021,2021-02-09,BOS,UTA,@,"L, 108-122",,15:24,1,4,1,4,0,0,0,0,0,1,0,0,0,3,3
Payton Pritchard,https://www.basketball-reference.com/players/p/pritcpa01.html,2021,2021-02-11,BOS,TOR,,"W, 120-106",,29:06,6,10,6,8,2,2,2,3,5,1,0,0,2,2,20
Payton Pritchard,https://www.basketball-reference.com/players/p/pritcpa01.html,2021,2021-02-12,BOS,DET,,"L, 102-108",,28:43,1,5,0,3,0,0,0,3,3,1,0,0,1,3,2
Payton Pritchard,https://www.basketball-reference.com/players/p/pritcpa01.html,2021,2021-02-14,BOS,WAS,@,"L, 91-104",,17:27,2,7,0,3,0,0,1,2,3,2,0,0,0,1,4
Payton Pritchard,https://www.basketball-reference.com/players/p/pritcpa01.html,2021,2021-02-16,BOS,DEN,,"W, 112-99",,22:49,3,5,1,3,1,1,0,1,1,7,0,0,1,2,8
Payton Pritchard,https://www.basketball-reference.com/players/p/pritcpa01.html,2021,2021-02-17,BOS,ATL,,"L, 114-122",,22:51,5,11,1,5,0,0,1,1,2,2,0,0,2,5,11
Payton Pritchard,https://www.basketball-reference.com/players/p/pritcpa01.html,2021,2021-02-19,BOS,ATL,,"W, 121-109",,17:20,0,7,0,5,0,0,0,1,1,0,0,0,1,1,0
Payton Pritchard,https://www.basketball-reference.com/players/p/pritcpa01.html,2021,2021-02-21,BOS,NOP,@,"L, 115-120 (OT)",,16:53,2,3,0,1,0,0,0,0,0,3,1,0,1,1,4
Payton Pritchard,https://www.basketball-reference.com/players/p/pritcpa01.html,2021,2021-02-23,BOS,DAL,@,"L, 107-110",,19:08,2,7,1,4,2,2,1,0,1,3,0,0,1,2,7
Payton Pritchard,https://www.basketball-reference.com/players/p/pritcpa01.html,2021,2021-02-24,BOS,ATL,@,"L, 112-127",,17:00,1,5,0,1,1,1,0,1,1,0,1,0,0,1,3
Payton Pritchard,https://www.basketball-reference.com/players/p/pritcpa01.html,2021,2021-02-26,BOS,IND,,"W, 118-112",,30:19,4,6,1,1,0,0,3,1,4,1,0,0,0,2,9
Payton Pritchard,https://www.basketball-reference.com/players/p/pritcpa01.html,2021,2021-02-28,BOS,WAS,,"W, 111-110",,20:39,3,9,1,2,0,0,0,5,5,2,0,0,1,2,7
Payton Pritchard,https://www.basketball-reference.com/players/p/pritcpa01.html,2021,2021-03-02,BOS,LAC,,"W, 117-112",,23:19,5,8,4,7,0,0,0,2,2,3,1,0,1,2,14
Payton Pritchard,https://www.basketball-reference.com/players/p/pritcpa01.html,2021,2021-03-04,BOS,TOR,,"W, 132-125",,24:24,3,4,2,3,2,2,1,1,2,4,2,0,1,4,10
Payton Pritchard,https://www.basketball-reference.com/players/p/pritcpa01.html,2021,2021-03-11,BOS,BRK,@,"L, 109-121",,13:27,1,5,1,3,0,0,0,0,0,2,0,0,0,0,3
Payton Pritchard,https://www.basketball-reference.com/players/p/pritcpa01.html,2021,2021-03-14,BOS,HOU,@,"W, 134-107",,13:30,3,6,3,5,0,0,0,0,0,3,0,0,1,3,9
Payton Pritchard,https://www.basketball-reference.com/players/p/pritcpa01.html,2021,2021-03-16,BOS,UTA,,"L, 109-117",,11:57,0,0,0,0,0,0,0,0,0,1,0,0,0,1,0
Payton Pritchard,https://www.basketball-reference.com/players/p/pritcpa01.html,2021,2021-03-17,BOS,CLE,@,"L, 110-117",,18:47,3,4,0,1,1,2,1,0,1,1,1,0,0,1,7
Payton Pritchard,https://www.basketball-reference.com/players/p/pritcpa01.html,2021,2021-03-19,BOS,SAC,,"L, 96-107",,19:45,2,6,2,3,0,0,2,2,4,0,1,0,0,1,6
Payton Pritchard,https://www.basketball-reference.com/players/p/pritcpa01.html,2021,2021-03-21,BOS,ORL,,"W, 112-96",,10:52,2,4,1,3,0,0,0,0,0,0,0,0,1,2,5
Payton Pritchard,https://www.basketball-reference.com/players/p/pritcpa01.html,2021,2021-03-22,BOS,MEM,@,"L, 126-132 (OT)",,16:44,2,6,2,4,0,0,1,1,2,3,0,1,0,1,6
Payton Pritchard,https://www.basketball-reference.com/players/p/pritcpa01.html,2021,2021-03-24,BOS,MIL,@,"L, 119-121",,04:07,1,3,1,3,0,0,0,0,0,0,0,0,0,2,3
Payton Pritchard,https://www.basketball-reference.com/players/p/pritcpa01.html,2021,2021-03-26,BOS,MIL,@,"W, 122-114",,19:43,2,6,2,5,1,2,0,3,3,1,1,0,1,1,7
Payton Pritchard,https://www.basketball-reference.com/players/p/pritcpa01.html,2021,2021-03-27,BOS,OKC,@,"W, 111-94",,23:12,6,10,0,1,0,0,1,6,7,2,1,0,0,3,12
Payton Pritchard,https://www.basketball-reference.com/players/p/pritcpa01.html,2021,2021-03-29,BOS,NOP,,"L, 109-115",,15:16,4,6,3,4,0,0,2,3,5,0,1,1,1,2,11
Payton Pritchard,https://www.basketball-reference.com/players/p/pritcpa01.html,2021,2021-03-31,BOS,DAL,,"L, 108-113",,15:54,2,4,2,4,2,2,0,2,2,0,0,0,0,2,8
Payton Pritchard,https://www.basketball-reference.com/players/p/pritcpa01.html,2021,2021-04-02,BOS,HOU,,"W, 118-102",,15:14,0,2,0,2,0,0,0,0,0,1,1,0,0,2,0
Payton Pritchard,https://www.basketball-reference.com/players/p/pritcpa01.html,2021,2021-04-04,BOS,CHO,,"W, 116-86",,17:02,2,8,1,4,0,0,0,3,3,2,1,0,0,2,5
Payton Pritchard,https://www.basketball-reference.com/players/p/pritcpa01.html,2021,2021-04-06,BOS,PHI,,"L, 96-106",,08:36,2,3,2,3,0,0,1,0,1,0,1,0,1,1,6
Payton Pritchard,https://www.basketball-reference.com/players/p/pritcpa01.html,2021,2021-04-07,BOS,NYK,,"W, 101-99",,16:27,1,4,0,3,0,0,0,2,2,3,0,0,1,0,2
Payton Pritchard,https://www.basketball-reference.com/players/p/pritcpa01.html,2021,2021-04-09,BOS,MIN,,"W, 145-136 (OT)",,12:22,3,5,1,2,0,0,0,0,0,1,1,0,0,0,7
Payton Pritchard,https://www.basketball-reference.com/players/p/pritcpa01.html,2021,2021-04-11,BOS,DEN,@,"W, 105-87",,09:41,0,1,0,0,0,0,0,2,2,0,0,0,1,0,0
Payton Pritchard,https://www.basketball-reference.com/players/p/pritcpa01.html,2021,2021-04-13,BOS,POR,@,"W, 116-115",,11:54,1,7,0,3,0,0,0,2,2,1,0,0,1,1,2
Payton Pritchard,https://www.basketball-reference.com/players/p/pritcpa01.html,2021,2021-04-15,BOS,LAL,@,"W, 121-113",,19:49,5,11,3,6,2,2,3,4,7,3,0,0,1,1,15
Payton Pritchard,https://www.basketball-reference.com/players/p/pritcpa01.html,2021,2021-04-17,BOS,GSW,,"W, 119-114",,21:59,4,9,3,6,0,0,2,1,3,1,0,1,0,1,11
Payton Pritchard,https://www.basketball-reference.com/players/p/pritcpa01.html,2021,2021-04-19,BOS,CHI,,"L, 96-102",,31:26,5,8,2,3,2,2,0,1,1,3,1,0,2,1,14
Payton Pritchard,https://www.basketball-reference.com/players/p/pritcpa01.html,2021,2021-04-22,BOS,PHO,,"W, 99-86",,20:41,3,8,2,7,2,2,0,4,4,0,1,0,0,0,10
Payton Pritchard,https://www.basketball-reference.com/players/p/pritcpa01.html,2021,2021-04-23,BOS,BRK,@,"L, 104-109",,23:37,8,12,6,7,0,0,0,3,3,2,0,1,0,1,22
Payton Pritchard,https://www.basketball-reference.com/players/p/pritcpa01.html,2021,2021-04-25,BOS,CHO,@,"L, 104-125",,15:34,0,3,0,2,2,2,0,2,2,1,0,0,0,1,2
Payton Pritchard,https://www.basketball-reference.com/players/p/pritcpa01.html,2021,2021-04-27,BOS,OKC,,"L, 115-119",,32:58,9,16,4,10,6,7,0,3,3,4,1,0,2,4,28
Payton Pritchard,https://www.basketball-reference.com/players/p/pritcpa01.html,2021,2021-04-28,BOS,CHO,,"W, 120-111",,28:35,2,8,2,6,2,2,0,3,3,3,1,0,2,2,8
Payton Pritchard,https://www.basketball-reference.com/players/p/pritcpa01.html,2021,2021-04-30,BOS,SAS,,"W, 143-140 (OT)",,13:18,1,4,1,4,0,0,1,1,2,0,1,0,1,1,3
Payton Pritchard,https://www.basketball-reference.com/players/p/pritcpa01.html,2021,2021-05-02,BOS,POR,,"L, 119-129",,18:42,4,6,3,5,2,2,1,5,6,0,0,0,1,0,13
Payton Pritchard,https://www.basketball-reference.com/players/p/pritcpa01.html,2021,2021-05-05,BOS,ORL,@,"W, 132-96",,18:00,5,8,4,6,0,0,0,1,1,1,0,0,0,2,14
Payton Pritchard,https://www.basketball-reference.com/players/p/pritcpa01.html,2021,2021-05-07,BOS,CHI,@,"L, 99-121",,11:25,1,4,0,3,0,0,0,0,0,1,0,0,0,0,2
Payton Pritchard,https://www.basketball-reference.com/players/p/pritcpa01.html,2021,2021-05-09,BOS,MIA,,"L, 124-130",,08:17,0,4,0,2,0,0,0,1,1,1,0,0,0,1,0
Payton Pritchard,https://www.basketball-reference.com/players/p/pritcpa01.html,2021,2021-05-11,BOS,MIA,,"L, 121-129",,13:11,3,4,1,2,0,0,0,1,1,0,0,0,0,0,7
Payton Pritchard,https://www.basketball-reference.com/players/p/pritcpa01.html,2021,2021-05-12,BOS,CLE,@,"L, 94-102",,25:38,5,13,4,9,1,2,1,6,7,3,1,0,0,2,15
Payton Pritchard,https://www.basketball-reference.com/players/p/pritcpa01.html,2021,2021-05-15,BOS,MIN,@,"W, 124-108",,26:02,4,12,3,7,0,0,0,4,4,1,4,0,1,1,11
Payton Pritchard,https://www.basketball-reference.com/players/p/pritcpa01.html,2021,2021-05-16,BOS,NYK,@,"L, 92-96",,23:02,2,10,2,8,0,0,1,5,6,6,0,0,1,2,6
Tyler Bey,https://www.basketball-reference.com/players/b/beyty01.html,2021,2020-12-23,DAL,PHO,@,"L, 102-106",,,,,,,,,,,,,,,,,
Tyler Bey,https://www.basketball-reference.com/players/b/beyty01.html,2021,2020-12-25,DAL,LAL,@,"L, 115-138",,,,,,,,,,,,,,,,,
Tyler Bey,https://www.basketball-reference.com/players/b/beyty01.html,2021,2020-12-27,DAL,LAC,@,"W, 124-73",,,,,,,,,,,,,,,,,
Tyler Bey,https://www.basketball-reference.com/players/b/beyty01.html,2021,2020-12-30,DAL,CHO,,"L, 99-118",,,,,,,,,,,,,,,,,
Tyler Bey,https://www.basketball-reference.com/players/b/beyty01.html,2021,,,,,,,,,,,,,,,,,,,,,,
Tyler Bey,https://www.basketball-reference.com/players/b/beyty01.html,2021,2021-01-01,DAL,MIA,,"W, 93-83",,,,,,,,,,,,,,,,,
Tyler Bey,https://www.basketball-reference.com/players/b/beyty01.html,2021,2021-01-03,DAL,CHI,@,"L, 108-118",,,,,,,,,,,,,,,,,
Tyler Bey,https://www.basketball-reference.com/players/b/beyty01.html,2021,2021-01-04,DAL,HOU,@,"W, 113-100",,,,,,,,,,,,,,,,,
Tyler Bey,https://www.basketball-reference.com/players/b/beyty01.html,2021,2021-01-07,DAL,DEN,@,"W, 124-117 (OT)",,,,,,,,,,,,,,,,,
Tyler Bey,https://www.basketball-reference.com/players/b/beyty01.html,2021,2021-01-09,DAL,ORL,,"W, 112-98",,,,,,,,,,,,,,,,,
Tyler Bey,https://www.basketball-reference.com/players/b/beyty01.html,2021,2021-01-13,DAL,CHO,@,"W, 104-93",,01:15,0,1,0,0,0,0,0,0,0,0,0,0,0,0,0
Tyler Bey,https://www.basketball-reference.com/players/b/beyty01.html,2021,2021-01-15,DAL,MIL,@,"L, 109-112",,,,,,,,,,,,,,,,,
Tyler Bey,https://www.basketball-reference.com/players/b/beyty01.html,2021,2021-01-17,DAL,CHI,,"L, 101-117",,01:57,0,1,0,0,1,2,0,1,1,0,0,0,0,0,1
Tyler Bey,https://www.basketball-reference.com/players/b/beyty01.html,2021,2021-01-18,DAL,TOR,@,"L, 93-116",,02:04,0,0,0,0,0,0,0,0,0,0,0,0,0,0,0
Tyler Bey,https://www.basketball-reference.com/players/b/beyty01.html,2021,2021-01-20,DAL,IND,@,"W, 124-112",,,,,,,,,,,,,,,,,
Tyler Bey,https://www.basketball-reference.com/players/b/beyty01.html,2021,2021-01-22,DAL,SAS,@,"W, 122-117",,,,,,,,,,,,,,,,,
Tyler Bey,https://www.basketball-reference.com/players/b/beyty01.html,2021,2021-01-23,DAL,HOU,,"L, 108-133",,07:19,2,3,0,0,1,2,2,0,2,0,0,1,0,2,5
Tyler Bey,https://www.basketball-reference.com/players/b/beyty01.html,2021,2021-01-25,DAL,DEN,,"L, 113-117",,,,,,,,,,,,,,,,,
Tyler Bey,https://www.basketball-reference.com/players/b/beyty01.html,2021,2021-01-27,DAL,UTA,@,"L, 104-116",,,,,,,,,,,,,,,,,
Tyler Bey,https://www.basketball-reference.com/players/b/beyty01.html,2021,2021-01-29,DAL,UTA,@,"L, 101-120",,,,,,,,,,,,,,,,,
Tyler Bey,https://www.basketball-reference.com/players/b/beyty01.html,2021,2021-01-30,DAL,PHO,,"L, 105-111",,,,,,,,,,,,,,,,,
Tyler Bey,https://www.basketball-reference.com/players/b/beyty01.html,2021,2021-02-01,DAL,PHO,,"L, 108-109",,,,,,,,,,,,,,,,,
Tyler Bey,https://www.basketball-reference.com/players/b/beyty01.html,2021,2021-02-03,DAL,ATL,@,"W, 122-116",,,,,,,,,,,,,,,,,
Tyler Bey,https://www.basketball-reference.com/players/b/beyty01.html,2021,2021-02-04,DAL,GSW,,"L, 116-147",,,,,,,,,,,,,,,,,
Tyler Bey,https://www.basketball-reference.com/players/b/beyty01.html,2021,2021-02-06,DAL,GSW,,"W, 134-132",,,,,,,,,,,,,,,,,
Tyler Bey,https://www.basketball-reference.com/players/b/beyty01.html,2021,2021-02-08,DAL,MIN,,"W, 127-122",,,,,,,,,,,,,,,,,
Tyler Bey,https://www.basketball-reference.com/players/b/beyty01.html,2021,2021-02-10,DAL,ATL,,"W, 118-117",,,,,,,,,,,,,,,,,
Tyler Bey,https://www.basketball-reference.com/players/b/beyty01.html,2021,2021-02-12,DAL,NOP,,"W, 143-130",,,,,,,,,,,,,,,,,
Tyler Bey,https://www.basketball-reference.com/players/b/beyty01.html,2021,2021-02-14,DAL,POR,,"L, 118-121",,,,,,,,,,,,,,,,,
Tyler Bey,https://www.basketball-reference.com/players/b/beyty01.html,2021,2021-02-22,DAL,MEM,,"W, 102-92",,,,,,,,,,,,,,,,,
Tyler Bey,https://www.basketball-reference.com/players/b/beyty01.html,2021,2021-02-23,DAL,BOS,,"W, 110-107",,,,,,,,,,,,,,,,,
Tyler Bey,https://www.basketball-reference.com/players/b/beyty01.html,2021,2021-02-25,DAL,PHI,@,"L, 97-111",,,,,,,,,,,,,,,,,
Tyler Bey,https://www.basketball-reference.com/players/b/beyty01.html,2021,2021-02-27,DAL,BRK,@,"W, 115-98",,,,,,,,,,,,,,,,,
Tyler Bey,https://www.basketball-reference.com/players/b/beyty01.html,2021,2021-03-01,DAL,ORL,@,"W, 130-124",,,,,,,,,,,,,,,,,
Tyler Bey,https://www.basketball-reference.com/players/b/beyty01.html,2021,2021-03-03,DAL,OKC,,"W, 87-78",,,,,,,,,,,,,,,,,
Tyler Bey,https://www.basketball-reference.com/players/b/beyty01.html,2021,2021-03-10,DAL,SAS,,"W, 115-104",,,,,,,,,,,,,,,,,
Tyler Bey,https://www.basketball-reference.com/players/b/beyty01.html,2021,2021-03-11,DAL,OKC,@,"L, 108-116",,,,,,,,,,,,,,,,,
Tyler Bey,https://www.basketball-reference.com/players/b/beyty01.html,2021,2021-03-13,DAL,DEN,@,"W, 116-103",,01:08,0,0,0,0,0,0,0,1,1,0,0,0,0,0,0
Tyler Bey,https://www.basketball-reference.com/players/b/beyty01.html,2021,2021-03-15,DAL,LAC,,"L, 99-109",,,,,,,,,,,,,,,,,
Tyler Bey,https://www.basketball-reference.com/players/b/beyty01.html,2021,2021-03-17,DAL,LAC,,"W, 105-89",,,,,,,,,,,,,,,,,
Tyler Bey,https://www.basketball-reference.com/players/b/beyty01.html,2021,2021-03-19,DAL,POR,@,"L, 119-125",,,,,,,,,,,,,,,,,
Tyler Bey,https://www.basketball-reference.com/players/b/beyty01.html,2021,2021-03-21,DAL,POR,@,"W, 132-92",,06:52,0,3,0,1,0,0,0,2,2,1,0,0,0,1,0
Tyler Bey,https://www.basketball-reference.com/players/b/beyty01.html,2021,2021-03-24,DAL,MIN,@,"W, 128-108",,02:16,1,1,0,0,0,0,0,1,1,0,0,0,0,0,2
Tyler Bey,https://www.basketball-reference.com/players/b/beyty01.html,2021,2021-03-26,DAL,IND,,"L, 94-109",,03:34,0,0,0,0,0,0,2,1,3,0,0,0,0,0,0
Tyler Bey,https://www.basketball-reference.com/players/b/beyty01.html,2021,2021-03-27,DAL,NOP,@,"L, 103-112",,,,,,,,,,,,,,,,,
Tyler Bey,https://www.basketball-reference.com/players/b/beyty01.html,2021,2021-03-29,DAL,OKC,@,"W, 127-106",,05:14,0,2,0,0,0,0,1,1,2,0,0,0,0,1,0
Tyler Bey,https://www.basketball-reference.com/players/b/beyty01.html,2021,2021-03-31,DAL,BOS,@,"W, 113-108",,,,,,,,,,,,,,,,,
Tyler Bey,https://www.basketball-reference.com/players/b/beyty01.html,2021,2021-04-02,DAL,NYK,@,"W, 99-86",,,,,,,,,,,,,,,,,
Tyler Bey,https://www.basketball-reference.com/players/b/beyty01.html,2021,2021-04-03,DAL,WAS,@,"W, 109-87",,01:40,0,0,0,0,0,0,0,0,0,0,0,0,0,0,0
Tyler Bey,https://www.basketball-reference.com/players/b/beyty01.html,2021,2021-04-05,DAL,UTA,,"W, 111-103",,,,,,,,,,,,,,,,,
Tyler Bey,https://www.basketball-reference.com/players/b/beyty01.html,2021,2021-04-07,DAL,HOU,@,"L, 93-102",,,,,,,,,,,,,,,,,
Tyler Bey,https://www.basketball-reference.com/players/b/beyty01.html,2021,2021-04-08,DAL,MIL,,"W, 116-101",,,,,,,,,,,,,,,,,
Tyler Bey,https://www.basketball-reference.com/players/b/beyty01.html,2021,2021-04-11,DAL,SAS,,"L, 117-119",,,,,,,,,,,,,,,,,
Tyler Bey,https://www.basketball-reference.com/players/b/beyty01.html,2021,2021-04-12,DAL,PHI,,"L, 95-113",,05:02,1,1,0,0,0,0,0,1,1,0,0,0,0,0,2
Tyler Bey,https://www.basketball-reference.com/players/b/beyty01.html,2021,2021-04-14,DAL,MEM,@,"W, 114-113",,,,,,,,,,,,,,,,,
Tyler Bey,https://www.basketball-reference.com/players/b/beyty01.html,2021,2021-04-16,DAL,NYK,,"L, 109-117",,,,,,,,,,,,,,,,,
Tyler Bey,https://www.basketball-reference.com/players/b/beyty01.html,2021,2021-04-18,DAL,SAC,,"L, 107-121",,,,,,,,,,,,,,,,,
Tyler Bey,https://www.basketball-reference.com/players/b/beyty01.html,2021,2021-04-21,DAL,DET,,"W, 127-117",,,,,,,,,,,,,,,,,
Tyler Bey,https://www.basketball-reference.com/players/b/beyty01.html,2021,2021-04-22,DAL,LAL,,"W, 115-110",,,,,,,,,,,,,,,,,
Tyler Bey,https://www.basketball-reference.com/players/b/beyty01.html,2021,2021-04-24,DAL,LAL,,"W, 108-93",,,,,,,,,,,,,,,,,
Tyler Bey,https://www.basketball-reference.com/players/b/beyty01.html,2021,2021-04-26,DAL,SAC,@,"L, 106-113",,,,,,,,,,,,,,,,,
Tyler Bey,https://www.basketball-reference.com/players/b/beyty01.html,2021,2021-04-27,DAL,GSW,@,"W, 133-103",,08:56,2,5,1,2,1,1,0,0,0,0,0,0,1,1,6
Tyler Bey,https://www.basketball-reference.com/players/b/beyty01.html,2021,2021-04-29,DAL,DET,@,"W, 115-105",,,,,,,,,,,,,,,,,
Tyler Bey,https://www.basketball-reference.com/players/b/beyty01.html,2021,2021-05-01,DAL,WAS,,"W, 125-124",,,,,,,,,,,,,,,,,
Tyler Bey,https://www.basketball-reference.com/players/b/beyty01.html,2021,2021-05-02,DAL,SAC,,"L, 99-111",,,,,,,,,,,,,,,,,
Tyler Bey,https://www.basketball-reference.com/players/b/beyty01.html,2021,2021-05-04,DAL,MIA,@,"W, 127-113",,01:43,0,1,0,1,0,0,0,0,0,1,0,0,0,1,0
Tyler Bey,https://www.basketball-reference.com/players/b/beyty01.html,2021,2021-05-06,DAL,BRK,,"W, 113-109",,,,,,,,,,,,,,,,,
Tyler Bey,https://www.basketball-reference.com/players/b/beyty01.html,2021,2021-05-07,DAL,CLE,,"W, 110-90",,01:57,1,1,0,0,0,0,1,0,1,0,0,0,1,0,2
Tyler Bey,https://www.basketball-reference.com/players/b/beyty01.html,2021,2021-05-09,DAL,CLE,@,"W, 124-97",,04:24,0,0,0,0,0,0,0,2,2,0,0,0,0,0,0
Tyler Bey,https://www.basketball-reference.com/players/b/beyty01.html,2021,2021-05-11,DAL,MEM,@,"L, 104-133",,07:50,0,1,0,0,0,0,0,0,0,0,0,0,0,0,0
Tyler Bey,https://www.basketball-reference.com/players/b/beyty01.html,2021,2021-05-12,DAL,NOP,,"W, 125-107",,03:27,0,0,0,0,0,0,1,0,1,1,0,0,0,0,0
Tyler Bey,https://www.basketball-reference.com/players/b/beyty01.html,2021,2021-05-14,DAL,TOR,,"W, 114-110",,,,,,,,,,,,,,,,,
Tyler Bey,https://www.basketball-reference.com/players/b/beyty01.html,2021,2021-05-16,DAL,MIN,@,"L, 121-136",,04:19,0,2,0,0,0,0,1,1,2,0,0,0,1,0,0
Josh Green,https://www.basketball-reference.com/players/g/greenjo02.html,2021,2020-12-23,DAL,PHO,@,"L, 102-106",,03:16,1,1,0,0,0,0,0,0,0,0,0,0,0,0,2
Josh Green,https://www.basketball-reference.com/players/g/greenjo02.html,2021,2020-12-25,DAL,LAL,@,"L, 115-138",,02:23,0,0,0,0,0,0,0,0,0,0,0,0,0,0,0
Josh Green,https://www.basketball-reference.com/players/g/greenjo02.html,2021,2020-12-27,DAL,LAC,@,"W, 124-73",,11:34,1,3,0,0,2,2,0,2,2,2,0,0,1,0,4
Josh Green,https://www.basketball-reference.com/players/g/greenjo02.html,2021,2020-12-30,DAL,CHO,,"L, 99-118",,12:44,0,0,0,0,0,0,1,1,2,0,0,0,1,0,0
Josh Green,https://www.basketball-reference.com/players/g/greenjo02.html,2021,,,,,,,,,,,,,,,,,,,,,,
Josh Green,https://www.basketball-reference.com/players/g/greenjo02.html,2021,2021-01-01,DAL,MIA,,"W, 93-83",,,,,,,,,,,,,,,,,
Josh Green,https://www.basketball-reference.com/players/g/greenjo02.html,2021,2021-01-03,DAL,CHI,@,"L, 108-118",,00:18,0,0,0,0,0,0,1,0,1,0,0,0,0,0,0
Josh Green,https://www.basketball-reference.com/players/g/greenjo02.html,2021,2021-01-04,DAL,HOU,@,"W, 113-100",,,,,,,,,,,,,,,,,
Josh Green,https://www.basketball-reference.com/players/g/greenjo02.html,2021,2021-01-07,DAL,DEN,@,"W, 124-117 (OT)",,02:34,0,0,0,0,0,0,0,1,1,0,0,0,0,1,0
Josh Green,https://www.basketball-reference.com/players/g/greenjo02.html,2021,2021-01-09,DAL,ORL,,"W, 112-98",,15:28,0,1,0,1,0,0,0,3,3,0,0,0,0,0,0
Josh Green,https://www.basketball-reference.com/players/g/greenjo02.html,2021,2021-01-13,DAL,CHO,@,"W, 104-93",,18:03,2,4,0,2,1,4,3,2,5,1,0,0,2,3,5
Josh Green,https://www.basketball-reference.com/players/g/greenjo02.html,2021,2021-01-15,DAL,MIL,@,"L, 109-112",,18:55,0,2,0,0,0,0,1,2,3,0,2,0,1,5,0
Josh Green,https://www.basketball-reference.com/players/g/greenjo02.html,2021,2021-01-17,DAL,CHI,,"L, 101-117",,32:11,1,4,0,2,2,2,1,3,4,1,0,0,3,2,4
Josh Green,https://www.basketball-reference.com/players/g/greenjo02.html,2021,2021-01-18,DAL,TOR,@,"L, 93-116",,19:03,2,2,0,0,0,0,1,2,3,2,0,0,0,0,4
Josh Green,https://www.basketball-reference.com/players/g/greenjo02.html,2021,2021-01-20,DAL,IND,@,"W, 124-112",,22:52,4,7,0,1,0,0,1,5,6,2,0,0,0,3,8
Josh Green,https://www.basketball-reference.com/players/g/greenjo02.html,2021,2021-01-22,DAL,SAS,@,"W, 122-117",,16:45,1,4,0,2,0,0,1,5,6,1,1,0,0,0,2
Josh Green,https://www.basketball-reference.com/players/g/greenjo02.html,2021,2021-01-23,DAL,HOU,,"L, 108-133",,20:00,2,5,1,3,1,2,2,0,2,0,1,0,3,2,6
Josh Green,https://www.basketball-reference.com/players/g/greenjo02.html,2021,2021-01-25,DAL,DEN,,"L, 113-117",,,,,,,,,,,,,,,,,
Josh Green,https://www.basketball-reference.com/players/g/greenjo02.html,2021,2021-01-27,DAL,UTA,@,"L, 104-116",,01:34,0,0,0,0,0,0,0,0,0,0,0,0,0,0,0
Josh Green,https://www.basketball-reference.com/players/g/greenjo02.html,2021,2021-01-29,DAL,UTA,@,"L, 101-120",,08:31,3,3,1,1,0,1,0,1,1,0,0,1,0,0,7
Josh Green,https://www.basketball-reference.com/players/g/greenjo02.html,2021,2021-01-30,DAL,PHO,,"L, 105-111",,,,,,,,,,,,,,,,,
Josh Green,https://www.basketball-reference.com/players/g/greenjo02.html,2021,2021-02-01,DAL,PHO,,"L, 108-109",,,,,,,,,,,,,,,,,
Josh Green,https://www.basketball-reference.com/players/g/greenjo02.html,2021,2021-02-03,DAL,ATL,@,"W, 122-116",,,,,,,,,,,,,,,,,
Josh Green,https://www.basketball-reference.com/players/g/greenjo02.html,2021,2021-02-04,DAL,GSW,,"L, 116-147",,05:35,0,0,0,0,0,0,0,0,0,1,0,0,0,0,0
Josh Green,https://www.basketball-reference.com/players/g/greenjo02.html,2021,2021-02-06,DAL,GSW,,"W, 134-132",,,,,,,,,,,,,,,,,
Josh Green,https://www.basketball-reference.com/players/g/greenjo02.html,2021,2021-02-08,DAL,MIN,,"W, 127-122",,,,,,,,,,,,,,,,,
Josh Green,https://www.basketball-reference.com/players/g/greenjo02.html,2021,2021-02-10,DAL,ATL,,"W, 118-117",,,,,,,,,,,,,,,,,
Josh Green,https://www.basketball-reference.com/players/g/greenjo02.html,2021,2021-02-12,DAL,NOP,,"W, 143-130",,,,,,,,,,,,,,,,,
Josh Green,https://www.basketball-reference.com/players/g/greenjo02.html,2021,2021-02-14,DAL,POR,,"L, 118-121",,,,,,,,,,,,,,,,,
Josh Green,https://www.basketball-reference.com/players/g/greenjo02.html,2021,2021-02-22,DAL,MEM,,"W, 102-92",,,,,,,,,,,,,,,,,
Josh Green,https://www.basketball-reference.com/players/g/greenjo02.html,2021,2021-02-23,DAL,BOS,,"W, 110-107",,,,,,,,,,,,,,,,,
Josh Green,https://www.basketball-reference.com/players/g/greenjo02.html,2021,2021-02-25,DAL,PHI,@,"L, 97-111",,,,,,,,,,,,,,,,,
Josh Green,https://www.basketball-reference.com/players/g/greenjo02.html,2021,2021-02-27,DAL,BRK,@,"W, 115-98",,,,,,,,,,,,,,,,,
Josh Green,https://www.basketball-reference.com/players/g/greenjo02.html,2021,2021-03-01,DAL,ORL,@,"W, 130-124",,,,,,,,,,,,,,,,,
Josh Green,https://www.basketball-reference.com/players/g/greenjo02.html,2021,2021-03-03,DAL,OKC,,"W, 87-78",,,,,,,,,,,,,,,,,
Josh Green,https://www.basketball-reference.com/players/g/greenjo02.html,2021,2021-03-10,DAL,SAS,,"W, 115-104",,,,,,,,,,,,,,,,,
Josh Green,https://www.basketball-reference.com/players/g/greenjo02.html,2021,2021-03-11,DAL,OKC,@,"L, 108-116",,02:19,0,2,0,0,0,0,0,1,1,0,0,0,0,1,0
Josh Green,https://www.basketball-reference.com/players/g/greenjo02.html,2021,2021-03-13,DAL,DEN,@,"W, 116-103",,02:24,0,1,0,0,0,0,0,0,0,0,0,0,0,0,0
Josh Green,https://www.basketball-reference.com/players/g/greenjo02.html,2021,2021-03-15,DAL,LAC,,"L, 99-109",,,,,,,,,,,,,,,,,
Josh Green,https://www.basketball-reference.com/players/g/greenjo02.html,2021,2021-03-17,DAL,LAC,,"W, 105-89",,,,,,,,,,,,,,,,,
Josh Green,https://www.basketball-reference.com/players/g/greenjo02.html,2021,2021-03-19,DAL,POR,@,"L, 119-125",,,,,,,,,,,,,,,,,
Josh Green,https://www.basketball-reference.com/players/g/greenjo02.html,2021,2021-03-21,DAL,POR,@,"W, 132-92",,09:36,2,4,0,0,0,0,0,0,0,1,0,0,0,0,4
Josh Green,https://www.basketball-reference.com/players/g/greenjo02.html,2021,2021-03-24,DAL,MIN,@,"W, 128-108",,02:16,0,0,0,0,0,0,0,0,0,0,0,0,1,0,0
Josh Green,https://www.basketball-reference.com/players/g/greenjo02.html,2021,2021-03-26,DAL,IND,,"L, 94-109",,08:32,3,5,0,1,1,2,1,0,1,0,0,0,1,0,7
Josh Green,https://www.basketball-reference.com/players/g/greenjo02.html,2021,2021-03-27,DAL,NOP,@,"L, 103-112",,,,,,,,,,,,,,,,,
Josh Green,https://www.basketball-reference.com/players/g/greenjo02.html,2021,2021-03-29,DAL,OKC,@,"W, 127-106",,16:00,2,4,0,2,0,0,1,1,2,1,1,1,1,0,4
Josh Green,https://www.basketball-reference.com/players/g/greenjo02.html,2021,2021-03-31,DAL,BOS,@,"W, 113-108",,02:41,0,1,0,0,0,0,0,0,0,1,0,0,0,0,0
Josh Green,https://www.basketball-reference.com/players/g/greenjo02.html,2021,2021-04-02,DAL,NYK,@,"W, 99-86",,,,,,,,,,,,,,,,,
Josh Green,https://www.basketball-reference.com/players/g/greenjo02.html,2021,2021-04-03,DAL,WAS,@,"W, 109-87",,20:35,1,3,0,1,2,2,2,5,7,1,2,0,0,2,4
Josh Green,https://www.basketball-reference.com/players/g/greenjo02.html,2021,2021-04-05,DAL,UTA,,"W, 111-103",,,,,,,,,,,,,,,,,
Josh Green,https://www.basketball-reference.com/players/g/greenjo02.html,2021,2021-04-07,DAL,HOU,@,"L, 93-102",,03:06,0,2,0,1,0,0,1,0,1,0,0,1,0,0,0
Josh Green,https://www.basketball-reference.com/players/g/greenjo02.html,2021,2021-04-08,DAL,MIL,,"W, 116-101",,00:50,0,0,0,0,0,0,0,0,0,0,0,0,0,0,0
Josh Green,https://www.basketball-reference.com/players/g/greenjo02.html,2021,2021-04-11,DAL,SAS,,"L, 117-119",,,,,,,,,,,,,,,,,
Josh Green,https://www.basketball-reference.com/players/g/greenjo02.html,2021,2021-04-12,DAL,PHI,,"L, 95-113",,04:02,1,2,0,0,0,0,1,1,2,0,0,0,1,1,2
Josh Green,https://www.basketball-reference.com/players/g/greenjo02.html,2021,2021-04-14,DAL,MEM,@,"W, 114-113",,,,,,,,,,,,,,,,,
Josh Green,https://www.basketball-reference.com/players/g/greenjo02.html,2021,2021-04-16,DAL,NYK,,"L, 109-117",,,,,,,,,,,,,,,,,
Josh Green,https://www.basketball-reference.com/players/g/greenjo02.html,2021,2021-04-18,DAL,SAC,,"L, 107-121",,,,,,,,,,,,,,,,,
Josh Green,https://www.basketball-reference.com/players/g/greenjo02.html,2021,2021-04-21,DAL,DET,,"W, 127-117",,,,,,,,,,,,,,,,,
Josh Green,https://www.basketball-reference.com/players/g/greenjo02.html,2021,2021-04-22,DAL,LAL,,"W, 115-110",,,,,,,,,,,,,,,,,
Josh Green,https://www.basketball-reference.com/players/g/greenjo02.html,2021,2021-04-24,DAL,LAL,,"W, 108-93",,,,,,,,,,,,,,,,,
Josh Green,https://www.basketball-reference.com/players/g/greenjo02.html,2021,2021-04-26,DAL,SAC,@,"L, 106-113",,16:09,1,2,0,0,0,0,1,2,3,1,1,0,0,1,2
Josh Green,https://www.basketball-reference.com/players/g/greenjo02.html,2021,2021-04-27,DAL,GSW,@,"W, 133-103",,10:06,1,3,1,1,0,0,0,1,1,1,0,0,1,0,3
Josh Green,https://www.basketball-reference.com/players/g/greenjo02.html,2021,2021-04-29,DAL,DET,@,"W, 115-105",,14:04,2,2,0,0,0,0,1,1,2,2,0,0,0,2,4
Josh Green,https://www.basketball-reference.com/players/g/greenjo02.html,2021,2021-05-01,DAL,WAS,,"W, 125-124",,,,,,,,,,,,,,,,,
Josh Green,https://www.basketball-reference.com/players/g/greenjo02.html,2021,2021-05-02,DAL,SAC,,"L, 99-111",,08:08,0,3,0,2,0,0,1,0,1,0,2,0,0,0,0
Josh Green,https://www.basketball-reference.com/players/g/greenjo02.html,2021,2021-05-04,DAL,MIA,@,"W, 127-113",,23:40,1,2,0,1,2,2,2,2,4,3,3,0,1,1,4
Josh Green,https://www.basketball-reference.com/players/g/greenjo02.html,2021,2021-05-06,DAL,BRK,,"W, 113-109",,08:06,2,2,0,0,0,0,1,1,2,0,2,0,0,0,4
Josh Green,https://www.basketball-reference.com/players/g/greenjo02.html,2021,2021-05-07,DAL,CLE,,"W, 110-90",,25:31,2,3,1,2,1,3,1,4,5,1,0,0,0,4,6
Josh Green,https://www.basketball-reference.com/players/g/greenjo02.html,2021,2021-05-09,DAL,CLE,@,"W, 124-97",,19:41,1,4,0,0,0,0,0,1,1,4,0,0,0,3,2
Josh Green,https://www.basketball-reference.com/players/g/greenjo02.html,2021,2021-05-11,DAL,MEM,@,"L, 104-133",,12:00,1,3,0,0,0,0,2,1,3,1,0,0,0,1,2
Josh Green,https://www.basketball-reference.com/players/g/greenjo02.html,2021,2021-05-12,DAL,NOP,,"W, 125-107",,06:07,1,1,0,0,1,2,0,1,1,0,0,0,0,2,3
Josh Green,https://www.basketball-reference.com/players/g/greenjo02.html,2021,2021-05-14,DAL,TOR,,"W, 114-110",,,,,,,,,,,,,,,,,
Josh Green,https://www.basketball-reference.com/players/g/greenjo02.html,2021,2021-05-16,DAL,MIN,@,"L, 121-136",,16:57,4,8,0,2,0,1,1,1,2,1,1,0,0,1,8
Nate Hinton,https://www.basketball-reference.com/players/h/hintona01.html,2021,2020-12-23,DAL,PHO,@,"L, 102-106",,,,,,,,,,,,,,,,,
Nate Hinton,https://www.basketball-reference.com/players/h/hintona01.html,2021,2020-12-25,DAL,LAL,@,"L, 115-138",,,,,,,,,,,,,,,,,
Nate Hinton,https://www.basketball-reference.com/players/h/hintona01.html,2021,2020-12-27,DAL,LAC,@,"W, 124-73",,,,,,,,,,,,,,,,,
Nate Hinton,https://www.basketball-reference.com/players/h/hintona01.html,2021,2020-12-30,DAL,CHO,,"L, 99-118",,,,,,,,,,,,,,,,,
Nate Hinton,https://www.basketball-reference.com/players/h/hintona01.html,2021,,,,,,,,,,,,,,,,,,,,,,
Nate Hinton,https://www.basketball-reference.com/players/h/hintona01.html,2021,2021-01-01,DAL,MIA,,"W, 93-83",,,,,,,,,,,,,,,,,
Nate Hinton,https://www.basketball-reference.com/players/h/hintona01.html,2021,2021-01-03,DAL,CHI,@,"L, 108-118",,00:18,0,1,0,1,0,0,0,0,0,0,0,0,0,0,0
Nate Hinton,https://www.basketball-reference.com/players/h/hintona01.html,2021,2021-01-04,DAL,HOU,@,"W, 113-100",,,,,,,,,,,,,,,,,
Nate Hinton,https://www.basketball-reference.com/players/h/hintona01.html,2021,2021-01-07,DAL,DEN,@,"W, 124-117 (OT)",,,,,,,,,,,,,,,,,
Nate Hinton,https://www.basketball-reference.com/players/h/hintona01.html,2021,2021-01-09,DAL,ORL,,"W, 112-98",,,,,,,,,,,,,,,,,
Nate Hinton,https://www.basketball-reference.com/players/h/hintona01.html,2021,2021-01-13,DAL,CHO,@,"W, 104-93",,01:15,0,0,0,0,0,0,0,0,0,0,0,0,0,0,0
Nate Hinton,https://www.basketball-reference.com/players/h/hintona01.html,2021,2021-01-15,DAL,MIL,@,"L, 109-112",,,,,,,,,,,,,,,,,
Nate Hinton,https://www.basketball-reference.com/players/h/hintona01.html,2021,2021-01-17,DAL,CHI,,"L, 101-117",,06:08,0,3,0,0,0,0,0,0,0,0,0,0,0,0,0
Nate Hinton,https://www.basketball-reference.com/players/h/hintona01.html,2021,2021-01-18,DAL,TOR,@,"L, 93-116",,02:04,0,0,0,0,0,0,0,0,0,0,1,1,1,0,0
Nate Hinton,https://www.basketball-reference.com/players/h/hintona01.html,2021,2021-01-20,DAL,IND,@,"W, 124-112",,,,,,,,,,,,,,,,,
Nate Hinton,https://www.basketball-reference.com/players/h/hintona01.html,2021,2021-01-22,DAL,SAS,@,"W, 122-117",,,,,,,,,,,,,,,,,
Nate Hinton,https://www.basketball-reference.com/players/h/hintona01.html,2021,2021-01-23,DAL,HOU,,"L, 108-133",,07:19,2,7,0,2,1,2,0,0,0,0,0,0,1,1,5
Nate Hinton,https://www.basketball-reference.com/players/h/hintona01.html,2021,2021-01-25,DAL,DEN,,"L, 113-117",,,,,,,,,,,,,,,,,
Nate Hinton,https://www.basketball-reference.com/players/h/hintona01.html,2021,2021-01-27,DAL,UTA,@,"L, 104-116",,01:34,1,2,1,2,0,0,0,0,0,0,0,0,0,0,3
Nate Hinton,https://www.basketball-reference.com/players/h/hintona01.html,2021,2021-01-29,DAL,UTA,@,"L, 101-120",,,,,,,,,,,,,,,,,
Nate Hinton,https://www.basketball-reference.com/players/h/hintona01.html,2021,2021-01-30,DAL,PHO,,"L, 105-111",,,,,,,,,,,,,,,,,
Nate Hinton,https://www.basketball-reference.com/players/h/hintona01.html,2021,2021-02-01,DAL,PHO,,"L, 108-109",,,,,,,,,,,,,,,,,
Nate Hinton,https://www.basketball-reference.com/players/h/hintona01.html,2021,2021-02-03,DAL,ATL,@,"W, 122-116",,,,,,,,,,,,,,,,,
Nate Hinton,https://www.basketball-reference.com/players/h/hintona01.html,2021,2021-02-04,DAL,GSW,,"L, 116-147",,,,,,,,,,,,,,,,,
Nate Hinton,https://www.basketball-reference.com/players/h/hintona01.html,2021,2021-02-06,DAL,GSW,,"W, 134-132",,,,,,,,,,,,,,,,,
Nate Hinton,https://www.basketball-reference.com/players/h/hintona01.html,2021,2021-02-08,DAL,MIN,,"W, 127-122",,,,,,,,,,,,,,,,,
Nate Hinton,https://www.basketball-reference.com/players/h/hintona01.html,2021,2021-02-10,DAL,ATL,,"W, 118-117",,,,,,,,,,,,,,,,,
Nate Hinton,https://www.basketball-reference.com/players/h/hintona01.html,2021,2021-02-12,DAL,NOP,,"W, 143-130",,,,,,,,,,,,,,,,,
Nate Hinton,https://www.basketball-reference.com/players/h/hintona01.html,2021,2021-02-14,DAL,POR,,"L, 118-121",,,,,,,,,,,,,,,,,
Nate Hinton,https://www.basketball-reference.com/players/h/hintona01.html,2021,2021-02-22,DAL,MEM,,"W, 102-92",,,,,,,,,,,,,,,,,
Nate Hinton,https://www.basketball-reference.com/players/h/hintona01.html,2021,2021-02-23,DAL,BOS,,"W, 110-107",,,,,,,,,,,,,,,,,
Nate Hinton,https://www.basketball-reference.com/players/h/hintona01.html,2021,2021-02-25,DAL,PHI,@,"L, 97-111",,,,,,,,,,,,,,,,,
Nate Hinton,https://www.basketball-reference.com/players/h/hintona01.html,2021,2021-02-27,DAL,BRK,@,"W, 115-98",,,,,,,,,,,,,,,,,
Nate Hinton,https://www.basketball-reference.com/players/h/hintona01.html,2021,2021-03-01,DAL,ORL,@,"W, 130-124",,,,,,,,,,,,,,,,,
Nate Hinton,https://www.basketball-reference.com/players/h/hintona01.html,2021,2021-03-03,DAL,OKC,,"W, 87-78",,,,,,,,,,,,,,,,,
Nate Hinton,https://www.basketball-reference.com/players/h/hintona01.html,2021,2021-03-10,DAL,SAS,,"W, 115-104",,,,,,,,,,,,,,,,,
Nate Hinton,https://www.basketball-reference.com/players/h/hintona01.html,2021,2021-03-11,DAL,OKC,@,"L, 108-116",,,,,,,,,,,,,,,,,
Nate Hinton,https://www.basketball-reference.com/players/h/hintona01.html,2021,2021-03-13,DAL,DEN,@,"W, 116-103",,,,,,,,,,,,,,,,,
Nate Hinton,https://www.basketball-reference.com/players/h/hintona01.html,2021,2021-03-15,DAL,LAC,,"L, 99-109",,,,,,,,,,,,,,,,,
Nate Hinton,https://www.basketball-reference.com/players/h/hintona01.html,2021,2021-03-17,DAL,LAC,,"W, 105-89",,,,,,,,,,,,,,,,,
Nate Hinton,https://www.basketball-reference.com/players/h/hintona01.html,2021,2021-03-19,DAL,POR,@,"L, 119-125",,,,,,,,,,,,,,,,,
Nate Hinton,https://www.basketball-reference.com/players/h/hintona01.html,2021,2021-03-21,DAL,POR,@,"W, 132-92",,08:57,2,3,0,1,0,0,0,1,1,2,1,0,1,0,4
Nate Hinton,https://www.basketball-reference.com/players/h/hintona01.html,2021,2021-03-24,DAL,MIN,@,"W, 128-108",,02:16,0,0,0,0,1,2,0,1,1,1,0,0,1,0,1
Nate Hinton,https://www.basketball-reference.com/players/h/hintona01.html,2021,2021-03-26,DAL,IND,,"L, 94-109",,03:34,0,1,0,0,2,2,0,1,1,1,0,0,0,0,2
Nate Hinton,https://www.basketball-reference.com/players/h/hintona01.html,2021,2021-03-27,DAL,NOP,@,"L, 103-112",,,,,,,,,,,,,,,,,
Nate Hinton,https://www.basketball-reference.com/players/h/hintona01.html,2021,2021-03-29,DAL,OKC,@,"W, 127-106",,05:51,2,2,0,0,0,0,0,0,0,0,2,0,0,1,4
Nate Hinton,https://www.basketball-reference.com/players/h/hintona01.html,2021,2021-03-31,DAL,BOS,@,"W, 113-108",,,,,,,,,,,,,,,,,
Nate Hinton,https://www.basketball-reference.com/players/h/hintona01.html,2021,2021-04-02,DAL,NYK,@,"W, 99-86",,,,,,,,,,,,,,,,,
Nate Hinton,https://www.basketball-reference.com/players/h/hintona01.html,2021,2021-04-03,DAL,WAS,@,"W, 109-87",,01:40,0,0,0,0,0,0,0,0,0,0,0,0,0,0,0
Nate Hinton,https://www.basketball-reference.com/players/h/hintona01.html,2021,2021-04-05,DAL,UTA,,"W, 111-103",,,,,,,,,,,,,,,,,
Nate Hinton,https://www.basketball-reference.com/players/h/hintona01.html,2021,2021-04-07,DAL,HOU,@,"L, 93-102",,03:40,0,0,0,0,0,0,0,0,0,0,0,0,0,0,0
Nate Hinton,https://www.basketball-reference.com/players/h/hintona01.html,2021,2021-04-08,DAL,MIL,,"W, 116-101",,00:50,0,0,0,0,0,0,0,1,1,0,0,0,0,0,0
Nate Hinton,https://www.basketball-reference.com/players/h/hintona01.html,2021,2021-04-11,DAL,SAS,,"L, 117-119",,,,,,,,,,,,,,,,,
Nate Hinton,https://www.basketball-reference.com/players/h/hintona01.html,2021,2021-04-12,DAL,PHI,,"L, 95-113",,02:18,1,1,0,0,0,0,1,0,1,0,0,0,0,1,2
Nate Hinton,https://www.basketball-reference.com/players/h/hintona01.html,2021,2021-04-14,DAL,MEM,@,"W, 114-113",,,,,,,,,,,,,,,,,
Nate Hinton,https://www.basketball-reference.com/players/h/hintona01.html,2021,2021-04-16,DAL,NYK,,"L, 109-117",,,,,,,,,,,,,,,,,
Nate Hinton,https://www.basketball-reference.com/players/h/hintona01.html,2021,2021-04-18,DAL,SAC,,"L, 107-121",,,,,,,,,,,,,,,,,
Nate Hinton,https://www.basketball-reference.com/players/h/hintona01.html,2021,2021-04-21,DAL,DET,,"W, 127-117",,,,,,,,,,,,,,,,,
Nate Hinton,https://www.basketball-reference.com/players/h/hintona01.html,2021,2021-04-22,DAL,LAL,,"W, 115-110",,,,,,,,,,,,,,,,,
Nate Hinton,https://www.basketball-reference.com/players/h/hintona01.html,2021,2021-04-24,DAL,LAL,,"W, 108-93",,,,,,,,,,,,,,,,,
Nate Hinton,https://www.basketball-reference.com/players/h/hintona01.html,2021,2021-04-26,DAL,SAC,@,"L, 106-113",,,,,,,,,,,,,,,,,
Nate Hinton,https://www.basketball-reference.com/players/h/hintona01.html,2021,2021-04-27,DAL,GSW,@,"W, 133-103",,08:56,1,3,0,2,0,0,0,1,1,1,1,0,1,0,2
Nate Hinton,https://www.basketball-reference.com/players/h/hintona01.html,2021,2021-04-29,DAL,DET,@,"W, 115-105",,,,,,,,,,,,,,,,,
Nate Hinton,https://www.basketball-reference.com/players/h/hintona01.html,2021,2021-05-01,DAL,WAS,,"W, 125-124",,,,,,,,,,,,,,,,,
Nate Hinton,https://www.basketball-reference.com/players/h/hintona01.html,2021,2021-05-02,DAL,SAC,,"L, 99-111",,,,,,,,,,,,,,,,,
Nate Hinton,https://www.basketball-reference.com/players/h/hintona01.html,2021,2021-05-04,DAL,MIA,@,"W, 127-113",,01:43,0,0,0,0,0,0,0,0,0,0,0,0,0,0,0
Nate Hinton,https://www.basketball-reference.com/players/h/hintona01.html,2021,2021-05-06,DAL,BRK,,"W, 113-109",,,,,,,,,,,,,,,,,
Nate Hinton,https://www.basketball-reference.com/players/h/hintona01.html,2021,2021-05-07,DAL,CLE,,"W, 110-90",,13:08,3,4,1,2,1,2,0,2,2,1,0,1,0,3,8
Nate Hinton,https://www.basketball-reference.com/players/h/hintona01.html,2021,2021-05-09,DAL,CLE,@,"W, 124-97",,04:24,0,3,0,1,0,0,0,1,1,0,0,0,0,0,0
Nate Hinton,https://www.basketball-reference.com/players/h/hintona01.html,2021,2021-05-11,DAL,MEM,@,"L, 104-133",,07:50,2,5,2,4,2,2,0,0,0,2,2,0,0,0,8
Nate Hinton,https://www.basketball-reference.com/players/h/hintona01.html,2021,2021-05-12,DAL,NOP,,"W, 125-107",,05:15,1,5,0,3,0,0,0,0,0,0,0,0,0,1,2
Nate Hinton,https://www.basketball-reference.com/players/h/hintona01.html,2021,2021-05-14,DAL,TOR,,"W, 114-110",,,,,,,,,,,,,,,,,
Nate Hinton,https://www.basketball-reference.com/players/h/hintona01.html,2021,2021-05-16,DAL,MIN,@,"L, 121-136",,04:19,0,2,0,1,0,0,0,0,0,0,0,0,0,1,0
Nicolò Melli,https://www.basketball-reference.com/players/m/mellini01.html,2021,2020-12-23,NOP,TOR,@,"W, 113-99",,13:31,0,4,0,3,0,0,0,2,2,2,1,0,1,0,0
Nicolò Melli,https://www.basketball-reference.com/players/m/mellini01.html,2021,2020-12-25,NOP,MIA,@,"L, 98-111",,09:22,0,2,0,1,1,2,0,0,0,0,0,0,0,2,1
Nicolò Melli,https://www.basketball-reference.com/players/m/mellini01.html,2021,2020-12-27,NOP,SAS,,"W, 98-95",,,,,,,,,,,,,,,,,
Nicolò Melli,https://www.basketball-reference.com/players/m/mellini01.html,2021,2020-12-29,NOP,PHO,@,"L, 86-111",,15:41,2,4,1,3,0,0,1,7,8,1,0,0,2,2,5
Nicolò Melli,https://www.basketball-reference.com/players/m/mellini01.html,2021,2020-12-31,NOP,OKC,@,"W, 113-80",,16:37,1,2,1,2,2,2,0,2,2,3,1,0,1,0,5
Nicolò Melli,https://www.basketball-reference.com/players/m/mellini01.html,2021,,,,,,,,,,,,,,,,,,,,,,
Nicolò Melli,https://www.basketball-reference.com/players/m/mellini01.html,2021,2021-01-02,NOP,TOR,,"W, 120-116",,03:38,0,1,0,1,0,0,0,1,1,0,0,0,0,0,0
Nicolò Melli,https://www.basketball-reference.com/players/m/mellini01.html,2021,2021-01-04,NOP,IND,,"L, 116-118 (OT)",,,,,,,,,,,,,,,,,
Nicolò Melli,https://www.basketball-reference.com/players/m/mellini01.html,2021,2021-01-06,NOP,OKC,,"L, 110-111",,,,,,,,,,,,,,,,,
Nicolò Melli,https://www.basketball-reference.com/players/m/mellini01.html,2021,2021-01-08,NOP,CHO,,"L, 110-118",,01:36,0,0,0,0,0,0,0,0,0,1,0,0,0,1,0
Nicolò Melli,https://www.basketball-reference.com/players/m/mellini01.html,2021,2021-01-13,NOP,LAC,@,"L, 106-111",,19:22,1,4,1,4,0,0,1,2,3,1,1,0,0,2,3
Nicolò Melli,https://www.basketball-reference.com/players/m/mellini01.html,2021,2021-01-15,NOP,LAL,@,"L, 95-112",,20:52,0,3,0,2,0,0,0,4,4,1,1,1,0,2,0
Nicolò Melli,https://www.basketball-reference.com/players/m/mellini01.html,2021,2021-01-17,NOP,SAC,@,"W, 128-123",,,,,,,,,,,,,,,,,
Nicolò Melli,https://www.basketball-reference.com/players/m/mellini01.html,2021,2021-01-19,NOP,UTA,@,"L, 102-118",,,,,,,,,,,,,,,,,
Nicolò Melli,https://www.basketball-reference.com/players/m/mellini01.html,2021,2021-01-21,NOP,UTA,@,"L, 118-129",,01:59,0,0,0,0,0,0,0,1,1,0,0,0,0,0,0
Nicolò Melli,https://www.basketball-reference.com/players/m/mellini01.html,2021,2021-01-23,NOP,MIN,@,"L, 110-120",,,,,,,,,,,,,,,,,
Nicolò Melli,https://www.basketball-reference.com/players/m/mellini01.html,2021,2021-01-27,NOP,WAS,,"W, 124-106",,,,,,,,,,,,,,,,,
Nicolò Melli,https://www.basketball-reference.com/players/m/mellini01.html,2021,2021-01-29,NOP,MIL,,"W, 131-126",,15:50,2,4,1,3,0,0,0,2,2,2,1,0,1,3,5
Nicolò Melli,https://www.basketball-reference.com/players/m/mellini01.html,2021,2021-01-30,NOP,HOU,,"L, 112-126",,10:32,1,3,1,2,1,1,0,4,4,0,0,0,0,1,4
Nicolò Melli,https://www.basketball-reference.com/players/m/mellini01.html,2021,2021-02-01,NOP,SAC,,"L, 109-118",,,,,,,,,,,,,,,,,
Nicolò Melli,https://www.basketball-reference.com/players/m/mellini01.html,2021,2021-02-03,NOP,PHO,,"W, 123-101",,05:39,0,0,0,0,0,0,0,0,0,0,1,0,1,3,0
Nicolò Melli,https://www.basketball-reference.com/players/m/mellini01.html,2021,2021-02-05,NOP,IND,@,"W, 114-113",,,,,,,,,,,,,,,,,
Nicolò Melli,https://www.basketball-reference.com/players/m/mellini01.html,2021,2021-02-06,NOP,MEM,,"W, 118-109",,,,,,,,,,,,,,,,,
Nicolò Melli,https://www.basketball-reference.com/players/m/mellini01.html,2021,2021-02-09,NOP,HOU,,"W, 130-101",,,,,,,,,,,,,,,,,
Nicolò Melli,https://www.basketball-reference.com/players/m/mellini01.html,2021,2021-02-10,NOP,CHI,@,"L, 116-129",,,,,,,,,,,,,,,,,
Nicolò Melli,https://www.basketball-reference.com/players/m/mellini01.html,2021,2021-02-12,NOP,DAL,@,"L, 130-143",,,,,,,,,,,,,,,,,
Nicolò Melli,https://www.basketball-reference.com/players/m/mellini01.html,2021,2021-02-14,NOP,DET,@,"L, 112-123",,,,,,,,,,,,,,,,,
Nicolò Melli,https://www.basketball-reference.com/players/m/mellini01.html,2021,2021-02-16,NOP,MEM,@,"W, 144-113",,02:50,1,1,1,1,0,0,0,0,0,1,0,0,0,0,3
Nicolò Melli,https://www.basketball-reference.com/players/m/mellini01.html,2021,2021-02-17,NOP,POR,,"L, 124-126",,,,,,,,,,,,,,,,,
Nicolò Melli,https://www.basketball-reference.com/players/m/mellini01.html,2021,2021-02-19,NOP,PHO,,"L, 114-132",,02:26,0,0,0,0,0,0,0,0,0,0,0,0,0,0,0
Nicolò Melli,https://www.basketball-reference.com/players/m/mellini01.html,2021,2021-02-21,NOP,BOS,,"W, 120-115 (OT)",,17:00,1,7,1,7,0,0,0,3,3,0,2,0,0,3,3
Nicolò Melli,https://www.basketball-reference.com/players/m/mellini01.html,2021,2021-02-24,NOP,DET,,"W, 128-118",,,,,,,,,,,,,,,,,
Nicolò Melli,https://www.basketball-reference.com/players/m/mellini01.html,2021,2021-02-25,NOP,MIL,@,"L, 125-129",,,,,,,,,,,,,,,,,
Nicolò Melli,https://www.basketball-reference.com/players/m/mellini01.html,2021,2021-02-27,NOP,SAS,@,"L, 114-117",,06:13,0,0,0,0,0,0,0,1,1,0,0,0,0,1,0
Nicolò Melli,https://www.basketball-reference.com/players/m/mellini01.html,2021,2021-03-01,NOP,UTA,,"W, 129-124",,,,,,,,,,,,,,,,,
Nicolò Melli,https://www.basketball-reference.com/players/m/mellini01.html,2021,2021-03-03,NOP,CHI,,"L, 124-128",,,,,,,,,,,,,,,,,
Nicolò Melli,https://www.basketball-reference.com/players/m/mellini01.html,2021,2021-03-04,NOP,MIA,,"L, 93-103",,23:12,0,5,0,4,0,0,1,6,7,4,0,0,1,2,0
Nicolò Melli,https://www.basketball-reference.com/players/m/mellini01.html,2021,2021-03-11,NOP,MIN,,"L, 105-135",,06:42,1,2,0,0,0,0,3,2,5,0,0,0,0,1,2
Nicolò Melli,https://www.basketball-reference.com/players/m/mellini01.html,2021,2021-03-12,NOP,CLE,,"W, 116-82",,19:27,3,8,0,1,2,2,3,3,6,3,0,0,0,2,8
Nicolò Melli,https://www.basketball-reference.com/players/m/mellini01.html,2021,2021-03-14,NOP,LAC,,"W, 135-115",,06:57,1,4,0,0,0,0,2,1,3,2,0,0,0,0,2
Nicolò Melli,https://www.basketball-reference.com/players/m/mellini01.html,2021,2021-03-16,NOP,POR,@,"L, 124-125",,,,,,,,,,,,,,,,,
Nicolò Melli,https://www.basketball-reference.com/players/m/mellini01.html,2021,2021-03-18,NOP,POR,@,"L, 93-101",,,,,,,,,,,,,,,,,
Nicolò Melli,https://www.basketball-reference.com/players/m/mellini01.html,2021,2021-03-21,NOP,DEN,@,"W, 113-108",,13:06,1,4,0,2,0,0,1,3,4,4,1,0,0,2,2
Nicolò Melli,https://www.basketball-reference.com/players/m/mellini01.html,2021,2021-03-23,NOP,LAL,,"W, 128-111",,08:45,0,1,0,1,0,0,0,1,1,0,0,0,0,1,0
Nicolò Melli,https://www.basketball-reference.com/players/m/mellini01.html,2021,2021-03-26,DAL,IND,,"L, 94-109",,,,,,,,,,,,,,,,,
Nicolò Melli,https://www.basketball-reference.com/players/m/mellini01.html,2021,2021-03-27,DAL,NOP,@,"L, 103-112",,,,,,,,,,,,,,,,,
Nicolò Melli,https://www.basketball-reference.com/players/m/mellini01.html,2021,2021-03-29,DAL,OKC,@,"W, 127-106",,11:27,3,4,0,1,0,0,2,1,3,0,1,0,0,0,6
Nicolò Melli,https://www.basketball-reference.com/players/m/mellini01.html,2021,2021-03-31,DAL,BOS,@,"W, 113-108",,05:37,1,3,1,1,0,0,0,1,1,1,0,0,0,1,3
Nicolò Melli,https://www.basketball-reference.com/players/m/mellini01.html,2021,2021-04-02,DAL,NYK,@,"W, 99-86",,11:37,0,1,0,1,0,0,0,1,1,1,0,0,0,3,0
Nicolò Melli,https://www.basketball-reference.com/players/m/mellini01.html,2021,2021-04-03,DAL,WAS,@,"W, 109-87",,28:18,4,4,1,1,1,1,2,6,8,3,0,0,0,2,10
Nicolò Melli,https://www.basketball-reference.com/players/m/mellini01.html,2021,2021-04-05,DAL,UTA,,"W, 111-103",,32:05,0,7,0,5,0,0,1,6,7,1,1,1,1,4,0
Nicolò Melli,https://www.basketball-reference.com/players/m/mellini01.html,2021,2021-04-07,DAL,HOU,@,"L, 93-102",,23:56,0,3,0,1,2,2,0,3,3,0,0,0,0,2,2
Nicolò Melli,https://www.basketball-reference.com/players/m/mellini01.html,2021,2021-04-08,DAL,MIL,,"W, 116-101",,06:44,2,2,2,2,0,0,0,0,0,0,0,0,0,0,6
Nicolò Melli,https://www.basketball-reference.com/players/m/mellini01.html,2021,2021-04-11,DAL,SAS,,"L, 117-119",,22:16,2,5,2,5,0,0,0,1,1,0,0,0,1,5,6
Nicolò Melli,https://www.basketball-reference.com/players/m/mellini01.html,2021,2021-04-12,DAL,PHI,,"L, 95-113",,10:28,0,3,0,2,0,0,1,1,2,1,0,0,0,2,0
Nicolò Melli,https://www.basketball-reference.com/players/m/mellini01.html,2021,2021-04-14,DAL,MEM,@,"W, 114-113",,,,,,,,,,,,,,,,,
Nicolò Melli,https://www.basketball-reference.com/players/m/mellini01.html,2021,2021-04-16,DAL,NYK,,"L, 109-117",,,,,,,,,,,,,,,,,
Nicolò Melli,https://www.basketball-reference.com/players/m/mellini01.html,2021,2021-04-18,DAL,SAC,,"L, 107-121",,00:59,0,0,0,0,0,0,0,0,0,0,0,0,0,0,0
Nicolò Melli,https://www.basketball-reference.com/players/m/mellini01.html,2021,2021-04-21,DAL,DET,,"W, 127-117",,05:33,0,0,0,0,0,0,0,1,1,0,0,0,0,1,0
Nicolò Melli,https://www.basketball-reference.com/players/m/mellini01.html,2021,2021-04-22,DAL,LAL,,"W, 115-110",,,,,,,,,,,,,,,,,
Nicolò Melli,https://www.basketball-reference.com/players/m/mellini01.html,2021,2021-04-24,DAL,LAL,,"W, 108-93",,14:28,2,3,1,2,1,2,0,5,5,1,1,1,0,1,6
Nicolò Melli,https://www.basketball-reference.com/players/m/mellini01.html,2021,2021-04-26,DAL,SAC,@,"L, 106-113",,20:26,0,3,0,2,0,0,2,4,6,1,1,0,1,1,0
Nicolò Melli,https://www.basketball-reference.com/players/m/mellini01.html,2021,2021-04-27,DAL,GSW,@,"W, 133-103",,12:00,5,8,1,2,2,3,2,0,2,1,0,0,0,0,13
Nicolò Melli,https://www.basketball-reference.com/players/m/mellini01.html,2021,2021-04-29,DAL,DET,@,"W, 115-105",,,,,,,,,,,,,,,,,
Nicolò Melli,https://www.basketball-reference.com/players/m/mellini01.html,2021,2021-05-01,DAL,WAS,,"W, 125-124",,10:27,1,1,1,1,0,2,0,0,0,0,0,0,0,2,3
Nicolò Melli,https://www.basketball-reference.com/players/m/mellini01.html,2021,2021-05-02,DAL,SAC,,"L, 99-111",,06:24,1,4,1,2,1,2,0,1,1,0,0,0,0,0,4
Nicolò Melli,https://www.basketball-reference.com/players/m/mellini01.html,2021,2021-05-04,DAL,MIA,@,"W, 127-113",,15:05,0,4,0,2,0,0,1,3,4,3,0,0,0,1,0
Nicolò Melli,https://www.basketball-reference.com/players/m/mellini01.html,2021,2021-05-06,DAL,BRK,,"W, 113-109",,06:11,0,2,0,1,0,0,0,2,2,0,0,0,0,1,0
Nicolò Melli,https://www.basketball-reference.com/players/m/mellini01.html,2021,2021-05-07,DAL,CLE,,"W, 110-90",,,,,,,,,,,,,,,,,
Nicolò Melli,https://www.basketball-reference.com/players/m/mellini01.html,2021,2021-05-09,DAL,CLE,@,"W, 124-97",,21:17,3,5,1,3,2,2,0,4,4,3,0,0,0,3,9
Nicolò Melli,https://www.basketball-reference.com/players/m/mellini01.html,2021,2021-05-11,DAL,MEM,@,"L, 104-133",,16:02,2,7,1,3,2,2,2,1,3,0,0,0,1,1,7
Nicolò Melli,https://www.basketball-reference.com/players/m/mellini01.html,2021,2021-05-12,DAL,NOP,,"W, 125-107",,07:26,0,1,0,0,0,0,0,2,2,0,0,0,0,0,0
Nicolò Melli,https://www.basketball-reference.com/players/m/mellini01.html,2021,2021-05-14,DAL,TOR,,"W, 114-110",,21:05,2,6,2,6,0,0,2,2,4,1,0,0,1,0,6
Nicolò Melli,https://www.basketball-reference.com/players/m/mellini01.html,2021,2021-05-16,DAL,MIN,@,"L, 121-136",,15:01,3,6,2,5,2,2,2,3,5,2,1,0,0,0,10
Tyrell Terry,https://www.basketball-reference.com/players/t/terryty01.html,2021,2020-12-23,DAL,PHO,@,"L, 102-106",,,,,,,,,,,,,,,,,
Tyrell Terry,https://www.basketball-reference.com/players/t/terryty01.html,2021,2020-12-25,DAL,LAL,@,"L, 115-138",,01:42,1,1,0,0,0,0,0,0,0,1,0,0,0,0,2
Tyrell Terry,https://www.basketball-reference.com/players/t/terryty01.html,2021,2020-12-27,DAL,LAC,@,"W, 124-73",,08:46,0,2,0,1,0,0,0,1,1,0,1,0,0,1,0
Tyrell Terry,https://www.basketball-reference.com/players/t/terryty01.html,2021,2020-12-30,DAL,CHO,,"L, 99-118",,03:40,0,1,0,1,0,1,0,0,0,1,0,0,0,0,0
Tyrell Terry,https://www.basketball-reference.com/players/t/terryty01.html,2021,,,,,,,,,,,,,,,,,,,,,,
Tyrell Terry,https://www.basketball-reference.com/players/t/terryty01.html,2021,2021-01-01,DAL,MIA,,"W, 93-83",,,,,,,,,,,,,,,,,
Tyrell Terry,https://www.basketball-reference.com/players/t/terryty01.html,2021,2021-01-03,DAL,CHI,@,"L, 108-118",,00:16,0,1,0,1,0,0,0,0,0,0,0,0,0,0,0
Tyrell Terry,https://www.basketball-reference.com/players/t/terryty01.html,2021,2021-01-04,DAL,HOU,@,"W, 113-100",,,,,,,,,,,,,,,,,
Tyrell Terry,https://www.basketball-reference.com/players/t/terryty01.html,2021,2021-01-07,DAL,DEN,@,"W, 124-117 (OT)",,,,,,,,,,,,,,,,,
Tyrell Terry,https://www.basketball-reference.com/players/t/terryty01.html,2021,2021-01-09,DAL,ORL,,"W, 112-98",,,,,,,,,,,,,,,,,
Tyrell Terry,https://www.basketball-reference.com/players/t/terryty01.html,2021,2021-01-13,DAL,CHO,@,"W, 104-93",,01:15,0,0,0,0,0,0,0,1,1,0,0,0,1,0,0
Tyrell Terry,https://www.basketball-reference.com/players/t/terryty01.html,2021,2021-01-15,DAL,MIL,@,"L, 109-112",,04:48,1,1,0,0,0,0,0,1,1,2,1,0,0,0,2
Tyrell Terry,https://www.basketball-reference.com/players/t/terryty01.html,2021,2021-01-17,DAL,CHI,,"L, 101-117",,15:21,2,4,0,2,0,0,0,0,0,0,2,0,0,0,4
Tyrell Terry,https://www.basketball-reference.com/players/t/terryty01.html,2021,2021-01-18,DAL,TOR,@,"L, 93-116",,03:20,0,1,0,1,0,0,0,1,1,0,0,0,0,0,0
Tyrell Terry,https://www.basketball-reference.com/players/t/terryty01.html,2021,2021-01-20,DAL,IND,@,"W, 124-112",,,,,,,,,,,,,,,,,
Tyrell Terry,https://www.basketball-reference.com/players/t/terryty01.html,2021,2021-01-22,DAL,SAS,@,"W, 122-117",,,,,,,,,,,,,,,,,
Tyrell Terry,https://www.basketball-reference.com/players/t/terryty01.html,2021,2021-01-23,DAL,HOU,,"L, 108-133",,12:00,1,4,0,1,0,0,0,2,2,2,1,0,0,1,2
Tyrell Terry,https://www.basketball-reference.com/players/t/terryty01.html,2021,2021-01-25,DAL,DEN,,"L, 113-117",,,,,,,,,,,,,,,,,
Tyrell Terry,https://www.basketball-reference.com/players/t/terryty01.html,2021,2021-01-27,DAL,UTA,@,"L, 104-116",,01:34,0,0,0,0,1,2,0,0,0,0,0,0,0,0,1
Tyrell Terry,https://www.basketball-reference.com/players/t/terryty01.html,2021,2021-01-29,DAL,UTA,@,"L, 101-120",,03:36,0,1,0,0,0,0,0,0,0,0,0,0,1,0,0
Tyrell Terry,https://www.basketball-reference.com/players/t/terryty01.html,2021,2021-01-30,DAL,PHO,,"L, 105-111",,,,,,,,,,,,,,,,,
Tyrell Terry,https://www.basketball-reference.com/players/t/terryty01.html,2021,2021-02-01,DAL,PHO,,"L, 108-109",,,,,,,,,,,,,,,,,
Tyrell Terry,https://www.basketball-reference.com/players/t/terryty01.html,2021,2021-02-03,DAL,ATL,@,"W, 122-116",,,,,,,,,,,,,,,,,
Tyrell Terry,https://www.basketball-reference.com/players/t/terryty01.html,2021,2021-02-04,DAL,GSW,,"L, 116-147",,,,,,,,,,,,,,,,,
Tyrell Terry,https://www.basketball-reference.com/players/t/terryty01.html,2021,2021-02-06,DAL,GSW,,"W, 134-132",,,,,,,,,,,,,,,,,
Tyrell Terry,https://www.basketball-reference.com/players/t/terryty01.html,2021,2021-02-08,DAL,MIN,,"W, 127-122",,,,,,,,,,,,,,,,,
Tyrell Terry,https://www.basketball-reference.com/players/t/terryty01.html,2021,2021-02-10,DAL,ATL,,"W, 118-117",,,,,,,,,,,,,,,,,
Tyrell Terry,https://www.basketball-reference.com/players/t/terryty01.html,2021,2021-02-12,DAL,NOP,,"W, 143-130",,,,,,,,,,,,,,,,,
Tyrell Terry,https://www.basketball-reference.com/players/t/terryty01.html,2021,2021-02-14,DAL,POR,,"L, 118-121",,,,,,,,,,,,,,,,,
Tyrell Terry,https://www.basketball-reference.com/players/t/terryty01.html,2021,2021-02-22,DAL,MEM,,"W, 102-92",,,,,,,,,,,,,,,,,
Tyrell Terry,https://www.basketball-reference.com/players/t/terryty01.html,2021,2021-02-23,DAL,BOS,,"W, 110-107",,,,,,,,,,,,,,,,,
Tyrell Terry,https://www.basketball-reference.com/players/t/terryty01.html,2021,2021-02-25,DAL,PHI,@,"L, 97-111",,,,,,,,,,,,,,,,,
Tyrell Terry,https://www.basketball-reference.com/players/t/terryty01.html,2021,2021-02-27,DAL,BRK,@,"W, 115-98",,,,,,,,,,,,,,,,,
Tyrell Terry,https://www.basketball-reference.com/players/t/terryty01.html,2021,2021-03-01,DAL,ORL,@,"W, 130-124",,,,,,,,,,,,,,,,,
Tyrell Terry,https://www.basketball-reference.com/players/t/terryty01.html,2021,2021-03-03,DAL,OKC,,"W, 87-78",,,,,,,,,,,,,,,,,
Tyrell Terry,https://www.basketball-reference.com/players/t/terryty01.html,2021,2021-03-10,DAL,SAS,,"W, 115-104",,,,,,,,,,,,,,,,,
Tyrell Terry,https://www.basketball-reference.com/players/t/terryty01.html,2021,2021-03-11,DAL,OKC,@,"L, 108-116",,,,,,,,,,,,,,,,,
Tyrell Terry,https://www.basketball-reference.com/players/t/terryty01.html,2021,2021-03-13,DAL,DEN,@,"W, 116-103",,,,,,,,,,,,,,,,,
Tyrell Terry,https://www.basketball-reference.com/players/t/terryty01.html,2021,2021-03-15,DAL,LAC,,"L, 99-109",,,,,,,,,,,,,,,,,
Tyrell Terry,https://www.basketball-reference.com/players/t/terryty01.html,2021,2021-03-17,DAL,LAC,,"W, 105-89",,,,,,,,,,,,,,,,,
Tyrell Terry,https://www.basketball-reference.com/players/t/terryty01.html,2021,2021-03-19,DAL,POR,@,"L, 119-125",,,,,,,,,,,,,,,,,
Tyrell Terry,https://www.basketball-reference.com/players/t/terryty01.html,2021,2021-03-21,DAL,POR,@,"W, 132-92",,,,,,,,,,,,,,,,,
Tyrell Terry,https://www.basketball-reference.com/players/t/terryty01.html,2021,2021-03-24,DAL,MIN,@,"W, 128-108",,,,,,,,,,,,,,,,,
Tyrell Terry,https://www.basketball-reference.com/players/t/terryty01.html,2021,2021-03-26,DAL,IND,,"L, 94-109",,,,,,,,,,,,,,,,,
Tyrell Terry,https://www.basketball-reference.com/players/t/terryty01.html,2021,2021-03-27,DAL,NOP,@,"L, 103-112",,,,,,,,,,,,,,,,,
Tyrell Terry,https://www.basketball-reference.com/players/t/terryty01.html,2021,2021-03-29,DAL,OKC,@,"W, 127-106",,,,,,,,,,,,,,,,,
Tyrell Terry,https://www.basketball-reference.com/players/t/terryty01.html,2021,2021-03-31,DAL,BOS,@,"W, 113-108",,,,,,,,,,,,,,,,,
Tyrell Terry,https://www.basketball-reference.com/players/t/terryty01.html,2021,2021-04-02,DAL,NYK,@,"W, 99-86",,,,,,,,,,,,,,,,,
Tyrell Terry,https://www.basketball-reference.com/players/t/terryty01.html,2021,2021-04-03,DAL,WAS,@,"W, 109-87",,,,,,,,,,,,,,,,,
Tyrell Terry,https://www.basketball-reference.com/players/t/terryty01.html,2021,2021-04-05,DAL,UTA,,"W, 111-103",,,,,,,,,,,,,,,,,
Tyrell Terry,https://www.basketball-reference.com/players/t/terryty01.html,2021,2021-04-07,DAL,HOU,@,"L, 93-102",,,,,,,,,,,,,,,,,
Tyrell Terry,https://www.basketball-reference.com/players/t/terryty01.html,2021,2021-04-08,DAL,MIL,,"W, 116-101",,,,,,,,,,,,,,,,,
Tyrell Terry,https://www.basketball-reference.com/players/t/terryty01.html,2021,2021-04-11,DAL,SAS,,"L, 117-119",,,,,,,,,,,,,,,,,
Tyrell Terry,https://www.basketball-reference.com/players/t/terryty01.html,2021,2021-04-12,DAL,PHI,,"L, 95-113",,,,,,,,,,,,,,,,,
Tyrell Terry,https://www.basketball-reference.com/players/t/terryty01.html,2021,2021-04-14,DAL,MEM,@,"W, 114-113",,,,,,,,,,,,,,,,,
Tyrell Terry,https://www.basketball-reference.com/players/t/terryty01.html,2021,2021-04-16,DAL,NYK,,"L, 109-117",,,,,,,,,,,,,,,,,
Tyrell Terry,https://www.basketball-reference.com/players/t/terryty01.html,2021,2021-04-18,DAL,SAC,,"L, 107-121",,,,,,,,,,,,,,,,,
Tyrell Terry,https://www.basketball-reference.com/players/t/terryty01.html,2021,2021-04-21,DAL,DET,,"W, 127-117",,,,,,,,,,,,,,,,,
Tyrell Terry,https://www.basketball-reference.com/players/t/terryty01.html,2021,2021-04-22,DAL,LAL,,"W, 115-110",,,,,,,,,,,,,,,,,
Tyrell Terry,https://www.basketball-reference.com/players/t/terryty01.html,2021,2021-04-24,DAL,LAL,,"W, 108-93",,,,,,,,,,,,,,,,,
Tyrell Terry,https://www.basketball-reference.com/players/t/terryty01.html,2021,2021-04-26,DAL,SAC,@,"L, 106-113",,,,,,,,,,,,,,,,,
Tyrell Terry,https://www.basketball-reference.com/players/t/terryty01.html,2021,2021-04-27,DAL,GSW,@,"W, 133-103",,,,,,,,,,,,,,,,,
Tyrell Terry,https://www.basketball-reference.com/players/t/terryty01.html,2021,2021-04-29,DAL,DET,@,"W, 115-105",,,,,,,,,,,,,,,,,
Tyrell Terry,https://www.basketball-reference.com/players/t/terryty01.html,2021,2021-05-01,DAL,WAS,,"W, 125-124",,,,,,,,,,,,,,,,,
Tyrell Terry,https://www.basketball-reference.com/players/t/terryty01.html,2021,2021-05-02,DAL,SAC,,"L, 99-111",,,,,,,,,,,,,,,,,
Tyrell Terry,https://www.basketball-reference.com/players/t/terryty01.html,2021,2021-05-04,DAL,MIA,@,"W, 127-113",,,,,,,,,,,,,,,,,
Tyrell Terry,https://www.basketball-reference.com/players/t/terryty01.html,2021,2021-05-06,DAL,BRK,,"W, 113-109",,,,,,,,,,,,,,,,,
Tyrell Terry,https://www.basketball-reference.com/players/t/terryty01.html,2021,2021-05-07,DAL,CLE,,"W, 110-90",,,,,,,,,,,,,,,,,
Tyrell Terry,https://www.basketball-reference.com/players/t/terryty01.html,2021,2021-05-09,DAL,CLE,@,"W, 124-97",,,,,,,,,,,,,,,,,
Tyrell Terry,https://www.basketball-reference.com/players/t/terryty01.html,2021,2021-05-11,DAL,MEM,@,"L, 104-133",,,,,,,,,,,,,,,,,
Tyrell Terry,https://www.basketball-reference.com/players/t/terryty01.html,2021,2021-05-12,DAL,NOP,,"W, 125-107",,,,,,,,,,,,,,,,,
Tyrell Terry,https://www.basketball-reference.com/players/t/terryty01.html,2021,2021-05-14,DAL,TOR,,"W, 114-110",,,,,,,,,,,,,,,,,
Tyrell Terry,https://www.basketball-reference.com/players/t/terryty01.html,2021,2021-05-16,DAL,MIN,@,"L, 121-136",,,,,,,,,,,,,,,,,
Facundo Campazzo,https://www.basketball-reference.com/players/c/campafa01.html,2021,2020-12-23,DEN,SAC,,"L, 122-124 (OT)",,08:08,1,1,1,1,0,0,0,1,1,0,0,0,0,1,3
Facundo Campazzo,https://www.basketball-reference.com/players/c/campafa01.html,2021,2020-12-25,DEN,LAC,,"L, 108-121",,03:11,0,0,0,0,0,0,0,0,0,0,0,0,1,0,0
Facundo Campazzo,https://www.basketball-reference.com/players/c/campafa01.html,2021,2020-12-28,DEN,HOU,,"W, 124-111",,05:26,0,1,0,0,4,4,0,1,1,0,0,0,1,2,4
Facundo Campazzo,https://www.basketball-reference.com/players/c/campafa01.html,2021,2020-12-29,DEN,SAC,@,"L, 115-125",,12:34,0,3,0,3,1,2,0,2,2,5,2,0,3,4,1
Facundo Campazzo,https://www.basketball-reference.com/players/c/campafa01.html,2021,,,,,,,,,,,,,,,,,,,,,,
Facundo Campazzo,https://www.basketball-reference.com/players/c/campafa01.html,2021,2021-01-01,DEN,PHO,,"L, 103-106",,03:53,0,0,0,0,0,0,0,0,0,0,0,0,0,1,0
Facundo Campazzo,https://www.basketball-reference.com/players/c/campafa01.html,2021,2021-01-03,DEN,MIN,@,"W, 124-109",,21:24,5,8,5,7,0,0,0,1,1,2,3,1,1,0,15
Facundo Campazzo,https://www.basketball-reference.com/players/c/campafa01.html,2021,2021-01-05,DEN,MIN,,"W, 123-116",,25:52,3,7,0,3,5,7,0,1,1,2,0,0,0,4,11
Facundo Campazzo,https://www.basketball-reference.com/players/c/campafa01.html,2021,2021-01-07,DEN,DAL,,"L, 117-124 (OT)",,,,,,,,,,,,,,,,,
Facundo Campazzo,https://www.basketball-reference.com/players/c/campafa01.html,2021,2021-01-09,DEN,PHI,@,"W, 115-103",,17:01,1,4,1,4,0,0,0,2,2,2,0,0,1,1,3
Facundo Campazzo,https://www.basketball-reference.com/players/c/campafa01.html,2021,2021-01-10,DEN,NYK,@,"W, 114-89",,14:10,2,5,1,2,0,0,0,2,2,2,2,0,1,2,5
Facundo Campazzo,https://www.basketball-reference.com/players/c/campafa01.html,2021,2021-01-12,DEN,BRK,@,"L, 116-122",,11:13,2,5,2,5,0,0,0,0,0,1,0,0,0,2,6
Facundo Campazzo,https://www.basketball-reference.com/players/c/campafa01.html,2021,2021-01-14,DEN,GSW,,"W, 114-104",,12:02,1,3,1,3,0,0,0,0,0,1,0,0,1,4,3
Facundo Campazzo,https://www.basketball-reference.com/players/c/campafa01.html,2021,2021-01-17,DEN,UTA,,"L, 105-109",,11:14,2,4,1,1,0,0,1,0,1,2,0,0,1,5,5
Facundo Campazzo,https://www.basketball-reference.com/players/c/campafa01.html,2021,2021-01-19,DEN,OKC,,"W, 119-101",,18:00,1,6,1,3,0,0,0,0,0,1,1,0,1,2,3
Facundo Campazzo,https://www.basketball-reference.com/players/c/campafa01.html,2021,2021-01-22,DEN,PHO,@,"W, 130-126 (OT)",,07:07,0,0,0,0,0,0,0,0,0,1,1,0,0,0,0
Facundo Campazzo,https://www.basketball-reference.com/players/c/campafa01.html,2021,2021-01-23,DEN,PHO,@,"W, 120-112 (2OT)",,14:46,1,3,1,3,0,0,0,0,0,2,0,0,0,2,3
Facundo Campazzo,https://www.basketball-reference.com/players/c/campafa01.html,2021,2021-01-25,DEN,DAL,@,"W, 117-113",,12:47,0,1,0,1,0,0,2,0,2,2,2,0,1,1,0
Facundo Campazzo,https://www.basketball-reference.com/players/c/campafa01.html,2021,2021-01-27,DEN,MIA,@,"W, 109-82",,10:07,0,4,0,3,0,0,0,0,0,1,2,1,0,0,0
Facundo Campazzo,https://www.basketball-reference.com/players/c/campafa01.html,2021,2021-01-29,DEN,SAS,@,"L, 109-119",,10:09,0,1,0,0,0,0,0,0,0,3,2,0,2,0,0
Facundo Campazzo,https://www.basketball-reference.com/players/c/campafa01.html,2021,2021-01-31,DEN,UTA,,"W, 128-117",,19:11,3,5,2,4,3,4,0,2,2,5,0,0,1,4,11
Facundo Campazzo,https://www.basketball-reference.com/players/c/campafa01.html,2021,2021-02-04,DEN,LAL,@,"L, 93-114",,02:06,0,0,0,0,0,0,0,0,0,0,0,0,0,1,0
Facundo Campazzo,https://www.basketball-reference.com/players/c/campafa01.html,2021,2021-02-06,DEN,SAC,@,"L, 114-119",,,,,,,,,,,,,,,,,
Facundo Campazzo,https://www.basketball-reference.com/players/c/campafa01.html,2021,2021-02-08,DEN,MIL,,"L, 112-125",,,,,,,,,,,,,,,,,
Facundo Campazzo,https://www.basketball-reference.com/players/c/campafa01.html,2021,2021-02-10,DEN,CLE,,"W, 133-95",,12:41,2,6,1,4,0,0,0,0,0,3,2,1,0,2,5
Facundo Campazzo,https://www.basketball-reference.com/players/c/campafa01.html,2021,2021-02-12,DEN,OKC,,"W, 97-95",,06:12,0,2,0,1,0,0,0,0,0,0,0,0,0,0,0
Facundo Campazzo,https://www.basketball-reference.com/players/c/campafa01.html,2021,2021-02-14,DEN,LAL,,"W, 122-105",,25:46,4,8,3,6,4,5,1,0,1,4,2,0,0,2,15
Facundo Campazzo,https://www.basketball-reference.com/players/c/campafa01.html,2021,2021-02-16,DEN,BOS,@,"L, 99-112",,39:32,5,12,2,6,3,4,1,2,3,8,2,1,1,3,15
Facundo Campazzo,https://www.basketball-reference.com/players/c/campafa01.html,2021,2021-02-17,DEN,WAS,@,"L, 128-130",,25:13,5,7,2,4,2,3,0,1,1,1,2,0,1,1,14
Facundo Campazzo,https://www.basketball-reference.com/players/c/campafa01.html,2021,2021-02-19,DEN,CLE,@,"W, 120-103",,28:22,3,5,2,3,2,2,0,2,2,3,2,0,4,2,10
Facundo Campazzo,https://www.basketball-reference.com/players/c/campafa01.html,2021,2021-02-21,DEN,ATL,@,"L, 115-123",,26:33,4,7,4,7,4,4,0,1,1,2,0,0,1,5,16
Facundo Campazzo,https://www.basketball-reference.com/players/c/campafa01.html,2021,2021-02-23,DEN,POR,,"W, 111-106",,27:08,1,5,1,4,0,0,0,3,3,6,1,1,0,1,3
Facundo Campazzo,https://www.basketball-reference.com/players/c/campafa01.html,2021,2021-02-25,DEN,WAS,,"L, 110-112",,32:09,1,8,1,7,2,2,0,3,3,2,0,2,0,2,5
Facundo Campazzo,https://www.basketball-reference.com/players/c/campafa01.html,2021,2021-02-27,DEN,OKC,@,"W, 126-96",,24:13,4,5,1,2,0,0,0,2,2,1,3,0,3,3,9
Facundo Campazzo,https://www.basketball-reference.com/players/c/campafa01.html,2021,2021-03-01,DEN,CHI,@,"W, 118-112",,,,,,,,,,,,,,,,,
Facundo Campazzo,https://www.basketball-reference.com/players/c/campafa01.html,2021,2021-03-02,DEN,MIL,@,"W, 128-97",,,,,,,,,,,,,,,,,
Facundo Campazzo,https://www.basketball-reference.com/players/c/campafa01.html,2021,2021-03-04,DEN,IND,@,"W, 113-103",,,,,,,,,,,,,,,,,
Facundo Campazzo,https://www.basketball-reference.com/players/c/campafa01.html,2021,2021-03-12,DEN,MEM,@,"W, 103-102",,19:32,3,7,2,6,0,0,0,2,2,4,0,0,1,1,8
Facundo Campazzo,https://www.basketball-reference.com/players/c/campafa01.html,2021,2021-03-13,DEN,DAL,,"L, 103-116",,26:47,0,2,0,1,0,0,0,2,2,6,0,0,1,4,0
Facundo Campazzo,https://www.basketball-reference.com/players/c/campafa01.html,2021,2021-03-15,DEN,IND,,"W, 121-106",,21:32,0,3,0,0,0,0,1,2,3,6,2,0,1,1,0
Facundo Campazzo,https://www.basketball-reference.com/players/c/campafa01.html,2021,2021-03-17,DEN,CHO,,"W, 129-104",,24:57,2,4,1,3,1,2,0,2,2,10,4,0,2,5,6
Facundo Campazzo,https://www.basketball-reference.com/players/c/campafa01.html,2021,2021-03-19,DEN,CHI,,"W, 131-127 (OT)",,33:50,0,1,0,1,2,2,0,4,4,8,1,1,1,3,2
Facundo Campazzo,https://www.basketball-reference.com/players/c/campafa01.html,2021,2021-03-21,DEN,NOP,,"L, 108-113",,19:47,0,4,0,4,0,0,0,2,2,2,1,0,1,2,0
Facundo Campazzo,https://www.basketball-reference.com/players/c/campafa01.html,2021,2021-03-23,DEN,ORL,@,"W, 110-99",,22:08,1,5,0,3,0,0,1,2,3,6,2,0,1,1,2
Facundo Campazzo,https://www.basketball-reference.com/players/c/campafa01.html,2021,2021-03-24,DEN,TOR,@,"L, 111-135",,17:41,2,6,2,5,0,0,1,0,1,2,0,0,0,1,6
Facundo Campazzo,https://www.basketball-reference.com/players/c/campafa01.html,2021,2021-03-26,DEN,NOP,@,"W, 113-108",,12:10,0,2,0,0,0,0,0,3,3,0,0,0,0,2,0
Facundo Campazzo,https://www.basketball-reference.com/players/c/campafa01.html,2021,2021-03-28,DEN,ATL,,"W, 126-102",,27:53,2,2,2,2,0,0,1,0,1,5,1,0,2,2,6
Facundo Campazzo,https://www.basketball-reference.com/players/c/campafa01.html,2021,2021-03-30,DEN,PHI,,"W, 104-95",,25:19,0,5,0,5,0,0,0,2,2,1,2,1,4,2,0
Facundo Campazzo,https://www.basketball-reference.com/players/c/campafa01.html,2021,2021-04-01,DEN,LAC,@,"W, 101-94",,20:21,1,1,1,1,0,0,1,3,4,5,1,0,2,2,3
Facundo Campazzo,https://www.basketball-reference.com/players/c/campafa01.html,2021,2021-04-04,DEN,ORL,,"W, 119-109",,09:11,1,3,0,2,1,1,1,1,2,1,0,0,0,0,3
Facundo Campazzo,https://www.basketball-reference.com/players/c/campafa01.html,2021,2021-04-06,DEN,DET,,"W, 134-119",,22:12,2,6,2,3,0,0,0,0,0,5,1,0,1,3,6
Facundo Campazzo,https://www.basketball-reference.com/players/c/campafa01.html,2021,2021-04-07,DEN,SAS,,"W, 106-96",,27:42,2,7,2,5,0,0,1,4,5,2,0,0,2,3,6
Facundo Campazzo,https://www.basketball-reference.com/players/c/campafa01.html,2021,2021-04-09,DEN,SAS,,"W, 121-119",,23:05,1,2,1,2,6,6,0,1,1,4,1,0,0,0,9
Facundo Campazzo,https://www.basketball-reference.com/players/c/campafa01.html,2021,2021-04-11,DEN,BOS,,"L, 87-105",,33:26,5,6,3,3,1,1,1,2,3,4,0,1,2,1,14
Facundo Campazzo,https://www.basketball-reference.com/players/c/campafa01.html,2021,2021-04-12,DEN,GSW,@,"L, 107-116",,21:05,2,3,2,2,0,0,0,3,3,2,4,0,0,4,6
Facundo Campazzo,https://www.basketball-reference.com/players/c/campafa01.html,2021,2021-04-14,DEN,MIA,,"W, 123-106",,26:12,3,5,2,4,0,0,0,2,2,5,0,0,1,2,8
Facundo Campazzo,https://www.basketball-reference.com/players/c/campafa01.html,2021,2021-04-16,DEN,HOU,@,"W, 128-99",,25:49,2,5,2,4,1,2,1,1,2,3,1,0,1,1,7
Facundo Campazzo,https://www.basketball-reference.com/players/c/campafa01.html,2021,2021-04-19,DEN,MEM,,"W, 139-137 (2OT)",,35:06,1,8,1,7,0,0,0,3,3,2,2,0,3,5,3
Facundo Campazzo,https://www.basketball-reference.com/players/c/campafa01.html,2021,2021-04-21,DEN,POR,@,"W, 106-105",,27:13,4,6,4,5,0,0,2,3,5,3,0,1,1,3,12
Facundo Campazzo,https://www.basketball-reference.com/players/c/campafa01.html,2021,2021-04-23,DEN,GSW,@,"L, 97-118",,31:43,1,8,1,7,4,4,0,1,1,4,1,0,0,5,7
Facundo Campazzo,https://www.basketball-reference.com/players/c/campafa01.html,2021,2021-04-24,DEN,HOU,,"W, 129-116",,33:32,1,5,0,3,3,3,0,2,2,13,3,0,1,1,5
Facundo Campazzo,https://www.basketball-reference.com/players/c/campafa01.html,2021,2021-04-26,DEN,MEM,,"W, 120-96",,30:17,3,8,1,4,0,0,1,1,2,7,2,0,1,3,7
Facundo Campazzo,https://www.basketball-reference.com/players/c/campafa01.html,2021,2021-04-28,DEN,NOP,,"W, 114-112",,36:15,6,9,3,6,4,4,0,6,6,10,2,1,4,2,19
Facundo Campazzo,https://www.basketball-reference.com/players/c/campafa01.html,2021,2021-04-29,DEN,TOR,,"W, 121-111",,29:24,3,5,0,1,6,7,1,1,2,4,1,0,1,1,12
Facundo Campazzo,https://www.basketball-reference.com/players/c/campafa01.html,2021,2021-05-01,DEN,LAC,@,"W, 110-104",,32:05,2,4,2,4,4,4,0,3,3,3,0,0,3,3,10
Facundo Campazzo,https://www.basketball-reference.com/players/c/campafa01.html,2021,2021-05-03,DEN,LAL,@,"L, 89-93",,36:44,3,6,1,4,1,2,0,4,4,8,5,0,2,3,8
Facundo Campazzo,https://www.basketball-reference.com/players/c/campafa01.html,2021,2021-05-05,DEN,NYK,,"W, 113-97",,32:32,5,12,2,7,4,4,2,7,9,4,5,2,1,1,16
Facundo Campazzo,https://www.basketball-reference.com/players/c/campafa01.html,2021,2021-05-07,DEN,UTA,@,"L, 120-127",,33:18,2,10,1,7,0,0,0,8,8,9,1,0,2,2,5
Facundo Campazzo,https://www.basketball-reference.com/players/c/campafa01.html,2021,2021-05-08,DEN,BRK,,"L, 119-125",,34:19,4,9,3,6,8,8,0,2,2,5,3,0,0,3,19
Facundo Campazzo,https://www.basketball-reference.com/players/c/campafa01.html,2021,2021-05-11,DEN,CHO,@,"W, 117-112",,36:52,3,9,2,7,0,0,1,3,4,6,3,0,3,2,8
Facundo Campazzo,https://www.basketball-reference.com/players/c/campafa01.html,2021,2021-05-13,DEN,MIN,@,"W, 114-103",,32:52,2,8,0,3,2,2,1,2,3,9,0,0,3,0,6
Facundo Campazzo,https://www.basketball-reference.com/players/c/campafa01.html,2021,2021-05-14,DEN,DET,@,"W, 104-91",,,,,,,,,,,,,,,,,
Facundo Campazzo,https://www.basketball-reference.com/players/c/campafa01.html,2021,2021-05-16,DEN,POR,@,"L, 116-132",,13:43,0,3,0,2,2,2,0,2,2,2,1,0,0,1,2
R.J. Hampton,https://www.basketball-reference.com/players/h/hamptrj01.html,2021,2020-12-23,DEN,SAC,,"L, 122-124 (OT)",,,,,,,,,,,,,,,,,
R.J. Hampton,https://www.basketball-reference.com/players/h/hamptrj01.html,2021,2020-12-25,DEN,LAC,,"L, 108-121",,,,,,,,,,,,,,,,,
R.J. Hampton,https://www.basketball-reference.com/players/h/hamptrj01.html,2021,2020-12-28,DEN,HOU,,"W, 124-111",,04:07,1,1,0,0,0,0,0,1,1,0,0,0,0,1,2
R.J. Hampton,https://www.basketball-reference.com/players/h/hamptrj01.html,2021,2020-12-29,DEN,SAC,@,"L, 115-125",,00:24,0,0,0,0,0,0,0,0,0,0,0,0,0,0,0
R.J. Hampton,https://www.basketball-reference.com/players/h/hamptrj01.html,2021,,,,,,,,,,,,,,,,,,,,,,
R.J. Hampton,https://www.basketball-reference.com/players/h/hamptrj01.html,2021,2021-01-01,DEN,PHO,,"L, 103-106",,01:37,0,0,0,0,0,0,0,0,0,0,0,0,0,0,0
R.J. Hampton,https://www.basketball-reference.com/players/h/hamptrj01.html,2021,2021-01-03,DEN,MIN,@,"W, 124-109",,00:55,0,1,0,0,0,0,1,0,1,0,0,0,1,0,0
R.J. Hampton,https://www.basketball-reference.com/players/h/hamptrj01.html,2021,2021-01-05,DEN,MIN,,"W, 123-116",,00:06,0,0,0,0,0,0,0,0,0,0,0,0,0,0,0
R.J. Hampton,https://www.basketball-reference.com/players/h/hamptrj01.html,2021,2021-01-07,DEN,DAL,,"L, 117-124 (OT)",,,,,,,,,,,,,,,,,
R.J. Hampton,https://www.basketball-reference.com/players/h/hamptrj01.html,2021,2021-01-09,DEN,PHI,@,"W, 115-103",,05:22,1,2,0,1,0,0,0,0,0,0,0,0,0,0,2
R.J. Hampton,https://www.basketball-reference.com/players/h/hamptrj01.html,2021,2021-01-10,DEN,NYK,@,"W, 114-89",,03:44,1,1,0,0,0,0,0,0,0,0,0,0,0,1,2
R.J. Hampton,https://www.basketball-reference.com/players/h/hamptrj01.html,2021,2021-01-12,DEN,BRK,@,"L, 116-122",,00:01,0,0,0,0,0,0,0,0,0,0,0,0,0,0,0
R.J. Hampton,https://www.basketball-reference.com/players/h/hamptrj01.html,2021,2021-01-14,DEN,GSW,,"W, 114-104",,,,,,,,,,,,,,,,,
R.J. Hampton,https://www.basketball-reference.com/players/h/hamptrj01.html,2021,2021-01-17,DEN,UTA,,"L, 105-109",,,,,,,,,,,,,,,,,
R.J. Hampton,https://www.basketball-reference.com/players/h/hamptrj01.html,2021,2021-01-19,DEN,OKC,,"W, 119-101",,06:39,0,2,0,0,2,2,0,2,2,0,0,0,1,0,2
R.J. Hampton,https://www.basketball-reference.com/players/h/hamptrj01.html,2021,2021-01-22,DEN,PHO,@,"W, 130-126 (OT)",,,,,,,,,,,,,,,,,
R.J. Hampton,https://www.basketball-reference.com/players/h/hamptrj01.html,2021,2021-01-23,DEN,PHO,@,"W, 120-112 (2OT)",,,,,,,,,,,,,,,,,
R.J. Hampton,https://www.basketball-reference.com/players/h/hamptrj01.html,2021,2021-01-25,DEN,DAL,@,"W, 117-113",,05:45,0,1,0,0,0,0,1,0,1,0,0,0,0,1,0
R.J. Hampton,https://www.basketball-reference.com/players/h/hamptrj01.html,2021,2021-01-27,DEN,MIA,@,"W, 109-82",,07:40,0,2,0,1,0,0,0,0,0,0,2,0,1,1,0
R.J. Hampton,https://www.basketball-reference.com/players/h/hamptrj01.html,2021,2021-01-29,DEN,SAS,@,"L, 109-119",,00:34,1,1,0,0,0,0,0,0,0,0,0,0,0,0,2
R.J. Hampton,https://www.basketball-reference.com/players/h/hamptrj01.html,2021,2021-01-31,DEN,UTA,,"W, 128-117",,06:00,0,0,0,0,0,0,0,1,1,0,1,0,2,0,0
R.J. Hampton,https://www.basketball-reference.com/players/h/hamptrj01.html,2021,2021-02-04,DEN,LAL,@,"L, 93-114",,02:53,0,1,0,0,0,0,1,0,1,1,0,0,1,1,0
R.J. Hampton,https://www.basketball-reference.com/players/h/hamptrj01.html,2021,2021-02-06,DEN,SAC,@,"L, 114-119",,27:29,3,6,1,1,0,0,4,6,10,2,0,1,1,2,7
R.J. Hampton,https://www.basketball-reference.com/players/h/hamptrj01.html,2021,2021-02-08,DEN,MIL,,"L, 112-125",,16:45,1,2,1,1,0,0,0,7,7,2,0,0,0,0,3
R.J. Hampton,https://www.basketball-reference.com/players/h/hamptrj01.html,2021,2021-02-10,DEN,CLE,,"W, 133-95",,19:05,4,7,1,2,0,0,1,3,4,3,2,1,1,0,9
R.J. Hampton,https://www.basketball-reference.com/players/h/hamptrj01.html,2021,2021-02-12,DEN,OKC,,"W, 97-95",,18:53,3,6,1,4,0,2,0,4,4,1,0,0,1,2,7
R.J. Hampton,https://www.basketball-reference.com/players/h/hamptrj01.html,2021,2021-02-14,DEN,LAL,,"W, 122-105",,20:23,1,6,0,3,2,2,0,4,4,1,0,0,1,3,4
R.J. Hampton,https://www.basketball-reference.com/players/h/hamptrj01.html,2021,2021-02-16,DEN,BOS,@,"L, 99-112",,23:55,2,6,0,2,0,0,1,3,4,0,0,0,0,3,4
R.J. Hampton,https://www.basketball-reference.com/players/h/hamptrj01.html,2021,2021-02-17,DEN,WAS,@,"L, 128-130",,07:18,1,2,1,1,0,0,0,0,0,0,0,0,0,1,3
R.J. Hampton,https://www.basketball-reference.com/players/h/hamptrj01.html,2021,2021-02-19,DEN,CLE,@,"W, 120-103",,20:23,2,4,0,2,1,2,0,2,2,1,0,0,0,3,5
R.J. Hampton,https://www.basketball-reference.com/players/h/hamptrj01.html,2021,2021-02-21,DEN,ATL,@,"L, 115-123",,10:44,1,2,0,0,0,0,0,2,2,1,0,0,1,2,2
R.J. Hampton,https://www.basketball-reference.com/players/h/hamptrj01.html,2021,2021-02-23,DEN,POR,,"W, 111-106",,,,,,,,,,,,,,,,,
R.J. Hampton,https://www.basketball-reference.com/players/h/hamptrj01.html,2021,2021-02-25,DEN,WAS,,"L, 110-112",,,,,,,,,,,,,,,,,
R.J. Hampton,https://www.basketball-reference.com/players/h/hamptrj01.html,2021,2021-02-27,DEN,OKC,@,"W, 126-96",,09:14,2,5,0,0,2,2,1,2,3,0,0,0,0,0,6
R.J. Hampton,https://www.basketball-reference.com/players/h/hamptrj01.html,2021,2021-03-01,DEN,CHI,@,"W, 118-112",,,,,,,,,,,,,,,,,
R.J. Hampton,https://www.basketball-reference.com/players/h/hamptrj01.html,2021,2021-03-02,DEN,MIL,@,"W, 128-97",,,,,,,,,,,,,,,,,
R.J. Hampton,https://www.basketball-reference.com/players/h/hamptrj01.html,2021,2021-03-04,DEN,IND,@,"W, 113-103",,,,,,,,,,,,,,,,,
R.J. Hampton,https://www.basketball-reference.com/players/h/hamptrj01.html,2021,2021-03-12,DEN,MEM,@,"W, 103-102",,,,,,,,,,,,,,,,,
R.J. Hampton,https://www.basketball-reference.com/players/h/hamptrj01.html,2021,2021-03-13,DEN,DAL,,"L, 103-116",,,,,,,,,,,,,,,,,
R.J. Hampton,https://www.basketball-reference.com/players/h/hamptrj01.html,2021,2021-03-15,DEN,IND,,"W, 121-106",,,,,,,,,,,,,,,,,
R.J. Hampton,https://www.basketball-reference.com/players/h/hamptrj01.html,2021,2021-03-17,DEN,CHO,,"W, 129-104",,,,,,,,,,,,,,,,,
R.J. Hampton,https://www.basketball-reference.com/players/h/hamptrj01.html,2021,2021-03-19,DEN,CHI,,"W, 131-127 (OT)",,,,,,,,,,,,,,,,,
R.J. Hampton,https://www.basketball-reference.com/players/h/hamptrj01.html,2021,2021-03-21,DEN,NOP,,"L, 108-113",,,,,,,,,,,,,,,,,
R.J. Hampton,https://www.basketball-reference.com/players/h/hamptrj01.html,2021,2021-03-23,DEN,ORL,@,"W, 110-99",,,,,,,,,,,,,,,,,
R.J. Hampton,https://www.basketball-reference.com/players/h/hamptrj01.html,2021,2021-03-24,DEN,TOR,@,"L, 111-135",,13:16,1,2,0,0,2,2,0,3,3,2,0,0,0,1,4
R.J. Hampton,https://www.basketball-reference.com/players/h/hamptrj01.html,2021,2021-03-26,ORL,POR,,"L, 105-112",,,,,,,,,,,,,,,,,
R.J. Hampton,https://www.basketball-reference.com/players/h/hamptrj01.html,2021,2021-03-28,ORL,LAL,@,"L, 93-96",,17:09,4,8,1,2,1,1,2,1,3,1,1,0,2,1,10
R.J. Hampton,https://www.basketball-reference.com/players/h/hamptrj01.html,2021,2021-03-30,ORL,LAC,@,"W, 103-96",,13:41,2,5,0,1,1,2,1,2,3,1,0,0,0,0,5
R.J. Hampton,https://www.basketball-reference.com/players/h/hamptrj01.html,2021,2021-04-01,ORL,NOP,@,"W, 115-110 (OT)",,17:30,3,6,0,1,2,2,0,4,4,1,1,0,1,1,8
R.J. Hampton,https://www.basketball-reference.com/players/h/hamptrj01.html,2021,2021-04-03,ORL,UTA,@,"L, 91-137",,30:48,5,14,0,2,2,5,0,8,8,2,1,1,2,1,12
R.J. Hampton,https://www.basketball-reference.com/players/h/hamptrj01.html,2021,2021-04-04,ORL,DEN,@,"L, 109-119",,32:44,7,13,2,5,0,0,1,3,4,3,2,0,1,3,16
R.J. Hampton,https://www.basketball-reference.com/players/h/hamptrj01.html,2021,2021-04-07,ORL,WAS,,"L, 116-131",,27:30,5,10,3,5,1,2,0,6,6,1,0,0,0,2,14
R.J. Hampton,https://www.basketball-reference.com/players/h/hamptrj01.html,2021,2021-04-09,ORL,IND,,"L, 106-111",,18:36,3,4,0,1,0,2,0,2,2,0,1,1,3,1,6
R.J. Hampton,https://www.basketball-reference.com/players/h/hamptrj01.html,2021,2021-04-11,ORL,MIL,,"L, 87-124",,26:02,3,11,1,5,0,0,1,2,3,3,2,0,3,1,7
R.J. Hampton,https://www.basketball-reference.com/players/h/hamptrj01.html,2021,2021-04-12,ORL,SAS,,"L, 97-120",,26:29,7,10,1,2,1,2,1,7,8,0,0,0,2,2,16
R.J. Hampton,https://www.basketball-reference.com/players/h/hamptrj01.html,2021,2021-04-14,ORL,CHI,@,"W, 115-106",,17:47,0,4,0,3,2,2,0,1,1,0,1,1,0,1,2
R.J. Hampton,https://www.basketball-reference.com/players/h/hamptrj01.html,2021,2021-04-16,ORL,TOR,@,"L, 102-113",,19:06,3,8,0,2,1,2,1,3,4,1,1,0,1,1,7
R.J. Hampton,https://www.basketball-reference.com/players/h/hamptrj01.html,2021,2021-04-18,ORL,HOU,,"L, 110-114",,21:32,2,7,0,2,3,3,1,2,3,6,0,0,3,1,7
R.J. Hampton,https://www.basketball-reference.com/players/h/hamptrj01.html,2021,2021-04-20,ORL,ATL,@,"L, 96-112",,21:00,3,8,1,3,1,2,1,4,5,1,0,0,2,3,8
R.J. Hampton,https://www.basketball-reference.com/players/h/hamptrj01.html,2021,2021-04-22,ORL,NOP,,"L, 100-135",,26:56,5,13,0,1,0,0,0,3,3,2,2,1,1,3,10
R.J. Hampton,https://www.basketball-reference.com/players/h/hamptrj01.html,2021,2021-04-25,ORL,IND,,"L, 112-131",,28:58,5,10,2,4,2,2,0,2,2,2,0,0,1,2,14
R.J. Hampton,https://www.basketball-reference.com/players/h/hamptrj01.html,2021,2021-04-26,ORL,LAL,,"L, 103-114",,24:38,1,4,0,2,3,4,1,1,2,1,0,0,3,4,5
R.J. Hampton,https://www.basketball-reference.com/players/h/hamptrj01.html,2021,2021-04-28,ORL,CLE,@,"W, 109-104",,20:21,2,5,0,1,0,2,0,7,7,2,1,0,0,2,4
R.J. Hampton,https://www.basketball-reference.com/players/h/hamptrj01.html,2021,2021-04-30,ORL,MEM,@,"L, 75-92",,22:51,3,8,1,4,4,4,1,3,4,1,0,0,5,2,11
R.J. Hampton,https://www.basketball-reference.com/players/h/hamptrj01.html,2021,2021-05-01,ORL,MEM,,"W, 112-111",,30:16,7,14,2,3,2,2,1,6,7,5,2,1,0,1,18
R.J. Hampton,https://www.basketball-reference.com/players/h/hamptrj01.html,2021,2021-05-03,ORL,DET,@,"W, 119-112",,35:11,5,11,1,2,5,6,0,7,7,10,1,2,1,0,16
R.J. Hampton,https://www.basketball-reference.com/players/h/hamptrj01.html,2021,2021-05-05,ORL,BOS,,"L, 96-132",,31:22,6,14,1,2,5,7,2,8,10,5,0,0,1,0,18
R.J. Hampton,https://www.basketball-reference.com/players/h/hamptrj01.html,2021,2021-05-07,ORL,CHO,@,"L, 112-122",,29:42,7,15,0,3,2,4,0,5,5,3,0,0,0,3,16
R.J. Hampton,https://www.basketball-reference.com/players/h/hamptrj01.html,2021,2021-05-09,ORL,MIN,,"L, 96-128",,28:48,7,13,2,4,3,5,2,3,5,3,0,0,1,2,19
R.J. Hampton,https://www.basketball-reference.com/players/h/hamptrj01.html,2021,2021-05-11,ORL,MIL,@,"L, 102-114",,24:44,5,12,0,1,1,2,0,4,4,5,0,0,3,2,11
R.J. Hampton,https://www.basketball-reference.com/players/h/hamptrj01.html,2021,2021-05-13,ORL,ATL,@,"L, 93-116",,31:44,7,15,4,5,0,0,1,7,8,5,0,1,3,0,18
R.J. Hampton,https://www.basketball-reference.com/players/h/hamptrj01.html,2021,2021-05-14,ORL,PHI,@,"L, 97-122",,29:37,4,11,0,3,4,7,2,9,11,9,0,0,3,0,12
R.J. Hampton,https://www.basketball-reference.com/players/h/hamptrj01.html,2021,2021-05-16,ORL,PHI,@,"L, 117-128",,,,,,,,,,,,,,,,,
Markus Howard,https://www.basketball-reference.com/players/h/howarma02.html,2021,2020-12-23,DEN,SAC,,"L, 122-124 (OT)",,,,,,,,,,,,,,,,,
Markus Howard,https://www.basketball-reference.com/players/h/howarma02.html,2021,2020-12-25,DEN,LAC,,"L, 108-121",,00:26,0,1,0,1,0,0,0,0,0,0,0,0,0,0,0
Markus Howard,https://www.basketball-reference.com/players/h/howarma02.html,2021,2020-12-28,DEN,HOU,,"W, 124-111",,,,,,,,,,,,,,,,,
Markus Howard,https://www.basketball-reference.com/players/h/howarma02.html,2021,2020-12-29,DEN,SAC,@,"L, 115-125",,00:24,0,0,0,0,0,0,0,0,0,0,0,0,0,0,0
Markus Howard,https://www.basketball-reference.com/players/h/howarma02.html,2021,,,,,,,,,,,,,,,,,,,,,,
Markus Howard,https://www.basketball-reference.com/players/h/howarma02.html,2021,2021-01-01,DEN,PHO,,"L, 103-106",,,,,,,,,,,,,,,,,
Markus Howard,https://www.basketball-reference.com/players/h/howarma02.html,2021,2021-01-03,DEN,MIN,@,"W, 124-109",,00:55,0,0,0,0,0,0,0,0,0,0,0,0,0,0,0
Markus Howard,https://www.basketball-reference.com/players/h/howarma02.html,2021,2021-01-05,DEN,MIN,,"W, 123-116",,,,,,,,,,,,,,,,,
Markus Howard,https://www.basketball-reference.com/players/h/howarma02.html,2021,2021-01-07,DEN,DAL,,"L, 117-124 (OT)",,,,,,,,,,,,,,,,,
Markus Howard,https://www.basketball-reference.com/players/h/howarma02.html,2021,2021-01-09,DEN,PHI,@,"W, 115-103",,02:06,0,1,0,1,0,0,0,0,0,0,0,0,0,0,0
Markus Howard,https://www.basketball-reference.com/players/h/howarma02.html,2021,2021-01-10,DEN,NYK,@,"W, 114-89",,02:53,1,3,0,2,0,0,0,0,0,1,0,0,0,1,2
Markus Howard,https://www.basketball-reference.com/players/h/howarma02.html,2021,2021-01-12,DEN,BRK,@,"L, 116-122",,,,,,,,,,,,,,,,,
Markus Howard,https://www.basketball-reference.com/players/h/howarma02.html,2021,2021-01-14,DEN,GSW,,"W, 114-104",,,,,,,,,,,,,,,,,
Markus Howard,https://www.basketball-reference.com/players/h/howarma02.html,2021,2021-01-17,DEN,UTA,,"L, 105-109",,,,,,,,,,,,,,,,,
Markus Howard,https://www.basketball-reference.com/players/h/howarma02.html,2021,2021-01-19,DEN,OKC,,"W, 119-101",,03:41,1,4,0,2,0,0,0,0,0,0,0,0,0,1,2
Markus Howard,https://www.basketball-reference.com/players/h/howarma02.html,2021,2021-01-22,DEN,PHO,@,"W, 130-126 (OT)",,,,,,,,,,,,,,,,,
Markus Howard,https://www.basketball-reference.com/players/h/howarma02.html,2021,2021-01-23,DEN,PHO,@,"W, 120-112 (2OT)",,,,,,,,,,,,,,,,,
Markus Howard,https://www.basketball-reference.com/players/h/howarma02.html,2021,2021-01-25,DEN,DAL,@,"W, 117-113",,,,,,,,,,,,,,,,,
Markus Howard,https://www.basketball-reference.com/players/h/howarma02.html,2021,2021-01-27,DEN,MIA,@,"W, 109-82",,02:52,2,2,2,2,0,0,0,0,0,2,0,0,0,0,6
Markus Howard,https://www.basketball-reference.com/players/h/howarma02.html,2021,2021-01-29,DEN,SAS,@,"L, 109-119",,00:34,0,0,0,0,0,0,0,0,0,0,0,0,0,0,0
Markus Howard,https://www.basketball-reference.com/players/h/howarma02.html,2021,2021-01-31,DEN,UTA,,"W, 128-117",,01:39,0,2,0,2,0,0,0,1,1,0,0,0,0,1,0
Markus Howard,https://www.basketball-reference.com/players/h/howarma02.html,2021,2021-02-04,DEN,LAL,@,"L, 93-114",,02:53,0,1,0,0,0,0,0,0,0,0,0,0,1,0,0
Markus Howard,https://www.basketball-reference.com/players/h/howarma02.html,2021,2021-02-06,DEN,SAC,@,"L, 114-119",,12:18,1,6,1,5,0,0,0,1,1,0,0,0,1,1,3
Markus Howard,https://www.basketball-reference.com/players/h/howarma02.html,2021,2021-02-08,DEN,MIL,,"L, 112-125",,,,,,,,,,,,,,,,,
Markus Howard,https://www.basketball-reference.com/players/h/howarma02.html,2021,2021-02-10,DEN,CLE,,"W, 133-95",,06:12,1,5,0,3,0,0,0,2,2,0,0,0,1,1,2
Markus Howard,https://www.basketball-reference.com/players/h/howarma02.html,2021,2021-02-12,DEN,OKC,,"W, 97-95",,,,,,,,,,,,,,,,,
Markus Howard,https://www.basketball-reference.com/players/h/howarma02.html,2021,2021-02-14,DEN,LAL,,"W, 122-105",,01:29,0,0,0,0,0,0,0,0,0,1,0,0,0,0,0
Markus Howard,https://www.basketball-reference.com/players/h/howarma02.html,2021,2021-02-16,DEN,BOS,@,"L, 99-112",,10:04,0,4,0,3,0,0,0,1,1,1,2,0,1,1,0
Markus Howard,https://www.basketball-reference.com/players/h/howarma02.html,2021,2021-02-17,DEN,WAS,@,"L, 128-130",,,,,,,,,,,,,,,,,
Markus Howard,https://www.basketball-reference.com/players/h/howarma02.html,2021,2021-02-19,DEN,CLE,@,"W, 120-103",,02:23,0,1,0,0,0,0,0,0,0,1,0,0,0,0,0
Markus Howard,https://www.basketball-reference.com/players/h/howarma02.html,2021,2021-02-21,DEN,ATL,@,"L, 115-123",,00:31,0,0,0,0,0,0,0,0,0,0,0,0,0,1,0
Markus Howard,https://www.basketball-reference.com/players/h/howarma02.html,2021,2021-02-23,DEN,POR,,"W, 111-106",,,,,,,,,,,,,,,,,
Markus Howard,https://www.basketball-reference.com/players/h/howarma02.html,2021,2021-02-25,DEN,WAS,,"L, 110-112",,,,,,,,,,,,,,,,,
Markus Howard,https://www.basketball-reference.com/players/h/howarma02.html,2021,2021-02-27,DEN,OKC,@,"W, 126-96",,03:33,0,1,0,1,1,2,0,0,0,0,0,0,0,0,1
Markus Howard,https://www.basketball-reference.com/players/h/howarma02.html,2021,2021-03-01,DEN,CHI,@,"W, 118-112",,,,,,,,,,,,,,,,,
Markus Howard,https://www.basketball-reference.com/players/h/howarma02.html,2021,2021-03-02,DEN,MIL,@,"W, 128-97",,,,,,,,,,,,,,,,,
Markus Howard,https://www.basketball-reference.com/players/h/howarma02.html,2021,2021-03-04,DEN,IND,@,"W, 113-103",,,,,,,,,,,,,,,,,
Markus Howard,https://www.basketball-reference.com/players/h/howarma02.html,2021,2021-03-12,DEN,MEM,@,"W, 103-102",,,,,,,,,,,,,,,,,
Markus Howard,https://www.basketball-reference.com/players/h/howarma02.html,2021,2021-03-13,DEN,DAL,,"L, 103-116",,02:24,1,3,1,2,0,0,0,0,0,0,0,0,0,1,3
Markus Howard,https://www.basketball-reference.com/players/h/howarma02.html,2021,2021-03-15,DEN,IND,,"W, 121-106",,01:29,0,0,0,0,0,0,0,1,1,1,0,0,0,1,0
Markus Howard,https://www.basketball-reference.com/players/h/howarma02.html,2021,2021-03-17,DEN,CHO,,"W, 129-104",,05:49,1,2,1,2,0,0,0,1,1,0,0,0,1,0,3
Markus Howard,https://www.basketball-reference.com/players/h/howarma02.html,2021,2021-03-19,DEN,CHI,,"W, 131-127 (OT)",,,,,,,,,,,,,,,,,
Markus Howard,https://www.basketball-reference.com/players/h/howarma02.html,2021,2021-03-21,DEN,NOP,,"L, 108-113",,,,,,,,,,,,,,,,,
Markus Howard,https://www.basketball-reference.com/players/h/howarma02.html,2021,2021-03-23,DEN,ORL,@,"W, 110-99",,,,,,,,,,,,,,,,,
Markus Howard,https://www.basketball-reference.com/players/h/howarma02.html,2021,2021-03-24,DEN,TOR,@,"L, 111-135",,06:44,1,2,0,1,0,0,0,0,0,0,0,0,0,1,2
Markus Howard,https://www.basketball-reference.com/players/h/howarma02.html,2021,2021-03-26,DEN,NOP,@,"W, 113-108",,,,,,,,,,,,,,,,,
Markus Howard,https://www.basketball-reference.com/players/h/howarma02.html,2021,2021-03-28,DEN,ATL,,"W, 126-102",,04:25,0,3,0,2,0,0,0,0,0,1,0,0,1,1,0
Markus Howard,https://www.basketball-reference.com/players/h/howarma02.html,2021,2021-03-30,DEN,PHI,,"W, 104-95",,,,,,,,,,,,,,,,,
Markus Howard,https://www.basketball-reference.com/players/h/howarma02.html,2021,2021-04-01,DEN,LAC,@,"W, 101-94",,,,,,,,,,,,,,,,,
Markus Howard,https://www.basketball-reference.com/players/h/howarma02.html,2021,2021-04-04,DEN,ORL,,"W, 119-109",,,,,,,,,,,,,,,,,
Markus Howard,https://www.basketball-reference.com/players/h/howarma02.html,2021,2021-04-06,DEN,DET,,"W, 134-119",,01:39,0,0,0,0,0,0,0,1,1,1,0,0,0,0,0
Markus Howard,https://www.basketball-reference.com/players/h/howarma02.html,2021,2021-04-07,DEN,SAS,,"W, 106-96",,03:47,1,2,0,1,0,0,0,0,0,0,0,0,0,1,2
Markus Howard,https://www.basketball-reference.com/players/h/howarma02.html,2021,2021-04-09,DEN,SAS,,"W, 121-119",,,,,,,,,,,,,,,,,
Markus Howard,https://www.basketball-reference.com/players/h/howarma02.html,2021,2021-04-11,DEN,BOS,,"L, 87-105",,01:33,0,0,0,0,0,0,0,0,0,0,0,0,0,0,0
Markus Howard,https://www.basketball-reference.com/players/h/howarma02.html,2021,2021-04-12,DEN,GSW,@,"L, 107-116",,,,,,,,,,,,,,,,,
Markus Howard,https://www.basketball-reference.com/players/h/howarma02.html,2021,2021-04-14,DEN,MIA,,"W, 123-106",,02:36,0,1,0,1,0,0,0,0,0,1,0,0,0,0,0
Markus Howard,https://www.basketball-reference.com/players/h/howarma02.html,2021,2021-04-16,DEN,HOU,@,"W, 128-99",,03:39,1,2,0,1,0,0,0,3,3,0,0,0,0,1,2
Markus Howard,https://www.basketball-reference.com/players/h/howarma02.html,2021,2021-04-19,DEN,MEM,,"W, 139-137 (2OT)",,,,,,,,,,,,,,,,,
Markus Howard,https://www.basketball-reference.com/players/h/howarma02.html,2021,2021-04-21,DEN,POR,@,"W, 106-105",,,,,,,,,,,,,,,,,
Markus Howard,https://www.basketball-reference.com/players/h/howarma02.html,2021,2021-04-23,DEN,GSW,@,"L, 97-118",,02:08,1,1,1,1,0,0,0,0,0,0,0,0,0,0,3
Markus Howard,https://www.basketball-reference.com/players/h/howarma02.html,2021,2021-04-24,DEN,HOU,,"W, 129-116",,03:32,1,3,0,2,0,0,0,0,0,0,0,0,1,1,2
Markus Howard,https://www.basketball-reference.com/players/h/howarma02.html,2021,2021-04-26,DEN,MEM,,"W, 120-96",,03:19,0,0,0,0,0,0,0,1,1,2,0,0,1,0,0
Markus Howard,https://www.basketball-reference.com/players/h/howarma02.html,2021,2021-04-28,DEN,NOP,,"W, 114-112",,,,,,,,,,,,,,,,,
Markus Howard,https://www.basketball-reference.com/players/h/howarma02.html,2021,2021-04-29,DEN,TOR,,"W, 121-111",,03:02,0,2,0,2,0,0,0,0,0,0,0,0,1,0,0
Markus Howard,https://www.basketball-reference.com/players/h/howarma02.html,2021,2021-05-01,DEN,LAC,@,"W, 110-104",,,,,,,,,,,,,,,,,
Markus Howard,https://www.basketball-reference.com/players/h/howarma02.html,2021,2021-05-03,DEN,LAL,@,"L, 89-93",,,,,,,,,,,,,,,,,
Markus Howard,https://www.basketball-reference.com/players/h/howarma02.html,2021,2021-05-05,DEN,NYK,,"W, 113-97",,04:02,0,2,0,1,1,2,0,0,0,0,0,0,1,1,1
Markus Howard,https://www.basketball-reference.com/players/h/howarma02.html,2021,2021-05-07,DEN,UTA,@,"L, 120-127",,,,,,,,,,,,,,,,,
Markus Howard,https://www.basketball-reference.com/players/h/howarma02.html,2021,2021-05-08,DEN,BRK,,"L, 119-125",,13:24,5,11,2,5,1,1,1,0,1,0,0,0,0,1,13
Markus Howard,https://www.basketball-reference.com/players/h/howarma02.html,2021,2021-05-11,DEN,CHO,@,"W, 117-112",,03:05,0,0,0,0,0,0,0,0,0,0,1,0,1,0,0
Markus Howard,https://www.basketball-reference.com/players/h/howarma02.html,2021,2021-05-13,DEN,MIN,@,"W, 114-103",,17:29,5,10,4,8,1,1,0,1,1,1,0,0,1,4,15
Markus Howard,https://www.basketball-reference.com/players/h/howarma02.html,2021,2021-05-14,DEN,DET,@,"W, 104-91",,33:54,9,14,2,6,0,0,0,3,3,2,0,1,4,1,20
Markus Howard,https://www.basketball-reference.com/players/h/howarma02.html,2021,2021-05-16,DEN,POR,@,"L, 116-132",,32:01,8,17,4,8,3,3,0,4,4,3,1,0,2,2,23
Zeke Nnaji,https://www.basketball-reference.com/players/n/nnajize01.html,2021,2020-12-23,DEN,SAC,,"L, 122-124 (OT)",,,,,,,,,,,,,,,,,
Zeke Nnaji,https://www.basketball-reference.com/players/n/nnajize01.html,2021,2020-12-25,DEN,LAC,,"L, 108-121",,,,,,,,,,,,,,,,,
Zeke Nnaji,https://www.basketball-reference.com/players/n/nnajize01.html,2021,2020-12-28,DEN,HOU,,"W, 124-111",,03:37,0,1,0,1,0,0,0,0,0,0,0,0,0,1,0
Zeke Nnaji,https://www.basketball-reference.com/players/n/nnajize01.html,2021,2020-12-29,DEN,SAC,@,"L, 115-125",,00:24,0,0,0,0,0,0,0,0,0,0,0,0,0,0,0
Zeke Nnaji,https://www.basketball-reference.com/players/n/nnajize01.html,2021,,,,,,,,,,,,,,,,,,,,,,
Zeke Nnaji,https://www.basketball-reference.com/players/n/nnajize01.html,2021,2021-01-01,DEN,PHO,,"L, 103-106",,,,,,,,,,,,,,,,,
Zeke Nnaji,https://www.basketball-reference.com/players/n/nnajize01.html,2021,2021-01-03,DEN,MIN,@,"W, 124-109",,00:55,0,0,0,0,0,0,0,0,0,0,0,0,0,0,0
Zeke Nnaji,https://www.basketball-reference.com/players/n/nnajize01.html,2021,2021-01-05,DEN,MIN,,"W, 123-116",,,,,,,,,,,,,,,,,
Zeke Nnaji,https://www.basketball-reference.com/players/n/nnajize01.html,2021,2021-01-07,DEN,DAL,,"L, 117-124 (OT)",,,,,,,,,,,,,,,,,
Zeke Nnaji,https://www.basketball-reference.com/players/n/nnajize01.html,2021,2021-01-09,DEN,PHI,@,"W, 115-103",,02:06,1,3,0,1,0,0,1,0,1,0,0,0,0,0,2
Zeke Nnaji,https://www.basketball-reference.com/players/n/nnajize01.html,2021,2021-01-10,DEN,NYK,@,"W, 114-89",,03:44,0,0,0,0,0,0,0,1,1,0,0,0,0,0,0
Zeke Nnaji,https://www.basketball-reference.com/players/n/nnajize01.html,2021,2021-01-12,DEN,BRK,@,"L, 116-122",,,,,,,,,,,,,,,,,
Zeke Nnaji,https://www.basketball-reference.com/players/n/nnajize01.html,2021,2021-01-14,DEN,GSW,,"W, 114-104",,,,,,,,,,,,,,,,,
Zeke Nnaji,https://www.basketball-reference.com/players/n/nnajize01.html,2021,2021-01-17,DEN,UTA,,"L, 105-109",,,,,,,,,,,,,,,,,
Zeke Nnaji,https://www.basketball-reference.com/players/n/nnajize01.html,2021,2021-01-19,DEN,OKC,,"W, 119-101",,05:01,0,0,0,0,0,0,0,0,0,0,0,0,0,1,0
Zeke Nnaji,https://www.basketball-reference.com/players/n/nnajize01.html,2021,2021-01-22,DEN,PHO,@,"W, 130-126 (OT)",,,,,,,,,,,,,,,,,
Zeke Nnaji,https://www.basketball-reference.com/players/n/nnajize01.html,2021,2021-01-23,DEN,PHO,@,"W, 120-112 (2OT)",,,,,,,,,,,,,,,,,
Zeke Nnaji,https://www.basketball-reference.com/players/n/nnajize01.html,2021,2021-01-25,DEN,DAL,@,"W, 117-113",,,,,,,,,,,,,,,,,
Zeke Nnaji,https://www.basketball-reference.com/players/n/nnajize01.html,2021,2021-01-27,DEN,MIA,@,"W, 109-82",,02:27,2,3,0,0,0,0,0,2,2,0,0,0,0,0,4
Zeke Nnaji,https://www.basketball-reference.com/players/n/nnajize01.html,2021,2021-01-29,DEN,SAS,@,"L, 109-119",,00:34,0,0,0,0,0,0,0,0,0,0,0,0,0,0,0
Zeke Nnaji,https://www.basketball-reference.com/players/n/nnajize01.html,2021,2021-01-31,DEN,UTA,,"W, 128-117",,01:39,0,1,0,0,0,0,1,0,1,0,0,0,0,1,0
Zeke Nnaji,https://www.basketball-reference.com/players/n/nnajize01.html,2021,2021-02-04,DEN,LAL,@,"L, 93-114",,02:53,1,2,1,1,0,0,0,0,0,0,0,1,0,0,3
Zeke Nnaji,https://www.basketball-reference.com/players/n/nnajize01.html,2021,2021-02-06,DEN,SAC,@,"L, 114-119",,,,,,,,,,,,,,,,,
Zeke Nnaji,https://www.basketball-reference.com/players/n/nnajize01.html,2021,2021-02-08,DEN,MIL,,"L, 112-125",,,,,,,,,,,,,,,,,
Zeke Nnaji,https://www.basketball-reference.com/players/n/nnajize01.html,2021,2021-02-10,DEN,CLE,,"W, 133-95",,18:46,5,7,4,6,0,0,1,0,1,0,0,0,0,1,14
Zeke Nnaji,https://www.basketball-reference.com/players/n/nnajize01.html,2021,2021-02-12,DEN,OKC,,"W, 97-95",,06:12,0,1,0,1,0,0,0,0,0,0,0,0,0,0,0
Zeke Nnaji,https://www.basketball-reference.com/players/n/nnajize01.html,2021,2021-02-14,DEN,LAL,,"W, 122-105",,23:50,5,7,4,5,2,4,1,2,3,0,1,0,0,1,16
Zeke Nnaji,https://www.basketball-reference.com/players/n/nnajize01.html,2021,2021-02-16,DEN,BOS,@,"L, 99-112",,26:28,1,3,0,2,0,0,0,2,2,0,0,0,0,1,2
Zeke Nnaji,https://www.basketball-reference.com/players/n/nnajize01.html,2021,2021-02-17,DEN,WAS,@,"L, 128-130",,13:29,1,4,1,3,0,0,1,1,2,0,0,0,0,1,3
Zeke Nnaji,https://www.basketball-reference.com/players/n/nnajize01.html,2021,2021-02-19,DEN,CLE,@,"W, 120-103",,06:27,0,2,0,2,0,0,1,1,2,1,0,0,0,0,0
Zeke Nnaji,https://www.basketball-reference.com/players/n/nnajize01.html,2021,2021-02-21,DEN,ATL,@,"L, 115-123",,29:55,3,5,1,3,0,0,0,3,3,1,0,0,2,0,7
Zeke Nnaji,https://www.basketball-reference.com/players/n/nnajize01.html,2021,2021-02-23,DEN,POR,,"W, 111-106",,23:35,4,8,2,6,0,0,1,2,3,0,1,0,0,2,10
Zeke Nnaji,https://www.basketball-reference.com/players/n/nnajize01.html,2021,2021-02-25,DEN,WAS,,"L, 110-112",,14:33,2,2,1,1,2,2,1,0,1,0,0,0,2,2,7
Zeke Nnaji,https://www.basketball-reference.com/players/n/nnajize01.html,2021,2021-02-27,DEN,OKC,@,"W, 126-96",,15:29,1,3,0,0,1,1,0,5,5,0,0,0,0,3,3
Zeke Nnaji,https://www.basketball-reference.com/players/n/nnajize01.html,2021,2021-03-01,DEN,CHI,@,"W, 118-112",,13:27,1,2,0,1,0,0,0,1,1,0,0,0,0,1,2
Zeke Nnaji,https://www.basketball-reference.com/players/n/nnajize01.html,2021,2021-03-02,DEN,MIL,@,"W, 128-97",,15:40,3,4,0,1,0,0,2,2,4,0,1,0,1,0,6
Zeke Nnaji,https://www.basketball-reference.com/players/n/nnajize01.html,2021,2021-03-04,DEN,IND,@,"W, 113-103",,16:30,1,3,1,2,0,0,0,1,1,1,0,1,0,1,3
Zeke Nnaji,https://www.basketball-reference.com/players/n/nnajize01.html,2021,2021-03-12,DEN,MEM,@,"W, 103-102",,,,,,,,,,,,,,,,,
Zeke Nnaji,https://www.basketball-reference.com/players/n/nnajize01.html,2021,2021-03-13,DEN,DAL,,"L, 103-116",,04:43,0,0,0,0,0,0,1,2,3,1,0,0,0,0,0
Zeke Nnaji,https://www.basketball-reference.com/players/n/nnajize01.html,2021,2021-03-15,DEN,IND,,"W, 121-106",,01:29,1,1,0,0,0,0,0,0,0,0,0,0,0,0,2
Zeke Nnaji,https://www.basketball-reference.com/players/n/nnajize01.html,2021,2021-03-17,DEN,CHO,,"W, 129-104",,19:23,2,5,0,1,0,0,0,2,2,0,0,1,1,2,4
Zeke Nnaji,https://www.basketball-reference.com/players/n/nnajize01.html,2021,2021-03-19,DEN,CHI,,"W, 131-127 (OT)",,10:59,3,3,2,2,0,0,0,0,0,1,1,0,0,2,8
Zeke Nnaji,https://www.basketball-reference.com/players/n/nnajize01.html,2021,2021-03-21,DEN,NOP,,"L, 108-113",,,,,,,,,,,,,,,,,
Zeke Nnaji,https://www.basketball-reference.com/players/n/nnajize01.html,2021,2021-03-23,DEN,ORL,@,"W, 110-99",,11:45,3,4,0,1,0,0,1,4,5,0,0,0,0,2,6
Zeke Nnaji,https://www.basketball-reference.com/players/n/nnajize01.html,2021,2021-03-24,DEN,TOR,@,"L, 111-135",,19:01,1,6,0,4,5,6,1,6,7,0,0,0,1,0,7
Zeke Nnaji,https://www.basketball-reference.com/players/n/nnajize01.html,2021,2021-03-26,DEN,NOP,@,"W, 113-108",,03:35,1,1,1,1,0,0,0,0,0,0,0,0,0,0,3
Zeke Nnaji,https://www.basketball-reference.com/players/n/nnajize01.html,2021,2021-03-28,DEN,ATL,,"W, 126-102",,06:03,1,1,1,1,2,2,0,2,2,0,0,0,0,1,5
Zeke Nnaji,https://www.basketball-reference.com/players/n/nnajize01.html,2021,2021-03-30,DEN,PHI,,"W, 104-95",,,,,,,,,,,,,,,,,
Zeke Nnaji,https://www.basketball-reference.com/players/n/nnajize01.html,2021,2021-04-01,DEN,LAC,@,"W, 101-94",,,,,,,,,,,,,,,,,
Zeke Nnaji,https://www.basketball-reference.com/players/n/nnajize01.html,2021,2021-04-04,DEN,ORL,,"W, 119-109",,,,,,,,,,,,,,,,,
Zeke Nnaji,https://www.basketball-reference.com/players/n/nnajize01.html,2021,2021-04-06,DEN,DET,,"W, 134-119",,04:02,1,2,1,2,0,0,0,1,1,0,0,1,0,1,3
Zeke Nnaji,https://www.basketball-reference.com/players/n/nnajize01.html,2021,2021-04-07,DEN,SAS,,"W, 106-96",,03:47,0,0,0,0,0,0,0,2,2,0,0,0,0,0,0
Zeke Nnaji,https://www.basketball-reference.com/players/n/nnajize01.html,2021,2021-04-09,DEN,SAS,,"W, 121-119",,,,,,,,,,,,,,,,,
Zeke Nnaji,https://www.basketball-reference.com/players/n/nnajize01.html,2021,2021-04-11,DEN,BOS,,"L, 87-105",,08:03,0,3,0,2,0,0,0,1,1,1,1,0,0,2,0
Zeke Nnaji,https://www.basketball-reference.com/players/n/nnajize01.html,2021,2021-04-12,DEN,GSW,@,"L, 107-116",,,,,,,,,,,,,,,,,
Zeke Nnaji,https://www.basketball-reference.com/players/n/nnajize01.html,2021,2021-04-14,DEN,MIA,,"W, 123-106",,02:36,0,1,0,1,0,0,0,0,0,0,0,0,0,0,0
Zeke Nnaji,https://www.basketball-reference.com/players/n/nnajize01.html,2021,2021-04-16,DEN,HOU,@,"W, 128-99",,07:47,0,2,0,0,0,0,0,0,0,0,1,0,0,0,0
Zeke Nnaji,https://www.basketball-reference.com/players/n/nnajize01.html,2021,2021-04-19,DEN,MEM,,"W, 139-137 (2OT)",,,,,,,,,,,,,,,,,
Zeke Nnaji,https://www.basketball-reference.com/players/n/nnajize01.html,2021,2021-04-21,DEN,POR,@,"W, 106-105",,,,,,,,,,,,,,,,,
Zeke Nnaji,https://www.basketball-reference.com/players/n/nnajize01.html,2021,2021-04-23,DEN,GSW,@,"L, 97-118",,02:08,0,1,0,1,0,0,0,0,0,0,0,0,0,0,0
Zeke Nnaji,https://www.basketball-reference.com/players/n/nnajize01.html,2021,2021-04-24,DEN,HOU,,"W, 129-116",,03:51,0,0,0,0,0,0,0,1,1,2,0,0,0,0,0
Zeke Nnaji,https://www.basketball-reference.com/players/n/nnajize01.html,2021,2021-04-26,DEN,MEM,,"W, 120-96",,03:19,1,2,0,1,0,0,0,1,1,0,0,0,0,1,2
Zeke Nnaji,https://www.basketball-reference.com/players/n/nnajize01.html,2021,2021-04-28,DEN,NOP,,"W, 114-112",,,,,,,,,,,,,,,,,
Zeke Nnaji,https://www.basketball-reference.com/players/n/nnajize01.html,2021,2021-04-29,DEN,TOR,,"W, 121-111",,03:02,0,2,0,0,0,0,0,0,0,0,0,0,0,1,0
Zeke Nnaji,https://www.basketball-reference.com/players/n/nnajize01.html,2021,2021-05-01,DEN,LAC,@,"W, 110-104",,,,,,,,,,,,,,,,,
Zeke Nnaji,https://www.basketball-reference.com/players/n/nnajize01.html,2021,2021-05-03,DEN,LAL,@,"L, 89-93",,,,,,,,,,,,,,,,,
Zeke Nnaji,https://www.basketball-reference.com/players/n/nnajize01.html,2021,2021-05-05,DEN,NYK,,"W, 113-97",,,,,,,,,,,,,,,,,
Zeke Nnaji,https://www.basketball-reference.com/players/n/nnajize01.html,2021,2021-05-07,DEN,UTA,@,"L, 120-127",,,,,,,,,,,,,,,,,
Zeke Nnaji,https://www.basketball-reference.com/players/n/nnajize01.html,2021,2021-05-08,DEN,BRK,,"L, 119-125",,,,,,,,,,,,,,,,,
Zeke Nnaji,https://www.basketball-reference.com/players/n/nnajize01.html,2021,2021-05-11,DEN,CHO,@,"W, 117-112",,,,,,,,,,,,,,,,,
Zeke Nnaji,https://www.basketball-reference.com/players/n/nnajize01.html,2021,2021-05-13,DEN,MIN,@,"W, 114-103",,,,,,,,,,,,,,,,,
Zeke Nnaji,https://www.basketball-reference.com/players/n/nnajize01.html,2021,2021-05-14,DEN,DET,@,"W, 104-91",,20:35,3,7,2,4,0,0,0,2,2,2,2,0,0,0,8
Zeke Nnaji,https://www.basketball-reference.com/players/n/nnajize01.html,2021,2021-05-16,DEN,POR,@,"L, 116-132",,13:26,2,2,2,2,0,0,1,4,5,0,0,0,0,1,6
Greg Whittington,https://www.basketball-reference.com/players/w/whittgr01.html,2021,2020-12-23,DEN,SAC,,"L, 122-124 (OT)",,,,,,,,,,,,,,,,,
Greg Whittington,https://www.basketball-reference.com/players/w/whittgr01.html,2021,2020-12-25,DEN,LAC,,"L, 108-121",,,,,,,,,,,,,,,,,
Greg Whittington,https://www.basketball-reference.com/players/w/whittgr01.html,2021,2020-12-28,DEN,HOU,,"W, 124-111",,,,,,,,,,,,,,,,,
Greg Whittington,https://www.basketball-reference.com/players/w/whittgr01.html,2021,2020-12-29,DEN,SAC,@,"L, 115-125",,,,,,,,,,,,,,,,,
Greg Whittington,https://www.basketball-reference.com/players/w/whittgr01.html,2021,,,,,,,,,,,,,,,,,,,,,,
Greg Whittington,https://www.basketball-reference.com/players/w/whittgr01.html,2021,2021-01-01,DEN,PHO,,"L, 103-106",,,,,,,,,,,,,,,,,
Greg Whittington,https://www.basketball-reference.com/players/w/whittgr01.html,2021,2021-01-03,DEN,MIN,@,"W, 124-109",,,,,,,,,,,,,,,,,
Greg Whittington,https://www.basketball-reference.com/players/w/whittgr01.html,2021,2021-01-05,DEN,MIN,,"W, 123-116",,,,,,,,,,,,,,,,,
Greg Whittington,https://www.basketball-reference.com/players/w/whittgr01.html,2021,2021-01-07,DEN,DAL,,"L, 117-124 (OT)",,,,,,,,,,,,,,,,,
Greg Whittington,https://www.basketball-reference.com/players/w/whittgr01.html,2021,2021-01-09,DEN,PHI,@,"W, 115-103",,,,,,,,,,,,,,,,,
Greg Whittington,https://www.basketball-reference.com/players/w/whittgr01.html,2021,2021-01-10,DEN,NYK,@,"W, 114-89",,,,,,,,,,,,,,,,,
Greg Whittington,https://www.basketball-reference.com/players/w/whittgr01.html,2021,2021-01-12,DEN,BRK,@,"L, 116-122",,,,,,,,,,,,,,,,,
Greg Whittington,https://www.basketball-reference.com/players/w/whittgr01.html,2021,2021-01-14,DEN,GSW,,"W, 114-104",,,,,,,,,,,,,,,,,
Greg Whittington,https://www.basketball-reference.com/players/w/whittgr01.html,2021,2021-01-17,DEN,UTA,,"L, 105-109",,,,,,,,,,,,,,,,,
Greg Whittington,https://www.basketball-reference.com/players/w/whittgr01.html,2021,2021-01-19,DEN,OKC,,"W, 119-101",,,,,,,,,,,,,,,,,
Greg Whittington,https://www.basketball-reference.com/players/w/whittgr01.html,2021,2021-01-22,DEN,PHO,@,"W, 130-126 (OT)",,,,,,,,,,,,,,,,,
Greg Whittington,https://www.basketball-reference.com/players/w/whittgr01.html,2021,2021-01-23,DEN,PHO,@,"W, 120-112 (2OT)",,,,,,,,,,,,,,,,,
Greg Whittington,https://www.basketball-reference.com/players/w/whittgr01.html,2021,2021-01-25,DEN,DAL,@,"W, 117-113",,,,,,,,,,,,,,,,,
Greg Whittington,https://www.basketball-reference.com/players/w/whittgr01.html,2021,2021-01-27,DEN,MIA,@,"W, 109-82",,,,,,,,,,,,,,,,,
Greg Whittington,https://www.basketball-reference.com/players/w/whittgr01.html,2021,2021-01-29,DEN,SAS,@,"L, 109-119",,,,,,,,,,,,,,,,,
Greg Whittington,https://www.basketball-reference.com/players/w/whittgr01.html,2021,2021-01-31,DEN,UTA,,"W, 128-117",,,,,,,,,,,,,,,,,
Greg Whittington,https://www.basketball-reference.com/players/w/whittgr01.html,2021,2021-02-04,DEN,LAL,@,"L, 93-114",,,,,,,,,,,,,,,,,
Greg Whittington,https://www.basketball-reference.com/players/w/whittgr01.html,2021,2021-02-06,DEN,SAC,@,"L, 114-119",,,,,,,,,,,,,,,,,
Greg Whittington,https://www.basketball-reference.com/players/w/whittgr01.html,2021,2021-02-08,DEN,MIL,,"L, 112-125",,,,,,,,,,,,,,,,,
Greg Whittington,https://www.basketball-reference.com/players/w/whittgr01.html,2021,2021-02-10,DEN,CLE,,"W, 133-95",,,,,,,,,,,,,,,,,
Greg Whittington,https://www.basketball-reference.com/players/w/whittgr01.html,2021,2021-02-12,DEN,OKC,,"W, 97-95",,,,,,,,,,,,,,,,,
Greg Whittington,https://www.basketball-reference.com/players/w/whittgr01.html,2021,2021-02-14,DEN,LAL,,"W, 122-105",,,,,,,,,,,,,,,,,
Greg Whittington,https://www.basketball-reference.com/players/w/whittgr01.html,2021,2021-02-16,DEN,BOS,@,"L, 99-112",,,,,,,,,,,,,,,,,
Greg Whittington,https://www.basketball-reference.com/players/w/whittgr01.html,2021,2021-02-17,DEN,WAS,@,"L, 128-130",,,,,,,,,,,,,,,,,
Greg Whittington,https://www.basketball-reference.com/players/w/whittgr01.html,2021,2021-02-19,DEN,CLE,@,"W, 120-103",,,,,,,,,,,,,,,,,
Greg Whittington,https://www.basketball-reference.com/players/w/whittgr01.html,2021,2021-02-21,DEN,ATL,@,"L, 115-123",,,,,,,,,,,,,,,,,
Greg Whittington,https://www.basketball-reference.com/players/w/whittgr01.html,2021,2021-02-23,DEN,POR,,"W, 111-106",,,,,,,,,,,,,,,,,
Greg Whittington,https://www.basketball-reference.com/players/w/whittgr01.html,2021,2021-02-25,DEN,WAS,,"L, 110-112",,,,,,,,,,,,,,,,,
Greg Whittington,https://www.basketball-reference.com/players/w/whittgr01.html,2021,2021-02-27,DEN,OKC,@,"W, 126-96",,05:52,0,2,0,2,0,0,0,0,0,0,0,0,0,0,0
Greg Whittington,https://www.basketball-reference.com/players/w/whittgr01.html,2021,2021-03-01,DEN,CHI,@,"W, 118-112",,,,,,,,,,,,,,,,,
Greg Whittington,https://www.basketball-reference.com/players/w/whittgr01.html,2021,2021-03-02,DEN,MIL,@,"W, 128-97",,02:16,0,0,0,0,0,0,0,0,0,0,0,0,0,0,0
Greg Whittington,https://www.basketball-reference.com/players/w/whittgr01.html,2021,2021-03-04,DEN,IND,@,"W, 113-103",,,,,,,,,,,,,,,,,
Greg Whittington,https://www.basketball-reference.com/players/w/whittgr01.html,2021,2021-03-12,DEN,MEM,@,"W, 103-102",,,,,,,,,,,,,,,,,
Greg Whittington,https://www.basketball-reference.com/players/w/whittgr01.html,2021,2021-03-13,DEN,DAL,,"L, 103-116",,02:24,0,1,0,0,0,0,0,0,0,0,0,0,0,0,0
Greg Whittington,https://www.basketball-reference.com/players/w/whittgr01.html,2021,2021-03-15,DEN,IND,,"W, 121-106",,01:29,0,0,0,0,0,0,0,0,0,0,0,0,0,0,0
Greg Whittington,https://www.basketball-reference.com/players/w/whittgr01.html,2021,2021-03-17,DEN,CHO,,"W, 129-104",,,,,,,,,,,,,,,,,
Greg Whittington,https://www.basketball-reference.com/players/w/whittgr01.html,2021,2021-03-19,DEN,CHI,,"W, 131-127 (OT)",,,,,,,,,,,,,,,,,
Greg Whittington,https://www.basketball-reference.com/players/w/whittgr01.html,2021,2021-03-21,DEN,NOP,,"L, 108-113",,,,,,,,,,,,,,,,,
Greg Whittington,https://www.basketball-reference.com/players/w/whittgr01.html,2021,2021-03-23,DEN,ORL,@,"W, 110-99",,,,,,,,,,,,,,,,,
Greg Whittington,https://www.basketball-reference.com/players/w/whittgr01.html,2021,2021-03-24,DEN,TOR,@,"L, 111-135",,,,,,,,,,,,,,,,,
Greg Whittington,https://www.basketball-reference.com/players/w/whittgr01.html,2021,2021-03-26,DEN,NOP,@,"W, 113-108",,,,,,,,,,,,,,,,,
Greg Whittington,https://www.basketball-reference.com/players/w/whittgr01.html,2021,2021-03-28,DEN,ATL,,"W, 126-102",,,,,,,,,,,,,,,,,
Greg Whittington,https://www.basketball-reference.com/players/w/whittgr01.html,2021,2021-03-30,DEN,PHI,,"W, 104-95",,,,,,,,,,,,,,,,,
Greg Whittington,https://www.basketball-reference.com/players/w/whittgr01.html,2021,2021-04-01,DEN,LAC,@,"W, 101-94",,,,,,,,,,,,,,,,,
Greg Whittington,https://www.basketball-reference.com/players/w/whittgr01.html,2021,2021-04-04,DEN,ORL,,"W, 119-109",,,,,,,,,,,,,,,,,
Greg Whittington,https://www.basketball-reference.com/players/w/whittgr01.html,2021,2021-04-06,DEN,DET,,"W, 134-119",,,,,,,,,,,,,,,,,
Greg Whittington,https://www.basketball-reference.com/players/w/whittgr01.html,2021,2021-04-07,DEN,SAS,,"W, 106-96",,,,,,,,,,,,,,,,,
Saddiq Bey,https://www.basketball-reference.com/players/b/beysa01.html,2021,2020-12-23,DET,MIN,@,"L, 101-111",,,,,,,,,,,,,,,,,
Saddiq Bey,https://www.basketball-reference.com/players/b/beysa01.html,2021,2020-12-26,DET,CLE,,"L, 119-128 (2OT)",,06:01,0,2,0,2,0,2,1,1,2,0,0,0,0,1,0
Saddiq Bey,https://www.basketball-reference.com/players/b/beysa01.html,2021,2020-12-28,DET,ATL,@,"L, 120-128",,30:15,3,11,2,7,2,2,1,6,7,1,0,0,0,1,10
Saddiq Bey,https://www.basketball-reference.com/players/b/beysa01.html,2021,2020-12-29,DET,GSW,,"L, 106-116",,15:09,3,9,3,5,2,2,0,3,3,0,0,0,1,3,11
Saddiq Bey,https://www.basketball-reference.com/players/b/beysa01.html,2021,,,,,,,,,,,,,,,,,,,,,,
Saddiq Bey,https://www.basketball-reference.com/players/b/beysa01.html,2021,2021-01-01,DET,BOS,,"W, 96-93",,30:11,5,11,5,8,2,4,0,7,7,1,2,0,2,1,17
Saddiq Bey,https://www.basketball-reference.com/players/b/beysa01.html,2021,2021-01-03,DET,BOS,,"L, 120-122",,19:41,2,6,2,3,0,0,0,3,3,2,1,0,0,2,6
Saddiq Bey,https://www.basketball-reference.com/players/b/beysa01.html,2021,2021-01-04,DET,MIL,@,"L, 115-125",,30:51,3,8,1,6,2,2,0,3,3,0,0,0,0,2,9
Saddiq Bey,https://www.basketball-reference.com/players/b/beysa01.html,2021,2021-01-06,DET,MIL,@,"L, 115-130",,24:08,6,14,6,10,2,2,0,10,10,3,1,0,1,1,20
Saddiq Bey,https://www.basketball-reference.com/players/b/beysa01.html,2021,2021-01-08,DET,PHO,,"W, 110-105 (OT)",,26:42,4,8,2,5,0,0,1,3,4,0,1,0,1,1,10
Saddiq Bey,https://www.basketball-reference.com/players/b/beysa01.html,2021,2021-01-10,DET,UTA,,"L, 86-96",,27:17,3,9,2,6,4,4,2,1,3,1,0,0,0,4,12
Saddiq Bey,https://www.basketball-reference.com/players/b/beysa01.html,2021,2021-01-13,DET,MIL,,"L, 101-110",,19:36,3,8,2,6,2,3,0,2,2,0,0,0,2,1,10
Saddiq Bey,https://www.basketball-reference.com/players/b/beysa01.html,2021,2021-01-16,DET,MIA,@,"W, 120-100",,11:03,1,3,1,3,2,2,0,1,1,0,0,0,0,2,5
Saddiq Bey,https://www.basketball-reference.com/players/b/beysa01.html,2021,2021-01-18,DET,MIA,@,"L, 107-113",,03:30,0,1,0,1,0,0,0,1,1,0,0,0,1,1,0
Saddiq Bey,https://www.basketball-reference.com/players/b/beysa01.html,2021,2021-01-20,DET,ATL,@,"L, 115-123 (OT)",,08:01,0,2,0,2,0,0,0,1,1,1,1,0,1,1,0
Saddiq Bey,https://www.basketball-reference.com/players/b/beysa01.html,2021,2021-01-22,DET,HOU,,"L, 102-103",,15:15,0,3,0,3,2,2,0,0,0,0,0,0,1,0,2
Saddiq Bey,https://www.basketball-reference.com/players/b/beysa01.html,2021,2021-01-23,DET,PHI,,"L, 110-114",,19:18,4,9,2,5,0,0,1,2,3,0,1,0,0,1,10
Saddiq Bey,https://www.basketball-reference.com/players/b/beysa01.html,2021,2021-01-25,DET,PHI,,"W, 119-104",,08:38,0,2,0,2,0,0,0,3,3,0,0,0,1,1,0
Saddiq Bey,https://www.basketball-reference.com/players/b/beysa01.html,2021,2021-01-27,DET,CLE,@,"L, 107-122",,19:30,2,4,1,3,2,2,0,2,2,2,0,0,2,1,7
Saddiq Bey,https://www.basketball-reference.com/players/b/beysa01.html,2021,2021-01-28,DET,LAL,,"W, 107-92",,,,,,,,,,,,,,,,,
Saddiq Bey,https://www.basketball-reference.com/players/b/beysa01.html,2021,2021-01-30,DET,GSW,@,"L, 91-118",,15:27,1,4,0,3,0,0,0,4,4,1,0,0,0,1,2
Saddiq Bey,https://www.basketball-reference.com/players/b/beysa01.html,2021,2021-02-02,DET,UTA,@,"L, 105-117",,10:49,2,6,1,2,0,0,0,1,1,0,0,0,0,1,5
Saddiq Bey,https://www.basketball-reference.com/players/b/beysa01.html,2021,2021-02-05,DET,PHO,@,"L, 92-109",,25:47,5,13,2,8,2,3,1,3,4,2,1,1,1,1,14
Saddiq Bey,https://www.basketball-reference.com/players/b/beysa01.html,2021,2021-02-06,DET,LAL,@,"L, 129-135 (2OT)",,25:43,1,7,1,3,4,4,0,2,2,0,2,0,2,0,7
Saddiq Bey,https://www.basketball-reference.com/players/b/beysa01.html,2021,2021-02-09,DET,BRK,,"W, 122-111",,21:16,6,6,3,3,0,0,1,2,3,2,0,0,0,2,15
Saddiq Bey,https://www.basketball-reference.com/players/b/beysa01.html,2021,2021-02-11,DET,IND,,"L, 95-111",,17:33,3,6,2,5,2,4,0,3,3,0,0,0,0,0,10
Saddiq Bey,https://www.basketball-reference.com/players/b/beysa01.html,2021,2021-02-12,DET,BOS,@,"W, 108-102",,27:18,10,12,7,7,3,3,2,10,12,0,0,0,0,2,30
Saddiq Bey,https://www.basketball-reference.com/players/b/beysa01.html,2021,2021-02-14,DET,NOP,,"W, 123-112",,38:17,6,11,4,8,0,0,0,4,4,6,3,0,2,3,16
Saddiq Bey,https://www.basketball-reference.com/players/b/beysa01.html,2021,2021-02-17,DET,CHI,@,"L, 102-105",,31:49,3,7,1,5,5,5,1,6,7,3,1,0,1,1,12
Saddiq Bey,https://www.basketball-reference.com/players/b/beysa01.html,2021,2021-02-19,DET,MEM,@,"L, 95-109",,32:11,5,12,4,9,0,0,0,3,3,1,0,0,1,4,14
Saddiq Bey,https://www.basketball-reference.com/players/b/beysa01.html,2021,2021-02-21,DET,ORL,@,"L, 96-105",,29:32,3,10,3,10,2,2,1,7,8,1,1,0,1,2,11
Saddiq Bey,https://www.basketball-reference.com/players/b/beysa01.html,2021,2021-02-23,DET,ORL,@,"W, 105-93",,32:32,4,10,2,7,0,0,2,6,8,3,3,0,0,0,10
Saddiq Bey,https://www.basketball-reference.com/players/b/beysa01.html,2021,2021-02-24,DET,NOP,@,"L, 118-128",,31:05,4,8,3,6,2,2,0,2,2,1,1,0,1,4,13
Saddiq Bey,https://www.basketball-reference.com/players/b/beysa01.html,2021,2021-02-26,DET,SAC,,"L, 107-110",,32:07,6,10,5,9,0,0,3,3,6,2,1,0,0,2,17
Saddiq Bey,https://www.basketball-reference.com/players/b/beysa01.html,2021,2021-02-28,DET,NYK,,"L, 90-109",,31:58,3,11,2,8,2,2,0,4,4,0,0,0,0,3,10
Saddiq Bey,https://www.basketball-reference.com/players/b/beysa01.html,2021,2021-03-03,DET,TOR,@,"W, 129-105",,24:19,3,9,1,5,0,0,0,4,4,2,0,0,0,2,7
Saddiq Bey,https://www.basketball-reference.com/players/b/beysa01.html,2021,2021-03-04,DET,NYK,@,"L, 104-114",,35:34,4,12,2,8,4,4,1,2,3,4,1,0,1,2,14
Saddiq Bey,https://www.basketball-reference.com/players/b/beysa01.html,2021,2021-03-11,DET,CHO,@,"L, 102-105",,28:10,4,11,4,9,2,2,0,3,3,0,0,0,0,0,14
Saddiq Bey,https://www.basketball-reference.com/players/b/beysa01.html,2021,2021-03-13,DET,BRK,@,"L, 95-100",,28:39,4,13,2,9,3,4,1,4,5,2,0,2,0,0,13
Saddiq Bey,https://www.basketball-reference.com/players/b/beysa01.html,2021,2021-03-15,DET,SAS,,"L, 99-109",,26:24,3,6,1,2,0,0,1,1,2,0,1,0,1,1,7
Saddiq Bey,https://www.basketball-reference.com/players/b/beysa01.html,2021,2021-03-17,DET,TOR,,"W, 116-112",,38:39,8,14,6,10,6,6,2,10,12,2,2,0,0,4,28
Saddiq Bey,https://www.basketball-reference.com/players/b/beysa01.html,2021,2021-03-19,DET,HOU,@,"W, 113-100",,32:05,6,15,2,9,6,6,1,5,6,2,2,0,1,2,20
Saddiq Bey,https://www.basketball-reference.com/players/b/beysa01.html,2021,2021-03-21,DET,CHI,,"L, 86-100",,35:49,1,9,1,6,0,0,0,4,4,2,0,0,3,3,3
Saddiq Bey,https://www.basketball-reference.com/players/b/beysa01.html,2021,2021-03-24,DET,IND,@,"L, 111-116",,30:51,6,12,4,10,0,0,0,3,3,3,0,1,1,2,16
Saddiq Bey,https://www.basketball-reference.com/players/b/beysa01.html,2021,2021-03-26,DET,BRK,,"L, 111-113",,32:43,5,9,4,6,0,1,1,4,5,2,1,1,1,3,14
Saddiq Bey,https://www.basketball-reference.com/players/b/beysa01.html,2021,2021-03-27,DET,WAS,@,"L, 92-106",,31:45,3,12,1,7,2,2,0,6,6,2,0,0,2,2,9
Saddiq Bey,https://www.basketball-reference.com/players/b/beysa01.html,2021,2021-03-29,DET,TOR,,"W, 118-104",,33:24,6,10,5,7,2,2,0,3,3,4,0,0,0,1,19
Saddiq Bey,https://www.basketball-reference.com/players/b/beysa01.html,2021,2021-03-31,DET,POR,,"L, 101-124",,25:10,0,8,0,7,0,0,0,4,4,2,1,0,3,6,0
Saddiq Bey,https://www.basketball-reference.com/players/b/beysa01.html,2021,2021-04-01,DET,WAS,,"W, 120-91",,26:05,3,8,1,6,4,4,1,3,4,1,1,0,0,2,11
Saddiq Bey,https://www.basketball-reference.com/players/b/beysa01.html,2021,2021-04-03,DET,NYK,,"L, 81-125",,17:23,2,9,1,4,1,2,0,0,0,1,0,0,0,2,6
Saddiq Bey,https://www.basketball-reference.com/players/b/beysa01.html,2021,2021-04-05,DET,OKC,@,"W, 132-108",,21:56,3,8,1,4,3,3,1,2,3,0,1,0,0,0,10
Saddiq Bey,https://www.basketball-reference.com/players/b/beysa01.html,2021,2021-04-06,DET,DEN,@,"L, 119-134",,23:46,9,15,6,12,1,1,0,0,0,1,0,0,0,2,25
Saddiq Bey,https://www.basketball-reference.com/players/b/beysa01.html,2021,2021-04-08,DET,SAC,@,"W, 113-101",,34:33,4,11,2,7,2,2,0,6,6,0,2,0,2,0,12
Saddiq Bey,https://www.basketball-reference.com/players/b/beysa01.html,2021,2021-04-10,DET,POR,@,"L, 103-118",,28:46,6,14,2,8,0,0,1,5,6,1,1,0,0,0,14
Saddiq Bey,https://www.basketball-reference.com/players/b/beysa01.html,2021,2021-04-11,DET,LAC,@,"L, 124-131",,31:18,8,12,5,8,4,4,0,1,1,2,4,0,3,2,25
Saddiq Bey,https://www.basketball-reference.com/players/b/beysa01.html,2021,2021-04-14,DET,LAC,,"L, 98-100",,35:19,6,11,4,7,1,2,0,5,5,0,1,1,2,0,17
Saddiq Bey,https://www.basketball-reference.com/players/b/beysa01.html,2021,2021-04-16,DET,OKC,,"W, 110-104",,39:13,8,20,2,12,0,0,1,6,7,2,1,1,1,2,18
Saddiq Bey,https://www.basketball-reference.com/players/b/beysa01.html,2021,2021-04-17,DET,WAS,@,"L, 100-121",,24:11,1,7,0,4,2,2,2,5,7,0,1,0,1,1,4
Saddiq Bey,https://www.basketball-reference.com/players/b/beysa01.html,2021,2021-04-19,DET,CLE,,"W, 109-105",,35:54,6,12,6,11,2,3,0,5,5,1,2,0,1,4,20
Saddiq Bey,https://www.basketball-reference.com/players/b/beysa01.html,2021,2021-04-21,DET,DAL,@,"L, 117-127",,26:56,3,8,2,5,3,3,1,2,3,2,0,0,0,2,11
Saddiq Bey,https://www.basketball-reference.com/players/b/beysa01.html,2021,2021-04-22,DET,SAS,@,"L, 91-106",,32:26,2,6,2,4,3,4,0,2,2,0,1,0,1,1,9
Saddiq Bey,https://www.basketball-reference.com/players/b/beysa01.html,2021,2021-04-24,DET,IND,@,"L, 109-115",,26:47,2,14,0,6,4,5,4,6,10,2,0,1,1,0,8
Saddiq Bey,https://www.basketball-reference.com/players/b/beysa01.html,2021,2021-04-26,DET,ATL,,"W, 100-86",,23:50,3,7,3,6,2,2,0,8,8,1,1,1,1,0,11
Saddiq Bey,https://www.basketball-reference.com/players/b/beysa01.html,2021,2021-04-29,DET,DAL,,"L, 105-115",,33:56,5,10,4,8,4,6,0,8,8,3,1,0,2,0,18
Saddiq Bey,https://www.basketball-reference.com/players/b/beysa01.html,2021,2021-05-01,DET,CHO,@,"L, 94-107",,40:02,7,21,5,12,3,4,1,6,7,5,2,2,0,0,22
Saddiq Bey,https://www.basketball-reference.com/players/b/beysa01.html,2021,2021-05-03,DET,ORL,,"L, 112-119",,30:10,10,17,5,10,1,1,3,6,9,1,2,0,2,1,26
Saddiq Bey,https://www.basketball-reference.com/players/b/beysa01.html,2021,2021-05-04,DET,CHO,,"L, 99-102",,38:30,2,12,2,10,1,1,2,7,9,3,0,0,0,3,7
Saddiq Bey,https://www.basketball-reference.com/players/b/beysa01.html,2021,2021-05-06,DET,MEM,,"W, 111-97",,38:46,4,7,3,4,2,2,0,5,5,1,0,0,0,1,13
Saddiq Bey,https://www.basketball-reference.com/players/b/beysa01.html,2021,2021-05-08,DET,PHI,@,"L, 104-118",,24:00,6,10,1,4,1,1,1,6,7,0,0,1,0,2,14
Saddiq Bey,https://www.basketball-reference.com/players/b/beysa01.html,2021,2021-05-09,DET,CHI,,"L, 96-108",,40:52,6,17,5,10,3,4,0,7,7,1,0,0,1,1,20
Saddiq Bey,https://www.basketball-reference.com/players/b/beysa01.html,2021,2021-05-11,DET,MIN,,"L, 100-119",,35:49,8,16,5,8,0,1,0,4,4,2,0,1,4,3,21
Saddiq Bey,https://www.basketball-reference.com/players/b/beysa01.html,2021,2021-05-14,DET,DEN,,"L, 91-104",,39:57,4,15,2,10,4,6,0,4,4,1,2,0,1,1,14
Saddiq Bey,https://www.basketball-reference.com/players/b/beysa01.html,2021,2021-05-16,DET,MIA,,"L, 107-120",,36:34,7,21,4,15,4,5,1,4,5,4,1,1,2,2,22
Killian Hayes,https://www.basketball-reference.com/players/h/hayeski01.html,2021,2020-12-23,DET,MIN,@,"L, 101-111",,21:12,3,6,1,2,0,0,0,1,1,3,0,0,4,2,7
Killian Hayes,https://www.basketball-reference.com/players/h/hayeski01.html,2021,2020-12-26,DET,CLE,,"L, 119-128 (2OT)",,19:30,1,7,0,3,1,2,0,3,3,2,0,0,2,2,3
Killian Hayes,https://www.basketball-reference.com/players/h/hayeski01.html,2021,2020-12-28,DET,ATL,@,"L, 120-128",,29:23,4,12,2,6,0,0,1,1,2,8,2,0,2,4,10
Killian Hayes,https://www.basketball-reference.com/players/h/hayeski01.html,2021,2020-12-29,DET,GSW,,"L, 106-116",,16:57,0,4,0,2,0,0,0,0,0,1,0,0,2,0,0
Killian Hayes,https://www.basketball-reference.com/players/h/hayeski01.html,2021,,,,,,,,,,,,,,,,,,,,,,
Killian Hayes,https://www.basketball-reference.com/players/h/hayeski01.html,2021,2021-01-01,DET,BOS,,"W, 96-93",,23:24,0,6,0,2,0,0,0,1,1,6,0,0,2,2,0
Killian Hayes,https://www.basketball-reference.com/players/h/hayeski01.html,2021,2021-01-03,DET,BOS,,"L, 120-122",,24:00,2,5,1,2,0,0,0,1,1,4,0,0,2,4,5
Killian Hayes,https://www.basketball-reference.com/players/h/hayeski01.html,2021,2021-01-04,DET,MIL,@,"L, 115-125",,13:24,3,7,1,3,0,0,0,0,0,1,0,0,3,1,7
Killian Hayes,https://www.basketball-reference.com/players/h/hayeski01.html,2021,2021-01-06,DET,MIL,@,"L, 115-130",,,,,,,,,,,,,,,,,
Killian Hayes,https://www.basketball-reference.com/players/h/hayeski01.html,2021,2021-01-08,DET,PHO,,"W, 110-105 (OT)",,,,,,,,,,,,,,,,,
Killian Hayes,https://www.basketball-reference.com/players/h/hayeski01.html,2021,2021-01-10,DET,UTA,,"L, 86-96",,,,,,,,,,,,,,,,,
Killian Hayes,https://www.basketball-reference.com/players/h/hayeski01.html,2021,2021-01-13,DET,MIL,,"L, 101-110",,,,,,,,,,,,,,,,,
Killian Hayes,https://www.basketball-reference.com/players/h/hayeski01.html,2021,2021-01-16,DET,MIA,@,"W, 120-100",,,,,,,,,,,,,,,,,
Killian Hayes,https://www.basketball-reference.com/players/h/hayeski01.html,2021,2021-01-18,DET,MIA,@,"L, 107-113",,,,,,,,,,,,,,,,,
Killian Hayes,https://www.basketball-reference.com/players/h/hayeski01.html,2021,2021-01-20,DET,ATL,@,"L, 115-123 (OT)",,,,,,,,,,,,,,,,,
Killian Hayes,https://www.basketball-reference.com/players/h/hayeski01.html,2021,2021-01-22,DET,HOU,,"L, 102-103",,,,,,,,,,,,,,,,,
Killian Hayes,https://www.basketball-reference.com/players/h/hayeski01.html,2021,2021-01-23,DET,PHI,,"L, 110-114",,,,,,,,,,,,,,,,,
Killian Hayes,https://www.basketball-reference.com/players/h/hayeski01.html,2021,2021-01-25,DET,PHI,,"W, 119-104",,,,,,,,,,,,,,,,,
Killian Hayes,https://www.basketball-reference.com/players/h/hayeski01.html,2021,2021-01-27,DET,CLE,@,"L, 107-122",,,,,,,,,,,,,,,,,
Killian Hayes,https://www.basketball-reference.com/players/h/hayeski01.html,2021,2021-01-28,DET,LAL,,"W, 107-92",,,,,,,,,,,,,,,,,
Killian Hayes,https://www.basketball-reference.com/players/h/hayeski01.html,2021,2021-01-30,DET,GSW,@,"L, 91-118",,,,,,,,,,,,,,,,,
Killian Hayes,https://www.basketball-reference.com/players/h/hayeski01.html,2021,2021-02-02,DET,UTA,@,"L, 105-117",,,,,,,,,,,,,,,,,
Killian Hayes,https://www.basketball-reference.com/players/h/hayeski01.html,2021,2021-02-05,DET,PHO,@,"L, 92-109",,,,,,,,,,,,,,,,,
Killian Hayes,https://www.basketball-reference.com/players/h/hayeski01.html,2021,2021-02-06,DET,LAL,@,"L, 129-135 (2OT)",,,,,,,,,,,,,,,,,
Killian Hayes,https://www.basketball-reference.com/players/h/hayeski01.html,2021,2021-02-09,DET,BRK,,"W, 122-111",,,,,,,,,,,,,,,,,
Killian Hayes,https://www.basketball-reference.com/players/h/hayeski01.html,2021,2021-02-11,DET,IND,,"L, 95-111",,,,,,,,,,,,,,,,,
Killian Hayes,https://www.basketball-reference.com/players/h/hayeski01.html,2021,2021-02-12,DET,BOS,@,"W, 108-102",,,,,,,,,,,,,,,,,
Killian Hayes,https://www.basketball-reference.com/players/h/hayeski01.html,2021,2021-02-14,DET,NOP,,"W, 123-112",,,,,,,,,,,,,,,,,
Killian Hayes,https://www.basketball-reference.com/players/h/hayeski01.html,2021,2021-02-17,DET,CHI,@,"L, 102-105",,,,,,,,,,,,,,,,,
Killian Hayes,https://www.basketball-reference.com/players/h/hayeski01.html,2021,2021-02-19,DET,MEM,@,"L, 95-109",,,,,,,,,,,,,,,,,
Killian Hayes,https://www.basketball-reference.com/players/h/hayeski01.html,2021,2021-02-21,DET,ORL,@,"L, 96-105",,,,,,,,,,,,,,,,,
Killian Hayes,https://www.basketball-reference.com/players/h/hayeski01.html,2021,2021-02-23,DET,ORL,@,"W, 105-93",,,,,,,,,,,,,,,,,
Killian Hayes,https://www.basketball-reference.com/players/h/hayeski01.html,2021,2021-02-24,DET,NOP,@,"L, 118-128",,,,,,,,,,,,,,,,,
Killian Hayes,https://www.basketball-reference.com/players/h/hayeski01.html,2021,2021-02-26,DET,SAC,,"L, 107-110",,,,,,,,,,,,,,,,,
Killian Hayes,https://www.basketball-reference.com/players/h/hayeski01.html,2021,2021-02-28,DET,NYK,,"L, 90-109",,,,,,,,,,,,,,,,,
Killian Hayes,https://www.basketball-reference.com/players/h/hayeski01.html,2021,2021-03-03,DET,TOR,@,"W, 129-105",,,,,,,,,,,,,,,,,
Killian Hayes,https://www.basketball-reference.com/players/h/hayeski01.html,2021,2021-03-04,DET,NYK,@,"L, 104-114",,,,,,,,,,,,,,,,,
Killian Hayes,https://www.basketball-reference.com/players/h/hayeski01.html,2021,2021-03-11,DET,CHO,@,"L, 102-105",,,,,,,,,,,,,,,,,
Killian Hayes,https://www.basketball-reference.com/players/h/hayeski01.html,2021,2021-03-13,DET,BRK,@,"L, 95-100",,,,,,,,,,,,,,,,,
Killian Hayes,https://www.basketball-reference.com/players/h/hayeski01.html,2021,2021-03-15,DET,SAS,,"L, 99-109",,,,,,,,,,,,,,,,,
Killian Hayes,https://www.basketball-reference.com/players/h/hayeski01.html,2021,2021-03-17,DET,TOR,,"W, 116-112",,,,,,,,,,,,,,,,,
Killian Hayes,https://www.basketball-reference.com/players/h/hayeski01.html,2021,2021-03-19,DET,HOU,@,"W, 113-100",,,,,,,,,,,,,,,,,
Killian Hayes,https://www.basketball-reference.com/players/h/hayeski01.html,2021,2021-03-21,DET,CHI,,"L, 86-100",,,,,,,,,,,,,,,,,
Killian Hayes,https://www.basketball-reference.com/players/h/hayeski01.html,2021,2021-03-24,DET,IND,@,"L, 111-116",,,,,,,,,,,,,,,,,
Killian Hayes,https://www.basketball-reference.com/players/h/hayeski01.html,2021,2021-03-26,DET,BRK,,"L, 111-113",,,,,,,,,,,,,,,,,
Killian Hayes,https://www.basketball-reference.com/players/h/hayeski01.html,2021,2021-03-27,DET,WAS,@,"L, 92-106",,,,,,,,,,,,,,,,,
Killian Hayes,https://www.basketball-reference.com/players/h/hayeski01.html,2021,2021-03-29,DET,TOR,,"W, 118-104",,,,,,,,,,,,,,,,,
Killian Hayes,https://www.basketball-reference.com/players/h/hayeski01.html,2021,2021-03-31,DET,POR,,"L, 101-124",,,,,,,,,,,,,,,,,
Killian Hayes,https://www.basketball-reference.com/players/h/hayeski01.html,2021,2021-04-01,DET,WAS,,"W, 120-91",,,,,,,,,,,,,,,,,
Killian Hayes,https://www.basketball-reference.com/players/h/hayeski01.html,2021,2021-04-03,DET,NYK,,"L, 81-125",,19:55,0,3,0,1,0,0,0,5,5,3,0,0,1,2,0
Killian Hayes,https://www.basketball-reference.com/players/h/hayeski01.html,2021,2021-04-05,DET,OKC,@,"W, 132-108",,25:06,4,9,1,4,0,0,1,2,3,7,4,2,3,2,9
Killian Hayes,https://www.basketball-reference.com/players/h/hayeski01.html,2021,2021-04-06,DET,DEN,@,"L, 119-134",,,,,,,,,,,,,,,,,
Killian Hayes,https://www.basketball-reference.com/players/h/hayeski01.html,2021,2021-04-08,DET,SAC,@,"W, 113-101",,20:58,5,7,1,2,0,0,0,3,3,2,0,1,2,1,11
Killian Hayes,https://www.basketball-reference.com/players/h/hayeski01.html,2021,2021-04-10,DET,POR,@,"L, 103-118",,16:31,0,3,0,0,2,2,0,3,3,1,1,1,4,0,2
Killian Hayes,https://www.basketball-reference.com/players/h/hayeski01.html,2021,2021-04-11,DET,LAC,@,"L, 124-131",,,,,,,,,,,,,,,,,
Killian Hayes,https://www.basketball-reference.com/players/h/hayeski01.html,2021,2021-04-14,DET,LAC,,"L, 98-100",,25:01,4,10,0,3,0,0,1,2,3,6,1,0,1,2,8
Killian Hayes,https://www.basketball-reference.com/players/h/hayeski01.html,2021,2021-04-16,DET,OKC,,"W, 110-104",,26:45,3,10,1,2,2,2,0,4,4,7,5,1,2,2,9
Killian Hayes,https://www.basketball-reference.com/players/h/hayeski01.html,2021,2021-04-17,DET,WAS,@,"L, 100-121",,,,,,,,,,,,,,,,,
Killian Hayes,https://www.basketball-reference.com/players/h/hayeski01.html,2021,2021-04-19,DET,CLE,,"W, 109-105",,33:23,5,8,0,1,2,2,1,2,3,9,1,0,5,3,12
Killian Hayes,https://www.basketball-reference.com/players/h/hayeski01.html,2021,2021-04-21,DET,DAL,@,"L, 117-127",,,,,,,,,,,,,,,,,
Killian Hayes,https://www.basketball-reference.com/players/h/hayeski01.html,2021,2021-04-22,DET,SAS,@,"L, 91-106",,30:38,5,15,1,4,1,1,0,0,0,5,1,1,4,2,12
Killian Hayes,https://www.basketball-reference.com/players/h/hayeski01.html,2021,2021-04-24,DET,IND,@,"L, 109-115",,18:18,0,1,0,0,0,0,0,2,2,5,0,0,5,1,0
Killian Hayes,https://www.basketball-reference.com/players/h/hayeski01.html,2021,2021-04-26,DET,ATL,,"W, 100-86",,23:12,1,5,0,0,0,0,1,3,4,5,3,0,3,4,2
Killian Hayes,https://www.basketball-reference.com/players/h/hayeski01.html,2021,2021-04-29,DET,DAL,,"L, 105-115",,29:59,1,6,0,2,0,0,0,1,1,11,2,0,3,2,2
Killian Hayes,https://www.basketball-reference.com/players/h/hayeski01.html,2021,2021-05-01,DET,CHO,@,"L, 94-107",,31:47,4,11,2,5,0,0,0,6,6,6,2,1,4,1,10
Killian Hayes,https://www.basketball-reference.com/players/h/hayeski01.html,2021,2021-05-03,DET,ORL,,"L, 112-119",,27:42,3,7,0,0,1,2,0,2,2,7,2,0,5,3,7
Killian Hayes,https://www.basketball-reference.com/players/h/hayeski01.html,2021,2021-05-04,DET,CHO,,"L, 99-102",,28:58,1,6,1,5,1,2,0,5,5,7,1,1,7,4,4
Killian Hayes,https://www.basketball-reference.com/players/h/hayeski01.html,2021,2021-05-06,DET,MEM,,"W, 111-97",,,,,,,,,,,,,,,,,
Killian Hayes,https://www.basketball-reference.com/players/h/hayeski01.html,2021,2021-05-08,DET,PHI,@,"L, 104-118",,21:22,4,8,2,3,0,0,1,0,1,6,0,0,2,2,10
Killian Hayes,https://www.basketball-reference.com/players/h/hayeski01.html,2021,2021-05-09,DET,CHI,,"L, 96-108",,38:25,9,17,3,6,0,0,0,7,7,8,0,0,7,2,21
Killian Hayes,https://www.basketball-reference.com/players/h/hayeski01.html,2021,2021-05-11,DET,MIN,,"L, 100-119",,35:53,5,13,1,3,2,2,0,6,6,7,0,0,3,3,13
Killian Hayes,https://www.basketball-reference.com/players/h/hayeski01.html,2021,2021-05-14,DET,DEN,,"L, 91-104",,37:36,1,8,0,6,0,0,0,3,3,7,1,2,2,1,2
Killian Hayes,https://www.basketball-reference.com/players/h/hayeski01.html,2021,2021-05-16,DET,MIA,,"L, 107-120",,30:54,3,7,2,5,2,2,0,0,0,4,1,0,3,5,10
Frank Jackson,https://www.basketball-reference.com/players/j/jacksfr01.html,2021,2020-12-28,DET,ATL,@,"L, 120-128",,,,,,,,,,,,,,,,,
Frank Jackson,https://www.basketball-reference.com/players/j/jacksfr01.html,2021,2020-12-29,DET,GSW,,"L, 106-116",,,,,,,,,,,,,,,,,
Frank Jackson,https://www.basketball-reference.com/players/j/jacksfr01.html,2021,,,,,,,,,,,,,,,,,,,,,,
Frank Jackson,https://www.basketball-reference.com/players/j/jacksfr01.html,2021,2021-01-01,DET,BOS,,"W, 96-93",,,,,,,,,,,,,,,,,
Frank Jackson,https://www.basketball-reference.com/players/j/jacksfr01.html,2021,2021-01-03,DET,BOS,,"L, 120-122",,,,,,,,,,,,,,,,,
Frank Jackson,https://www.basketball-reference.com/players/j/jacksfr01.html,2021,2021-01-04,DET,MIL,@,"L, 115-125",,,,,,,,,,,,,,,,,
Frank Jackson,https://www.basketball-reference.com/players/j/jacksfr01.html,2021,2021-01-06,DET,MIL,@,"L, 115-130",,,,,,,,,,,,,,,,,
Frank Jackson,https://www.basketball-reference.com/players/j/jacksfr01.html,2021,2021-01-08,DET,PHO,,"W, 110-105 (OT)",,09:59,1,4,1,3,0,0,0,0,0,1,1,0,1,1,3
Frank Jackson,https://www.basketball-reference.com/players/j/jacksfr01.html,2021,2021-01-10,DET,UTA,,"L, 86-96",,11:51,1,5,1,4,0,0,0,4,4,3,0,0,1,0,3
Frank Jackson,https://www.basketball-reference.com/players/j/jacksfr01.html,2021,2021-01-13,DET,MIL,,"L, 101-110",,02:30,0,1,0,1,0,0,0,0,0,1,0,0,1,2,0
Frank Jackson,https://www.basketball-reference.com/players/j/jacksfr01.html,2021,2021-01-16,DET,MIA,@,"W, 120-100",,,,,,,,,,,,,,,,,
Frank Jackson,https://www.basketball-reference.com/players/j/jacksfr01.html,2021,2021-01-18,DET,MIA,@,"L, 107-113",,,,,,,,,,,,,,,,,
Frank Jackson,https://www.basketball-reference.com/players/j/jacksfr01.html,2021,2021-01-20,DET,ATL,@,"L, 115-123 (OT)",,,,,,,,,,,,,,,,,
Frank Jackson,https://www.basketball-reference.com/players/j/jacksfr01.html,2021,2021-01-22,DET,HOU,,"L, 102-103",,,,,,,,,,,,,,,,,
Frank Jackson,https://www.basketball-reference.com/players/j/jacksfr01.html,2021,2021-01-23,DET,PHI,,"L, 110-114",,,,,,,,,,,,,,,,,
Frank Jackson,https://www.basketball-reference.com/players/j/jacksfr01.html,2021,2021-01-25,DET,PHI,,"W, 119-104",,,,,,,,,,,,,,,,,
Frank Jackson,https://www.basketball-reference.com/players/j/jacksfr01.html,2021,2021-01-27,DET,CLE,@,"L, 107-122",,01:54,1,2,1,1,0,0,0,0,0,1,0,0,0,1,3
Frank Jackson,https://www.basketball-reference.com/players/j/jacksfr01.html,2021,2021-01-28,DET,LAL,,"W, 107-92",,00:55,0,0,0,0,0,0,0,0,0,0,0,0,0,0,0
Frank Jackson,https://www.basketball-reference.com/players/j/jacksfr01.html,2021,2021-01-30,DET,GSW,@,"L, 91-118",,07:33,1,2,0,0,0,0,0,0,0,1,0,0,1,0,2
Frank Jackson,https://www.basketball-reference.com/players/j/jacksfr01.html,2021,2021-02-02,DET,UTA,@,"L, 105-117",,,,,,,,,,,,,,,,,
Frank Jackson,https://www.basketball-reference.com/players/j/jacksfr01.html,2021,2021-02-05,DET,PHO,@,"L, 92-109",,03:49,0,2,0,1,0,0,0,1,1,1,0,0,0,0,0
Frank Jackson,https://www.basketball-reference.com/players/j/jacksfr01.html,2021,2021-02-06,DET,LAL,@,"L, 129-135 (2OT)",,,,,,,,,,,,,,,,,
Frank Jackson,https://www.basketball-reference.com/players/j/jacksfr01.html,2021,2021-02-09,DET,BRK,,"W, 122-111",,,,,,,,,,,,,,,,,
Frank Jackson,https://www.basketball-reference.com/players/j/jacksfr01.html,2021,2021-02-11,DET,IND,,"L, 95-111",,,,,,,,,,,,,,,,,
Frank Jackson,https://www.basketball-reference.com/players/j/jacksfr01.html,2021,2021-02-12,DET,BOS,@,"W, 108-102",,,,,,,,,,,,,,,,,
Frank Jackson,https://www.basketball-reference.com/players/j/jacksfr01.html,2021,2021-02-14,DET,NOP,,"W, 123-112",,,,,,,,,,,,,,,,,
Frank Jackson,https://www.basketball-reference.com/players/j/jacksfr01.html,2021,2021-02-17,DET,CHI,@,"L, 102-105",,,,,,,,,,,,,,,,,
Frank Jackson,https://www.basketball-reference.com/players/j/jacksfr01.html,2021,2021-02-19,DET,MEM,@,"L, 95-109",,,,,,,,,,,,,,,,,
Frank Jackson,https://www.basketball-reference.com/players/j/jacksfr01.html,2021,2021-02-21,DET,ORL,@,"L, 96-105",,,,,,,,,,,,,,,,,
Frank Jackson,https://www.basketball-reference.com/players/j/jacksfr01.html,2021,2021-02-23,DET,ORL,@,"W, 105-93",,12:13,1,5,1,3,0,0,0,2,2,2,0,0,0,1,3
Frank Jackson,https://www.basketball-reference.com/players/j/jacksfr01.html,2021,2021-02-24,DET,NOP,@,"L, 118-128",,03:22,1,1,0,0,0,0,0,1,1,0,0,0,0,0,2
Frank Jackson,https://www.basketball-reference.com/players/j/jacksfr01.html,2021,2021-02-26,DET,SAC,,"L, 107-110",,,,,,,,,,,,,,,,,
Frank Jackson,https://www.basketball-reference.com/players/j/jacksfr01.html,2021,2021-02-28,DET,NYK,,"L, 90-109",,,,,,,,,,,,,,,,,
Frank Jackson,https://www.basketball-reference.com/players/j/jacksfr01.html,2021,2021-03-03,DET,TOR,@,"W, 129-105",,,,,,,,,,,,,,,,,
Frank Jackson,https://www.basketball-reference.com/players/j/jacksfr01.html,2021,2021-03-04,DET,NYK,@,"L, 104-114",,,,,,,,,,,,,,,,,
Frank Jackson,https://www.basketball-reference.com/players/j/jacksfr01.html,2021,2021-03-11,DET,CHO,@,"L, 102-105",,,,,,,,,,,,,,,,,
Frank Jackson,https://www.basketball-reference.com/players/j/jacksfr01.html,2021,2021-03-13,DET,BRK,@,"L, 95-100",,,,,,,,,,,,,,,,,
Frank Jackson,https://www.basketball-reference.com/players/j/jacksfr01.html,2021,2021-03-15,DET,SAS,,"L, 99-109",,18:05,4,7,2,4,0,0,0,1,1,0,1,0,1,0,10
Frank Jackson,https://www.basketball-reference.com/players/j/jacksfr01.html,2021,2021-03-17,DET,TOR,,"W, 116-112",,31:06,3,7,0,3,1,1,2,0,2,0,1,0,2,4,7
Frank Jackson,https://www.basketball-reference.com/players/j/jacksfr01.html,2021,2021-03-19,DET,HOU,@,"W, 113-100",,25:38,7,10,5,5,4,5,0,2,2,1,1,0,1,0,23
Frank Jackson,https://www.basketball-reference.com/players/j/jacksfr01.html,2021,2021-03-21,DET,CHI,,"L, 86-100",,30:59,5,12,1,4,1,2,2,3,5,0,0,0,1,1,12
Frank Jackson,https://www.basketball-reference.com/players/j/jacksfr01.html,2021,2021-03-24,DET,IND,@,"L, 111-116",,13:27,0,2,0,1,0,0,0,0,0,0,0,0,1,3,0
Frank Jackson,https://www.basketball-reference.com/players/j/jacksfr01.html,2021,2021-03-26,DET,BRK,,"L, 111-113",,10:39,3,4,3,4,5,5,0,2,2,0,0,0,1,3,14
Frank Jackson,https://www.basketball-reference.com/players/j/jacksfr01.html,2021,2021-03-27,DET,WAS,@,"L, 92-106",,16:03,2,7,1,4,3,4,0,2,2,1,1,0,2,3,8
Frank Jackson,https://www.basketball-reference.com/players/j/jacksfr01.html,2021,2021-03-29,DET,TOR,,"W, 118-104",,17:16,4,8,2,4,2,2,1,2,3,0,0,0,2,0,12
Frank Jackson,https://www.basketball-reference.com/players/j/jacksfr01.html,2021,2021-03-31,DET,POR,,"L, 101-124",,23:19,3,11,2,6,0,0,1,4,5,1,0,0,1,1,8
Frank Jackson,https://www.basketball-reference.com/players/j/jacksfr01.html,2021,2021-04-01,DET,WAS,,"W, 120-91",,21:04,4,6,2,3,3,4,0,2,2,2,0,0,0,1,13
Frank Jackson,https://www.basketball-reference.com/players/j/jacksfr01.html,2021,2021-04-03,DET,NYK,,"L, 81-125",,14:38,2,5,1,3,0,0,1,0,1,0,0,0,1,1,5
Frank Jackson,https://www.basketball-reference.com/players/j/jacksfr01.html,2021,2021-04-05,DET,OKC,@,"W, 132-108",,17:38,4,7,2,3,0,0,1,1,2,0,0,0,0,1,10
Frank Jackson,https://www.basketball-reference.com/players/j/jacksfr01.html,2021,2021-04-06,DET,DEN,@,"L, 119-134",,16:05,4,8,2,6,1,1,0,1,1,0,0,0,1,0,11
Frank Jackson,https://www.basketball-reference.com/players/j/jacksfr01.html,2021,2021-04-08,DET,SAC,@,"W, 113-101",,13:59,1,3,1,2,2,2,0,0,0,0,1,0,1,0,5
Frank Jackson,https://www.basketball-reference.com/players/j/jacksfr01.html,2021,2021-04-10,DET,POR,@,"L, 103-118",,20:47,6,9,2,5,3,4,0,4,4,2,1,0,1,2,17
Frank Jackson,https://www.basketball-reference.com/players/j/jacksfr01.html,2021,2021-04-11,DET,LAC,@,"L, 124-131",,23:01,4,10,1,4,7,7,1,2,3,0,1,0,1,0,16
Frank Jackson,https://www.basketball-reference.com/players/j/jacksfr01.html,2021,2021-04-14,DET,LAC,,"L, 98-100",,18:06,0,5,0,4,0,0,0,1,1,0,0,0,0,0,0
Frank Jackson,https://www.basketball-reference.com/players/j/jacksfr01.html,2021,2021-04-16,DET,OKC,,"W, 110-104",,23:30,5,10,3,6,5,8,2,3,5,0,0,0,2,4,18
Frank Jackson,https://www.basketball-reference.com/players/j/jacksfr01.html,2021,2021-04-17,DET,WAS,@,"L, 100-121",,26:29,8,13,3,6,0,0,0,2,2,1,0,0,0,3,19
Frank Jackson,https://www.basketball-reference.com/players/j/jacksfr01.html,2021,2021-04-19,DET,CLE,,"W, 109-105",,27:55,7,14,3,8,3,5,0,4,4,2,0,1,0,3,20
Frank Jackson,https://www.basketball-reference.com/players/j/jacksfr01.html,2021,2021-04-21,DET,DAL,@,"L, 117-127",,17:38,1,3,1,3,0,0,0,2,2,1,0,0,0,0,3
Frank Jackson,https://www.basketball-reference.com/players/j/jacksfr01.html,2021,2021-04-22,DET,SAS,@,"L, 91-106",,32:31,6,12,2,6,0,0,0,3,3,1,0,0,4,3,14
Frank Jackson,https://www.basketball-reference.com/players/j/jacksfr01.html,2021,2021-04-24,DET,IND,@,"L, 109-115",,14:19,3,6,2,4,1,2,1,2,3,0,0,0,0,2,9
Frank Jackson,https://www.basketball-reference.com/players/j/jacksfr01.html,2021,2021-04-26,DET,ATL,,"W, 100-86",,25:22,7,12,3,5,1,1,0,3,3,1,0,0,1,1,18
Frank Jackson,https://www.basketball-reference.com/players/j/jacksfr01.html,2021,2021-04-29,DET,DAL,,"L, 105-115",,26:55,7,13,1,5,5,5,0,3,3,1,0,0,2,2,20
Frank Jackson,https://www.basketball-reference.com/players/j/jacksfr01.html,2021,2021-05-01,DET,CHO,@,"L, 94-107",,34:05,8,19,6,11,3,5,2,5,7,3,1,0,2,2,25
Frank Jackson,https://www.basketball-reference.com/players/j/jacksfr01.html,2021,2021-05-03,DET,ORL,,"L, 112-119",,35:09,7,15,3,7,2,2,0,2,2,2,1,0,0,2,19
Frank Jackson,https://www.basketball-reference.com/players/j/jacksfr01.html,2021,2021-05-04,DET,CHO,,"L, 99-102",,28:41,5,14,0,4,4,4,0,3,3,4,1,0,0,1,14
Frank Jackson,https://www.basketball-reference.com/players/j/jacksfr01.html,2021,2021-05-06,DET,MEM,,"W, 111-97",,31:37,3,6,1,1,4,5,0,2,2,2,2,0,0,4,11
Frank Jackson,https://www.basketball-reference.com/players/j/jacksfr01.html,2021,2021-05-08,DET,PHI,@,"L, 104-118",,19:50,4,9,2,5,1,1,1,2,3,1,2,0,1,1,11
Frank Jackson,https://www.basketball-reference.com/players/j/jacksfr01.html,2021,2021-05-09,DET,CHI,,"L, 96-108",,08:16,1,4,0,1,0,0,0,0,0,0,0,0,1,0,2
Frank Jackson,https://www.basketball-reference.com/players/j/jacksfr01.html,2021,2021-05-11,DET,MIN,,"L, 100-119",,,,,,,,,,,,,,,,,
Frank Jackson,https://www.basketball-reference.com/players/j/jacksfr01.html,2021,2021-05-14,DET,DEN,,"L, 91-104",,,,,,,,,,,,,,,,,
Frank Jackson,https://www.basketball-reference.com/players/j/jacksfr01.html,2021,2021-05-16,DET,MIA,,"L, 107-120",,,,,,,,,,,,,,,,,
Saben Lee,https://www.basketball-reference.com/players/l/leesa01.html,2021,2020-12-23,DET,MIN,@,"L, 101-111",,,,,,,,,,,,,,,,,
Saben Lee,https://www.basketball-reference.com/players/l/leesa01.html,2021,2020-12-26,DET,CLE,,"L, 119-128 (2OT)",,,,,,,,,,,,,,,,,
Saben Lee,https://www.basketball-reference.com/players/l/leesa01.html,2021,2020-12-28,DET,ATL,@,"L, 120-128",,,,,,,,,,,,,,,,,
Saben Lee,https://www.basketball-reference.com/players/l/leesa01.html,2021,2020-12-29,DET,GSW,,"L, 106-116",,,,,,,,,,,,,,,,,
Saben Lee,https://www.basketball-reference.com/players/l/leesa01.html,2021,,,,,,,,,,,,,,,,,,,,,,
Saben Lee,https://www.basketball-reference.com/players/l/leesa01.html,2021,2021-01-01,DET,BOS,,"W, 96-93",,,,,,,,,,,,,,,,,
Saben Lee,https://www.basketball-reference.com/players/l/leesa01.html,2021,2021-01-03,DET,BOS,,"L, 120-122",,,,,,,,,,,,,,,,,
Saben Lee,https://www.basketball-reference.com/players/l/leesa01.html,2021,2021-01-04,DET,MIL,@,"L, 115-125",,,,,,,,,,,,,,,,,
Saben Lee,https://www.basketball-reference.com/players/l/leesa01.html,2021,2021-01-06,DET,MIL,@,"L, 115-130",,11:57,1,5,0,1,2,4,1,0,1,1,2,0,3,1,4
Saben Lee,https://www.basketball-reference.com/players/l/leesa01.html,2021,2021-01-08,DET,PHO,,"W, 110-105 (OT)",,,,,,,,,,,,,,,,,
Saben Lee,https://www.basketball-reference.com/players/l/leesa01.html,2021,2021-01-10,DET,UTA,,"L, 86-96",,,,,,,,,,,,,,,,,
Saben Lee,https://www.basketball-reference.com/players/l/leesa01.html,2021,2021-01-13,DET,MIL,,"L, 101-110",,13:06,2,4,0,0,0,0,0,0,0,0,1,0,0,1,4
Saben Lee,https://www.basketball-reference.com/players/l/leesa01.html,2021,2021-01-16,DET,MIA,@,"W, 120-100",,01:04,0,0,0,0,0,0,0,0,0,0,0,0,0,0,0
Saben Lee,https://www.basketball-reference.com/players/l/leesa01.html,2021,2021-01-18,DET,MIA,@,"L, 107-113",,,,,,,,,,,,,,,,,
Saben Lee,https://www.basketball-reference.com/players/l/leesa01.html,2021,2021-01-20,DET,ATL,@,"L, 115-123 (OT)",,,,,,,,,,,,,,,,,
Saben Lee,https://www.basketball-reference.com/players/l/leesa01.html,2021,2021-01-22,DET,HOU,,"L, 102-103",,,,,,,,,,,,,,,,,
Saben Lee,https://www.basketball-reference.com/players/l/leesa01.html,2021,2021-01-23,DET,PHI,,"L, 110-114",,12:19,1,1,0,0,0,0,0,1,1,4,1,0,0,1,2
Saben Lee,https://www.basketball-reference.com/players/l/leesa01.html,2021,2021-01-25,DET,PHI,,"W, 119-104",,12:00,0,1,0,0,4,4,0,1,1,1,0,0,2,3,4
Saben Lee,https://www.basketball-reference.com/players/l/leesa01.html,2021,2021-01-27,DET,CLE,@,"L, 107-122",,,,,,,,,,,,,,,,,
Saben Lee,https://www.basketball-reference.com/players/l/leesa01.html,2021,2021-01-28,DET,LAL,,"W, 107-92",,,,,,,,,,,,,,,,,
Saben Lee,https://www.basketball-reference.com/players/l/leesa01.html,2021,2021-01-30,DET,GSW,@,"L, 91-118",,,,,,,,,,,,,,,,,
Saben Lee,https://www.basketball-reference.com/players/l/leesa01.html,2021,2021-02-02,DET,UTA,@,"L, 105-117",,,,,,,,,,,,,,,,,
Saben Lee,https://www.basketball-reference.com/players/l/leesa01.html,2021,2021-02-05,DET,PHO,@,"L, 92-109",,08:34,0,1,0,0,0,0,0,0,0,0,0,1,0,1,0
Saben Lee,https://www.basketball-reference.com/players/l/leesa01.html,2021,2021-02-06,DET,LAL,@,"L, 129-135 (2OT)",,05:52,1,2,0,0,2,2,0,0,0,1,0,0,0,2,4
Saben Lee,https://www.basketball-reference.com/players/l/leesa01.html,2021,2021-02-09,DET,BRK,,"W, 122-111",,04:41,0,0,0,0,0,0,0,0,0,1,0,0,0,0,0
Saben Lee,https://www.basketball-reference.com/players/l/leesa01.html,2021,2021-02-11,DET,IND,,"L, 95-111",,,,,,,,,,,,,,,,,
Saben Lee,https://www.basketball-reference.com/players/l/leesa01.html,2021,2021-02-12,DET,BOS,@,"W, 108-102",,,,,,,,,,,,,,,,,
Saben Lee,https://www.basketball-reference.com/players/l/leesa01.html,2021,2021-02-14,DET,NOP,,"W, 123-112",,,,,,,,,,,,,,,,,
Saben Lee,https://www.basketball-reference.com/players/l/leesa01.html,2021,2021-02-17,DET,CHI,@,"L, 102-105",,,,,,,,,,,,,,,,,
Saben Lee,https://www.basketball-reference.com/players/l/leesa01.html,2021,2021-02-19,DET,MEM,@,"L, 95-109",,,,,,,,,,,,,,,,,
Saben Lee,https://www.basketball-reference.com/players/l/leesa01.html,2021,2021-02-21,DET,ORL,@,"L, 96-105",,32:35,4,7,0,1,4,7,0,4,4,5,3,0,1,4,12
Saben Lee,https://www.basketball-reference.com/players/l/leesa01.html,2021,2021-02-23,DET,ORL,@,"W, 105-93",,28:43,8,11,3,3,2,5,1,2,3,4,2,0,3,4,21
Saben Lee,https://www.basketball-reference.com/players/l/leesa01.html,2021,2021-02-24,DET,NOP,@,"L, 118-128",,21:54,5,8,1,1,2,2,1,1,2,4,2,1,0,0,13
Saben Lee,https://www.basketball-reference.com/players/l/leesa01.html,2021,2021-02-26,DET,SAC,,"L, 107-110",,21:26,4,9,0,0,0,2,1,3,4,0,0,1,2,3,8
Saben Lee,https://www.basketball-reference.com/players/l/leesa01.html,2021,2021-02-28,DET,NYK,,"L, 90-109",,21:06,3,5,0,0,3,4,0,0,0,4,0,0,0,2,9
Saben Lee,https://www.basketball-reference.com/players/l/leesa01.html,2021,2021-03-03,DET,TOR,@,"W, 129-105",,20:51,8,11,0,0,4,5,2,2,4,7,0,1,2,3,20
Saben Lee,https://www.basketball-reference.com/players/l/leesa01.html,2021,2021-03-04,DET,NYK,@,"L, 104-114",,21:38,1,5,0,0,3,4,0,3,3,3,0,1,1,0,5
Saben Lee,https://www.basketball-reference.com/players/l/leesa01.html,2021,2021-03-11,DET,CHO,@,"L, 102-105",,04:13,0,0,0,0,0,0,0,1,1,1,1,0,0,1,0
Saben Lee,https://www.basketball-reference.com/players/l/leesa01.html,2021,2021-03-13,DET,BRK,@,"L, 95-100",,16:37,0,3,0,0,0,0,1,4,5,5,0,0,1,2,0
Saben Lee,https://www.basketball-reference.com/players/l/leesa01.html,2021,2021-03-15,DET,SAS,,"L, 99-109",,20:26,4,8,0,1,0,2,1,2,3,6,0,0,1,1,8
Saben Lee,https://www.basketball-reference.com/players/l/leesa01.html,2021,2021-03-17,DET,TOR,,"W, 116-112",,10:23,0,1,0,0,2,2,0,0,0,2,0,0,2,3,2
Saben Lee,https://www.basketball-reference.com/players/l/leesa01.html,2021,2021-03-19,DET,HOU,@,"W, 113-100",,12:13,0,0,0,0,2,2,0,1,1,4,0,0,0,1,2
Saben Lee,https://www.basketball-reference.com/players/l/leesa01.html,2021,2021-03-21,DET,CHI,,"L, 86-100",,07:18,1,2,0,0,1,2,0,0,0,2,1,0,0,0,3
Saben Lee,https://www.basketball-reference.com/players/l/leesa01.html,2021,2021-03-24,DET,IND,@,"L, 111-116",,07:25,0,1,0,0,0,0,0,0,0,4,0,0,0,2,0
Saben Lee,https://www.basketball-reference.com/players/l/leesa01.html,2021,2021-03-26,DET,BRK,,"L, 111-113",,15:30,1,5,0,2,6,10,1,0,1,3,0,0,0,2,8
Saben Lee,https://www.basketball-reference.com/players/l/leesa01.html,2021,2021-03-27,DET,WAS,@,"L, 92-106",,24:28,3,7,0,0,0,0,1,4,5,5,2,1,1,0,6
Saben Lee,https://www.basketball-reference.com/players/l/leesa01.html,2021,2021-03-29,DET,TOR,,"W, 118-104",,26:05,7,12,2,2,3,5,1,2,3,5,1,1,3,3,19
Saben Lee,https://www.basketball-reference.com/players/l/leesa01.html,2021,2021-03-31,DET,POR,,"L, 101-124",,19:54,1,4,0,0,0,0,1,1,2,6,0,1,2,1,2
Saben Lee,https://www.basketball-reference.com/players/l/leesa01.html,2021,2021-04-01,DET,WAS,,"W, 120-91",,23:30,3,7,0,1,2,2,1,6,7,3,1,0,1,1,8
Saben Lee,https://www.basketball-reference.com/players/l/leesa01.html,2021,2021-04-03,DET,NYK,,"L, 81-125",,12:31,1,3,1,1,0,0,0,1,1,3,0,0,2,1,3
Saben Lee,https://www.basketball-reference.com/players/l/leesa01.html,2021,2021-04-05,DET,OKC,@,"W, 132-108",,16:25,3,5,0,0,2,2,0,4,4,6,1,0,2,2,8
Saben Lee,https://www.basketball-reference.com/players/l/leesa01.html,2021,2021-04-06,DET,DEN,@,"L, 119-134",,15:19,0,1,0,1,0,0,0,2,2,7,0,0,1,2,0
Saben Lee,https://www.basketball-reference.com/players/l/leesa01.html,2021,2021-04-08,DET,SAC,@,"W, 113-101",,,,,,,,,,,,,,,,,
Saben Lee,https://www.basketball-reference.com/players/l/leesa01.html,2021,2021-04-10,DET,POR,@,"L, 103-118",,05:46,1,2,0,0,2,4,1,1,2,3,0,0,0,2,4
Saben Lee,https://www.basketball-reference.com/players/l/leesa01.html,2021,2021-04-11,DET,LAC,@,"L, 124-131",,16:23,2,5,0,0,0,0,1,1,2,6,2,0,2,1,4
Saben Lee,https://www.basketball-reference.com/players/l/leesa01.html,2021,2021-04-14,DET,LAC,,"L, 98-100",,,,,,,,,,,,,,,,,
Saben Lee,https://www.basketball-reference.com/players/l/leesa01.html,2021,2021-04-16,DET,OKC,,"W, 110-104",,21:15,0,3,0,2,2,2,1,1,2,4,3,1,2,0,2
Saben Lee,https://www.basketball-reference.com/players/l/leesa01.html,2021,2021-04-17,DET,WAS,@,"L, 100-121",,15:08,2,4,0,0,0,0,0,3,3,4,2,0,0,3,4
Saben Lee,https://www.basketball-reference.com/players/l/leesa01.html,2021,2021-04-19,DET,CLE,,"W, 109-105",,14:34,1,2,0,0,0,0,0,5,5,6,0,0,3,0,2
Saben Lee,https://www.basketball-reference.com/players/l/leesa01.html,2021,2021-04-21,DET,DAL,@,"L, 117-127",,12:00,2,3,0,0,2,2,0,2,2,1,0,0,2,2,6
Saben Lee,https://www.basketball-reference.com/players/l/leesa01.html,2021,2021-04-22,DET,SAS,@,"L, 91-106",,17:22,1,5,0,0,0,0,0,4,4,3,0,1,1,4,2
Saben Lee,https://www.basketball-reference.com/players/l/leesa01.html,2021,2021-04-24,DET,IND,@,"L, 109-115",,,,,,,,,,,,,,,,,
Saben Lee,https://www.basketball-reference.com/players/l/leesa01.html,2021,2021-04-26,DET,ATL,,"W, 100-86",,02:41,0,0,0,0,0,0,0,0,0,0,1,0,0,0,0
Saben Lee,https://www.basketball-reference.com/players/l/leesa01.html,2021,2021-04-29,DET,DAL,,"L, 105-115",,18:01,1,5,0,0,0,0,0,1,1,4,0,0,1,3,2
Saben Lee,https://www.basketball-reference.com/players/l/leesa01.html,2021,2021-05-01,DET,CHO,@,"L, 94-107",,16:13,1,4,0,0,0,0,0,1,1,7,0,0,0,1,2
Saben Lee,https://www.basketball-reference.com/players/l/leesa01.html,2021,2021-05-03,DET,ORL,,"L, 112-119",,20:18,4,8,1,4,0,0,0,1,1,7,1,0,1,2,9
Saben Lee,https://www.basketball-reference.com/players/l/leesa01.html,2021,2021-05-04,DET,CHO,,"L, 99-102",,19:02,2,6,0,0,0,3,0,3,3,5,0,0,2,2,4
Saben Lee,https://www.basketball-reference.com/players/l/leesa01.html,2021,2021-05-06,DET,MEM,,"W, 111-97",,13:10,2,3,0,1,0,0,1,2,3,4,0,1,3,2,4
Saben Lee,https://www.basketball-reference.com/players/l/leesa01.html,2021,2021-05-08,DET,PHI,@,"L, 104-118",,10:57,1,3,0,0,0,0,1,0,1,2,0,0,1,0,2
Saben Lee,https://www.basketball-reference.com/players/l/leesa01.html,2021,2021-05-09,DET,CHI,,"L, 96-108",,32:12,5,10,0,1,3,4,1,0,1,7,2,0,1,4,13
Saben Lee,https://www.basketball-reference.com/players/l/leesa01.html,2021,2021-05-11,DET,MIN,,"L, 100-119",,28:46,7,9,0,0,8,8,1,3,4,5,2,1,3,1,22
Saben Lee,https://www.basketball-reference.com/players/l/leesa01.html,2021,2021-05-14,DET,DEN,,"L, 91-104",,19:02,0,1,0,0,0,0,0,2,2,2,1,0,1,1,0
Saben Lee,https://www.basketball-reference.com/players/l/leesa01.html,2021,2021-05-16,DET,MIA,,"L, 107-120",,27:42,5,8,0,1,0,0,0,2,2,7,0,1,2,1,10
Jahlil Okafor,https://www.basketball-reference.com/players/o/okafoja01.html,2021,2020-12-23,DET,MIN,@,"L, 101-111",,15:18,4,7,0,0,0,0,4,3,7,1,0,0,2,4,8
Jahlil Okafor,https://www.basketball-reference.com/players/o/okafoja01.html,2021,2020-12-26,DET,CLE,,"L, 119-128 (2OT)",,18:27,3,4,0,0,0,0,1,3,4,0,0,0,0,3,6
Jahlil Okafor,https://www.basketball-reference.com/players/o/okafoja01.html,2021,2020-12-28,DET,ATL,@,"L, 120-128",,,,,,,,,,,,,,,,,
Jahlil Okafor,https://www.basketball-reference.com/players/o/okafoja01.html,2021,2020-12-29,DET,GSW,,"L, 106-116",,,,,,,,,,,,,,,,,
Jahlil Okafor,https://www.basketball-reference.com/players/o/okafoja01.html,2021,,,,,,,,,,,,,,,,,,,,,,
Jahlil Okafor,https://www.basketball-reference.com/players/o/okafoja01.html,2021,2021-01-01,DET,BOS,,"W, 96-93",,,,,,,,,,,,,,,,,
Jahlil Okafor,https://www.basketball-reference.com/players/o/okafoja01.html,2021,2021-01-03,DET,BOS,,"L, 120-122",,08:17,3,3,0,0,0,0,2,0,2,1,0,1,0,0,6
Jahlil Okafor,https://www.basketball-reference.com/players/o/okafoja01.html,2021,2021-01-04,DET,MIL,@,"L, 115-125",,03:56,1,2,0,0,0,0,1,0,1,0,0,0,0,1,2
Jahlil Okafor,https://www.basketball-reference.com/players/o/okafoja01.html,2021,2021-01-06,DET,MIL,@,"L, 115-130",,11:07,3,5,0,0,0,0,2,1,3,0,0,0,0,0,6
Jahlil Okafor,https://www.basketball-reference.com/players/o/okafoja01.html,2021,2021-01-08,DET,PHO,,"W, 110-105 (OT)",,10:13,2,4,0,0,0,0,1,1,2,0,2,0,0,0,4
Jahlil Okafor,https://www.basketball-reference.com/players/o/okafoja01.html,2021,2021-01-10,DET,UTA,,"L, 86-96",,07:51,3,3,0,0,0,0,0,1,1,0,0,0,2,0,6
Jahlil Okafor,https://www.basketball-reference.com/players/o/okafoja01.html,2021,2021-01-13,DET,MIL,,"L, 101-110",,09:04,0,0,0,0,0,0,0,3,3,0,0,0,0,0,0
Jahlil Okafor,https://www.basketball-reference.com/players/o/okafoja01.html,2021,2021-01-16,DET,MIA,@,"W, 120-100",,,,,,,,,,,,,,,,,
Jahlil Okafor,https://www.basketball-reference.com/players/o/okafoja01.html,2021,2021-01-18,DET,MIA,@,"L, 107-113",,,,,,,,,,,,,,,,,
Jahlil Okafor,https://www.basketball-reference.com/players/o/okafoja01.html,2021,2021-01-20,DET,ATL,@,"L, 115-123 (OT)",,09:12,1,3,0,0,0,0,0,0,0,0,0,0,0,0,2
Jahlil Okafor,https://www.basketball-reference.com/players/o/okafoja01.html,2021,2021-01-22,DET,HOU,,"L, 102-103",,,,,,,,,,,,,,,,,
Jahlil Okafor,https://www.basketball-reference.com/players/o/okafoja01.html,2021,2021-01-23,DET,PHI,,"L, 110-114",,09:10,3,6,0,2,0,0,0,0,0,1,0,0,0,2,6
Jahlil Okafor,https://www.basketball-reference.com/players/o/okafoja01.html,2021,2021-01-25,DET,PHI,,"W, 119-104",,,,,,,,,,,,,,,,,
Jahlil Okafor,https://www.basketball-reference.com/players/o/okafoja01.html,2021,2021-01-27,DET,CLE,@,"L, 107-122",,05:02,1,2,0,0,1,2,1,0,1,0,0,1,0,0,3
Jahlil Okafor,https://www.basketball-reference.com/players/o/okafoja01.html,2021,2021-01-28,DET,LAL,,"W, 107-92",,,,,,,,,,,,,,,,,
Jahlil Okafor,https://www.basketball-reference.com/players/o/okafoja01.html,2021,2021-01-30,DET,GSW,@,"L, 91-118",,12:00,1,3,0,1,0,0,1,2,3,0,0,0,0,0,2
Jahlil Okafor,https://www.basketball-reference.com/players/o/okafoja01.html,2021,2021-02-02,DET,UTA,@,"L, 105-117",,,,,,,,,,,,,,,,,
Jahlil Okafor,https://www.basketball-reference.com/players/o/okafoja01.html,2021,2021-02-05,DET,PHO,@,"L, 92-109",,,,,,,,,,,,,,,,,
Jahlil Okafor,https://www.basketball-reference.com/players/o/okafoja01.html,2021,2021-02-06,DET,LAL,@,"L, 129-135 (2OT)",,,,,,,,,,,,,,,,,
Jahlil Okafor,https://www.basketball-reference.com/players/o/okafoja01.html,2021,2021-02-09,DET,BRK,,"W, 122-111",,,,,,,,,,,,,,,,,
Jahlil Okafor,https://www.basketball-reference.com/players/o/okafoja01.html,2021,2021-02-11,DET,IND,,"L, 95-111",,,,,,,,,,,,,,,,,
Jahlil Okafor,https://www.basketball-reference.com/players/o/okafoja01.html,2021,2021-02-12,DET,BOS,@,"W, 108-102",,,,,,,,,,,,,,,,,
Jahlil Okafor,https://www.basketball-reference.com/players/o/okafoja01.html,2021,2021-02-14,DET,NOP,,"W, 123-112",,,,,,,,,,,,,,,,,
Jahlil Okafor,https://www.basketball-reference.com/players/o/okafoja01.html,2021,2021-02-17,DET,CHI,@,"L, 102-105",,,,,,,,,,,,,,,,,
Jahlil Okafor,https://www.basketball-reference.com/players/o/okafoja01.html,2021,2021-02-19,DET,MEM,@,"L, 95-109",,,,,,,,,,,,,,,,,
Jahlil Okafor,https://www.basketball-reference.com/players/o/okafoja01.html,2021,2021-02-21,DET,ORL,@,"L, 96-105",,,,,,,,,,,,,,,,,
Jahlil Okafor,https://www.basketball-reference.com/players/o/okafoja01.html,2021,2021-02-23,DET,ORL,@,"W, 105-93",,,,,,,,,,,,,,,,,
Jahlil Okafor,https://www.basketball-reference.com/players/o/okafoja01.html,2021,2021-02-24,DET,NOP,@,"L, 118-128",,,,,,,,,,,,,,,,,
Jahlil Okafor,https://www.basketball-reference.com/players/o/okafoja01.html,2021,2021-02-26,DET,SAC,,"L, 107-110",,,,,,,,,,,,,,,,,
Jahlil Okafor,https://www.basketball-reference.com/players/o/okafoja01.html,2021,2021-02-28,DET,NYK,,"L, 90-109",,,,,,,,,,,,,,,,,
Jahlil Okafor,https://www.basketball-reference.com/players/o/okafoja01.html,2021,2021-03-03,DET,TOR,@,"W, 129-105",,,,,,,,,,,,,,,,,
Jahlil Okafor,https://www.basketball-reference.com/players/o/okafoja01.html,2021,2021-03-04,DET,NYK,@,"L, 104-114",,,,,,,,,,,,,,,,,
Jahlil Okafor,https://www.basketball-reference.com/players/o/okafoja01.html,2021,2021-03-11,DET,CHO,@,"L, 102-105",,,,,,,,,,,,,,,,,
Jahlil Okafor,https://www.basketball-reference.com/players/o/okafoja01.html,2021,2021-03-13,DET,BRK,@,"L, 95-100",,,,,,,,,,,,,,,,,
Jahlil Okafor,https://www.basketball-reference.com/players/o/okafoja01.html,2021,2021-03-15,DET,SAS,,"L, 99-109",,,,,,,,,,,,,,,,,
Jahlil Okafor,https://www.basketball-reference.com/players/o/okafoja01.html,2021,2021-03-17,DET,TOR,,"W, 116-112",,,,,,,,,,,,,,,,,
Jahlil Okafor,https://www.basketball-reference.com/players/o/okafoja01.html,2021,2021-03-19,DET,HOU,@,"W, 113-100",,,,,,,,,,,,,,,,,
Jahlil Okafor,https://www.basketball-reference.com/players/o/okafoja01.html,2021,2021-03-21,DET,CHI,,"L, 86-100",,,,,,,,,,,,,,,,,
Jahlil Okafor,https://www.basketball-reference.com/players/o/okafoja01.html,2021,2021-03-24,DET,IND,@,"L, 111-116",,,,,,,,,,,,,,,,,
Jahlil Okafor,https://www.basketball-reference.com/players/o/okafoja01.html,2021,2021-03-26,DET,BRK,,"L, 111-113",,,,,,,,,,,,,,,,,
Jahlil Okafor,https://www.basketball-reference.com/players/o/okafoja01.html,2021,2021-03-27,DET,WAS,@,"L, 92-106",,,,,,,,,,,,,,,,,
Jahlil Okafor,https://www.basketball-reference.com/players/o/okafoja01.html,2021,2021-03-29,DET,TOR,,"W, 118-104",,,,,,,,,,,,,,,,,
Jahlil Okafor,https://www.basketball-reference.com/players/o/okafoja01.html,2021,2021-03-31,DET,POR,,"L, 101-124",,,,,,,,,,,,,,,,,
Jahlil Okafor,https://www.basketball-reference.com/players/o/okafoja01.html,2021,2021-04-01,DET,WAS,,"W, 120-91",,,,,,,,,,,,,,,,,
Jahlil Okafor,https://www.basketball-reference.com/players/o/okafoja01.html,2021,2021-04-03,DET,NYK,,"L, 81-125",,,,,,,,,,,,,,,,,
Jahlil Okafor,https://www.basketball-reference.com/players/o/okafoja01.html,2021,2021-04-05,DET,OKC,@,"W, 132-108",,,,,,,,,,,,,,,,,
Jahlil Okafor,https://www.basketball-reference.com/players/o/okafoja01.html,2021,2021-04-06,DET,DEN,@,"L, 119-134",,,,,,,,,,,,,,,,,
Jahlil Okafor,https://www.basketball-reference.com/players/o/okafoja01.html,2021,2021-04-08,DET,SAC,@,"W, 113-101",,15:11,3,6,1,1,4,4,0,3,3,3,0,0,1,3,11
Jahlil Okafor,https://www.basketball-reference.com/players/o/okafoja01.html,2021,2021-04-10,DET,POR,@,"L, 103-118",,09:18,2,2,0,0,2,2,0,2,2,1,0,0,0,2,6
Jahlil Okafor,https://www.basketball-reference.com/players/o/okafoja01.html,2021,2021-04-11,DET,LAC,@,"L, 124-131",,,,,,,,,,,,,,,,,
Jahlil Okafor,https://www.basketball-reference.com/players/o/okafoja01.html,2021,2021-04-14,DET,LAC,,"L, 98-100",,05:25,1,1,0,0,0,0,0,2,2,0,0,0,1,0,2
Jahlil Okafor,https://www.basketball-reference.com/players/o/okafoja01.html,2021,2021-04-16,DET,OKC,,"W, 110-104",,16:17,1,3,1,2,0,0,0,0,0,2,1,1,0,2,3
Jahlil Okafor,https://www.basketball-reference.com/players/o/okafoja01.html,2021,2021-04-17,DET,WAS,@,"L, 100-121",,07:17,0,1,0,0,0,0,0,0,0,1,0,0,2,0,0
Jahlil Okafor,https://www.basketball-reference.com/players/o/okafoja01.html,2021,2021-04-19,DET,CLE,,"W, 109-105",,16:30,2,3,0,0,0,0,0,1,1,1,0,0,2,3,4
Jahlil Okafor,https://www.basketball-reference.com/players/o/okafoja01.html,2021,2021-04-21,DET,DAL,@,"L, 117-127",,,,,,,,,,,,,,,,,
Jahlil Okafor,https://www.basketball-reference.com/players/o/okafoja01.html,2021,2021-04-22,DET,SAS,@,"L, 91-106",,19:58,3,4,0,0,1,2,0,4,4,0,0,0,0,2,7
Jahlil Okafor,https://www.basketball-reference.com/players/o/okafoja01.html,2021,2021-04-24,DET,IND,@,"L, 109-115",,,,,,,,,,,,,,,,,
Jahlil Okafor,https://www.basketball-reference.com/players/o/okafoja01.html,2021,2021-04-26,DET,ATL,,"W, 100-86",,,,,,,,,,,,,,,,,
Jahlil Okafor,https://www.basketball-reference.com/players/o/okafoja01.html,2021,2021-04-29,DET,DAL,,"L, 105-115",,18:45,2,2,0,0,0,2,0,2,2,1,1,1,2,2,4
Jahlil Okafor,https://www.basketball-reference.com/players/o/okafoja01.html,2021,2021-05-01,DET,CHO,@,"L, 94-107",,,,,,,,,,,,,,,,,
Jahlil Okafor,https://www.basketball-reference.com/players/o/okafoja01.html,2021,2021-05-03,DET,ORL,,"L, 112-119",,,,,,,,,,,,,,,,,
Jahlil Okafor,https://www.basketball-reference.com/players/o/okafoja01.html,2021,2021-05-04,DET,CHO,,"L, 99-102",,21:39,5,5,0,0,2,2,2,2,4,0,0,0,1,2,12
Jahlil Okafor,https://www.basketball-reference.com/players/o/okafoja01.html,2021,2021-05-06,DET,MEM,,"W, 111-97",,17:09,6,9,0,1,1,2,1,4,5,1,1,0,1,1,13
Jahlil Okafor,https://www.basketball-reference.com/players/o/okafoja01.html,2021,2021-05-08,DET,PHI,@,"L, 104-118",,03:16,2,2,0,0,0,0,0,1,1,0,0,0,1,3,4
Jahlil Okafor,https://www.basketball-reference.com/players/o/okafoja01.html,2021,2021-05-09,DET,CHI,,"L, 96-108",,15:31,2,6,0,0,0,0,2,2,4,0,1,0,1,1,4
Jahlil Okafor,https://www.basketball-reference.com/players/o/okafoja01.html,2021,2021-05-11,DET,MIN,,"L, 100-119",,15:25,1,2,0,0,2,3,0,2,2,0,0,0,3,3,4
Jahlil Okafor,https://www.basketball-reference.com/players/o/okafoja01.html,2021,2021-05-14,DET,DEN,,"L, 91-104",,21:39,5,9,0,2,3,4,4,0,4,0,0,0,1,2,13
Jahlil Okafor,https://www.basketball-reference.com/players/o/okafoja01.html,2021,2021-05-16,DET,MIA,,"L, 107-120",,24:17,3,5,0,0,1,1,1,4,5,0,0,1,1,3,7
Deividas Sirvydis,https://www.basketball-reference.com/players/s/sirvyde01.html,2021,2020-12-23,DET,MIN,@,"L, 101-111",,,,,,,,,,,,,,,,,
Deividas Sirvydis,https://www.basketball-reference.com/players/s/sirvyde01.html,2021,2020-12-26,DET,CLE,,"L, 119-128 (2OT)",,,,,,,,,,,,,,,,,
Deividas Sirvydis,https://www.basketball-reference.com/players/s/sirvyde01.html,2021,2020-12-28,DET,ATL,@,"L, 120-128",,,,,,,,,,,,,,,,,
Deividas Sirvydis,https://www.basketball-reference.com/players/s/sirvyde01.html,2021,2020-12-29,DET,GSW,,"L, 106-116",,,,,,,,,,,,,,,,,
Deividas Sirvydis,https://www.basketball-reference.com/players/s/sirvyde01.html,2021,,,,,,,,,,,,,,,,,,,,,,
Deividas Sirvydis,https://www.basketball-reference.com/players/s/sirvyde01.html,2021,2021-01-01,DET,BOS,,"W, 96-93",,,,,,,,,,,,,,,,,
Deividas Sirvydis,https://www.basketball-reference.com/players/s/sirvyde01.html,2021,2021-01-03,DET,BOS,,"L, 120-122",,,,,,,,,,,,,,,,,
Deividas Sirvydis,https://www.basketball-reference.com/players/s/sirvyde01.html,2021,2021-01-04,DET,MIL,@,"L, 115-125",,,,,,,,,,,,,,,,,
Deividas Sirvydis,https://www.basketball-reference.com/players/s/sirvyde01.html,2021,2021-01-06,DET,MIL,@,"L, 115-130",,00:57,0,0,0,0,0,0,0,0,0,0,0,0,0,0,0
Deividas Sirvydis,https://www.basketball-reference.com/players/s/sirvyde01.html,2021,2021-01-08,DET,PHO,,"W, 110-105 (OT)",,,,,,,,,,,,,,,,,
Deividas Sirvydis,https://www.basketball-reference.com/players/s/sirvyde01.html,2021,2021-01-10,DET,UTA,,"L, 86-96",,,,,,,,,,,,,,,,,
Deividas Sirvydis,https://www.basketball-reference.com/players/s/sirvyde01.html,2021,2021-01-13,DET,MIL,,"L, 101-110",,,,,,,,,,,,,,,,,
Deividas Sirvydis,https://www.basketball-reference.com/players/s/sirvyde01.html,2021,2021-01-16,DET,MIA,@,"W, 120-100",,01:04,0,2,0,2,0,0,0,0,0,0,0,0,0,0,0
Deividas Sirvydis,https://www.basketball-reference.com/players/s/sirvyde01.html,2021,2021-01-18,DET,MIA,@,"L, 107-113",,,,,,,,,,,,,,,,,
Deividas Sirvydis,https://www.basketball-reference.com/players/s/sirvyde01.html,2021,2021-01-20,DET,ATL,@,"L, 115-123 (OT)",,,,,,,,,,,,,,,,,
Deividas Sirvydis,https://www.basketball-reference.com/players/s/sirvyde01.html,2021,2021-01-22,DET,HOU,,"L, 102-103",,,,,,,,,,,,,,,,,
Deividas Sirvydis,https://www.basketball-reference.com/players/s/sirvyde01.html,2021,2021-01-23,DET,PHI,,"L, 110-114",,,,,,,,,,,,,,,,,
Deividas Sirvydis,https://www.basketball-reference.com/players/s/sirvyde01.html,2021,2021-01-25,DET,PHI,,"W, 119-104",,,,,,,,,,,,,,,,,
Deividas Sirvydis,https://www.basketball-reference.com/players/s/sirvyde01.html,2021,2021-01-27,DET,CLE,@,"L, 107-122",,,,,,,,,,,,,,,,,
Deividas Sirvydis,https://www.basketball-reference.com/players/s/sirvyde01.html,2021,2021-01-28,DET,LAL,,"W, 107-92",,00:55,0,0,0,0,0,0,0,0,0,0,0,0,0,0,0
Deividas Sirvydis,https://www.basketball-reference.com/players/s/sirvyde01.html,2021,2021-01-30,DET,GSW,@,"L, 91-118",,,,,,,,,,,,,,,,,
Deividas Sirvydis,https://www.basketball-reference.com/players/s/sirvyde01.html,2021,2021-02-02,DET,UTA,@,"L, 105-117",,,,,,,,,,,,,,,,,
Deividas Sirvydis,https://www.basketball-reference.com/players/s/sirvyde01.html,2021,2021-02-05,DET,PHO,@,"L, 92-109",,,,,,,,,,,,,,,,,
Deividas Sirvydis,https://www.basketball-reference.com/players/s/sirvyde01.html,2021,2021-02-06,DET,LAL,@,"L, 129-135 (2OT)",,,,,,,,,,,,,,,,,
Deividas Sirvydis,https://www.basketball-reference.com/players/s/sirvyde01.html,2021,2021-02-09,DET,BRK,,"W, 122-111",,,,,,,,,,,,,,,,,
Deividas Sirvydis,https://www.basketball-reference.com/players/s/sirvyde01.html,2021,2021-02-11,DET,IND,,"L, 95-111",,01:39,0,0,0,0,0,0,0,0,0,1,0,0,0,0,0
Deividas Sirvydis,https://www.basketball-reference.com/players/s/sirvyde01.html,2021,2021-02-12,DET,BOS,@,"W, 108-102",,,,,,,,,,,,,,,,,
Deividas Sirvydis,https://www.basketball-reference.com/players/s/sirvyde01.html,2021,2021-02-14,DET,NOP,,"W, 123-112",,,,,,,,,,,,,,,,,
Deividas Sirvydis,https://www.basketball-reference.com/players/s/sirvyde01.html,2021,2021-02-17,DET,CHI,@,"L, 102-105",,,,,,,,,,,,,,,,,
Deividas Sirvydis,https://www.basketball-reference.com/players/s/sirvyde01.html,2021,2021-02-19,DET,MEM,@,"L, 95-109",,,,,,,,,,,,,,,,,
Deividas Sirvydis,https://www.basketball-reference.com/players/s/sirvyde01.html,2021,2021-02-21,DET,ORL,@,"L, 96-105",,,,,,,,,,,,,,,,,
Deividas Sirvydis,https://www.basketball-reference.com/players/s/sirvyde01.html,2021,2021-02-23,DET,ORL,@,"W, 105-93",,,,,,,,,,,,,,,,,
Deividas Sirvydis,https://www.basketball-reference.com/players/s/sirvyde01.html,2021,2021-02-24,DET,NOP,@,"L, 118-128",,,,,,,,,,,,,,,,,
Deividas Sirvydis,https://www.basketball-reference.com/players/s/sirvyde01.html,2021,2021-02-26,DET,SAC,,"L, 107-110",,,,,,,,,,,,,,,,,
Deividas Sirvydis,https://www.basketball-reference.com/players/s/sirvyde01.html,2021,2021-02-28,DET,NYK,,"L, 90-109",,,,,,,,,,,,,,,,,
Deividas Sirvydis,https://www.basketball-reference.com/players/s/sirvyde01.html,2021,2021-03-03,DET,TOR,@,"W, 129-105",,03:12,0,1,0,1,1,2,0,1,1,0,0,0,0,1,1
Deividas Sirvydis,https://www.basketball-reference.com/players/s/sirvyde01.html,2021,2021-03-04,DET,NYK,@,"L, 104-114",,,,,,,,,,,,,,,,,
Deividas Sirvydis,https://www.basketball-reference.com/players/s/sirvyde01.html,2021,2021-03-11,DET,CHO,@,"L, 102-105",,,,,,,,,,,,,,,,,
Deividas Sirvydis,https://www.basketball-reference.com/players/s/sirvyde01.html,2021,2021-03-13,DET,BRK,@,"L, 95-100",,,,,,,,,,,,,,,,,
Deividas Sirvydis,https://www.basketball-reference.com/players/s/sirvyde01.html,2021,2021-03-15,DET,SAS,,"L, 99-109",,03:07,0,1,0,1,0,0,0,1,1,0,1,0,0,0,0
Deividas Sirvydis,https://www.basketball-reference.com/players/s/sirvyde01.html,2021,2021-03-17,DET,TOR,,"W, 116-112",,,,,,,,,,,,,,,,,
Deividas Sirvydis,https://www.basketball-reference.com/players/s/sirvyde01.html,2021,2021-03-19,DET,HOU,@,"W, 113-100",,01:00,0,0,0,0,0,0,0,0,0,0,0,0,0,0,0
Deividas Sirvydis,https://www.basketball-reference.com/players/s/sirvyde01.html,2021,2021-03-21,DET,CHI,,"L, 86-100",,,,,,,,,,,,,,,,,
Deividas Sirvydis,https://www.basketball-reference.com/players/s/sirvyde01.html,2021,2021-03-24,DET,IND,@,"L, 111-116",,,,,,,,,,,,,,,,,
Deividas Sirvydis,https://www.basketball-reference.com/players/s/sirvyde01.html,2021,2021-03-26,DET,BRK,,"L, 111-113",,,,,,,,,,,,,,,,,
Deividas Sirvydis,https://www.basketball-reference.com/players/s/sirvyde01.html,2021,2021-03-27,DET,WAS,@,"L, 92-106",,01:27,1,1,1,1,0,0,0,0,0,0,0,0,1,0,3
Deividas Sirvydis,https://www.basketball-reference.com/players/s/sirvyde01.html,2021,2021-03-29,DET,TOR,,"W, 118-104",,,,,,,,,,,,,,,,,
Deividas Sirvydis,https://www.basketball-reference.com/players/s/sirvyde01.html,2021,2021-03-31,DET,POR,,"L, 101-124",,01:17,0,1,0,0,0,0,0,0,0,0,0,0,0,0,0
Deividas Sirvydis,https://www.basketball-reference.com/players/s/sirvyde01.html,2021,2021-04-01,DET,WAS,,"W, 120-91",,04:14,1,1,1,1,0,0,0,1,1,0,0,0,0,0,3
Deividas Sirvydis,https://www.basketball-reference.com/players/s/sirvyde01.html,2021,2021-04-03,DET,NYK,,"L, 81-125",,02:44,1,3,1,3,0,0,0,1,1,0,0,0,0,0,3
Deividas Sirvydis,https://www.basketball-reference.com/players/s/sirvyde01.html,2021,2021-04-05,DET,OKC,@,"W, 132-108",,04:41,1,2,1,1,2,2,0,3,3,0,0,0,0,0,5
Deividas Sirvydis,https://www.basketball-reference.com/players/s/sirvyde01.html,2021,2021-04-06,DET,DEN,@,"L, 119-134",,,,,,,,,,,,,,,,,
Deividas Sirvydis,https://www.basketball-reference.com/players/s/sirvyde01.html,2021,2021-04-08,DET,SAC,@,"W, 113-101",,,,,,,,,,,,,,,,,
Deividas Sirvydis,https://www.basketball-reference.com/players/s/sirvyde01.html,2021,2021-04-10,DET,POR,@,"L, 103-118",,,,,,,,,,,,,,,,,
Deividas Sirvydis,https://www.basketball-reference.com/players/s/sirvyde01.html,2021,2021-04-11,DET,LAC,@,"L, 124-131",,,,,,,,,,,,,,,,,
Deividas Sirvydis,https://www.basketball-reference.com/players/s/sirvyde01.html,2021,2021-04-14,DET,LAC,,"L, 98-100",,,,,,,,,,,,,,,,,
Deividas Sirvydis,https://www.basketball-reference.com/players/s/sirvyde01.html,2021,2021-04-16,DET,OKC,,"W, 110-104",,09:21,0,3,0,2,0,0,0,1,1,1,0,0,1,1,0
Deividas Sirvydis,https://www.basketball-reference.com/players/s/sirvyde01.html,2021,2021-04-17,DET,WAS,@,"L, 100-121",,02:30,1,2,0,1,0,0,0,0,0,0,0,0,1,1,2
Deividas Sirvydis,https://www.basketball-reference.com/players/s/sirvyde01.html,2021,2021-04-19,DET,CLE,,"W, 109-105",,,,,,,,,,,,,,,,,
Deividas Sirvydis,https://www.basketball-reference.com/players/s/sirvyde01.html,2021,2021-04-21,DET,DAL,@,"L, 117-127",,,,,,,,,,,,,,,,,
Deividas Sirvydis,https://www.basketball-reference.com/players/s/sirvyde01.html,2021,2021-04-22,DET,SAS,@,"L, 91-106",,,,,,,,,,,,,,,,,
Deividas Sirvydis,https://www.basketball-reference.com/players/s/sirvyde01.html,2021,2021-04-24,DET,IND,@,"L, 109-115",,,,,,,,,,,,,,,,,
Deividas Sirvydis,https://www.basketball-reference.com/players/s/sirvyde01.html,2021,2021-04-26,DET,ATL,,"W, 100-86",,02:41,0,0,0,0,0,0,0,0,0,0,0,0,0,0,0
Deividas Sirvydis,https://www.basketball-reference.com/players/s/sirvyde01.html,2021,2021-04-29,DET,DAL,,"L, 105-115",,,,,,,,,,,,,,,,,
Deividas Sirvydis,https://www.basketball-reference.com/players/s/sirvyde01.html,2021,2021-05-01,DET,CHO,@,"L, 94-107",,07:52,0,1,0,1,0,0,0,3,3,0,0,0,0,1,0
Deividas Sirvydis,https://www.basketball-reference.com/players/s/sirvyde01.html,2021,2021-05-03,DET,ORL,,"L, 112-119",,,,,,,,,,,,,,,,,
Deividas Sirvydis,https://www.basketball-reference.com/players/s/sirvyde01.html,2021,2021-05-04,DET,CHO,,"L, 99-102",,,,,,,,,,,,,,,,,
Deividas Sirvydis,https://www.basketball-reference.com/players/s/sirvyde01.html,2021,2021-05-06,DET,MEM,,"W, 111-97",,,,,,,,,,,,,,,,,
Deividas Sirvydis,https://www.basketball-reference.com/players/s/sirvyde01.html,2021,2021-05-08,DET,PHI,@,"L, 104-118",,24:00,3,6,2,4,0,0,0,6,6,1,0,0,0,2,8
Deividas Sirvydis,https://www.basketball-reference.com/players/s/sirvyde01.html,2021,2021-05-09,DET,CHI,,"L, 96-108",,21:46,0,2,0,1,0,2,0,5,5,0,1,0,0,1,0
Deividas Sirvydis,https://www.basketball-reference.com/players/s/sirvyde01.html,2021,2021-05-11,DET,MIN,,"L, 100-119",,19:26,0,3,0,2,0,0,0,6,6,2,0,0,1,2,0
Deividas Sirvydis,https://www.basketball-reference.com/players/s/sirvyde01.html,2021,2021-05-14,DET,DEN,,"L, 91-104",,19:14,6,11,4,7,0,0,0,1,1,0,0,0,1,0,16
Deividas Sirvydis,https://www.basketball-reference.com/players/s/sirvyde01.html,2021,2021-05-16,DET,MIA,,"L, 107-120",,,,,,,,,,,,,,,,,
Isaiah Stewart,https://www.basketball-reference.com/players/s/stewais01.html,2021,2020-12-23,DET,MIN,@,"L, 101-111",,,,,,,,,,,,,,,,,
Isaiah Stewart,https://www.basketball-reference.com/players/s/stewais01.html,2021,2020-12-26,DET,CLE,,"L, 119-128 (2OT)",,,,,,,,,,,,,,,,,
Isaiah Stewart,https://www.basketball-reference.com/players/s/stewais01.html,2021,2020-12-28,DET,ATL,@,"L, 120-128",,14:27,1,4,0,0,0,0,5,3,8,2,0,0,1,3,2
Isaiah Stewart,https://www.basketball-reference.com/players/s/stewais01.html,2021,2020-12-29,DET,GSW,,"L, 106-116",,23:11,3,5,0,0,0,0,4,3,7,1,0,2,0,2,6
Isaiah Stewart,https://www.basketball-reference.com/players/s/stewais01.html,2021,,,,,,,,,,,,,,,,,,,,,,
Isaiah Stewart,https://www.basketball-reference.com/players/s/stewais01.html,2021,2021-01-01,DET,BOS,,"W, 96-93",,18:24,3,4,0,0,2,3,2,2,4,0,0,0,1,3,8
Isaiah Stewart,https://www.basketball-reference.com/players/s/stewais01.html,2021,2021-01-03,DET,BOS,,"L, 120-122",,15:05,1,3,0,0,0,0,2,1,3,0,0,2,0,3,2
Isaiah Stewart,https://www.basketball-reference.com/players/s/stewais01.html,2021,2021-01-04,DET,MIL,@,"L, 115-125",,20:26,2,3,0,0,0,0,0,2,2,1,1,1,0,4,4
Isaiah Stewart,https://www.basketball-reference.com/players/s/stewais01.html,2021,2021-01-06,DET,MIL,@,"L, 115-130",,20:11,2,6,0,0,1,2,4,3,7,0,0,0,2,2,5
Isaiah Stewart,https://www.basketball-reference.com/players/s/stewais01.html,2021,2021-01-08,DET,PHO,,"W, 110-105 (OT)",,08:37,0,2,0,0,0,0,2,2,4,0,1,1,1,0,0
Isaiah Stewart,https://www.basketball-reference.com/players/s/stewais01.html,2021,2021-01-10,DET,UTA,,"L, 86-96",,14:15,1,3,0,0,0,0,3,1,4,1,1,0,0,4,2
Isaiah Stewart,https://www.basketball-reference.com/players/s/stewais01.html,2021,2021-01-13,DET,MIL,,"L, 101-110",,17:10,4,7,0,1,1,2,4,3,7,1,0,0,0,1,9
Isaiah Stewart,https://www.basketball-reference.com/players/s/stewais01.html,2021,2021-01-16,DET,MIA,@,"W, 120-100",,19:02,4,6,0,0,2,2,7,4,11,2,1,0,1,6,10
Isaiah Stewart,https://www.basketball-reference.com/players/s/stewais01.html,2021,2021-01-18,DET,MIA,@,"L, 107-113",,12:08,0,1,0,0,0,0,1,1,2,1,0,1,0,2,0
Isaiah Stewart,https://www.basketball-reference.com/players/s/stewais01.html,2021,2021-01-20,DET,ATL,@,"L, 115-123 (OT)",,15:56,2,4,0,0,0,0,0,4,4,1,1,1,1,4,4
Isaiah Stewart,https://www.basketball-reference.com/players/s/stewais01.html,2021,2021-01-22,DET,HOU,,"L, 102-103",,22:51,3,5,0,0,1,1,4,6,10,0,0,2,2,1,7
Isaiah Stewart,https://www.basketball-reference.com/players/s/stewais01.html,2021,2021-01-23,DET,PHI,,"L, 110-114",,19:18,3,5,0,0,2,3,0,5,5,1,1,2,1,4,8
Isaiah Stewart,https://www.basketball-reference.com/players/s/stewais01.html,2021,2021-01-25,DET,PHI,,"W, 119-104",,20:22,1,3,0,0,2,2,0,3,3,0,1,1,1,2,4
Isaiah Stewart,https://www.basketball-reference.com/players/s/stewais01.html,2021,2021-01-27,DET,CLE,@,"L, 107-122",,14:40,0,6,0,0,0,0,6,0,6,1,1,0,0,2,0
Isaiah Stewart,https://www.basketball-reference.com/players/s/stewais01.html,2021,2021-01-28,DET,LAL,,"W, 107-92",,21:16,2,6,0,1,4,4,3,3,6,0,0,1,0,1,8
Isaiah Stewart,https://www.basketball-reference.com/players/s/stewais01.html,2021,2021-01-30,DET,GSW,@,"L, 91-118",,19:44,3,4,0,0,2,4,2,3,5,0,0,2,1,2,8
Isaiah Stewart,https://www.basketball-reference.com/players/s/stewais01.html,2021,2021-02-02,DET,UTA,@,"L, 105-117",,19:44,2,3,0,0,0,0,2,3,5,1,0,0,0,2,4
Isaiah Stewart,https://www.basketball-reference.com/players/s/stewais01.html,2021,2021-02-05,DET,PHO,@,"L, 92-109",,23:35,5,6,0,0,0,2,5,5,10,1,1,2,2,3,10
Isaiah Stewart,https://www.basketball-reference.com/players/s/stewais01.html,2021,2021-02-06,DET,LAL,@,"L, 129-135 (2OT)",,10:32,2,3,0,0,0,0,0,2,2,0,0,0,2,5,4
Isaiah Stewart,https://www.basketball-reference.com/players/s/stewais01.html,2021,2021-02-09,DET,BRK,,"W, 122-111",,09:30,2,3,1,1,0,0,0,0,0,0,1,1,1,1,5
Isaiah Stewart,https://www.basketball-reference.com/players/s/stewais01.html,2021,2021-02-11,DET,IND,,"L, 95-111",,31:10,8,9,0,0,1,2,4,3,7,1,2,1,0,4,17
Isaiah Stewart,https://www.basketball-reference.com/players/s/stewais01.html,2021,2021-02-12,DET,BOS,@,"W, 108-102",,22:15,2,3,0,0,1,1,2,4,6,1,0,1,0,3,5
Isaiah Stewart,https://www.basketball-reference.com/players/s/stewais01.html,2021,2021-02-14,DET,NOP,,"W, 123-112",,17:31,1,2,0,1,2,2,1,5,6,0,0,3,2,5,4
Isaiah Stewart,https://www.basketball-reference.com/players/s/stewais01.html,2021,2021-02-17,DET,CHI,@,"L, 102-105",,14:52,0,3,0,0,0,0,1,5,6,1,1,0,1,2,0
Isaiah Stewart,https://www.basketball-reference.com/players/s/stewais01.html,2021,2021-02-19,DET,MEM,@,"L, 95-109",,13:57,2,5,0,0,0,0,4,1,5,0,0,0,2,1,4
Isaiah Stewart,https://www.basketball-reference.com/players/s/stewais01.html,2021,2021-02-21,DET,ORL,@,"L, 96-105",,19:52,2,5,0,1,0,0,4,4,8,2,0,3,0,0,4
Isaiah Stewart,https://www.basketball-reference.com/players/s/stewais01.html,2021,2021-02-23,DET,ORL,@,"W, 105-93",,18:14,2,2,0,0,0,0,0,2,2,0,1,1,2,3,4
Isaiah Stewart,https://www.basketball-reference.com/players/s/stewais01.html,2021,2021-02-24,DET,NOP,@,"L, 118-128",,18:09,5,8,0,0,1,2,2,8,10,0,2,1,1,3,11
Isaiah Stewart,https://www.basketball-reference.com/players/s/stewais01.html,2021,2021-02-26,DET,SAC,,"L, 107-110",,21:25,3,3,0,0,0,0,2,9,11,2,1,1,3,3,6
Isaiah Stewart,https://www.basketball-reference.com/players/s/stewais01.html,2021,2021-02-28,DET,NYK,,"L, 90-109",,27:50,2,3,0,0,0,0,2,8,10,0,1,2,2,2,4
Isaiah Stewart,https://www.basketball-reference.com/players/s/stewais01.html,2021,2021-03-03,DET,TOR,@,"W, 129-105",,19:41,3,5,0,0,0,0,1,5,6,2,0,2,0,4,6
Isaiah Stewart,https://www.basketball-reference.com/players/s/stewais01.html,2021,2021-03-04,DET,NYK,@,"L, 104-114",,20:14,5,6,0,0,0,0,1,3,4,1,0,0,0,1,10
Isaiah Stewart,https://www.basketball-reference.com/players/s/stewais01.html,2021,2021-03-11,DET,CHO,@,"L, 102-105",,22:40,3,3,1,1,0,0,2,6,8,2,1,0,0,1,7
Isaiah Stewart,https://www.basketball-reference.com/players/s/stewais01.html,2021,2021-03-13,DET,BRK,@,"L, 95-100",,19:34,4,7,0,0,1,2,3,5,8,0,2,3,1,2,9
Isaiah Stewart,https://www.basketball-reference.com/players/s/stewais01.html,2021,2021-03-15,DET,SAS,,"L, 99-109",,24:45,5,8,0,1,0,0,3,2,5,2,0,1,2,2,10
Isaiah Stewart,https://www.basketball-reference.com/players/s/stewais01.html,2021,2021-03-17,DET,TOR,,"W, 116-112",,23:12,3,5,2,2,2,4,1,3,4,1,0,1,2,1,10
Isaiah Stewart,https://www.basketball-reference.com/players/s/stewais01.html,2021,2021-03-19,DET,HOU,@,"W, 113-100",,25:28,5,10,1,2,2,2,3,6,9,2,1,0,2,3,13
Isaiah Stewart,https://www.basketball-reference.com/players/s/stewais01.html,2021,2021-03-21,DET,CHI,,"L, 86-100",,23:05,5,8,1,2,0,0,1,5,6,0,1,2,0,1,11
Isaiah Stewart,https://www.basketball-reference.com/players/s/stewais01.html,2021,2021-03-24,DET,IND,@,"L, 111-116",,18:36,5,7,0,1,1,2,1,6,7,0,0,1,0,0,11
Isaiah Stewart,https://www.basketball-reference.com/players/s/stewais01.html,2021,2021-03-26,DET,BRK,,"L, 111-113",,05:41,1,1,0,0,0,0,0,0,0,0,0,0,0,3,2
Isaiah Stewart,https://www.basketball-reference.com/players/s/stewais01.html,2021,2021-03-27,DET,WAS,@,"L, 92-106",,21:28,5,9,1,3,0,0,3,5,8,1,0,1,1,2,11
Isaiah Stewart,https://www.basketball-reference.com/players/s/stewais01.html,2021,2021-03-29,DET,TOR,,"W, 118-104",,29:38,5,7,1,2,3,4,1,1,2,3,0,1,1,4,14
Isaiah Stewart,https://www.basketball-reference.com/players/s/stewais01.html,2021,2021-03-31,DET,POR,,"L, 101-124",,18:12,2,6,2,4,0,0,0,4,4,0,1,1,1,4,6
Isaiah Stewart,https://www.basketball-reference.com/players/s/stewais01.html,2021,2021-04-01,DET,WAS,,"W, 120-91",,17:10,2,7,0,1,0,0,1,6,7,2,0,2,2,6,4
Isaiah Stewart,https://www.basketball-reference.com/players/s/stewais01.html,2021,2021-04-03,DET,NYK,,"L, 81-125",,26:43,2,7,0,0,0,0,3,4,7,0,0,0,1,1,4
Isaiah Stewart,https://www.basketball-reference.com/players/s/stewais01.html,2021,2021-04-05,DET,OKC,@,"W, 132-108",,21:43,4,6,0,0,4,4,1,5,6,0,1,4,1,1,12
Isaiah Stewart,https://www.basketball-reference.com/players/s/stewais01.html,2021,2021-04-06,DET,DEN,@,"L, 119-134",,27:41,4,5,0,0,1,2,3,5,8,2,0,0,0,2,9
Isaiah Stewart,https://www.basketball-reference.com/players/s/stewais01.html,2021,2021-04-08,DET,SAC,@,"W, 113-101",,32:49,8,10,0,0,0,1,4,9,13,4,1,1,3,2,16
Isaiah Stewart,https://www.basketball-reference.com/players/s/stewais01.html,2021,2021-04-10,DET,POR,@,"L, 103-118",,20:45,1,5,0,1,2,4,1,1,2,0,0,1,0,2,4
Isaiah Stewart,https://www.basketball-reference.com/players/s/stewais01.html,2021,2021-04-11,DET,LAC,@,"L, 124-131",,20:49,3,3,1,1,0,0,2,4,6,2,0,0,1,2,7
Isaiah Stewart,https://www.basketball-reference.com/players/s/stewais01.html,2021,2021-04-14,DET,LAC,,"L, 98-100",,21:40,6,7,0,0,0,1,3,5,8,0,1,1,1,5,12
Isaiah Stewart,https://www.basketball-reference.com/players/s/stewais01.html,2021,2021-04-16,DET,OKC,,"W, 110-104",,31:43,7,12,0,1,1,2,9,12,21,3,0,2,1,4,15
Isaiah Stewart,https://www.basketball-reference.com/players/s/stewais01.html,2021,2021-04-17,DET,WAS,@,"L, 100-121",,24:20,7,11,1,1,4,6,3,9,12,1,0,2,1,2,19
Isaiah Stewart,https://www.basketball-reference.com/players/s/stewais01.html,2021,2021-04-19,DET,CLE,,"W, 109-105",,31:30,8,12,0,0,2,2,6,10,16,0,3,3,2,4,18
Isaiah Stewart,https://www.basketball-reference.com/players/s/stewais01.html,2021,2021-04-21,DET,DAL,@,"L, 117-127",,15:55,3,6,0,0,1,2,1,5,6,2,1,0,1,3,7
Isaiah Stewart,https://www.basketball-reference.com/players/s/stewais01.html,2021,2021-04-22,DET,SAS,@,"L, 91-106",,28:02,3,6,0,0,2,2,5,8,13,0,0,2,3,3,8
Isaiah Stewart,https://www.basketball-reference.com/players/s/stewais01.html,2021,2021-04-24,DET,IND,@,"L, 109-115",,19:04,5,9,1,3,2,2,3,2,5,0,0,2,0,4,13
Isaiah Stewart,https://www.basketball-reference.com/players/s/stewais01.html,2021,2021-04-26,DET,ATL,,"W, 100-86",,27:05,2,6,0,0,0,0,3,8,11,1,1,4,2,5,4
Isaiah Stewart,https://www.basketball-reference.com/players/s/stewais01.html,2021,2021-04-29,DET,DAL,,"L, 105-115",,29:15,9,14,2,5,0,0,3,7,10,0,1,3,0,4,20
Isaiah Stewart,https://www.basketball-reference.com/players/s/stewais01.html,2021,2021-05-01,DET,CHO,@,"L, 94-107",,26:41,3,6,0,1,3,3,0,2,2,0,1,3,2,4,9
Isaiah Stewart,https://www.basketball-reference.com/players/s/stewais01.html,2021,2021-05-03,DET,ORL,,"L, 112-119",,31:33,4,10,0,4,2,2,3,5,8,1,1,3,1,4,10
Isaiah Stewart,https://www.basketball-reference.com/players/s/stewais01.html,2021,2021-05-04,DET,CHO,,"L, 99-102",,26:21,1,5,0,2,1,2,2,5,7,0,0,1,1,3,3
Isaiah Stewart,https://www.basketball-reference.com/players/s/stewais01.html,2021,2021-05-06,DET,MEM,,"W, 111-97",,30:51,6,14,0,5,3,3,1,6,7,1,1,3,1,4,15
Isaiah Stewart,https://www.basketball-reference.com/players/s/stewais01.html,2021,2021-05-08,DET,PHI,@,"L, 104-118",,20:10,2,6,2,4,3,4,1,5,6,0,1,2,1,4,9
Isaiah Stewart,https://www.basketball-reference.com/players/s/stewais01.html,2021,2021-05-09,DET,CHI,,"L, 96-108",,32:29,7,13,3,7,2,4,1,6,7,3,0,2,0,1,19
Isaiah Stewart,https://www.basketball-reference.com/players/s/stewais01.html,2021,2021-05-11,DET,MIN,,"L, 100-119",,32:35,5,12,1,4,0,0,2,6,8,2,2,0,2,3,11
Isaiah Stewart,https://www.basketball-reference.com/players/s/stewais01.html,2021,2021-05-14,DET,DEN,,"L, 91-104",,,,,,,,,,,,,,,,,
Isaiah Stewart,https://www.basketball-reference.com/players/s/stewais01.html,2021,2021-05-16,DET,MIA,,"L, 107-120",,,,,,,,,,,,,,,,,
Nico Mannion,https://www.basketball-reference.com/players/m/mannini01.html,2021,2020-12-22,GSW,BRK,@,"L, 99-125",,,,,,,,,,,,,,,,,
Nico Mannion,https://www.basketball-reference.com/players/m/mannini01.html,2021,2020-12-25,GSW,MIL,@,"L, 99-138",,,,,,,,,,,,,,,,,
Nico Mannion,https://www.basketball-reference.com/players/m/mannini01.html,2021,2020-12-27,GSW,CHI,@,"W, 129-128",,,,,,,,,,,,,,,,,
Nico Mannion,https://www.basketball-reference.com/players/m/mannini01.html,2021,2020-12-29,GSW,DET,@,"W, 116-106",,,,,,,,,,,,,,,,,
Nico Mannion,https://www.basketball-reference.com/players/m/mannini01.html,2021,,,,,,,,,,,,,,,,,,,,,,
Nico Mannion,https://www.basketball-reference.com/players/m/mannini01.html,2021,2021-01-01,GSW,POR,,"L, 98-123",,,,,,,,,,,,,,,,,
Nico Mannion,https://www.basketball-reference.com/players/m/mannini01.html,2021,2021-01-03,GSW,POR,,"W, 137-122",,,,,,,,,,,,,,,,,
Nico Mannion,https://www.basketball-reference.com/players/m/mannini01.html,2021,2021-01-04,GSW,SAC,,"W, 137-106",,07:47,0,2,0,1,0,0,0,2,2,2,0,0,0,1,0
Nico Mannion,https://www.basketball-reference.com/players/m/mannini01.html,2021,2021-01-06,GSW,LAC,,"L, 101-108",,,,,,,,,,,,,,,,,
Nico Mannion,https://www.basketball-reference.com/players/m/mannini01.html,2021,2021-01-08,GSW,LAC,,"W, 115-105",,,,,,,,,,,,,,,,,
Nico Mannion,https://www.basketball-reference.com/players/m/mannini01.html,2021,2021-01-10,GSW,TOR,,"W, 106-105",,,,,,,,,,,,,,,,,
Nico Mannion,https://www.basketball-reference.com/players/m/mannini01.html,2021,2021-01-12,GSW,IND,,"L, 95-104",,,,,,,,,,,,,,,,,
Nico Mannion,https://www.basketball-reference.com/players/m/mannini01.html,2021,2021-01-14,GSW,DEN,@,"L, 104-114",,,,,,,,,,,,,,,,,
Nico Mannion,https://www.basketball-reference.com/players/m/mannini01.html,2021,2021-01-18,GSW,LAL,@,"W, 115-113",,,,,,,,,,,,,,,,,
Nico Mannion,https://www.basketball-reference.com/players/m/mannini01.html,2021,2021-01-20,GSW,SAS,,"W, 121-99",,,,,,,,,,,,,,,,,
Nico Mannion,https://www.basketball-reference.com/players/m/mannini01.html,2021,2021-01-21,GSW,NYK,,"L, 104-119",,08:06,0,2,0,2,1,2,0,1,1,4,0,0,1,1,1
Nico Mannion,https://www.basketball-reference.com/players/m/mannini01.html,2021,2021-01-23,GSW,UTA,@,"L, 108-127",,09:37,3,5,2,3,0,0,0,0,0,4,1,0,0,0,8
Nico Mannion,https://www.basketball-reference.com/players/m/mannini01.html,2021,2021-01-25,GSW,MIN,,"W, 130-108",,02:27,0,0,0,0,0,0,0,0,0,0,1,0,1,1,0
Nico Mannion,https://www.basketball-reference.com/players/m/mannini01.html,2021,2021-01-27,GSW,MIN,,"W, 123-111",,02:29,0,0,0,0,0,2,0,1,1,0,0,0,0,0,0
Nico Mannion,https://www.basketball-reference.com/players/m/mannini01.html,2021,2021-01-28,GSW,PHO,@,"L, 93-114",,05:38,0,4,0,3,0,0,0,4,4,2,0,0,0,2,0
Nico Mannion,https://www.basketball-reference.com/players/m/mannini01.html,2021,2021-01-30,GSW,DET,,"W, 118-91",,,,,,,,,,,,,,,,,
Nico Mannion,https://www.basketball-reference.com/players/m/mannini01.html,2021,2021-02-02,GSW,BOS,,"L, 107-111",,,,,,,,,,,,,,,,,
Nico Mannion,https://www.basketball-reference.com/players/m/mannini01.html,2021,2021-02-04,GSW,DAL,@,"W, 147-116",,,,,,,,,,,,,,,,,
Nico Mannion,https://www.basketball-reference.com/players/m/mannini01.html,2021,2021-02-06,GSW,DAL,@,"L, 132-134",,,,,,,,,,,,,,,,,
Nico Mannion,https://www.basketball-reference.com/players/m/mannini01.html,2021,2021-02-08,GSW,SAS,@,"L, 100-105",,,,,,,,,,,,,,,,,
Nico Mannion,https://www.basketball-reference.com/players/m/mannini01.html,2021,2021-02-09,GSW,SAS,@,"W, 114-91",,,,,,,,,,,,,,,,,
Nico Mannion,https://www.basketball-reference.com/players/m/mannini01.html,2021,2021-02-11,GSW,ORL,,"W, 111-105",,,,,,,,,,,,,,,,,
Nico Mannion,https://www.basketball-reference.com/players/m/mannini01.html,2021,2021-02-13,GSW,BRK,,"L, 117-134",,,,,,,,,,,,,,,,,
Nico Mannion,https://www.basketball-reference.com/players/m/mannini01.html,2021,2021-02-15,GSW,CLE,,"W, 129-98",,,,,,,,,,,,,,,,,
Nico Mannion,https://www.basketball-reference.com/players/m/mannini01.html,2021,2021-02-17,GSW,MIA,,"W, 120-112 (OT)",,,,,,,,,,,,,,,,,
Nico Mannion,https://www.basketball-reference.com/players/m/mannini01.html,2021,2021-02-19,GSW,ORL,@,"L, 120-124",,,,,,,,,,,,,,,,,
Nico Mannion,https://www.basketball-reference.com/players/m/mannini01.html,2021,2021-02-20,GSW,CHO,@,"L, 100-102",,,,,,,,,,,,,,,,,
Nico Mannion,https://www.basketball-reference.com/players/m/mannini01.html,2021,2021-02-23,GSW,NYK,@,"W, 114-106",,,,,,,,,,,,,,,,,
Nico Mannion,https://www.basketball-reference.com/players/m/mannini01.html,2021,2021-02-24,GSW,IND,@,"W, 111-107",,,,,,,,,,,,,,,,,
Nico Mannion,https://www.basketball-reference.com/players/m/mannini01.html,2021,2021-02-26,GSW,CHO,,"W, 130-121",,,,,,,,,,,,,,,,,
Nico Mannion,https://www.basketball-reference.com/players/m/mannini01.html,2021,2021-02-28,GSW,LAL,@,"L, 91-117",,,,,,,,,,,,,,,,,
Nico Mannion,https://www.basketball-reference.com/players/m/mannini01.html,2021,2021-03-03,GSW,POR,@,"L, 106-108",,,,,,,,,,,,,,,,,
Nico Mannion,https://www.basketball-reference.com/players/m/mannini01.html,2021,2021-03-04,GSW,PHO,@,"L, 98-120",,31:16,3,10,3,5,0,0,0,4,4,6,1,0,5,3,9
Nico Mannion,https://www.basketball-reference.com/players/m/mannini01.html,2021,2021-03-11,GSW,LAC,@,"L, 104-130",,21:20,3,7,1,3,3,4,0,3,3,2,1,0,4,3,10
Nico Mannion,https://www.basketball-reference.com/players/m/mannini01.html,2021,2021-03-14,GSW,UTA,,"W, 131-119",,12:22,2,3,1,1,0,0,0,2,2,2,2,0,1,2,5
Nico Mannion,https://www.basketball-reference.com/players/m/mannini01.html,2021,2021-03-15,GSW,LAL,,"L, 97-128",,18:47,3,7,2,6,2,2,1,0,1,4,0,0,0,3,10
Nico Mannion,https://www.basketball-reference.com/players/m/mannini01.html,2021,2021-03-17,GSW,HOU,@,"W, 108-94",,17:55,1,4,1,1,2,2,1,2,3,4,1,0,0,1,5
Nico Mannion,https://www.basketball-reference.com/players/m/mannini01.html,2021,2021-03-19,GSW,MEM,@,"W, 116-103",,13:51,0,4,0,3,0,0,0,2,2,1,1,0,0,0,0
Nico Mannion,https://www.basketball-reference.com/players/m/mannini01.html,2021,2021-03-20,GSW,MEM,@,"L, 103-111",,12:49,3,6,1,2,2,2,0,2,2,0,0,0,1,1,9
Nico Mannion,https://www.basketball-reference.com/players/m/mannini01.html,2021,2021-03-23,GSW,PHI,,"L, 98-108",,17:50,2,7,0,2,0,0,0,0,0,6,2,0,1,1,4
Nico Mannion,https://www.basketball-reference.com/players/m/mannini01.html,2021,2021-03-25,GSW,SAC,@,"L, 119-141",,29:26,5,12,5,8,4,4,0,1,1,3,0,0,1,2,19
Nico Mannion,https://www.basketball-reference.com/players/m/mannini01.html,2021,2021-03-26,GSW,ATL,,"L, 108-124",,25:11,3,9,2,5,2,2,0,3,3,5,2,0,1,1,10
Nico Mannion,https://www.basketball-reference.com/players/m/mannini01.html,2021,2021-03-29,GSW,CHI,,"W, 116-102",,06:25,0,0,0,0,0,0,0,1,1,2,0,0,2,1,0
Nico Mannion,https://www.basketball-reference.com/players/m/mannini01.html,2021,2021-04-01,GSW,MIA,@,"L, 109-116",,01:26,0,0,0,0,0,0,0,0,0,0,0,0,1,0,0
Nico Mannion,https://www.basketball-reference.com/players/m/mannini01.html,2021,2021-04-02,GSW,TOR,@,"L, 77-130",,30:24,3,7,0,3,4,5,0,0,0,4,1,1,4,1,10
Nico Mannion,https://www.basketball-reference.com/players/m/mannini01.html,2021,2021-04-04,GSW,ATL,@,"L, 111-117",,,,,,,,,,,,,,,,,
Nico Mannion,https://www.basketball-reference.com/players/m/mannini01.html,2021,2021-04-06,GSW,MIL,,"W, 122-121",,,,,,,,,,,,,,,,,
Nico Mannion,https://www.basketball-reference.com/players/m/mannini01.html,2021,2021-04-09,GSW,WAS,,"L, 107-110",,,,,,,,,,,,,,,,,
Nico Mannion,https://www.basketball-reference.com/players/m/mannini01.html,2021,2021-04-10,GSW,HOU,,"W, 125-109",,,,,,,,,,,,,,,,,
Nico Mannion,https://www.basketball-reference.com/players/m/mannini01.html,2021,2021-04-12,GSW,DEN,,"W, 116-107",,03:50,0,1,0,1,0,0,0,1,1,1,0,0,1,1,0
Nico Mannion,https://www.basketball-reference.com/players/m/mannini01.html,2021,2021-04-14,GSW,OKC,@,"W, 147-109",,12:00,1,5,0,1,0,0,1,2,3,0,0,0,1,0,2
Nico Mannion,https://www.basketball-reference.com/players/m/mannini01.html,2021,2021-04-15,GSW,CLE,@,"W, 119-101",,01:18,0,0,0,0,0,0,0,0,0,0,1,0,0,0,0
Nico Mannion,https://www.basketball-reference.com/players/m/mannini01.html,2021,2021-04-17,GSW,BOS,@,"L, 114-119",,,,,,,,,,,,,,,,,
Nico Mannion,https://www.basketball-reference.com/players/m/mannini01.html,2021,2021-04-19,GSW,PHI,@,"W, 107-96",,00:09,0,0,0,0,0,0,0,0,0,0,0,0,0,0,0
Nico Mannion,https://www.basketball-reference.com/players/m/mannini01.html,2021,2021-04-21,GSW,WAS,@,"L, 114-118",,,,,,,,,,,,,,,,,
Nico Mannion,https://www.basketball-reference.com/players/m/mannini01.html,2021,2021-04-23,GSW,DEN,,"W, 118-97",,02:08,0,0,0,0,0,0,0,0,0,1,0,0,0,0,0
Nico Mannion,https://www.basketball-reference.com/players/m/mannini01.html,2021,2021-04-25,GSW,SAC,,"W, 117-113",,,,,,,,,,,,,,,,,
Nico Mannion,https://www.basketball-reference.com/players/m/mannini01.html,2021,2021-04-27,GSW,DAL,,"L, 103-133",,13:26,2,4,1,2,0,0,0,2,2,5,0,0,1,1,5
Nico Mannion,https://www.basketball-reference.com/players/m/mannini01.html,2021,2021-04-29,GSW,MIN,@,"L, 114-126",,,,,,,,,,,,,,,,,
Nico Mannion,https://www.basketball-reference.com/players/m/mannini01.html,2021,2021-05-01,GSW,HOU,@,"W, 113-87",,05:14,1,2,0,1,0,0,0,0,0,0,0,0,0,0,2
Nico Mannion,https://www.basketball-reference.com/players/m/mannini01.html,2021,2021-05-03,GSW,NOP,@,"W, 123-108",,02:29,0,0,0,0,0,0,0,0,0,1,1,0,0,0,0
Nico Mannion,https://www.basketball-reference.com/players/m/mannini01.html,2021,2021-05-04,GSW,NOP,@,"L, 103-108",,,,,,,,,,,,,,,,,
Nico Mannion,https://www.basketball-reference.com/players/m/mannini01.html,2021,2021-05-06,GSW,OKC,,"W, 118-97",,03:59,0,0,0,0,0,0,0,0,0,1,1,0,1,0,0
Nico Mannion,https://www.basketball-reference.com/players/m/mannini01.html,2021,2021-05-08,GSW,OKC,,"W, 136-97",,12:00,1,1,1,1,0,0,0,2,2,3,0,0,3,2,3
Nico Mannion,https://www.basketball-reference.com/players/m/mannini01.html,2021,2021-05-10,GSW,UTA,,"W, 119-116",,,,,,,,,,,,,,,,,
Nico Mannion,https://www.basketball-reference.com/players/m/mannini01.html,2021,2021-05-11,GSW,PHO,,"W, 122-116",,,,,,,,,,,,,,,,,
Nico Mannion,https://www.basketball-reference.com/players/m/mannini01.html,2021,2021-05-14,GSW,NOP,,"W, 125-122",,32:14,3,12,2,6,3,3,3,5,8,7,0,0,1,1,11
Nico Mannion,https://www.basketball-reference.com/players/m/mannini01.html,2021,2021-05-16,GSW,MEM,,"W, 113-101",,,,,,,,,,,,,,,,,
James Wiseman,https://www.basketball-reference.com/players/w/wisemja01.html,2021,2020-12-22,GSW,BRK,@,"L, 99-125",,24:17,7,13,1,1,4,8,1,5,6,0,2,0,1,2,19
James Wiseman,https://www.basketball-reference.com/players/w/wisemja01.html,2021,2020-12-25,GSW,MIL,@,"L, 99-138",,25:03,5,11,3,4,5,6,3,5,8,0,0,3,2,4,18
James Wiseman,https://www.basketball-reference.com/players/w/wisemja01.html,2021,2020-12-27,GSW,CHI,@,"W, 129-128",,22:37,3,8,1,1,0,0,0,3,3,0,1,1,1,4,7
James Wiseman,https://www.basketball-reference.com/players/w/wisemja01.html,2021,2020-12-29,GSW,DET,@,"W, 116-106",,21:44,3,9,0,2,0,0,1,5,6,1,0,2,2,6,6
James Wiseman,https://www.basketball-reference.com/players/w/wisemja01.html,2021,,,,,,,,,,,,,,,,,,,,,,
James Wiseman,https://www.basketball-reference.com/players/w/wisemja01.html,2021,2021-01-01,GSW,POR,,"L, 98-123",,19:00,2,8,0,2,4,4,0,5,5,0,0,2,1,4,8
James Wiseman,https://www.basketball-reference.com/players/w/wisemja01.html,2021,2021-01-03,GSW,POR,,"W, 137-122",,21:37,6,9,0,1,0,2,2,9,11,1,0,2,3,4,12
James Wiseman,https://www.basketball-reference.com/players/w/wisemja01.html,2021,2021-01-04,GSW,SAC,,"W, 137-106",,17:26,5,9,0,1,0,1,1,4,5,1,0,2,1,2,10
James Wiseman,https://www.basketball-reference.com/players/w/wisemja01.html,2021,2021-01-06,GSW,LAC,,"L, 101-108",,18:01,5,10,0,0,0,0,1,3,4,0,1,1,3,3,10
James Wiseman,https://www.basketball-reference.com/players/w/wisemja01.html,2021,2021-01-08,GSW,LAC,,"W, 115-105",,15:18,3,7,1,2,2,4,2,4,6,0,0,2,1,0,9
James Wiseman,https://www.basketball-reference.com/players/w/wisemja01.html,2021,2021-01-10,GSW,TOR,,"W, 106-105",,16:32,5,7,0,1,0,0,0,7,7,0,0,0,0,2,10
James Wiseman,https://www.basketball-reference.com/players/w/wisemja01.html,2021,2021-01-12,GSW,IND,,"L, 95-104",,26:03,4,12,0,0,0,2,4,5,9,0,0,2,2,5,8
James Wiseman,https://www.basketball-reference.com/players/w/wisemja01.html,2021,2021-01-14,GSW,DEN,@,"L, 104-114",,27:23,8,13,0,0,2,2,1,4,5,2,1,2,1,4,18
James Wiseman,https://www.basketball-reference.com/players/w/wisemja01.html,2021,2021-01-18,GSW,LAL,@,"W, 115-113",,12:51,2,4,0,0,0,0,0,3,3,0,1,1,5,5,4
James Wiseman,https://www.basketball-reference.com/players/w/wisemja01.html,2021,2021-01-20,GSW,SAS,,"W, 121-99",,25:20,8,11,0,0,4,5,1,5,6,4,0,0,0,4,20
James Wiseman,https://www.basketball-reference.com/players/w/wisemja01.html,2021,2021-01-21,GSW,NYK,,"L, 104-119",,24:47,5,9,0,1,5,7,3,5,8,2,1,0,1,1,15
James Wiseman,https://www.basketball-reference.com/players/w/wisemja01.html,2021,2021-01-23,GSW,UTA,@,"L, 108-127",,24:47,7,15,0,2,1,3,0,5,5,0,0,2,1,2,15
James Wiseman,https://www.basketball-reference.com/players/w/wisemja01.html,2021,2021-01-25,GSW,MIN,,"W, 130-108",,15:47,4,5,0,0,5,8,1,3,4,0,0,2,2,4,13
James Wiseman,https://www.basketball-reference.com/players/w/wisemja01.html,2021,2021-01-27,GSW,MIN,,"W, 123-111",,24:18,9,14,3,3,4,6,3,3,6,0,0,2,4,3,25
James Wiseman,https://www.basketball-reference.com/players/w/wisemja01.html,2021,2021-01-28,GSW,PHO,@,"L, 93-114",,18:31,2,9,0,0,1,2,4,2,6,1,1,0,1,2,5
James Wiseman,https://www.basketball-reference.com/players/w/wisemja01.html,2021,2021-01-30,GSW,DET,,"W, 118-91",,17:15,5,12,0,1,1,1,2,7,9,2,0,0,0,2,11
James Wiseman,https://www.basketball-reference.com/players/w/wisemja01.html,2021,2021-02-02,GSW,BOS,,"L, 107-111",,,,,,,,,,,,,,,,,
James Wiseman,https://www.basketball-reference.com/players/w/wisemja01.html,2021,2021-02-04,GSW,DAL,@,"W, 147-116",,,,,,,,,,,,,,,,,
James Wiseman,https://www.basketball-reference.com/players/w/wisemja01.html,2021,2021-02-06,GSW,DAL,@,"L, 132-134",,,,,,,,,,,,,,,,,
James Wiseman,https://www.basketball-reference.com/players/w/wisemja01.html,2021,2021-02-08,GSW,SAS,@,"L, 100-105",,,,,,,,,,,,,,,,,
James Wiseman,https://www.basketball-reference.com/players/w/wisemja01.html,2021,2021-02-09,GSW,SAS,@,"W, 114-91",,,,,,,,,,,,,,,,,
James Wiseman,https://www.basketball-reference.com/players/w/wisemja01.html,2021,2021-02-11,GSW,ORL,,"W, 111-105",,,,,,,,,,,,,,,,,
James Wiseman,https://www.basketball-reference.com/players/w/wisemja01.html,2021,2021-02-13,GSW,BRK,,"L, 117-134",,,,,,,,,,,,,,,,,
James Wiseman,https://www.basketball-reference.com/players/w/wisemja01.html,2021,2021-02-15,GSW,CLE,,"W, 129-98",,,,,,,,,,,,,,,,,
James Wiseman,https://www.basketball-reference.com/players/w/wisemja01.html,2021,2021-02-17,GSW,MIA,,"W, 120-112 (OT)",,,,,,,,,,,,,,,,,
James Wiseman,https://www.basketball-reference.com/players/w/wisemja01.html,2021,2021-02-19,GSW,ORL,@,"L, 120-124",,,,,,,,,,,,,,,,,
James Wiseman,https://www.basketball-reference.com/players/w/wisemja01.html,2021,2021-02-20,GSW,CHO,@,"L, 100-102",,,,,,,,,,,,,,,,,
James Wiseman,https://www.basketball-reference.com/players/w/wisemja01.html,2021,2021-02-23,GSW,NYK,@,"W, 114-106",,15:44,6,9,0,0,2,2,0,2,2,1,0,0,0,1,14
James Wiseman,https://www.basketball-reference.com/players/w/wisemja01.html,2021,2021-02-24,GSW,IND,@,"W, 111-107",,18:20,5,8,1,1,0,0,2,3,5,0,1,0,2,6,11
James Wiseman,https://www.basketball-reference.com/players/w/wisemja01.html,2021,2021-02-26,GSW,CHO,,"W, 130-121",,16:49,7,10,0,0,2,2,0,4,4,0,0,0,2,1,16
James Wiseman,https://www.basketball-reference.com/players/w/wisemja01.html,2021,2021-02-28,GSW,LAL,@,"L, 91-117",,25:14,2,7,0,2,1,3,1,7,8,0,0,1,1,6,5
James Wiseman,https://www.basketball-reference.com/players/w/wisemja01.html,2021,2021-03-03,GSW,POR,@,"L, 106-108",,11:22,3,4,0,0,0,0,0,2,2,0,0,0,1,4,6
James Wiseman,https://www.basketball-reference.com/players/w/wisemja01.html,2021,2021-03-04,GSW,PHO,@,"L, 98-120",,34:35,5,14,0,2,1,2,3,8,11,2,0,1,0,3,11
James Wiseman,https://www.basketball-reference.com/players/w/wisemja01.html,2021,2021-03-11,GSW,LAC,@,"L, 104-130",,12:00,6,7,1,1,1,3,1,6,7,0,0,0,2,1,14
James Wiseman,https://www.basketball-reference.com/players/w/wisemja01.html,2021,2021-03-14,GSW,UTA,,"W, 131-119",,23:12,8,11,0,1,0,0,1,3,4,0,0,1,1,3,16
James Wiseman,https://www.basketball-reference.com/players/w/wisemja01.html,2021,2021-03-15,GSW,LAL,,"L, 97-128",,27:58,3,7,0,1,1,2,5,3,8,1,0,0,3,6,7
James Wiseman,https://www.basketball-reference.com/players/w/wisemja01.html,2021,2021-03-17,GSW,HOU,@,"W, 108-94",,,,,,,,,,,,,,,,,
James Wiseman,https://www.basketball-reference.com/players/w/wisemja01.html,2021,2021-03-19,GSW,MEM,@,"W, 116-103",,,,,,,,,,,,,,,,,
James Wiseman,https://www.basketball-reference.com/players/w/wisemja01.html,2021,2021-03-20,GSW,MEM,@,"L, 103-111",,,,,,,,,,,,,,,,,
James Wiseman,https://www.basketball-reference.com/players/w/wisemja01.html,2021,2021-03-23,GSW,PHI,,"L, 98-108",,25:51,5,13,0,1,1,2,0,4,4,2,0,1,0,3,11
James Wiseman,https://www.basketball-reference.com/players/w/wisemja01.html,2021,2021-03-25,GSW,SAC,@,"L, 119-141",,29:26,3,8,0,1,0,0,1,7,8,0,0,0,5,4,6
James Wiseman,https://www.basketball-reference.com/players/w/wisemja01.html,2021,2021-03-26,GSW,ATL,,"L, 108-124",,26:32,7,13,0,1,4,4,0,5,5,0,1,0,1,4,18
James Wiseman,https://www.basketball-reference.com/players/w/wisemja01.html,2021,2021-03-29,GSW,CHI,,"W, 116-102",,27:48,6,8,0,0,0,0,2,3,5,0,0,4,1,4,12
James Wiseman,https://www.basketball-reference.com/players/w/wisemja01.html,2021,2021-04-01,GSW,MIA,@,"L, 109-116",,19:29,1,5,0,0,2,2,3,1,4,1,0,0,5,3,4
James Wiseman,https://www.basketball-reference.com/players/w/wisemja01.html,2021,2021-04-02,GSW,TOR,@,"L, 77-130",,30:34,4,11,1,2,0,0,1,4,5,2,0,1,3,4,9
James Wiseman,https://www.basketball-reference.com/players/w/wisemja01.html,2021,2021-04-04,GSW,ATL,@,"L, 111-117",,17:39,4,9,0,1,0,0,1,4,5,0,0,0,0,1,8
James Wiseman,https://www.basketball-reference.com/players/w/wisemja01.html,2021,2021-04-06,GSW,MIL,,"W, 122-121",,25:19,6,13,0,1,1,1,3,7,10,2,0,1,0,0,13
James Wiseman,https://www.basketball-reference.com/players/w/wisemja01.html,2021,2021-04-09,GSW,WAS,,"L, 107-110",,23:18,9,11,0,1,0,0,1,5,6,1,0,0,1,4,18
James Wiseman,https://www.basketball-reference.com/players/w/wisemja01.html,2021,2021-04-10,GSW,HOU,,"W, 125-109",,06:07,3,5,0,0,0,2,0,1,1,0,1,0,0,0,6
James Wiseman,https://www.basketball-reference.com/players/w/wisemja01.html,2021,2021-04-12,GSW,DEN,,"W, 116-107",,,,,,,,,,,,,,,,,
James Wiseman,https://www.basketball-reference.com/players/w/wisemja01.html,2021,2021-04-14,GSW,OKC,@,"W, 147-109",,,,,,,,,,,,,,,,,
James Wiseman,https://www.basketball-reference.com/players/w/wisemja01.html,2021,2021-04-15,GSW,CLE,@,"W, 119-101",,,,,,,,,,,,,,,,,
James Wiseman,https://www.basketball-reference.com/players/w/wisemja01.html,2021,2021-04-17,GSW,BOS,@,"L, 114-119",,,,,,,,,,,,,,,,,
James Wiseman,https://www.basketball-reference.com/players/w/wisemja01.html,2021,2021-04-19,GSW,PHI,@,"W, 107-96",,,,,,,,,,,,,,,,,
James Wiseman,https://www.basketball-reference.com/players/w/wisemja01.html,2021,2021-04-21,GSW,WAS,@,"L, 114-118",,,,,,,,,,,,,,,,,
James Wiseman,https://www.basketball-reference.com/players/w/wisemja01.html,2021,2021-04-23,GSW,DEN,,"W, 118-97",,,,,,,,,,,,,,,,,
James Wiseman,https://www.basketball-reference.com/players/w/wisemja01.html,2021,2021-04-25,GSW,SAC,,"W, 117-113",,,,,,,,,,,,,,,,,
James Wiseman,https://www.basketball-reference.com/players/w/wisemja01.html,2021,2021-04-27,GSW,DAL,,"L, 103-133",,,,,,,,,,,,,,,,,
James Wiseman,https://www.basketball-reference.com/players/w/wisemja01.html,2021,2021-04-29,GSW,MIN,@,"L, 114-126",,,,,,,,,,,,,,,,,
James Wiseman,https://www.basketball-reference.com/players/w/wisemja01.html,2021,2021-05-01,GSW,HOU,@,"W, 113-87",,,,,,,,,,,,,,,,,
James Wiseman,https://www.basketball-reference.com/players/w/wisemja01.html,2021,2021-05-03,GSW,NOP,@,"W, 123-108",,,,,,,,,,,,,,,,,
James Wiseman,https://www.basketball-reference.com/players/w/wisemja01.html,2021,2021-05-04,GSW,NOP,@,"L, 103-108",,,,,,,,,,,,,,,,,
James Wiseman,https://www.basketball-reference.com/players/w/wisemja01.html,2021,2021-05-06,GSW,OKC,,"W, 118-97",,,,,,,,,,,,,,,,,
James Wiseman,https://www.basketball-reference.com/players/w/wisemja01.html,2021,2021-05-08,GSW,OKC,,"W, 136-97",,,,,,,,,,,,,,,,,
James Wiseman,https://www.basketball-reference.com/players/w/wisemja01.html,2021,2021-05-10,GSW,UTA,,"W, 119-116",,,,,,,,,,,,,,,,,
James Wiseman,https://www.basketball-reference.com/players/w/wisemja01.html,2021,2021-05-11,GSW,PHO,,"W, 122-116",,,,,,,,,,,,,,,,,
James Wiseman,https://www.basketball-reference.com/players/w/wisemja01.html,2021,2021-05-14,GSW,NOP,,"W, 125-122",,,,,,,,,,,,,,,,,
James Wiseman,https://www.basketball-reference.com/players/w/wisemja01.html,2021,2021-05-16,GSW,MEM,,"W, 113-101",,,,,,,,,,,,,,,,,
Armoni Brooks,https://www.basketball-reference.com/players/b/brookar01.html,2021,2021-04-04,HOU,NOP,,"L, 115-122",,,,,,,,,,,,,,,,,
Armoni Brooks,https://www.basketball-reference.com/players/b/brookar01.html,2021,2021-04-05,HOU,PHO,,"L, 130-133",,,,,,,,,,,,,,,,,
Armoni Brooks,https://www.basketball-reference.com/players/b/brookar01.html,2021,2021-04-07,HOU,DAL,,"W, 102-93",,,,,,,,,,,,,,,,,
Armoni Brooks,https://www.basketball-reference.com/players/b/brookar01.html,2021,2021-04-09,HOU,LAC,@,"L, 109-126",,02:58,0,2,0,2,0,0,0,1,1,0,0,0,0,0,0
Armoni Brooks,https://www.basketball-reference.com/players/b/brookar01.html,2021,2021-04-10,HOU,GSW,@,"L, 109-125",,,,,,,,,,,,,,,,,
Armoni Brooks,https://www.basketball-reference.com/players/b/brookar01.html,2021,2021-04-12,HOU,PHO,@,"L, 120-126",,14:10,5,6,4,5,0,0,0,1,1,0,0,0,1,0,14
Armoni Brooks,https://www.basketball-reference.com/players/b/brookar01.html,2021,2021-04-14,HOU,IND,,"L, 124-132",,14:11,2,5,2,4,0,0,0,1,1,0,1,0,0,0,6
Armoni Brooks,https://www.basketball-reference.com/players/b/brookar01.html,2021,2021-04-16,HOU,DEN,,"L, 99-128",,20:55,2,6,0,4,0,0,0,6,6,3,0,0,2,3,4
Armoni Brooks,https://www.basketball-reference.com/players/b/brookar01.html,2021,2021-04-18,HOU,ORL,@,"W, 114-110",,26:00,5,7,5,6,1,3,1,1,2,1,2,0,1,2,16
Armoni Brooks,https://www.basketball-reference.com/players/b/brookar01.html,2021,2021-04-19,HOU,MIA,@,"L, 91-113",,25:50,3,12,2,11,0,0,0,4,4,0,1,0,0,0,8
Armoni Brooks,https://www.basketball-reference.com/players/b/brookar01.html,2021,2021-04-21,HOU,UTA,,"L, 89-112",,34:44,2,11,2,9,0,0,3,7,10,4,0,1,2,3,6
Armoni Brooks,https://www.basketball-reference.com/players/b/brookar01.html,2021,2021-04-23,HOU,LAC,,"L, 104-109",,30:07,3,8,3,8,0,0,1,3,4,0,0,0,0,1,9
Armoni Brooks,https://www.basketball-reference.com/players/b/brookar01.html,2021,2021-04-24,HOU,DEN,@,"L, 116-129",,42:46,4,12,3,11,1,2,0,7,7,5,0,0,5,4,12
Armoni Brooks,https://www.basketball-reference.com/players/b/brookar01.html,2021,2021-04-27,HOU,MIN,,"L, 107-114",,11:10,0,2,0,1,0,0,0,0,0,0,0,0,1,1,0
Armoni Brooks,https://www.basketball-reference.com/players/b/brookar01.html,2021,2021-04-29,HOU,MIL,,"W, 143-136",,19:44,2,5,2,4,0,0,0,1,1,0,0,1,0,1,6
Armoni Brooks,https://www.basketball-reference.com/players/b/brookar01.html,2021,,,,,,,,,,,,,,,,,,,,,,
Armoni Brooks,https://www.basketball-reference.com/players/b/brookar01.html,2021,2021-05-01,HOU,GSW,,"L, 87-113",,30:50,3,13,3,10,1,2,1,4,5,1,0,0,1,3,10
Armoni Brooks,https://www.basketball-reference.com/players/b/brookar01.html,2021,2021-05-02,HOU,NYK,,"L, 97-122",,17:46,1,7,1,7,0,0,0,3,3,1,0,0,1,0,3
Armoni Brooks,https://www.basketball-reference.com/players/b/brookar01.html,2021,2021-05-05,HOU,PHI,,"L, 115-135",,30:57,7,16,6,14,0,0,0,2,2,1,1,0,2,1,20
Armoni Brooks,https://www.basketball-reference.com/players/b/brookar01.html,2021,2021-05-07,HOU,MIL,@,"L, 133-141",,34:29,7,14,5,9,0,0,1,2,3,6,3,1,3,3,19
Armoni Brooks,https://www.basketball-reference.com/players/b/brookar01.html,2021,2021-05-08,HOU,UTA,@,"L, 116-124",,33:00,5,9,3,7,2,2,0,2,2,3,1,1,0,3,15
Armoni Brooks,https://www.basketball-reference.com/players/b/brookar01.html,2021,2021-05-10,HOU,POR,@,"L, 129-140",,24:00,6,9,6,9,0,0,0,3,3,1,0,1,1,2,18
Armoni Brooks,https://www.basketball-reference.com/players/b/brookar01.html,2021,2021-05-12,HOU,LAL,@,"L, 122-124",,36:54,9,18,4,11,2,3,3,3,6,1,1,0,1,2,24
Armoni Brooks,https://www.basketball-reference.com/players/b/brookar01.html,2021,2021-05-14,HOU,LAC,,"W, 122-115",,35:25,6,11,3,7,0,0,0,3,3,3,0,0,0,2,15
Armoni Brooks,https://www.basketball-reference.com/players/b/brookar01.html,2021,2021-05-16,HOU,ATL,@,"L, 95-124",,34:25,6,19,6,18,0,0,0,4,4,0,2,0,1,3,18
Mason Jones,https://www.basketball-reference.com/players/j/jonesma05.html,2021,2020-12-26,HOU,POR,@,"L, 126-128 (OT)",,,,,,,,,,,,,,,,,
Mason Jones,https://www.basketball-reference.com/players/j/jonesma05.html,2021,2020-12-28,HOU,DEN,@,"L, 111-124",,,,,,,,,,,,,,,,,
Mason Jones,https://www.basketball-reference.com/players/j/jonesma05.html,2021,2020-12-31,HOU,SAC,,"W, 122-119",,,,,,,,,,,,,,,,,
Mason Jones,https://www.basketball-reference.com/players/j/jonesma05.html,2021,,,,,,,,,,,,,,,,,,,,,,
Mason Jones,https://www.basketball-reference.com/players/j/jonesma05.html,2021,2021-01-02,HOU,SAC,,"W, 102-94",,,,,,,,,,,,,,,,,
Mason Jones,https://www.basketball-reference.com/players/j/jonesma05.html,2021,2021-01-04,HOU,DAL,,"L, 100-113",,,,,,,,,,,,,,,,,
Mason Jones,https://www.basketball-reference.com/players/j/jonesma05.html,2021,2021-01-06,HOU,IND,@,"L, 107-114",,,,,,,,,,,,,,,,,
Mason Jones,https://www.basketball-reference.com/players/j/jonesma05.html,2021,2021-01-08,HOU,ORL,,"W, 132-90",,07:22,1,3,0,1,0,0,1,0,1,2,0,0,1,0,2
Mason Jones,https://www.basketball-reference.com/players/j/jonesma05.html,2021,2021-01-10,HOU,LAL,,"L, 102-120",,03:02,1,2,0,1,1,2,1,2,3,0,0,0,0,0,3
Mason Jones,https://www.basketball-reference.com/players/j/jonesma05.html,2021,2021-01-12,HOU,LAL,,"L, 100-117",,12:00,1,4,1,3,2,4,0,3,3,1,1,0,0,2,5
Mason Jones,https://www.basketball-reference.com/players/j/jonesma05.html,2021,2021-01-14,HOU,SAS,@,"W, 109-105",,14:28,4,8,0,1,1,1,0,1,1,1,0,0,3,1,9
Mason Jones,https://www.basketball-reference.com/players/j/jonesma05.html,2021,2021-01-16,HOU,SAS,@,"L, 91-103",,35:22,8,12,6,8,2,4,1,5,6,4,0,0,6,2,24
Mason Jones,https://www.basketball-reference.com/players/j/jonesma05.html,2021,2021-01-18,HOU,CHI,@,"L, 120-125",,14:26,3,4,2,3,2,4,0,0,0,2,1,0,0,0,10
Mason Jones,https://www.basketball-reference.com/players/j/jonesma05.html,2021,2021-01-20,HOU,PHO,,"L, 103-109",,11:52,3,5,2,3,0,0,0,0,0,0,2,0,3,0,8
Mason Jones,https://www.basketball-reference.com/players/j/jonesma05.html,2021,2021-01-22,HOU,DET,@,"W, 103-102",,03:11,0,1,0,0,0,0,0,1,1,0,0,0,0,1,0
Mason Jones,https://www.basketball-reference.com/players/j/jonesma05.html,2021,2021-01-23,HOU,DAL,@,"W, 133-108",,18:36,6,8,3,4,1,2,0,5,5,3,0,0,1,4,16
Mason Jones,https://www.basketball-reference.com/players/j/jonesma05.html,2021,2021-01-26,HOU,WAS,,"W, 107-88",,,,,,,,,,,,,,,,,
Mason Jones,https://www.basketball-reference.com/players/j/jonesma05.html,2021,2021-01-28,HOU,POR,,"W, 104-101",,,,,,,,,,,,,,,,,
Mason Jones,https://www.basketball-reference.com/players/j/jonesma05.html,2021,2021-01-30,HOU,NOP,@,"W, 126-112",,05:01,0,1,0,1,0,0,0,1,1,1,0,0,0,2,0
Mason Jones,https://www.basketball-reference.com/players/j/jonesma05.html,2021,2021-02-01,HOU,OKC,@,"W, 136-106",,08:41,2,3,1,1,0,0,0,3,3,3,0,0,0,1,5
Mason Jones,https://www.basketball-reference.com/players/j/jonesma05.html,2021,2021-02-03,HOU,OKC,@,"L, 87-104",,11:05,1,3,0,2,2,4,0,3,3,2,0,0,1,1,4
Mason Jones,https://www.basketball-reference.com/players/j/jonesma05.html,2021,2021-02-04,HOU,MEM,@,"W, 115-103",,07:52,0,0,0,0,0,0,0,0,0,0,0,0,1,1,0
Mason Jones,https://www.basketball-reference.com/players/j/jonesma05.html,2021,2021-02-06,HOU,SAS,,"L, 106-111",,,,,,,,,,,,,,,,,
Mason Jones,https://www.basketball-reference.com/players/j/jonesma05.html,2021,2021-02-08,HOU,CHO,@,"L, 94-119",,15:13,2,6,2,5,0,0,0,2,2,2,0,0,1,0,6
Mason Jones,https://www.basketball-reference.com/players/j/jonesma05.html,2021,2021-02-09,HOU,NOP,@,"L, 101-130",,01:46,0,1,0,0,0,0,0,0,0,0,0,0,0,1,0
Mason Jones,https://www.basketball-reference.com/players/j/jonesma05.html,2021,2021-02-11,HOU,MIA,,"L, 94-101",,,,,,,,,,,,,,,,,
Mason Jones,https://www.basketball-reference.com/players/j/jonesma05.html,2021,2021-02-13,HOU,NYK,@,"L, 99-121",,08:35,0,3,0,3,1,2,0,4,4,1,0,0,1,0,1
Mason Jones,https://www.basketball-reference.com/players/j/jonesma05.html,2021,2021-02-15,HOU,WAS,@,"L, 119-131",,13:05,1,5,0,3,4,6,0,1,1,2,1,0,1,2,6
Mason Jones,https://www.basketball-reference.com/players/j/jonesma05.html,2021,2021-02-17,HOU,PHI,@,"L, 113-118",,09:32,0,3,0,2,1,2,0,2,2,0,1,0,2,0,1
Mason Jones,https://www.basketball-reference.com/players/j/jonesma05.html,2021,2021-02-22,HOU,CHI,,"L, 100-120",,08:41,1,3,0,0,1,1,0,2,2,0,0,0,1,2,3
Mason Jones,https://www.basketball-reference.com/players/j/jonesma05.html,2021,2021-02-24,HOU,CLE,@,"L, 96-112",,,,,,,,,,,,,,,,,
Mason Jones,https://www.basketball-reference.com/players/j/jonesma05.html,2021,2021-02-26,HOU,TOR,@,"L, 111-122",,,,,,,,,,,,,,,,,
Mason Jones,https://www.basketball-reference.com/players/j/jonesma05.html,2021,2021-02-28,HOU,MEM,,"L, 84-133",,15:36,1,5,1,5,9,10,1,4,5,2,0,0,2,0,12
Mason Jones,https://www.basketball-reference.com/players/j/jonesma05.html,2021,2021-03-01,HOU,CLE,,"L, 90-101",,04:32,1,2,0,1,1,1,0,1,1,0,0,0,1,0,3
Mason Jones,https://www.basketball-reference.com/players/j/jonesma05.html,2021,2021-03-03,HOU,BRK,,"L, 114-132",,14:29,2,5,0,2,0,0,0,2,2,3,0,0,1,2,4
Mason Jones,https://www.basketball-reference.com/players/j/jonesma05.html,2021,2021-03-12,HOU,UTA,@,"L, 99-114",,10:21,0,4,0,3,1,1,0,0,0,2,0,0,1,0,1
Mason Jones,https://www.basketball-reference.com/players/j/jonesma05.html,2021,2021-03-14,HOU,BOS,,"L, 107-134",,12:00,5,7,4,5,0,3,0,1,1,3,0,0,1,0,14
Mason Jones,https://www.basketball-reference.com/players/j/jonesma05.html,2021,2021-03-16,HOU,ATL,,"L, 107-119",,16:44,3,8,1,5,2,2,0,0,0,2,0,0,0,0,9
Mason Jones,https://www.basketball-reference.com/players/j/jonesma05.html,2021,2021-03-17,HOU,GSW,,"L, 94-108",,23:45,1,8,0,2,4,8,0,4,4,3,0,1,0,0,6
Mason Jones,https://www.basketball-reference.com/players/j/jonesma05.html,2021,2021-03-19,HOU,DET,,"L, 100-113",,,,,,,,,,,,,,,,,
Mason Jones,https://www.basketball-reference.com/players/j/jonesma05.html,2021,2021-03-21,HOU,OKC,,"L, 112-114",,,,,,,,,,,,,,,,,
Mason Jones,https://www.basketball-reference.com/players/j/jonesma05.html,2021,2021-03-27,PHI,LAC,@,"L, 112-122",,,,,,,,,,,,,,,,,
Mason Jones,https://www.basketball-reference.com/players/j/jonesma05.html,2021,2021-03-30,PHI,DEN,@,"L, 95-104",,,,,,,,,,,,,,,,,
Mason Jones,https://www.basketball-reference.com/players/j/jonesma05.html,2021,2021-04-01,PHI,CLE,@,"W, 114-94",,,,,,,,,,,,,,,,,
Mason Jones,https://www.basketball-reference.com/players/j/jonesma05.html,2021,2021-04-03,PHI,MIN,,"W, 122-113",,,,,,,,,,,,,,,,,
Mason Jones,https://www.basketball-reference.com/players/j/jonesma05.html,2021,2021-04-04,PHI,MEM,,"L, 100-116",,09:29,3,3,0,0,0,0,2,0,2,1,0,0,0,0,6
Mason Jones,https://www.basketball-reference.com/players/j/jonesma05.html,2021,2021-04-06,PHI,BOS,@,"W, 106-96",,,,,,,,,,,,,,,,,
Mason Jones,https://www.basketball-reference.com/players/j/jonesma05.html,2021,2021-04-09,PHI,NOP,@,"L, 94-101",,00:31,0,0,0,0,0,0,0,0,0,1,0,0,0,0,0
Mason Jones,https://www.basketball-reference.com/players/j/jonesma05.html,2021,2021-04-10,PHI,OKC,@,"W, 117-93",,04:00,1,2,1,1,0,0,0,1,1,0,0,0,0,0,3
Mason Jones,https://www.basketball-reference.com/players/j/jonesma05.html,2021,2021-04-12,PHI,DAL,@,"W, 113-95",,01:21,0,1,0,1,0,0,0,0,0,0,0,0,0,0,0
Mason Jones,https://www.basketball-reference.com/players/j/jonesma05.html,2021,2021-04-14,PHI,BRK,,"W, 123-117",,,,,,,,,,,,,,,,,
Mason Jones,https://www.basketball-reference.com/players/j/jonesma05.html,2021,2021-04-16,PHI,LAC,,"W, 106-103",,,,,,,,,,,,,,,,,
Mason Jones,https://www.basketball-reference.com/players/j/jonesma05.html,2021,2021-04-19,PHI,GSW,,"L, 96-107",,,,,,,,,,,,,,,,,
Mason Jones,https://www.basketball-reference.com/players/j/jonesma05.html,2021,2021-04-21,PHI,PHO,,"L, 113-116",,,,,,,,,,,,,,,,,
Mason Jones,https://www.basketball-reference.com/players/j/jonesma05.html,2021,2021-04-22,PHI,MIL,@,"L, 117-124",,,,,,,,,,,,,,,,,
Mason Jones,https://www.basketball-reference.com/players/j/jonesma05.html,2021,2021-04-24,PHI,MIL,@,"L, 94-132",,05:55,0,1,0,0,5,7,1,0,1,1,0,0,0,0,5
Mason Jones,https://www.basketball-reference.com/players/j/jonesma05.html,2021,2021-04-26,PHI,OKC,,"W, 121-90",,05:56,1,2,0,0,0,0,0,0,0,0,1,0,1,2,2
Mason Jones,https://www.basketball-reference.com/players/j/jonesma05.html,2021,2021-04-28,PHI,ATL,,"W, 127-83",,,,,,,,,,,,,,,,,
Mason Jones,https://www.basketball-reference.com/players/j/jonesma05.html,2021,2021-04-30,PHI,ATL,,"W, 126-104",,,,,,,,,,,,,,,,,
Mason Jones,https://www.basketball-reference.com/players/j/jonesma05.html,2021,2021-05-02,PHI,SAS,@,"W, 113-111 (OT)",,,,,,,,,,,,,,,,,
Mason Jones,https://www.basketball-reference.com/players/j/jonesma05.html,2021,2021-05-03,PHI,CHI,@,"W, 106-94",,,,,,,,,,,,,,,,,
Mason Jones,https://www.basketball-reference.com/players/j/jonesma05.html,2021,2021-05-05,PHI,HOU,@,"W, 135-115",,,,,,,,,,,,,,,,,
Rodions Kurucs,https://www.basketball-reference.com/players/k/kurucro01.html,2021,2020-12-22,BRK,GSW,,"W, 125-99",,06:36,1,1,1,1,0,0,0,1,1,0,0,0,0,0,3
Rodions Kurucs,https://www.basketball-reference.com/players/k/kurucro01.html,2021,2020-12-25,BRK,BOS,@,"W, 123-95",,02:30,0,1,0,0,0,0,0,1,1,0,0,0,0,1,0
Rodions Kurucs,https://www.basketball-reference.com/players/k/kurucro01.html,2021,2020-12-27,BRK,CHO,@,"L, 104-106",,,,,,,,,,,,,,,,,
Rodions Kurucs,https://www.basketball-reference.com/players/k/kurucro01.html,2021,2020-12-28,BRK,MEM,,"L, 111-116 (OT)",,,,,,,,,,,,,,,,,
Rodions Kurucs,https://www.basketball-reference.com/players/k/kurucro01.html,2021,2020-12-30,BRK,ATL,,"W, 145-141",,,,,,,,,,,,,,,,,
Rodions Kurucs,https://www.basketball-reference.com/players/k/kurucro01.html,2021,,,,,,,,,,,,,,,,,,,,,,
Rodions Kurucs,https://www.basketball-reference.com/players/k/kurucro01.html,2021,2021-01-01,BRK,ATL,,"L, 96-114",,03:00,0,1,0,1,0,0,0,1,1,0,0,0,0,0,0
Rodions Kurucs,https://www.basketball-reference.com/players/k/kurucro01.html,2021,2021-01-03,BRK,WAS,,"L, 122-123",,,,,,,,,,,,,,,,,
Rodions Kurucs,https://www.basketball-reference.com/players/k/kurucro01.html,2021,2021-01-05,BRK,UTA,,"W, 130-96",,,,,,,,,,,,,,,,,
Rodions Kurucs,https://www.basketball-reference.com/players/k/kurucro01.html,2021,2021-01-07,BRK,PHI,,"W, 122-109",,01:27,0,0,0,0,0,0,0,0,0,0,0,0,0,0,0
Rodions Kurucs,https://www.basketball-reference.com/players/k/kurucro01.html,2021,2021-01-08,BRK,MEM,@,"L, 110-115",,,,,,,,,,,,,,,,,
Rodions Kurucs,https://www.basketball-reference.com/players/k/kurucro01.html,2021,2021-01-10,BRK,OKC,,"L, 116-129",,02:15,0,0,0,0,0,0,0,0,0,2,0,0,0,0,0
Rodions Kurucs,https://www.basketball-reference.com/players/k/kurucro01.html,2021,2021-01-12,BRK,DEN,,"W, 122-116",,,,,,,,,,,,,,,,,
Rodions Kurucs,https://www.basketball-reference.com/players/k/kurucro01.html,2021,2021-01-13,BRK,NYK,@,"W, 116-109",,,,,,,,,,,,,,,,,
Rodions Kurucs,https://www.basketball-reference.com/players/k/kurucro01.html,2021,2021-01-14,HOU,SAS,@,"W, 109-105",,,,,,,,,,,,,,,,,
Rodions Kurucs,https://www.basketball-reference.com/players/k/kurucro01.html,2021,2021-01-16,HOU,SAS,@,"L, 91-103",,21:18,1,5,0,4,0,0,0,4,4,1,2,0,2,3,2
Rodions Kurucs,https://www.basketball-reference.com/players/k/kurucro01.html,2021,2021-01-18,HOU,CHI,@,"L, 120-125",,,,,,,,,,,,,,,,,
Rodions Kurucs,https://www.basketball-reference.com/players/k/kurucro01.html,2021,2021-01-20,HOU,PHO,,"L, 103-109",,,,,,,,,,,,,,,,,
Rodions Kurucs,https://www.basketball-reference.com/players/k/kurucro01.html,2021,2021-01-22,HOU,DET,@,"W, 103-102",,,,,,,,,,,,,,,,,
Rodions Kurucs,https://www.basketball-reference.com/players/k/kurucro01.html,2021,2021-01-23,HOU,DAL,@,"W, 133-108",,05:27,1,2,0,0,0,0,0,2,2,0,1,0,1,1,2
Rodions Kurucs,https://www.basketball-reference.com/players/k/kurucro01.html,2021,2021-01-26,HOU,WAS,,"W, 107-88",,,,,,,,,,,,,,,,,
Rodions Kurucs,https://www.basketball-reference.com/players/k/kurucro01.html,2021,2021-01-28,HOU,POR,,"W, 104-101",,,,,,,,,,,,,,,,,
Rodions Kurucs,https://www.basketball-reference.com/players/k/kurucro01.html,2021,2021-01-30,HOU,NOP,@,"W, 126-112",,05:01,0,0,0,0,0,0,1,0,1,0,0,0,2,0,0
Rodions Kurucs,https://www.basketball-reference.com/players/k/kurucro01.html,2021,2021-02-01,HOU,OKC,@,"W, 136-106",,05:03,0,2,0,1,0,0,0,0,0,0,0,0,0,0,0
Rodions Kurucs,https://www.basketball-reference.com/players/k/kurucro01.html,2021,2021-02-03,HOU,OKC,@,"L, 87-104",,05:40,1,1,1,1,0,0,0,1,1,1,0,0,0,1,3
Rodions Kurucs,https://www.basketball-reference.com/players/k/kurucro01.html,2021,2021-02-04,HOU,MEM,@,"W, 115-103",,04:11,1,2,1,2,1,2,0,0,0,0,0,0,0,1,4
Rodions Kurucs,https://www.basketball-reference.com/players/k/kurucro01.html,2021,2021-02-06,HOU,SAS,,"L, 106-111",,,,,,,,,,,,,,,,,
Rodions Kurucs,https://www.basketball-reference.com/players/k/kurucro01.html,2021,2021-02-08,HOU,CHO,@,"L, 94-119",,04:31,0,2,0,2,0,0,0,0,0,0,1,2,0,0,0
Rodions Kurucs,https://www.basketball-reference.com/players/k/kurucro01.html,2021,2021-02-09,HOU,NOP,@,"L, 101-130",,01:46,0,1,0,1,0,0,0,0,0,0,0,0,2,0,0
Rodions Kurucs,https://www.basketball-reference.com/players/k/kurucro01.html,2021,2021-02-11,HOU,MIA,,"L, 94-101",,,,,,,,,,,,,,,,,
Rodions Kurucs,https://www.basketball-reference.com/players/k/kurucro01.html,2021,2021-02-13,HOU,NYK,@,"L, 99-121",,03:49,1,2,0,1,0,0,1,0,1,0,1,0,0,1,2
Rodions Kurucs,https://www.basketball-reference.com/players/k/kurucro01.html,2021,2021-02-15,HOU,WAS,@,"L, 119-131",,,,,,,,,,,,,,,,,
Rodions Kurucs,https://www.basketball-reference.com/players/k/kurucro01.html,2021,2021-02-17,HOU,PHI,@,"L, 113-118",,,,,,,,,,,,,,,,,
Rodions Kurucs,https://www.basketball-reference.com/players/k/kurucro01.html,2021,2021-02-22,HOU,CHI,,"L, 100-120",,09:44,0,2,0,2,0,0,0,1,1,0,0,1,1,0,0
Rodions Kurucs,https://www.basketball-reference.com/players/k/kurucro01.html,2021,2021-02-24,HOU,CLE,@,"L, 96-112",,,,,,,,,,,,,,,,,
Rodions Kurucs,https://www.basketball-reference.com/players/k/kurucro01.html,2021,2021-02-26,HOU,TOR,@,"L, 111-122",,,,,,,,,,,,,,,,,
Rodions Kurucs,https://www.basketball-reference.com/players/k/kurucro01.html,2021,2021-02-28,HOU,MEM,,"L, 84-133",,08:33,0,2,0,1,0,0,0,1,1,2,1,1,1,0,0
Rodions Kurucs,https://www.basketball-reference.com/players/k/kurucro01.html,2021,2021-03-01,HOU,CLE,,"L, 90-101",,,,,,,,,,,,,,,,,
Rodions Kurucs,https://www.basketball-reference.com/players/k/kurucro01.html,2021,2021-03-03,HOU,BRK,,"L, 114-132",,,,,,,,,,,,,,,,,
Rodions Kurucs,https://www.basketball-reference.com/players/k/kurucro01.html,2021,2021-03-11,HOU,SAC,@,"L, 105-125",,,,,,,,,,,,,,,,,
Rodions Kurucs,https://www.basketball-reference.com/players/k/kurucro01.html,2021,2021-03-12,HOU,UTA,@,"L, 99-114",,,,,,,,,,,,,,,,,
Rodions Kurucs,https://www.basketball-reference.com/players/k/kurucro01.html,2021,2021-03-14,HOU,BOS,,"L, 107-134",,,,,,,,,,,,,,,,,
Rodions Kurucs,https://www.basketball-reference.com/players/k/kurucro01.html,2021,2021-03-16,HOU,ATL,,"L, 107-119",,,,,,,,,,,,,,,,,
Rodions Kurucs,https://www.basketball-reference.com/players/k/kurucro01.html,2021,2021-03-17,HOU,GSW,,"L, 94-108",,,,,,,,,,,,,,,,,
Rodions Kurucs,https://www.basketball-reference.com/players/k/kurucro01.html,2021,2021-03-20,MIL,SAS,,"W, 120-113",,,,,,,,,,,,,,,,,
Rodions Kurucs,https://www.basketball-reference.com/players/k/kurucro01.html,2021,2021-03-22,MIL,IND,,"W, 140-113",,,,,,,,,,,,,,,,,
Rodions Kurucs,https://www.basketball-reference.com/players/k/kurucro01.html,2021,2021-03-24,MIL,BOS,,"W, 121-119",,,,,,,,,,,,,,,,,
Rodions Kurucs,https://www.basketball-reference.com/players/k/kurucro01.html,2021,2021-03-26,MIL,BOS,,"L, 114-122",,,,,,,,,,,,,,,,,
Rodions Kurucs,https://www.basketball-reference.com/players/k/kurucro01.html,2021,2021-03-27,MIL,NYK,,"L, 96-102",,,,,,,,,,,,,,,,,
Rodions Kurucs,https://www.basketball-reference.com/players/k/kurucro01.html,2021,2021-03-29,MIL,LAC,@,"L, 105-129",,,,,,,,,,,,,,,,,
Rodions Kurucs,https://www.basketball-reference.com/players/k/kurucro01.html,2021,2021-03-31,MIL,LAL,@,"W, 112-97",,,,,,,,,,,,,,,,,
Rodions Kurucs,https://www.basketball-reference.com/players/k/kurucro01.html,2021,2021-04-02,MIL,POR,@,"W, 127-109",,,,,,,,,,,,,,,,,
Rodions Kurucs,https://www.basketball-reference.com/players/k/kurucro01.html,2021,2021-04-03,MIL,SAC,@,"W, 129-128",,,,,,,,,,,,,,,,,
Rodions Kurucs,https://www.basketball-reference.com/players/k/kurucro01.html,2021,2021-04-06,MIL,GSW,@,"L, 121-122",,,,,,,,,,,,,,,,,
Rodions Kurucs,https://www.basketball-reference.com/players/k/kurucro01.html,2021,2021-04-08,MIL,DAL,@,"L, 101-116",,,,,,,,,,,,,,,,,
Rodions Kurucs,https://www.basketball-reference.com/players/k/kurucro01.html,2021,2021-04-09,MIL,CHO,,"L, 119-127",,16:57,0,1,0,0,0,0,2,4,6,4,2,0,1,1,0
Rodions Kurucs,https://www.basketball-reference.com/players/k/kurucro01.html,2021,2021-04-11,MIL,ORL,@,"W, 124-87",,05:01,2,2,1,1,0,0,1,1,2,0,0,0,0,2,5
Rodions Kurucs,https://www.basketball-reference.com/players/k/kurucro01.html,2021,2021-04-14,MIL,MIN,@,"W, 130-105",,06:22,3,4,2,2,0,0,0,1,1,0,1,0,2,2,8
Rodions Kurucs,https://www.basketball-reference.com/players/k/kurucro01.html,2021,2021-04-15,MIL,ATL,@,"W, 120-109",,,,,,,,,,,,,,,,,
Rodions Kurucs,https://www.basketball-reference.com/players/k/kurucro01.html,2021,2021-04-17,MIL,MEM,,"L, 115-128",,01:29,0,1,0,1,0,0,0,0,0,0,0,0,0,0,0
Rodions Kurucs,https://www.basketball-reference.com/players/k/kurucro01.html,2021,2021-04-19,MIL,PHO,,"L, 127-128 (OT)",,,,,,,,,,,,,,,,,
Rodions Kurucs,https://www.basketball-reference.com/players/k/kurucro01.html,2021,2021-04-22,MIL,PHI,,"W, 124-117",,,,,,,,,,,,,,,,,
Rodions Kurucs,https://www.basketball-reference.com/players/k/kurucro01.html,2021,2021-04-24,MIL,PHI,,"W, 132-94",,03:52,0,0,0,0,2,2,0,0,0,0,0,0,1,3,2
Rodions Kurucs,https://www.basketball-reference.com/players/k/kurucro01.html,2021,2021-04-25,MIL,ATL,@,"L, 104-111",,,,,,,,,,,,,,,,,
Rodions Kurucs,https://www.basketball-reference.com/players/k/kurucro01.html,2021,2021-04-27,MIL,CHO,@,"W, 114-104",,,,,,,,,,,,,,,,,
Rodions Kurucs,https://www.basketball-reference.com/players/k/kurucro01.html,2021,2021-04-29,MIL,HOU,@,"L, 136-143",,,,,,,,,,,,,,,,,
Rodions Kurucs,https://www.basketball-reference.com/players/k/kurucro01.html,2021,2021-04-30,MIL,CHI,@,"W, 108-98",,,,,,,,,,,,,,,,,
Rodions Kurucs,https://www.basketball-reference.com/players/k/kurucro01.html,2021,2021-05-02,MIL,BRK,,"W, 117-114",,,,,,,,,,,,,,,,,
Rodions Kurucs,https://www.basketball-reference.com/players/k/kurucro01.html,2021,2021-05-04,MIL,BRK,,"W, 124-118",,,,,,,,,,,,,,,,,
Rodions Kurucs,https://www.basketball-reference.com/players/k/kurucro01.html,2021,2021-05-05,MIL,WAS,,"W, 135-134",,,,,,,,,,,,,,,,,
Rodions Kurucs,https://www.basketball-reference.com/players/k/kurucro01.html,2021,2021-05-07,MIL,HOU,,"W, 141-133",,,,,,,,,,,,,,,,,
Rodions Kurucs,https://www.basketball-reference.com/players/k/kurucro01.html,2021,2021-05-10,MIL,SAS,@,"L, 125-146",,,,,,,,,,,,,,,,,
Rodions Kurucs,https://www.basketball-reference.com/players/k/kurucro01.html,2021,2021-05-11,MIL,ORL,,"W, 114-102",,,,,,,,,,,,,,,,,
Anthony Lamb,https://www.basketball-reference.com/players/l/lamban01.html,2021,2021-03-11,HOU,SAC,@,"L, 105-125",,13:28,1,4,1,3,0,0,0,1,1,0,0,0,0,2,3
Anthony Lamb,https://www.basketball-reference.com/players/l/lamban01.html,2021,2021-03-12,HOU,UTA,@,"L, 99-114",,22:39,1,7,1,5,0,0,6,2,8,1,0,0,1,4,3
Anthony Lamb,https://www.basketball-reference.com/players/l/lamban01.html,2021,2021-03-14,HOU,BOS,,"L, 107-134",,19:59,0,5,0,3,0,0,1,3,4,0,0,0,1,1,0
Anthony Lamb,https://www.basketball-reference.com/players/l/lamban01.html,2021,2021-03-16,HOU,ATL,,"L, 107-119",,18:06,0,4,0,2,0,0,1,3,4,0,0,0,0,4,0
Anthony Lamb,https://www.basketball-reference.com/players/l/lamban01.html,2021,2021-03-17,HOU,GSW,,"L, 94-108",,26:43,3,7,0,2,3,4,3,6,9,1,1,1,0,3,9
Anthony Lamb,https://www.basketball-reference.com/players/l/lamban01.html,2021,2021-03-19,HOU,DET,,"L, 100-113",,00:19,0,0,0,0,0,0,0,0,0,0,0,0,0,0,0
Anthony Lamb,https://www.basketball-reference.com/players/l/lamban01.html,2021,2021-03-21,HOU,OKC,,"L, 112-114",,,,,,,,,,,,,,,,,
Anthony Lamb,https://www.basketball-reference.com/players/l/lamban01.html,2021,2021-03-22,HOU,TOR,,"W, 117-99",,,,,,,,,,,,,,,,,
Anthony Lamb,https://www.basketball-reference.com/players/l/lamban01.html,2021,2021-03-24,HOU,CHO,,"L, 97-122",,06:28,1,3,1,2,0,0,1,0,1,0,0,0,0,0,3
Anthony Lamb,https://www.basketball-reference.com/players/l/lamban01.html,2021,2021-03-26,HOU,MIN,@,"L, 101-107",,,,,,,,,,,,,,,,,
Anthony Lamb,https://www.basketball-reference.com/players/l/lamban01.html,2021,2021-03-27,HOU,MIN,@,"W, 129-107",,07:05,1,3,0,2,0,0,0,0,0,0,0,0,1,0,2
Anthony Lamb,https://www.basketball-reference.com/players/l/lamban01.html,2021,2021-03-29,HOU,MEM,,"L, 110-120",,,,,,,,,,,,,,,,,
Anthony Lamb,https://www.basketball-reference.com/players/l/lamban01.html,2021,2021-03-31,HOU,BRK,@,"L, 108-120",,,,,,,,,,,,,,,,,
Anthony Lamb,https://www.basketball-reference.com/players/l/lamban01.html,2021,,,,,,,,,,,,,,,,,,,,,,
Anthony Lamb,https://www.basketball-reference.com/players/l/lamban01.html,2021,2021-04-02,HOU,BOS,@,"L, 102-118",,04:34,0,1,0,1,0,0,1,0,1,1,0,0,0,0,0
Anthony Lamb,https://www.basketball-reference.com/players/l/lamban01.html,2021,2021-04-04,HOU,NOP,,"L, 115-122",,,,,,,,,,,,,,,,,
Anthony Lamb,https://www.basketball-reference.com/players/l/lamban01.html,2021,2021-04-05,HOU,PHO,,"L, 130-133",,,,,,,,,,,,,,,,,
Anthony Lamb,https://www.basketball-reference.com/players/l/lamban01.html,2021,2021-04-07,HOU,DAL,,"W, 102-93",,,,,,,,,,,,,,,,,
Anthony Lamb,https://www.basketball-reference.com/players/l/lamban01.html,2021,2021-04-09,HOU,LAC,@,"L, 109-126",,02:58,0,1,0,0,0,0,0,1,1,0,0,0,0,0,0
Anthony Lamb,https://www.basketball-reference.com/players/l/lamban01.html,2021,2021-04-10,HOU,GSW,@,"L, 109-125",,,,,,,,,,,,,,,,,
Anthony Lamb,https://www.basketball-reference.com/players/l/lamban01.html,2021,2021-04-12,HOU,PHO,@,"L, 120-126",,,,,,,,,,,,,,,,,
Anthony Lamb,https://www.basketball-reference.com/players/l/lamban01.html,2021,2021-04-14,HOU,IND,,"L, 124-132",,,,,,,,,,,,,,,,,
Anthony Lamb,https://www.basketball-reference.com/players/l/lamban01.html,2021,2021-04-16,HOU,DEN,,"L, 99-128",,04:16,0,1,0,0,2,2,0,0,0,0,0,0,0,0,2
Anthony Lamb,https://www.basketball-reference.com/players/l/lamban01.html,2021,2021-04-18,HOU,ORL,@,"W, 114-110",,,,,,,,,,,,,,,,,
Anthony Lamb,https://www.basketball-reference.com/players/l/lamban01.html,2021,2021-04-19,HOU,MIA,@,"L, 91-113",,04:20,0,1,0,1,0,0,1,0,1,1,0,0,0,0,0
Anthony Lamb,https://www.basketball-reference.com/players/l/lamban01.html,2021,2021-04-21,HOU,UTA,,"L, 89-112",,05:13,3,4,2,3,0,0,0,1,1,1,0,1,0,0,8
Anthony Lamb,https://www.basketball-reference.com/players/l/lamban01.html,2021,2021-04-23,HOU,LAC,,"L, 104-109",,,,,,,,,,,,,,,,,
Anthony Lamb,https://www.basketball-reference.com/players/l/lamban01.html,2021,2021-04-24,HOU,DEN,@,"L, 116-129",,30:34,8,14,4,9,1,1,1,0,1,1,0,0,3,4,21
Anthony Lamb,https://www.basketball-reference.com/players/l/lamban01.html,2021,2021-04-27,HOU,MIN,,"L, 107-114",,,,,,,,,,,,,,,,,
Anthony Lamb,https://www.basketball-reference.com/players/l/lamban01.html,2021,2021-04-29,HOU,MIL,,"W, 143-136",,07:37,0,1,0,1,0,0,0,1,1,0,1,0,0,0,0
Anthony Lamb,https://www.basketball-reference.com/players/l/lamban01.html,2021,2021-05-01,HOU,GSW,,"L, 87-113",,07:24,0,1,0,1,0,0,0,0,0,0,0,0,0,0,0
Anthony Lamb,https://www.basketball-reference.com/players/l/lamban01.html,2021,2021-05-02,HOU,NYK,,"L, 97-122",,13:23,2,4,1,2,2,2,1,1,2,1,0,1,1,1,7
Anthony Lamb,https://www.basketball-reference.com/players/l/lamban01.html,2021,2021-05-05,HOU,PHI,,"L, 115-135",,35:49,7,15,4,9,4,4,2,3,5,2,1,0,2,3,22
Anthony Lamb,https://www.basketball-reference.com/players/l/lamban01.html,2021,2021-05-07,HOU,MIL,@,"L, 133-141",,34:51,5,12,4,10,0,0,0,4,4,2,0,2,2,4,14
Anthony Lamb,https://www.basketball-reference.com/players/l/lamban01.html,2021,2021-05-08,HOU,UTA,@,"L, 116-124",,31:46,1,6,0,2,1,2,3,2,5,0,0,0,2,2,3
Anthony Lamb,https://www.basketball-reference.com/players/l/lamban01.html,2021,2021-05-10,HOU,POR,@,"L, 129-140",,11:04,1,1,1,1,0,0,0,3,3,1,0,0,0,0,3
Anthony Lamb,https://www.basketball-reference.com/players/l/lamban01.html,2021,2021-05-12,HOU,LAL,@,"L, 122-124",,34:03,4,7,1,3,0,0,2,7,9,4,1,0,2,5,9
Anthony Lamb,https://www.basketball-reference.com/players/l/lamban01.html,2021,2021-05-14,HOU,LAC,,"W, 122-115",,30:09,6,10,3,5,2,2,2,3,5,3,0,0,1,0,17
Anthony Lamb,https://www.basketball-reference.com/players/l/lamban01.html,2021,2021-05-16,HOU,ATL,@,"L, 95-124",,42:23,2,6,0,4,3,4,2,2,4,4,2,0,3,1,7
KJ Martin,https://www.basketball-reference.com/players/m/martike04.html,2021,2020-12-26,HOU,POR,@,"L, 126-128 (OT)",,,,,,,,,,,,,,,,,
KJ Martin,https://www.basketball-reference.com/players/m/martike04.html,2021,2020-12-28,HOU,DEN,@,"L, 111-124",,,,,,,,,,,,,,,,,
KJ Martin,https://www.basketball-reference.com/players/m/martike04.html,2021,2020-12-31,HOU,SAC,,"W, 122-119",,,,,,,,,,,,,,,,,
KJ Martin,https://www.basketball-reference.com/players/m/martike04.html,2021,,,,,,,,,,,,,,,,,,,,,,
KJ Martin,https://www.basketball-reference.com/players/m/martike04.html,2021,2021-01-02,HOU,SAC,,"W, 102-94",,,,,,,,,,,,,,,,,
KJ Martin,https://www.basketball-reference.com/players/m/martike04.html,2021,2021-01-04,HOU,DAL,,"L, 100-113",,,,,,,,,,,,,,,,,
KJ Martin,https://www.basketball-reference.com/players/m/martike04.html,2021,2021-01-06,HOU,IND,@,"L, 107-114",,,,,,,,,,,,,,,,,
KJ Martin,https://www.basketball-reference.com/players/m/martike04.html,2021,2021-01-08,HOU,ORL,,"W, 132-90",,05:28,3,3,1,1,0,0,0,1,1,0,1,0,0,0,7
KJ Martin,https://www.basketball-reference.com/players/m/martike04.html,2021,2021-01-10,HOU,LAL,,"L, 102-120",,03:02,0,3,0,0,0,0,2,0,2,1,0,0,0,0,0
KJ Martin,https://www.basketball-reference.com/players/m/martike04.html,2021,2021-01-12,HOU,LAL,,"L, 100-117",,05:16,0,2,0,1,0,0,0,0,0,2,0,0,0,0,0
KJ Martin,https://www.basketball-reference.com/players/m/martike04.html,2021,2021-01-14,HOU,SAS,@,"W, 109-105",,15:41,3,5,0,0,0,1,1,4,5,1,0,1,1,2,6
KJ Martin,https://www.basketball-reference.com/players/m/martike04.html,2021,2021-01-16,HOU,SAS,@,"L, 91-103",,16:32,1,5,0,0,0,2,1,4,5,0,0,1,4,3,2
KJ Martin,https://www.basketball-reference.com/players/m/martike04.html,2021,2021-01-18,HOU,CHI,@,"L, 120-125",,,,,,,,,,,,,,,,,
KJ Martin,https://www.basketball-reference.com/players/m/martike04.html,2021,2021-01-20,HOU,PHO,,"L, 103-109",,,,,,,,,,,,,,,,,
KJ Martin,https://www.basketball-reference.com/players/m/martike04.html,2021,2021-01-22,HOU,DET,@,"W, 103-102",,02:30,0,0,0,0,0,0,0,0,0,0,0,0,0,0,0
KJ Martin,https://www.basketball-reference.com/players/m/martike04.html,2021,2021-01-23,HOU,DAL,@,"W, 133-108",,20:15,3,9,0,2,2,2,4,2,6,0,1,3,0,4,8
KJ Martin,https://www.basketball-reference.com/players/m/martike04.html,2021,2021-01-26,HOU,WAS,,"W, 107-88",,,,,,,,,,,,,,,,,
KJ Martin,https://www.basketball-reference.com/players/m/martike04.html,2021,2021-01-28,HOU,POR,,"W, 104-101",,,,,,,,,,,,,,,,,
KJ Martin,https://www.basketball-reference.com/players/m/martike04.html,2021,2021-01-30,HOU,NOP,@,"W, 126-112",,,,,,,,,,,,,,,,,
KJ Martin,https://www.basketball-reference.com/players/m/martike04.html,2021,2021-02-01,HOU,OKC,@,"W, 136-106",,,,,,,,,,,,,,,,,
KJ Martin,https://www.basketball-reference.com/players/m/martike04.html,2021,2021-02-03,HOU,OKC,@,"L, 87-104",,,,,,,,,,,,,,,,,
KJ Martin,https://www.basketball-reference.com/players/m/martike04.html,2021,2021-02-04,HOU,MEM,@,"W, 115-103",,,,,,,,,,,,,,,,,
KJ Martin,https://www.basketball-reference.com/players/m/martike04.html,2021,2021-02-06,HOU,SAS,,"L, 106-111",,,,,,,,,,,,,,,,,
KJ Martin,https://www.basketball-reference.com/players/m/martike04.html,2021,2021-02-08,HOU,CHO,@,"L, 94-119",,,,,,,,,,,,,,,,,
KJ Martin,https://www.basketball-reference.com/players/m/martike04.html,2021,2021-02-09,HOU,NOP,@,"L, 101-130",,,,,,,,,,,,,,,,,
KJ Martin,https://www.basketball-reference.com/players/m/martike04.html,2021,2021-02-11,HOU,MIA,,"L, 94-101",,,,,,,,,,,,,,,,,
KJ Martin,https://www.basketball-reference.com/players/m/martike04.html,2021,2021-02-13,HOU,NYK,@,"L, 99-121",,,,,,,,,,,,,,,,,
KJ Martin,https://www.basketball-reference.com/players/m/martike04.html,2021,2021-02-15,HOU,WAS,@,"L, 119-131",,,,,,,,,,,,,,,,,
KJ Martin,https://www.basketball-reference.com/players/m/martike04.html,2021,2021-02-17,HOU,PHI,@,"L, 113-118",,,,,,,,,,,,,,,,,
KJ Martin,https://www.basketball-reference.com/players/m/martike04.html,2021,2021-02-22,HOU,CHI,,"L, 100-120",,,,,,,,,,,,,,,,,
KJ Martin,https://www.basketball-reference.com/players/m/martike04.html,2021,2021-02-24,HOU,CLE,@,"L, 96-112",,,,,,,,,,,,,,,,,
KJ Martin,https://www.basketball-reference.com/players/m/martike04.html,2021,2021-02-26,HOU,TOR,@,"L, 111-122",,,,,,,,,,,,,,,,,
KJ Martin,https://www.basketball-reference.com/players/m/martike04.html,2021,2021-02-28,HOU,MEM,,"L, 84-133",,,,,,,,,,,,,,,,,
KJ Martin,https://www.basketball-reference.com/players/m/martike04.html,2021,2021-03-01,HOU,CLE,,"L, 90-101",,,,,,,,,,,,,,,,,
KJ Martin,https://www.basketball-reference.com/players/m/martike04.html,2021,2021-03-03,HOU,BRK,,"L, 114-132",,,,,,,,,,,,,,,,,
KJ Martin,https://www.basketball-reference.com/players/m/martike04.html,2021,2021-03-11,HOU,SAC,@,"L, 105-125",,32:18,6,9,1,1,0,0,5,4,9,0,0,3,2,2,13
KJ Martin,https://www.basketball-reference.com/players/m/martike04.html,2021,2021-03-12,HOU,UTA,@,"L, 99-114",,28:31,6,15,0,4,3,5,6,4,10,1,3,1,1,1,15
KJ Martin,https://www.basketball-reference.com/players/m/martike04.html,2021,2021-03-14,HOU,BOS,,"L, 107-134",,30:58,6,10,2,3,7,8,2,2,4,3,2,1,2,2,21
KJ Martin,https://www.basketball-reference.com/players/m/martike04.html,2021,2021-03-16,HOU,ATL,,"L, 107-119",,33:54,3,6,0,1,1,2,2,3,5,2,0,2,2,0,7
KJ Martin,https://www.basketball-reference.com/players/m/martike04.html,2021,2021-03-17,HOU,GSW,,"L, 94-108",,30:00,5,7,1,1,2,2,3,6,9,0,0,0,3,2,13
KJ Martin,https://www.basketball-reference.com/players/m/martike04.html,2021,2021-03-19,HOU,DET,,"L, 100-113",,20:39,4,6,0,1,0,0,2,3,5,0,0,1,0,1,8
KJ Martin,https://www.basketball-reference.com/players/m/martike04.html,2021,2021-03-21,HOU,OKC,,"L, 112-114",,14:14,0,1,0,1,0,0,0,1,1,0,0,0,3,3,0
KJ Martin,https://www.basketball-reference.com/players/m/martike04.html,2021,2021-03-22,HOU,TOR,,"W, 117-99",,19:24,1,6,1,2,4,4,3,5,8,1,1,2,0,2,7
KJ Martin,https://www.basketball-reference.com/players/m/martike04.html,2021,2021-03-24,HOU,CHO,,"L, 97-122",,25:48,3,4,1,1,2,2,0,2,2,1,3,1,0,6,9
KJ Martin,https://www.basketball-reference.com/players/m/martike04.html,2021,2021-03-26,HOU,MIN,@,"L, 101-107",,24:04,1,3,0,2,0,0,0,7,7,0,0,1,0,0,2
KJ Martin,https://www.basketball-reference.com/players/m/martike04.html,2021,2021-03-27,HOU,MIN,@,"W, 129-107",,23:10,3,3,1,1,1,1,1,5,6,1,0,1,1,4,8
KJ Martin,https://www.basketball-reference.com/players/m/martike04.html,2021,2021-03-29,HOU,MEM,,"L, 110-120",,11:13,3,3,0,0,0,0,1,2,3,0,0,0,0,2,6
KJ Martin,https://www.basketball-reference.com/players/m/martike04.html,2021,2021-03-31,HOU,BRK,@,"L, 108-120",,15:35,2,2,0,0,0,0,3,1,4,0,1,0,0,0,4
KJ Martin,https://www.basketball-reference.com/players/m/martike04.html,2021,2021-04-02,HOU,BOS,@,"L, 102-118",,23:59,3,5,0,0,0,1,2,1,3,2,0,1,0,1,6
KJ Martin,https://www.basketball-reference.com/players/m/martike04.html,2021,2021-04-04,HOU,NOP,,"L, 115-122",,20:46,4,5,0,0,1,2,2,3,5,0,1,1,0,3,9
KJ Martin,https://www.basketball-reference.com/players/m/martike04.html,2021,2021-04-05,HOU,PHO,,"L, 130-133",,19:36,4,7,1,3,4,6,0,3,3,3,0,2,1,3,13
KJ Martin,https://www.basketball-reference.com/players/m/martike04.html,2021,2021-04-07,HOU,DAL,,"W, 102-93",,16:16,1,1,0,0,0,0,2,3,5,0,0,1,0,2,2
KJ Martin,https://www.basketball-reference.com/players/m/martike04.html,2021,2021-04-09,HOU,LAC,@,"L, 109-126",,20:56,4,6,2,3,4,4,3,3,6,0,0,0,0,1,14
KJ Martin,https://www.basketball-reference.com/players/m/martike04.html,2021,2021-04-10,HOU,GSW,@,"L, 109-125",,16:02,1,2,0,1,0,0,0,2,2,0,0,1,0,0,2
KJ Martin,https://www.basketball-reference.com/players/m/martike04.html,2021,2021-04-12,HOU,PHO,@,"L, 120-126",,24:14,3,4,1,1,2,2,0,7,7,0,0,2,0,3,9
KJ Martin,https://www.basketball-reference.com/players/m/martike04.html,2021,2021-04-14,HOU,IND,,"L, 124-132",,13:55,0,4,0,1,0,0,2,6,8,0,1,0,0,2,0
KJ Martin,https://www.basketball-reference.com/players/m/martike04.html,2021,2021-04-16,HOU,DEN,,"L, 99-128",,22:56,2,8,0,2,0,0,4,3,7,2,1,0,0,2,4
KJ Martin,https://www.basketball-reference.com/players/m/martike04.html,2021,2021-04-18,HOU,ORL,@,"W, 114-110",,21:45,2,5,0,1,2,2,2,4,6,0,0,0,0,1,6
KJ Martin,https://www.basketball-reference.com/players/m/martike04.html,2021,2021-04-19,HOU,MIA,@,"L, 91-113",,18:49,3,6,0,1,0,0,0,4,4,0,1,1,0,1,6
KJ Martin,https://www.basketball-reference.com/players/m/martike04.html,2021,2021-04-21,HOU,UTA,,"L, 89-112",,29:13,2,6,0,3,2,2,0,3,3,0,1,2,0,1,6
KJ Martin,https://www.basketball-reference.com/players/m/martike04.html,2021,2021-04-23,HOU,LAC,,"L, 104-109",,23:11,2,6,1,2,0,0,1,2,3,0,0,2,0,3,5
KJ Martin,https://www.basketball-reference.com/players/m/martike04.html,2021,2021-04-24,HOU,DEN,@,"L, 116-129",,41:56,7,12,1,2,3,8,2,2,4,2,3,0,2,2,18
KJ Martin,https://www.basketball-reference.com/players/m/martike04.html,2021,2021-04-27,HOU,MIN,,"L, 107-114",,21:19,6,12,0,2,3,4,2,1,3,0,2,1,1,1,15
KJ Martin,https://www.basketball-reference.com/players/m/martike04.html,2021,2021-04-29,HOU,MIL,,"W, 143-136",,19:57,2,5,0,2,1,2,1,4,5,0,1,1,1,1,5
KJ Martin,https://www.basketball-reference.com/players/m/martike04.html,2021,2021-05-01,HOU,GSW,,"L, 87-113",,33:02,6,10,0,3,4,4,1,8,9,0,0,1,0,2,16
KJ Martin,https://www.basketball-reference.com/players/m/martike04.html,2021,2021-05-02,HOU,NYK,,"L, 97-122",,31:44,5,9,1,2,2,2,3,3,6,0,0,1,1,4,13
KJ Martin,https://www.basketball-reference.com/players/m/martike04.html,2021,2021-05-05,HOU,PHI,,"L, 115-135",,44:26,10,17,2,4,1,1,4,6,10,6,0,2,2,3,23
KJ Martin,https://www.basketball-reference.com/players/m/martike04.html,2021,2021-05-07,HOU,MIL,@,"L, 133-141",,39:13,10,21,6,10,0,0,1,6,7,7,0,0,2,6,26
KJ Martin,https://www.basketball-reference.com/players/m/martike04.html,2021,2021-05-08,HOU,UTA,@,"L, 116-124",,39:15,11,19,4,8,1,2,1,9,10,2,2,0,0,2,27
KJ Martin,https://www.basketball-reference.com/players/m/martike04.html,2021,2021-05-10,HOU,POR,@,"L, 129-140",,38:55,5,9,3,3,2,2,2,7,9,4,2,1,1,2,15
KJ Martin,https://www.basketball-reference.com/players/m/martike04.html,2021,2021-05-12,HOU,LAL,@,"L, 122-124",,37:11,7,10,3,5,3,6,0,10,10,2,0,3,2,2,20
KJ Martin,https://www.basketball-reference.com/players/m/martike04.html,2021,2021-05-14,HOU,LAC,,"W, 122-115",,34:13,5,12,0,6,3,4,1,8,9,1,1,0,2,3,13
KJ Martin,https://www.basketball-reference.com/players/m/martike04.html,2021,2021-05-16,HOU,ATL,@,"L, 95-124",,36:18,4,15,2,9,0,1,1,5,6,4,2,0,4,4,10
Cameron Oliver,https://www.basketball-reference.com/players/o/oliveca01.html,2021,2021-05-10,HOU,POR,@,"L, 129-140",,19:13,6,10,1,3,0,0,1,2,3,2,1,0,0,3,13
Cameron Oliver,https://www.basketball-reference.com/players/o/oliveca01.html,2021,2021-05-12,HOU,LAL,@,"L, 122-124",,22:44,7,10,2,5,1,3,0,2,2,1,1,1,1,2,17
Cameron Oliver,https://www.basketball-reference.com/players/o/oliveca01.html,2021,2021-05-14,HOU,LAC,,"W, 122-115",,16:41,1,4,1,2,0,0,0,4,4,1,0,0,1,4,3
Cameron Oliver,https://www.basketball-reference.com/players/o/oliveca01.html,2021,2021-05-16,HOU,ATL,@,"L, 95-124",,28:45,5,9,0,3,0,1,4,8,12,1,0,3,1,2,10
Jae'Sean Tate,https://www.basketball-reference.com/players/t/tateja01.html,2021,2020-12-26,HOU,POR,@,"L, 126-128 (OT)",,37:14,5,9,1,4,2,2,1,3,4,2,1,0,1,4,13
Jae'Sean Tate,https://www.basketball-reference.com/players/t/tateja01.html,2021,2020-12-28,HOU,DEN,@,"L, 111-124",,25:27,2,6,1,3,0,0,2,5,7,2,0,1,3,5,5
Jae'Sean Tate,https://www.basketball-reference.com/players/t/tateja01.html,2021,2020-12-31,HOU,SAC,,"W, 122-119",,20:39,2,3,0,0,0,2,1,5,6,1,1,0,2,1,4
Jae'Sean Tate,https://www.basketball-reference.com/players/t/tateja01.html,2021,,,,,,,,,,,,,,,,,,,,,,
Jae'Sean Tate,https://www.basketball-reference.com/players/t/tateja01.html,2021,2021-01-02,HOU,SAC,,"W, 102-94",,20:28,1,3,0,1,3,4,1,1,2,1,2,0,0,1,5
Jae'Sean Tate,https://www.basketball-reference.com/players/t/tateja01.html,2021,2021-01-04,HOU,DAL,,"L, 100-113",,24:50,3,6,1,1,1,1,2,4,6,0,0,0,1,3,8
Jae'Sean Tate,https://www.basketball-reference.com/players/t/tateja01.html,2021,2021-01-06,HOU,IND,@,"L, 107-114",,23:35,3,6,1,3,1,2,0,2,2,2,0,0,1,4,8
Jae'Sean Tate,https://www.basketball-reference.com/players/t/tateja01.html,2021,2021-01-08,HOU,ORL,,"W, 132-90",,15:29,5,5,0,0,0,0,0,1,1,2,1,0,1,1,10
Jae'Sean Tate,https://www.basketball-reference.com/players/t/tateja01.html,2021,2021-01-10,HOU,LAL,,"L, 102-120",,20:10,3,4,0,0,3,4,3,3,6,1,2,1,1,2,9
Jae'Sean Tate,https://www.basketball-reference.com/players/t/tateja01.html,2021,2021-01-12,HOU,LAL,,"L, 100-117",,25:07,4,9,0,2,1,1,1,2,3,0,1,1,0,4,9
Jae'Sean Tate,https://www.basketball-reference.com/players/t/tateja01.html,2021,2021-01-14,HOU,SAS,@,"W, 109-105",,33:04,6,12,0,1,1,2,3,2,5,10,0,2,2,2,13
Jae'Sean Tate,https://www.basketball-reference.com/players/t/tateja01.html,2021,2021-01-16,HOU,SAS,@,"L, 91-103",,25:55,2,11,0,1,3,5,1,4,5,5,0,3,2,4,7
Jae'Sean Tate,https://www.basketball-reference.com/players/t/tateja01.html,2021,2021-01-18,HOU,CHI,@,"L, 120-125",,30:25,4,8,3,5,0,0,0,6,6,0,0,1,1,4,11
Jae'Sean Tate,https://www.basketball-reference.com/players/t/tateja01.html,2021,2021-01-20,HOU,PHO,,"L, 103-109",,37:14,3,5,1,3,2,2,1,5,6,0,0,0,2,4,9
Jae'Sean Tate,https://www.basketball-reference.com/players/t/tateja01.html,2021,2021-01-22,HOU,DET,@,"W, 103-102",,32:24,5,8,2,4,1,2,1,2,3,1,3,3,1,5,13
Jae'Sean Tate,https://www.basketball-reference.com/players/t/tateja01.html,2021,2021-01-23,HOU,DAL,@,"W, 133-108",,19:41,3,3,0,0,0,0,1,3,4,0,0,0,2,1,6
Jae'Sean Tate,https://www.basketball-reference.com/players/t/tateja01.html,2021,2021-01-26,HOU,WAS,,"W, 107-88",,28:16,1,6,0,1,1,2,3,4,7,0,1,0,0,0,3
Jae'Sean Tate,https://www.basketball-reference.com/players/t/tateja01.html,2021,2021-01-28,HOU,POR,,"W, 104-101",,16:43,1,3,0,2,0,0,2,1,3,1,1,0,2,2,2
Jae'Sean Tate,https://www.basketball-reference.com/players/t/tateja01.html,2021,2021-01-30,HOU,NOP,@,"W, 126-112",,23:56,6,8,1,2,0,0,3,6,9,0,3,0,0,3,13
Jae'Sean Tate,https://www.basketball-reference.com/players/t/tateja01.html,2021,2021-02-01,HOU,OKC,@,"W, 136-106",,22:59,5,6,1,2,0,0,1,6,7,4,0,1,2,1,11
Jae'Sean Tate,https://www.basketball-reference.com/players/t/tateja01.html,2021,2021-02-03,HOU,OKC,@,"L, 87-104",,31:20,3,8,0,3,0,0,0,4,4,0,0,1,3,2,6
Jae'Sean Tate,https://www.basketball-reference.com/players/t/tateja01.html,2021,2021-02-04,HOU,MEM,@,"W, 115-103",,31:09,7,9,2,3,3,3,2,5,7,2,1,2,1,4,19
Jae'Sean Tate,https://www.basketball-reference.com/players/t/tateja01.html,2021,2021-02-06,HOU,SAS,,"L, 106-111",,24:15,1,6,0,2,2,2,1,4,5,1,1,0,0,4,4
Jae'Sean Tate,https://www.basketball-reference.com/players/t/tateja01.html,2021,2021-02-08,HOU,CHO,@,"L, 94-119",,29:14,5,7,0,1,3,4,2,2,4,1,1,1,1,2,13
Jae'Sean Tate,https://www.basketball-reference.com/players/t/tateja01.html,2021,2021-02-09,HOU,NOP,@,"L, 101-130",,28:39,6,9,1,3,0,0,3,4,7,2,0,0,1,4,13
Jae'Sean Tate,https://www.basketball-reference.com/players/t/tateja01.html,2021,2021-02-11,HOU,MIA,,"L, 94-101",,34:48,7,11,0,1,2,2,4,3,7,2,1,0,0,5,16
Jae'Sean Tate,https://www.basketball-reference.com/players/t/tateja01.html,2021,2021-02-13,HOU,NYK,@,"L, 99-121",,27:25,4,10,1,4,0,0,1,3,4,2,0,0,1,4,9
Jae'Sean Tate,https://www.basketball-reference.com/players/t/tateja01.html,2021,2021-02-15,HOU,WAS,@,"L, 119-131",,39:49,8,12,2,3,0,0,3,3,6,4,2,0,1,2,18
Jae'Sean Tate,https://www.basketball-reference.com/players/t/tateja01.html,2021,2021-02-17,HOU,PHI,@,"L, 113-118",,32:57,7,11,1,3,4,6,3,3,6,4,3,0,1,5,19
Jae'Sean Tate,https://www.basketball-reference.com/players/t/tateja01.html,2021,2021-02-22,HOU,CHI,,"L, 100-120",,31:27,5,11,2,4,0,0,5,3,8,2,3,0,1,2,12
Jae'Sean Tate,https://www.basketball-reference.com/players/t/tateja01.html,2021,2021-02-24,HOU,CLE,@,"L, 96-112",,29:54,3,8,0,0,2,2,4,3,7,1,0,0,1,5,8
Jae'Sean Tate,https://www.basketball-reference.com/players/t/tateja01.html,2021,2021-02-26,HOU,TOR,@,"L, 111-122",,23:15,4,8,0,2,0,0,2,2,4,1,0,0,0,4,8
Jae'Sean Tate,https://www.basketball-reference.com/players/t/tateja01.html,2021,2021-02-28,HOU,MEM,,"L, 84-133",,24:02,4,6,0,1,6,7,0,4,4,0,1,1,2,2,14
Jae'Sean Tate,https://www.basketball-reference.com/players/t/tateja01.html,2021,2021-03-01,HOU,CLE,,"L, 90-101",,29:59,2,5,1,2,0,0,1,3,4,2,1,0,1,3,5
Jae'Sean Tate,https://www.basketball-reference.com/players/t/tateja01.html,2021,2021-03-03,HOU,BRK,,"L, 114-132",,31:35,5,10,0,2,2,2,6,4,10,1,2,0,2,5,12
Jae'Sean Tate,https://www.basketball-reference.com/players/t/tateja01.html,2021,2021-03-11,HOU,SAC,@,"L, 105-125",,29:43,8,11,0,2,0,2,0,4,4,1,1,0,0,4,16
Jae'Sean Tate,https://www.basketball-reference.com/players/t/tateja01.html,2021,2021-03-12,HOU,UTA,@,"L, 99-114",,31:54,3,13,1,5,0,0,1,5,6,0,2,0,2,4,7
Jae'Sean Tate,https://www.basketball-reference.com/players/t/tateja01.html,2021,2021-03-14,HOU,BOS,,"L, 107-134",,25:10,3,5,0,1,3,4,2,4,6,0,4,1,0,1,9
Jae'Sean Tate,https://www.basketball-reference.com/players/t/tateja01.html,2021,2021-03-16,HOU,ATL,,"L, 107-119",,34:35,9,19,4,7,3,4,3,3,6,6,1,1,2,3,25
Jae'Sean Tate,https://www.basketball-reference.com/players/t/tateja01.html,2021,2021-03-17,HOU,GSW,,"L, 94-108",,27:15,1,9,0,3,0,0,1,4,5,2,3,0,2,5,2
Jae'Sean Tate,https://www.basketball-reference.com/players/t/tateja01.html,2021,2021-03-19,HOU,DET,,"L, 100-113",,32:14,5,8,0,2,2,2,1,2,3,3,4,1,0,2,12
Jae'Sean Tate,https://www.basketball-reference.com/players/t/tateja01.html,2021,2021-03-21,HOU,OKC,,"L, 112-114",,33:09,2,6,2,4,2,4,4,5,9,0,0,1,3,4,8
Jae'Sean Tate,https://www.basketball-reference.com/players/t/tateja01.html,2021,2021-03-22,HOU,TOR,,"W, 117-99",,40:18,8,9,3,4,3,6,3,3,6,5,2,0,0,3,22
Jae'Sean Tate,https://www.basketball-reference.com/players/t/tateja01.html,2021,2021-03-24,HOU,CHO,,"L, 97-122",,24:27,3,8,1,4,2,4,1,3,4,5,0,0,0,1,9
Jae'Sean Tate,https://www.basketball-reference.com/players/t/tateja01.html,2021,2021-03-26,HOU,MIN,@,"L, 101-107",,38:38,4,7,0,3,2,2,4,3,7,2,2,2,2,6,10
Jae'Sean Tate,https://www.basketball-reference.com/players/t/tateja01.html,2021,2021-03-27,HOU,MIN,@,"W, 129-107",,32:51,5,10,0,0,0,0,3,6,9,3,1,3,1,4,10
Jae'Sean Tate,https://www.basketball-reference.com/players/t/tateja01.html,2021,2021-03-29,HOU,MEM,,"L, 110-120",,33:16,9,18,3,9,3,3,4,3,7,1,0,0,0,3,24
Jae'Sean Tate,https://www.basketball-reference.com/players/t/tateja01.html,2021,2021-03-31,HOU,BRK,@,"L, 108-120",,32:55,3,7,0,3,2,2,2,0,2,3,1,2,0,4,8
Jae'Sean Tate,https://www.basketball-reference.com/players/t/tateja01.html,2021,2021-04-02,HOU,BOS,@,"L, 102-118",,22:16,4,8,1,1,0,0,2,3,5,4,0,0,0,2,9
Jae'Sean Tate,https://www.basketball-reference.com/players/t/tateja01.html,2021,2021-04-04,HOU,NOP,,"L, 115-122",,26:14,7,11,3,6,2,2,1,4,5,3,1,0,2,5,19
Jae'Sean Tate,https://www.basketball-reference.com/players/t/tateja01.html,2021,2021-04-05,HOU,PHO,,"L, 130-133",,31:25,7,12,3,5,1,1,0,7,7,5,1,0,4,3,18
Jae'Sean Tate,https://www.basketball-reference.com/players/t/tateja01.html,2021,2021-04-07,HOU,DAL,,"W, 102-93",,36:20,3,7,0,3,2,2,1,2,3,2,0,0,1,2,8
Jae'Sean Tate,https://www.basketball-reference.com/players/t/tateja01.html,2021,2021-04-09,HOU,LAC,@,"L, 109-126",,31:20,7,14,1,6,3,5,2,0,2,1,1,0,3,2,18
Jae'Sean Tate,https://www.basketball-reference.com/players/t/tateja01.html,2021,2021-04-10,HOU,GSW,@,"L, 109-125",,32:12,3,10,0,3,1,2,4,7,11,1,4,1,1,6,7
Jae'Sean Tate,https://www.basketball-reference.com/players/t/tateja01.html,2021,2021-04-12,HOU,PHO,@,"L, 120-126",,21:32,4,7,0,2,2,2,3,2,5,4,3,1,1,2,10
Jae'Sean Tate,https://www.basketball-reference.com/players/t/tateja01.html,2021,2021-04-14,HOU,IND,,"L, 124-132",,35:05,4,6,0,1,3,4,5,1,6,5,2,0,3,2,11
Jae'Sean Tate,https://www.basketball-reference.com/players/t/tateja01.html,2021,2021-04-16,HOU,DEN,,"L, 99-128",,31:52,9,13,1,3,2,3,2,3,5,5,2,0,0,3,21
Jae'Sean Tate,https://www.basketball-reference.com/players/t/tateja01.html,2021,2021-04-18,HOU,ORL,@,"W, 114-110",,32:34,7,10,0,1,0,0,2,5,7,6,1,3,0,3,14
Jae'Sean Tate,https://www.basketball-reference.com/players/t/tateja01.html,2021,2021-04-19,HOU,MIA,@,"L, 91-113",,28:44,4,7,0,1,2,2,2,3,5,3,0,0,1,1,10
Jae'Sean Tate,https://www.basketball-reference.com/players/t/tateja01.html,2021,2021-04-21,HOU,UTA,,"L, 89-112",,34:32,4,19,0,9,0,0,2,3,5,3,4,0,3,5,8
Jae'Sean Tate,https://www.basketball-reference.com/players/t/tateja01.html,2021,2021-04-23,HOU,LAC,,"L, 104-109",,35:59,3,9,2,6,0,0,0,2,2,7,2,0,2,5,8
Jae'Sean Tate,https://www.basketball-reference.com/players/t/tateja01.html,2021,2021-04-24,HOU,DEN,@,"L, 116-129",,21:17,6,10,1,2,1,4,0,3,3,4,4,0,0,2,14
Jae'Sean Tate,https://www.basketball-reference.com/players/t/tateja01.html,2021,2021-04-27,HOU,MIN,,"L, 107-114",,40:04,9,12,1,1,1,2,2,5,7,4,2,0,1,4,20
Jae'Sean Tate,https://www.basketball-reference.com/players/t/tateja01.html,2021,2021-04-29,HOU,MIL,,"W, 143-136",,37:38,5,11,2,3,0,0,0,6,6,3,1,0,3,5,12
Jae'Sean Tate,https://www.basketball-reference.com/players/t/tateja01.html,2021,2021-05-01,HOU,GSW,,"L, 87-113",,30:48,5,10,1,3,3,6,1,3,4,3,3,0,5,3,14
Jae'Sean Tate,https://www.basketball-reference.com/players/t/tateja01.html,2021,2021-05-02,HOU,NYK,,"L, 97-122",,29:29,3,11,0,3,2,4,2,5,7,1,0,0,4,3,8
Jae'Sean Tate,https://www.basketball-reference.com/players/t/tateja01.html,2021,2021-05-05,HOU,PHI,,"L, 115-135",,,,,,,,,,,,,,,,,
Jae'Sean Tate,https://www.basketball-reference.com/players/t/tateja01.html,2021,2021-05-07,HOU,MIL,@,"L, 133-141",,,,,,,,,,,,,,,,,
Jae'Sean Tate,https://www.basketball-reference.com/players/t/tateja01.html,2021,2021-05-08,HOU,UTA,@,"L, 116-124",,29:20,5,18,1,6,2,4,3,5,8,10,1,0,1,2,13
Jae'Sean Tate,https://www.basketball-reference.com/players/t/tateja01.html,2021,2021-05-10,HOU,POR,@,"L, 129-140",,30:53,3,11,0,4,6,6,3,4,7,8,0,0,2,4,12
Jae'Sean Tate,https://www.basketball-reference.com/players/t/tateja01.html,2021,2021-05-12,HOU,LAL,@,"L, 122-124",,22:59,6,10,3,3,1,2,1,4,5,2,0,0,2,4,16
Jae'Sean Tate,https://www.basketball-reference.com/players/t/tateja01.html,2021,2021-05-14,HOU,LAC,,"W, 122-115",,29:11,7,10,3,5,3,4,1,2,3,1,0,1,5,4,20
Jae'Sean Tate,https://www.basketball-reference.com/players/t/tateja01.html,2021,2021-05-16,HOU,ATL,@,"L, 95-124",,21:08,3,7,1,2,0,2,0,3,3,5,0,1,2,2,7
Brodric Thomas,https://www.basketball-reference.com/players/t/thomabr01.html,2021,2020-12-26,HOU,POR,@,"L, 126-128 (OT)",,09:44,0,1,0,1,0,0,1,2,3,3,0,0,1,3,0
Brodric Thomas,https://www.basketball-reference.com/players/t/thomabr01.html,2021,2020-12-28,HOU,DEN,@,"L, 111-124",,08:11,1,3,0,2,3,5,0,0,0,1,0,0,2,2,5
Brodric Thomas,https://www.basketball-reference.com/players/t/thomabr01.html,2021,2020-12-31,HOU,SAC,,"W, 122-119",,,,,,,,,,,,,,,,,
Brodric Thomas,https://www.basketball-reference.com/players/t/thomabr01.html,2021,,,,,,,,,,,,,,,,,,,,,,
Brodric Thomas,https://www.basketball-reference.com/players/t/thomabr01.html,2021,2021-01-02,HOU,SAC,,"W, 102-94",,,,,,,,,,,,,,,,,
Brodric Thomas,https://www.basketball-reference.com/players/t/thomabr01.html,2021,2021-01-04,HOU,DAL,,"L, 100-113",,01:08,0,1,0,1,0,0,0,0,0,0,0,0,0,0,0
Brodric Thomas,https://www.basketball-reference.com/players/t/thomabr01.html,2021,2021-01-06,HOU,IND,@,"L, 107-114",,,,,,,,,,,,,,,,,
Brodric Thomas,https://www.basketball-reference.com/players/t/thomabr01.html,2021,2021-01-08,HOU,ORL,,"W, 132-90",,,,,,,,,,,,,,,,,
Brodric Thomas,https://www.basketball-reference.com/players/t/thomabr01.html,2021,2021-01-10,HOU,LAL,,"L, 102-120",,,,,,,,,,,,,,,,,
Brodric Thomas,https://www.basketball-reference.com/players/t/thomabr01.html,2021,2021-01-12,HOU,LAL,,"L, 100-117",,,,,,,,,,,,,,,,,
Brodric Thomas,https://www.basketball-reference.com/players/t/thomabr01.html,2021,2021-01-14,HOU,SAS,@,"W, 109-105",,,,,,,,,,,,,,,,,
Brodric Thomas,https://www.basketball-reference.com/players/t/thomabr01.html,2021,2021-01-16,HOU,SAS,@,"L, 91-103",,,,,,,,,,,,,,,,,
Brodric Thomas,https://www.basketball-reference.com/players/t/thomabr01.html,2021,2021-01-18,HOU,CHI,@,"L, 120-125",,,,,,,,,,,,,,,,,
Brodric Thomas,https://www.basketball-reference.com/players/t/thomabr01.html,2021,2021-01-20,HOU,PHO,,"L, 103-109",,,,,,,,,,,,,,,,,
Brodric Thomas,https://www.basketball-reference.com/players/t/thomabr01.html,2021,2021-01-22,HOU,DET,@,"W, 103-102",,,,,,,,,,,,,,,,,
Brodric Thomas,https://www.basketball-reference.com/players/t/thomabr01.html,2021,2021-01-23,HOU,DAL,@,"W, 133-108",,05:07,1,2,1,2,2,2,0,1,1,0,1,1,1,0,5
Brodric Thomas,https://www.basketball-reference.com/players/t/thomabr01.html,2021,2021-01-26,HOU,WAS,,"W, 107-88",,,,,,,,,,,,,,,,,
Brodric Thomas,https://www.basketball-reference.com/players/t/thomabr01.html,2021,2021-01-28,HOU,POR,,"W, 104-101",,,,,,,,,,,,,,,,,
Brodric Thomas,https://www.basketball-reference.com/players/t/thomabr01.html,2021,2021-01-30,HOU,NOP,@,"W, 126-112",,,,,,,,,,,,,,,,,
Brodric Thomas,https://www.basketball-reference.com/players/t/thomabr01.html,2021,2021-02-01,HOU,OKC,@,"W, 136-106",,,,,,,,,,,,,,,,,
Brodric Thomas,https://www.basketball-reference.com/players/t/thomabr01.html,2021,2021-02-03,HOU,OKC,@,"L, 87-104",,,,,,,,,,,,,,,,,
Brodric Thomas,https://www.basketball-reference.com/players/t/thomabr01.html,2021,2021-02-04,HOU,MEM,@,"W, 115-103",,,,,,,,,,,,,,,,,
Brodric Thomas,https://www.basketball-reference.com/players/t/thomabr01.html,2021,2021-02-06,HOU,SAS,,"L, 106-111",,,,,,,,,,,,,,,,,
Brodric Thomas,https://www.basketball-reference.com/players/t/thomabr01.html,2021,2021-02-08,HOU,CHO,@,"L, 94-119",,,,,,,,,,,,,,,,,
Brodric Thomas,https://www.basketball-reference.com/players/t/thomabr01.html,2021,2021-02-09,HOU,NOP,@,"L, 101-130",,,,,,,,,,,,,,,,,
Brodric Thomas,https://www.basketball-reference.com/players/t/thomabr01.html,2021,2021-02-11,HOU,MIA,,"L, 94-101",,,,,,,,,,,,,,,,,
Brodric Thomas,https://www.basketball-reference.com/players/t/thomabr01.html,2021,2021-02-27,CLE,PHI,@,"W, 112-109 (OT)",,,,,,,,,,,,,,,,,
Brodric Thomas,https://www.basketball-reference.com/players/t/thomabr01.html,2021,2021-03-01,CLE,HOU,@,"W, 101-90",,,,,,,,,,,,,,,,,
Brodric Thomas,https://www.basketball-reference.com/players/t/thomabr01.html,2021,2021-03-03,CLE,IND,,"L, 111-114",,,,,,,,,,,,,,,,,
Brodric Thomas,https://www.basketball-reference.com/players/t/thomabr01.html,2021,2021-03-12,CLE,NOP,@,"L, 82-116",,04:37,1,2,1,1,0,0,0,1,1,0,0,0,0,1,3
Brodric Thomas,https://www.basketball-reference.com/players/t/thomabr01.html,2021,2021-03-14,CLE,ATL,@,"L, 82-100",,05:30,2,3,0,0,2,2,0,0,0,0,0,0,0,0,6
Brodric Thomas,https://www.basketball-reference.com/players/t/thomabr01.html,2021,2021-03-16,CLE,MIA,@,"L, 98-113",,,,,,,,,,,,,,,,,
Brodric Thomas,https://www.basketball-reference.com/players/t/thomabr01.html,2021,2021-03-17,CLE,BOS,,"W, 117-110",,,,,,,,,,,,,,,,,
Brodric Thomas,https://www.basketball-reference.com/players/t/thomabr01.html,2021,2021-03-19,CLE,SAS,,"L, 110-116",,15:45,3,5,1,3,0,0,0,0,0,3,1,0,0,2,7
Brodric Thomas,https://www.basketball-reference.com/players/t/thomabr01.html,2021,2021-03-21,CLE,TOR,,"W, 116-105",,,,,,,,,,,,,,,,,
Brodric Thomas,https://www.basketball-reference.com/players/t/thomabr01.html,2021,2021-03-22,CLE,SAC,,"L, 105-119",,02:07,0,1,0,1,0,0,0,0,0,0,0,0,0,0,0
Brodric Thomas,https://www.basketball-reference.com/players/t/thomabr01.html,2021,2021-03-24,CLE,CHI,@,"W, 103-94",,10:37,2,5,1,2,0,0,1,1,2,2,0,1,0,0,5
Brodric Thomas,https://www.basketball-reference.com/players/t/thomabr01.html,2021,2021-03-26,CLE,LAL,@,"L, 86-100",,19:59,0,7,0,4,5,6,0,3,3,2,2,1,2,0,5
Brodric Thomas,https://www.basketball-reference.com/players/t/thomabr01.html,2021,2021-03-27,CLE,SAC,@,"L, 98-100",,31:13,2,8,1,3,2,2,0,1,1,1,2,2,0,2,7
Brodric Thomas,https://www.basketball-reference.com/players/t/thomabr01.html,2021,2021-03-29,CLE,UTA,@,"L, 75-114",,26:49,1,5,0,3,3,4,0,4,4,0,1,0,1,4,5
Brodric Thomas,https://www.basketball-reference.com/players/t/thomabr01.html,2021,2021-04-01,CLE,PHI,,"L, 94-114",,04:20,0,1,0,1,0,0,0,1,1,0,0,0,1,2,0
Brodric Thomas,https://www.basketball-reference.com/players/t/thomabr01.html,2021,2021-04-03,CLE,MIA,@,"L, 101-115",,,,,,,,,,,,,,,,,
Brodric Thomas,https://www.basketball-reference.com/players/t/thomabr01.html,2021,2021-04-05,CLE,SAS,@,"W, 125-101",,05:13,1,2,0,1,0,0,1,1,2,0,0,0,2,1,2
Brodric Thomas,https://www.basketball-reference.com/players/t/thomabr01.html,2021,2021-04-08,CLE,OKC,@,"W, 129-102",,02:32,0,0,0,0,0,0,0,0,0,0,0,0,0,1,0
Brodric Thomas,https://www.basketball-reference.com/players/t/thomabr01.html,2021,2021-04-10,CLE,TOR,,"L, 115-135",,02:51,0,2,0,1,0,0,0,0,0,1,0,0,1,0,0
Brodric Thomas,https://www.basketball-reference.com/players/t/thomabr01.html,2021,2021-04-11,CLE,NOP,,"L, 109-116",,02:55,0,0,0,0,1,2,0,0,0,0,0,0,0,0,1
Brodric Thomas,https://www.basketball-reference.com/players/t/thomabr01.html,2021,2021-04-14,CLE,CHO,@,"W, 103-90",,,,,,,,,,,,,,,,,
Brodric Thomas,https://www.basketball-reference.com/players/t/thomabr01.html,2021,2021-04-15,CLE,GSW,,"L, 101-119",,01:18,0,0,0,0,0,0,0,0,0,1,0,0,1,0,0
Brodric Thomas,https://www.basketball-reference.com/players/t/thomabr01.html,2021,2021-04-17,CLE,CHI,@,"L, 96-106",,,,,,,,,,,,,,,,,
Brodric Thomas,https://www.basketball-reference.com/players/t/thomabr01.html,2021,2021-04-19,CLE,DET,@,"L, 105-109",,,,,,,,,,,,,,,,,
Brodric Thomas,https://www.basketball-reference.com/players/t/thomabr01.html,2021,2021-04-21,CLE,CHI,,"W, 121-105",,02:53,0,1,0,0,0,0,0,0,0,0,0,0,0,0,0
Brodric Thomas,https://www.basketball-reference.com/players/t/thomabr01.html,2021,2021-04-23,CLE,CHO,@,"L, 102-108",,,,,,,,,,,,,,,,,
Brodric Thomas,https://www.basketball-reference.com/players/t/thomabr01.html,2021,2021-04-25,CLE,WAS,@,"L, 110-119",,05:08,0,1,0,1,0,0,0,1,1,0,0,0,0,0,0
Brodric Thomas,https://www.basketball-reference.com/players/t/thomabr01.html,2021,2021-04-26,CLE,TOR,@,"L, 96-112",,16:02,3,5,3,4,0,0,1,0,1,0,1,0,2,3,9
Brodric Thomas,https://www.basketball-reference.com/players/t/thomabr01.html,2021,2021-04-28,CLE,ORL,,"L, 104-109",,14:14,1,6,1,4,0,2,0,4,4,2,0,1,0,0,3
Brodric Thomas,https://www.basketball-reference.com/players/t/thomabr01.html,2021,2021-04-30,CLE,WAS,,"L, 93-122",,06:22,1,2,1,1,1,2,0,0,0,0,0,0,0,0,4
Brodric Thomas,https://www.basketball-reference.com/players/t/thomabr01.html,2021,2021-05-01,CLE,MIA,,"L, 107-124",,10:41,1,2,0,1,0,0,1,0,1,2,0,1,3,2,2
Brodric Thomas,https://www.basketball-reference.com/players/t/thomabr01.html,2021,2021-05-04,CLE,PHO,,"L, 118-134 (OT)",,00:58,0,0,0,0,0,0,0,0,0,0,0,0,0,0,0
Brodric Thomas,https://www.basketball-reference.com/players/t/thomabr01.html,2021,2021-05-05,CLE,POR,,"L, 105-141",,13:32,2,3,2,3,2,2,0,0,0,2,0,0,0,1,8
Brodric Thomas,https://www.basketball-reference.com/players/t/thomabr01.html,2021,2021-05-07,CLE,DAL,@,"L, 90-110",,24:24,2,3,1,2,0,0,2,2,4,0,1,0,1,4,5
Brodric Thomas,https://www.basketball-reference.com/players/t/thomabr01.html,2021,2021-05-09,CLE,DAL,,"L, 97-124",,22:36,4,6,2,2,3,4,0,3,3,1,0,2,3,1,13
Brodric Thomas,https://www.basketball-reference.com/players/t/thomabr01.html,2021,2021-05-10,CLE,IND,,"L, 102-111",,33:54,2,8,0,4,1,2,0,6,6,3,1,1,1,4,5
Brodric Thomas,https://www.basketball-reference.com/players/t/thomabr01.html,2021,2021-05-12,CLE,BOS,,"W, 102-94",,34:14,2,7,0,3,1,2,0,10,10,3,0,0,0,2,5
Brodric Thomas,https://www.basketball-reference.com/players/t/thomabr01.html,2021,2021-05-14,CLE,WAS,@,"L, 105-120",,23:19,3,8,0,3,0,0,0,1,1,3,2,0,0,3,6
Brodric Thomas,https://www.basketball-reference.com/players/t/thomabr01.html,2021,2021-05-16,CLE,BRK,@,"L, 109-123",,31:02,4,8,1,5,5,9,1,3,4,0,3,0,0,2,14
Amida Brimah,https://www.basketball-reference.com/players/b/brimaam01.html,2021,2021-04-24,IND,DET,,"W, 115-109",,,,,,,,,,,,,,,,,
Amida Brimah,https://www.basketball-reference.com/players/b/brimaam01.html,2021,2021-04-25,IND,ORL,@,"W, 131-112",,05:07,0,1,0,0,0,0,0,0,0,0,0,1,0,0,0
Amida Brimah,https://www.basketball-reference.com/players/b/brimaam01.html,2021,2021-04-27,IND,POR,,"L, 112-133",,08:32,2,2,0,0,2,2,0,3,3,0,0,2,0,1,6
Amida Brimah,https://www.basketball-reference.com/players/b/brimaam01.html,2021,2021-04-29,IND,BRK,,"L, 113-130",,01:05,0,0,0,0,0,0,0,0,0,0,0,0,0,0,0
Amida Brimah,https://www.basketball-reference.com/players/b/brimaam01.html,2021,,,,,,,,,,,,,,,,,,,,,,
Amida Brimah,https://www.basketball-reference.com/players/b/brimaam01.html,2021,2021-05-01,IND,OKC,@,"W, 152-95",,12:00,3,5,0,0,1,1,1,3,4,1,0,2,3,3,7
Amida Brimah,https://www.basketball-reference.com/players/b/brimaam01.html,2021,2021-05-03,IND,WAS,@,"L, 141-154",,,,,,,,,,,,,,,,,
Amida Brimah,https://www.basketball-reference.com/players/b/brimaam01.html,2021,2021-05-05,IND,SAC,,"L, 93-104",,02:33,0,0,0,0,0,0,1,0,1,0,0,0,1,0,0
Amida Brimah,https://www.basketball-reference.com/players/b/brimaam01.html,2021,2021-05-06,IND,ATL,,"W, 133-126",,,,,,,,,,,,,,,,,
Amida Brimah,https://www.basketball-reference.com/players/b/brimaam01.html,2021,2021-05-08,IND,WAS,,"L, 132-133 (OT)",,,,,,,,,,,,,,,,,
Amida Brimah,https://www.basketball-reference.com/players/b/brimaam01.html,2021,2021-05-10,IND,CLE,@,"W, 111-102",,,,,,,,,,,,,,,,,
Amida Brimah,https://www.basketball-reference.com/players/b/brimaam01.html,2021,2021-05-11,IND,PHI,,"W, 103-94",,,,,,,,,,,,,,,,,
Amida Brimah,https://www.basketball-reference.com/players/b/brimaam01.html,2021,2021-05-13,IND,MIL,,"L, 133-142",,,,,,,,,,,,,,,,,
Amida Brimah,https://www.basketball-reference.com/players/b/brimaam01.html,2021,2021-05-15,IND,LAL,,"L, 115-122",,,,,,,,,,,,,,,,,
Amida Brimah,https://www.basketball-reference.com/players/b/brimaam01.html,2021,2021-05-16,IND,TOR,@,"W, 125-113",,,,,,,,,,,,,,,,,
Caris LeVert,https://www.basketball-reference.com/players/l/leverca01.html,2021,2020-12-22,BRK,GSW,,"W, 125-99",,24:49,6,17,3,5,5,6,1,8,9,5,2,1,2,1,20
Caris LeVert,https://www.basketball-reference.com/players/l/leverca01.html,2021,2020-12-25,BRK,BOS,@,"W, 123-95",,18:34,5,8,0,2,0,0,0,1,1,3,0,1,7,1,10
Caris LeVert,https://www.basketball-reference.com/players/l/leverca01.html,2021,2020-12-27,BRK,CHO,@,"L, 104-106",,25:49,4,12,2,7,0,0,1,4,5,4,1,1,0,0,10
Caris LeVert,https://www.basketball-reference.com/players/l/leverca01.html,2021,2020-12-28,BRK,MEM,,"L, 111-116 (OT)",,38:11,12,29,2,9,2,2,1,3,4,11,5,0,3,5,28
Caris LeVert,https://www.basketball-reference.com/players/l/leverca01.html,2021,2020-12-30,BRK,ATL,,"W, 145-141",,24:13,4,13,2,6,0,0,2,2,4,8,0,0,1,1,10
Caris LeVert,https://www.basketball-reference.com/players/l/leverca01.html,2021,,,,,,,,,,,,,,,,,,,,,,
Caris LeVert,https://www.basketball-reference.com/players/l/leverca01.html,2021,2021-01-01,BRK,ATL,,"L, 96-114",,26:33,4,10,0,3,0,0,0,2,2,3,1,0,2,2,8
Caris LeVert,https://www.basketball-reference.com/players/l/leverca01.html,2021,2021-01-03,BRK,WAS,,"L, 122-123",,24:44,3,13,0,1,0,0,1,4,5,5,0,3,0,3,6
Caris LeVert,https://www.basketball-reference.com/players/l/leverca01.html,2021,2021-01-05,BRK,UTA,,"W, 130-96",,21:27,9,18,2,5,4,4,0,1,1,5,2,0,2,1,24
Caris LeVert,https://www.basketball-reference.com/players/l/leverca01.html,2021,2021-01-07,BRK,PHI,,"W, 122-109",,32:16,9,25,0,5,4,10,0,7,7,10,2,0,1,0,22
Caris LeVert,https://www.basketball-reference.com/players/l/leverca01.html,2021,2021-01-08,BRK,MEM,@,"L, 110-115",,35:44,15,23,7,9,6,6,0,5,5,6,0,0,5,2,43
Caris LeVert,https://www.basketball-reference.com/players/l/leverca01.html,2021,2021-01-10,BRK,OKC,,"L, 116-129",,35:32,8,17,2,6,3,3,1,3,4,6,0,0,2,2,21
Caris LeVert,https://www.basketball-reference.com/players/l/leverca01.html,2021,2021-01-12,BRK,DEN,,"W, 122-116",,25:48,8,15,2,5,2,3,3,2,5,6,0,0,1,2,20
Caris LeVert,https://www.basketball-reference.com/players/l/leverca01.html,2021,2021-01-13,BRK,NYK,@,"W, 116-109",,,,,,,,,,,,,,,,,
Caris LeVert,https://www.basketball-reference.com/players/l/leverca01.html,2021,2021-01-14,HOU,SAS,@,"W, 109-105",,,,,,,,,,,,,,,,,
Caris LeVert,https://www.basketball-reference.com/players/l/leverca01.html,2021,2021-01-17,IND,LAC,@,"L, 96-129",,,,,,,,,,,,,,,,,
Caris LeVert,https://www.basketball-reference.com/players/l/leverca01.html,2021,2021-01-20,IND,DAL,,"L, 112-124",,,,,,,,,,,,,,,,,
Caris LeVert,https://www.basketball-reference.com/players/l/leverca01.html,2021,2021-01-22,IND,ORL,,"W, 120-118 (OT)",,,,,,,,,,,,,,,,,
Caris LeVert,https://www.basketball-reference.com/players/l/leverca01.html,2021,2021-01-24,IND,TOR,,"L, 102-107",,,,,,,,,,,,,,,,,
Caris LeVert,https://www.basketball-reference.com/players/l/leverca01.html,2021,2021-01-25,IND,TOR,,"W, 129-114",,,,,,,,,,,,,,,,,
Caris LeVert,https://www.basketball-reference.com/players/l/leverca01.html,2021,2021-01-27,IND,CHO,@,"W, 116-106",,,,,,,,,,,,,,,,,
Caris LeVert,https://www.basketball-reference.com/players/l/leverca01.html,2021,2021-01-29,IND,CHO,@,"L, 105-108",,,,,,,,,,,,,,,,,
Caris LeVert,https://www.basketball-reference.com/players/l/leverca01.html,2021,2021-01-31,IND,PHI,,"L, 110-119",,,,,,,,,,,,,,,,,
Caris LeVert,https://www.basketball-reference.com/players/l/leverca01.html,2021,2021-02-02,IND,MEM,,"W, 134-116",,,,,,,,,,,,,,,,,
Caris LeVert,https://www.basketball-reference.com/players/l/leverca01.html,2021,2021-02-03,IND,MIL,@,"L, 110-130",,,,,,,,,,,,,,,,,
Caris LeVert,https://www.basketball-reference.com/players/l/leverca01.html,2021,2021-02-05,IND,NOP,,"L, 113-114",,,,,,,,,,,,,,,,,
Caris LeVert,https://www.basketball-reference.com/players/l/leverca01.html,2021,2021-02-07,IND,UTA,,"L, 95-103",,,,,,,,,,,,,,,,,
Caris LeVert,https://www.basketball-reference.com/players/l/leverca01.html,2021,2021-02-10,IND,BRK,@,"L, 94-104",,,,,,,,,,,,,,,,,
Caris LeVert,https://www.basketball-reference.com/players/l/leverca01.html,2021,2021-02-11,IND,DET,@,"W, 111-95",,,,,,,,,,,,,,,,,
Caris LeVert,https://www.basketball-reference.com/players/l/leverca01.html,2021,2021-02-13,IND,ATL,@,"W, 125-113",,,,,,,,,,,,,,,,,
Caris LeVert,https://www.basketball-reference.com/players/l/leverca01.html,2021,2021-02-15,IND,CHI,,"L, 112-120 (OT)",,,,,,,,,,,,,,,,,
Caris LeVert,https://www.basketball-reference.com/players/l/leverca01.html,2021,2021-02-17,IND,MIN,@,"W, 134-128 (OT)",,,,,,,,,,,,,,,,,
Caris LeVert,https://www.basketball-reference.com/players/l/leverca01.html,2021,2021-02-24,IND,GSW,,"L, 107-111",,,,,,,,,,,,,,,,,
Caris LeVert,https://www.basketball-reference.com/players/l/leverca01.html,2021,2021-02-26,IND,BOS,@,"L, 112-118",,,,,,,,,,,,,,,,,
Caris LeVert,https://www.basketball-reference.com/players/l/leverca01.html,2021,2021-02-27,IND,NYK,@,"L, 107-110",,,,,,,,,,,,,,,,,
Caris LeVert,https://www.basketball-reference.com/players/l/leverca01.html,2021,2021-03-01,IND,PHI,@,"L, 114-130",,,,,,,,,,,,,,,,,
Caris LeVert,https://www.basketball-reference.com/players/l/leverca01.html,2021,2021-03-03,IND,CLE,@,"W, 114-111",,,,,,,,,,,,,,,,,
Caris LeVert,https://www.basketball-reference.com/players/l/leverca01.html,2021,2021-03-04,IND,DEN,,"L, 103-113",,,,,,,,,,,,,,,,,
Caris LeVert,https://www.basketball-reference.com/players/l/leverca01.html,2021,2021-03-12,IND,LAL,@,"L, 100-105",,,,,,,,,,,,,,,,,
Caris LeVert,https://www.basketball-reference.com/players/l/leverca01.html,2021,2021-03-13,IND,PHO,@,"W, 122-111",,26:52,5,14,0,4,3,4,2,5,7,2,0,0,4,1,13
Caris LeVert,https://www.basketball-reference.com/players/l/leverca01.html,2021,2021-03-15,IND,DEN,@,"L, 106-121",,29:22,6,11,3,6,2,2,0,2,2,2,3,0,1,1,17
Caris LeVert,https://www.basketball-reference.com/players/l/leverca01.html,2021,2021-03-17,IND,BRK,,"L, 115-124",,33:37,6,16,3,8,4,4,0,3,3,5,2,0,1,4,19
Caris LeVert,https://www.basketball-reference.com/players/l/leverca01.html,2021,2021-03-19,IND,MIA,@,"W, 137-110",,32:49,4,11,0,2,0,0,0,4,4,7,1,0,3,1,8
Caris LeVert,https://www.basketball-reference.com/players/l/leverca01.html,2021,2021-03-21,IND,MIA,@,"W, 109-106 (OT)",,34:42,5,18,2,6,1,1,0,3,3,3,1,0,0,1,13
Caris LeVert,https://www.basketball-reference.com/players/l/leverca01.html,2021,2021-03-22,IND,MIL,@,"L, 113-140",,31:25,7,17,3,10,2,2,2,3,5,5,2,0,0,2,19
Caris LeVert,https://www.basketball-reference.com/players/l/leverca01.html,2021,2021-03-24,IND,DET,,"W, 116-111",,33:41,10,19,4,7,4,6,1,5,6,4,2,0,1,3,28
Caris LeVert,https://www.basketball-reference.com/players/l/leverca01.html,2021,2021-03-26,IND,DAL,@,"W, 109-94",,34:41,4,14,2,7,0,0,0,5,5,3,0,0,0,1,10
Caris LeVert,https://www.basketball-reference.com/players/l/leverca01.html,2021,2021-03-29,IND,WAS,@,"L, 124-132",,31:44,3,14,0,3,2,2,0,5,5,4,2,0,2,2,8
Caris LeVert,https://www.basketball-reference.com/players/l/leverca01.html,2021,2021-03-31,IND,MIA,,"L, 87-92",,32:49,5,12,0,4,4,6,0,1,1,6,4,0,3,1,14
Caris LeVert,https://www.basketball-reference.com/players/l/leverca01.html,2021,2021-04-02,IND,CHO,,"L, 97-114",,34:40,5,13,2,6,4,6,1,3,4,5,2,0,4,2,16
Caris LeVert,https://www.basketball-reference.com/players/l/leverca01.html,2021,2021-04-03,IND,SAS,@,"W, 139-133 (OT)",,37:51,10,19,2,6,4,5,1,3,4,9,3,1,5,1,26
Caris LeVert,https://www.basketball-reference.com/players/l/leverca01.html,2021,2021-04-06,IND,CHI,,"L, 97-113",,32:31,9,18,2,4,0,0,0,6,6,5,0,1,0,3,20
Caris LeVert,https://www.basketball-reference.com/players/l/leverca01.html,2021,2021-04-07,IND,MIN,,"W, 141-137",,33:52,8,16,0,3,2,3,0,5,5,4,1,0,1,3,18
Caris LeVert,https://www.basketball-reference.com/players/l/leverca01.html,2021,2021-04-09,IND,ORL,@,"W, 111-106",,28:45,4,12,0,2,3,3,1,6,7,3,1,1,1,5,11
Caris LeVert,https://www.basketball-reference.com/players/l/leverca01.html,2021,2021-04-11,IND,MEM,@,"W, 132-125",,34:43,14,20,2,6,4,4,2,3,5,3,1,3,1,1,34
Caris LeVert,https://www.basketball-reference.com/players/l/leverca01.html,2021,2021-04-13,IND,LAC,,"L, 115-126",,36:13,7,18,1,8,11,13,1,5,6,6,2,3,2,4,26
Caris LeVert,https://www.basketball-reference.com/players/l/leverca01.html,2021,2021-04-14,IND,HOU,@,"W, 132-124",,29:59,10,20,4,9,3,3,0,5,5,1,2,0,6,3,27
Caris LeVert,https://www.basketball-reference.com/players/l/leverca01.html,2021,2021-04-16,IND,UTA,@,"L, 111-119",,33:51,10,24,3,10,1,1,3,4,7,2,2,1,1,2,24
Caris LeVert,https://www.basketball-reference.com/players/l/leverca01.html,2021,2021-04-18,IND,ATL,@,"L, 117-129",,24:14,4,12,1,4,2,3,1,1,2,3,2,1,2,2,11
Caris LeVert,https://www.basketball-reference.com/players/l/leverca01.html,2021,2021-04-19,IND,SAS,,"L, 94-109",,29:18,8,19,1,5,1,2,0,4,4,2,0,0,2,3,18
Caris LeVert,https://www.basketball-reference.com/players/l/leverca01.html,2021,2021-04-21,IND,OKC,,"W, 122-116",,40:35,11,25,1,7,5,6,2,3,5,6,4,1,2,4,28
Caris LeVert,https://www.basketball-reference.com/players/l/leverca01.html,2021,2021-04-24,IND,DET,,"W, 115-109",,30:21,9,19,0,5,7,13,2,5,7,3,2,1,1,4,25
Caris LeVert,https://www.basketball-reference.com/players/l/leverca01.html,2021,2021-04-25,IND,ORL,@,"W, 131-112",,29:32,7,14,1,2,3,3,0,3,3,6,1,0,0,1,18
Caris LeVert,https://www.basketball-reference.com/players/l/leverca01.html,2021,2021-04-27,IND,POR,,"L, 112-133",,23:56,7,14,0,2,2,2,0,3,3,2,0,2,1,0,16
Caris LeVert,https://www.basketball-reference.com/players/l/leverca01.html,2021,2021-04-29,IND,BRK,,"L, 113-130",,36:18,14,24,5,9,3,3,0,4,4,5,0,0,3,4,36
Caris LeVert,https://www.basketball-reference.com/players/l/leverca01.html,2021,2021-05-01,IND,OKC,@,"W, 152-95",,27:00,9,15,4,6,3,3,0,1,1,6,1,2,1,3,25
Caris LeVert,https://www.basketball-reference.com/players/l/leverca01.html,2021,2021-05-03,IND,WAS,@,"L, 141-154",,38:02,11,28,2,5,9,10,0,7,7,5,0,2,4,5,33
Caris LeVert,https://www.basketball-reference.com/players/l/leverca01.html,2021,2021-05-05,IND,SAC,,"L, 93-104",,29:21,5,18,2,3,2,4,0,3,3,3,1,0,2,3,14
Caris LeVert,https://www.basketball-reference.com/players/l/leverca01.html,2021,2021-05-06,IND,ATL,,"W, 133-126",,40:47,12,20,2,3,5,5,0,3,3,12,2,3,4,1,31
Caris LeVert,https://www.basketball-reference.com/players/l/leverca01.html,2021,2021-05-08,IND,WAS,,"L, 132-133 (OT)",,41:00,12,30,3,9,8,11,3,11,14,8,2,0,5,4,35
Caris LeVert,https://www.basketball-reference.com/players/l/leverca01.html,2021,2021-05-10,IND,CLE,@,"W, 111-102",,37:10,8,19,2,4,2,2,0,3,3,10,1,1,1,3,20
Caris LeVert,https://www.basketball-reference.com/players/l/leverca01.html,2021,2021-05-11,IND,PHI,,"W, 103-94",,39:47,8,20,2,9,6,6,0,7,7,5,2,0,4,3,24
Caris LeVert,https://www.basketball-reference.com/players/l/leverca01.html,2021,2021-05-13,IND,MIL,,"L, 133-142",,,,,,,,,,,,,,,,,
Caris LeVert,https://www.basketball-reference.com/players/l/leverca01.html,2021,2021-05-15,IND,LAL,,"L, 115-122",,38:50,11,23,2,9,4,4,1,4,5,12,2,1,7,3,28
Caris LeVert,https://www.basketball-reference.com/players/l/leverca01.html,2021,2021-05-16,IND,TOR,@,"W, 125-113",,21:24,4,8,1,2,4,4,0,1,1,6,2,0,1,1,13
Cassius Stanley,https://www.basketball-reference.com/players/s/stanlca01.html,2021,2020-12-23,IND,NYK,,"W, 121-107",,,,,,,,,,,,,,,,,
Cassius Stanley,https://www.basketball-reference.com/players/s/stanlca01.html,2021,2020-12-26,IND,CHI,@,"W, 125-106",,02:05,1,2,0,0,0,0,1,0,1,0,0,0,1,0,2
Cassius Stanley,https://www.basketball-reference.com/players/s/stanlca01.html,2021,2020-12-27,IND,BOS,,"W, 108-107",,,,,,,,,,,,,,,,,
Cassius Stanley,https://www.basketball-reference.com/players/s/stanlca01.html,2021,2020-12-29,IND,BOS,,"L, 111-116",,,,,,,,,,,,,,,,,
Cassius Stanley,https://www.basketball-reference.com/players/s/stanlca01.html,2021,2020-12-31,IND,CLE,,"W, 119-99",,01:36,1,1,1,1,0,0,0,0,0,0,0,0,0,1,3
Cassius Stanley,https://www.basketball-reference.com/players/s/stanlca01.html,2021,,,,,,,,,,,,,,,,,,,,,,
Cassius Stanley,https://www.basketball-reference.com/players/s/stanlca01.html,2021,2021-01-02,IND,NYK,,"L, 102-106",,,,,,,,,,,,,,,,,
Cassius Stanley,https://www.basketball-reference.com/players/s/stanlca01.html,2021,2021-01-04,IND,NOP,@,"W, 118-116 (OT)",,,,,,,,,,,,,,,,,
Cassius Stanley,https://www.basketball-reference.com/players/s/stanlca01.html,2021,2021-01-06,IND,HOU,,"W, 114-107",,,,,,,,,,,,,,,,,
Cassius Stanley,https://www.basketball-reference.com/players/s/stanlca01.html,2021,2021-01-09,IND,PHO,,"L, 117-125",,02:07,0,0,0,0,0,0,0,1,1,0,0,0,0,0,0
Cassius Stanley,https://www.basketball-reference.com/players/s/stanlca01.html,2021,2021-01-11,IND,SAC,@,"L, 122-127",,,,,,,,,,,,,,,,,
Cassius Stanley,https://www.basketball-reference.com/players/s/stanlca01.html,2021,2021-01-12,IND,GSW,@,"W, 104-95",,03:39,0,0,0,0,2,2,0,0,0,0,0,0,0,1,2
Cassius Stanley,https://www.basketball-reference.com/players/s/stanlca01.html,2021,2021-01-14,IND,POR,@,"W, 111-87",,02:24,0,0,0,0,2,3,0,0,0,0,0,0,0,0,2
Cassius Stanley,https://www.basketball-reference.com/players/s/stanlca01.html,2021,2021-01-17,IND,LAC,@,"L, 96-129",,07:56,0,3,0,1,0,0,0,0,0,0,0,1,0,4,0
Cassius Stanley,https://www.basketball-reference.com/players/s/stanlca01.html,2021,2021-01-20,IND,DAL,,"L, 112-124",,00:31,0,0,0,0,0,0,0,0,0,0,0,0,0,0,0
Cassius Stanley,https://www.basketball-reference.com/players/s/stanlca01.html,2021,2021-01-22,IND,ORL,,"W, 120-118 (OT)",,,,,,,,,,,,,,,,,
Cassius Stanley,https://www.basketball-reference.com/players/s/stanlca01.html,2021,2021-01-24,IND,TOR,,"L, 102-107",,,,,,,,,,,,,,,,,
Cassius Stanley,https://www.basketball-reference.com/players/s/stanlca01.html,2021,2021-01-25,IND,TOR,,"W, 129-114",,02:57,0,1,0,0,0,0,1,0,1,0,0,1,0,1,0
Cassius Stanley,https://www.basketball-reference.com/players/s/stanlca01.html,2021,2021-01-27,IND,CHO,@,"W, 116-106",,,,,,,,,,,,,,,,,
Cassius Stanley,https://www.basketball-reference.com/players/s/stanlca01.html,2021,2021-01-29,IND,CHO,@,"L, 105-108",,,,,,,,,,,,,,,,,
Cassius Stanley,https://www.basketball-reference.com/players/s/stanlca01.html,2021,2021-01-31,IND,PHI,,"L, 110-119",,,,,,,,,,,,,,,,,
Cassius Stanley,https://www.basketball-reference.com/players/s/stanlca01.html,2021,2021-02-02,IND,MEM,,"W, 134-116",,,,,,,,,,,,,,,,,
Cassius Stanley,https://www.basketball-reference.com/players/s/stanlca01.html,2021,2021-02-03,IND,MIL,@,"L, 110-130",,,,,,,,,,,,,,,,,
Cassius Stanley,https://www.basketball-reference.com/players/s/stanlca01.html,2021,2021-02-05,IND,NOP,,"L, 113-114",,,,,,,,,,,,,,,,,
Cassius Stanley,https://www.basketball-reference.com/players/s/stanlca01.html,2021,2021-02-07,IND,UTA,,"L, 95-103",,,,,,,,,,,,,,,,,
Cassius Stanley,https://www.basketball-reference.com/players/s/stanlca01.html,2021,2021-02-10,IND,BRK,@,"L, 94-104",,,,,,,,,,,,,,,,,
Cassius Stanley,https://www.basketball-reference.com/players/s/stanlca01.html,2021,2021-02-11,IND,DET,@,"W, 111-95",,,,,,,,,,,,,,,,,
Cassius Stanley,https://www.basketball-reference.com/players/s/stanlca01.html,2021,2021-02-13,IND,ATL,@,"W, 125-113",,,,,,,,,,,,,,,,,
Cassius Stanley,https://www.basketball-reference.com/players/s/stanlca01.html,2021,2021-02-15,IND,CHI,,"L, 112-120 (OT)",,,,,,,,,,,,,,,,,
Cassius Stanley,https://www.basketball-reference.com/players/s/stanlca01.html,2021,2021-02-17,IND,MIN,@,"W, 134-128 (OT)",,,,,,,,,,,,,,,,,
Cassius Stanley,https://www.basketball-reference.com/players/s/stanlca01.html,2021,2021-02-24,IND,GSW,,"L, 107-111",,,,,,,,,,,,,,,,,
Cassius Stanley,https://www.basketball-reference.com/players/s/stanlca01.html,2021,2021-02-26,IND,BOS,@,"L, 112-118",,,,,,,,,,,,,,,,,
Cassius Stanley,https://www.basketball-reference.com/players/s/stanlca01.html,2021,2021-02-27,IND,NYK,@,"L, 107-110",,,,,,,,,,,,,,,,,
Cassius Stanley,https://www.basketball-reference.com/players/s/stanlca01.html,2021,2021-03-01,IND,PHI,@,"L, 114-130",,,,,,,,,,,,,,,,,
Cassius Stanley,https://www.basketball-reference.com/players/s/stanlca01.html,2021,2021-03-03,IND,CLE,@,"W, 114-111",,,,,,,,,,,,,,,,,
Cassius Stanley,https://www.basketball-reference.com/players/s/stanlca01.html,2021,2021-03-04,IND,DEN,,"L, 103-113",,,,,,,,,,,,,,,,,
Cassius Stanley,https://www.basketball-reference.com/players/s/stanlca01.html,2021,2021-03-12,IND,LAL,@,"L, 100-105",,,,,,,,,,,,,,,,,
Cassius Stanley,https://www.basketball-reference.com/players/s/stanlca01.html,2021,2021-03-13,IND,PHO,@,"W, 122-111",,,,,,,,,,,,,,,,,
Cassius Stanley,https://www.basketball-reference.com/players/s/stanlca01.html,2021,2021-03-15,IND,DEN,@,"L, 106-121",,01:29,1,2,0,1,0,0,0,1,1,0,0,0,0,0,2
Cassius Stanley,https://www.basketball-reference.com/players/s/stanlca01.html,2021,2021-03-17,IND,BRK,,"L, 115-124",,,,,,,,,,,,,,,,,
Cassius Stanley,https://www.basketball-reference.com/players/s/stanlca01.html,2021,2021-03-19,IND,MIA,@,"W, 137-110",,02:15,0,2,0,1,0,0,0,1,1,0,0,0,0,0,0
Cassius Stanley,https://www.basketball-reference.com/players/s/stanlca01.html,2021,2021-03-21,IND,MIA,@,"W, 109-106 (OT)",,,,,,,,,,,,,,,,,
Cassius Stanley,https://www.basketball-reference.com/players/s/stanlca01.html,2021,2021-03-22,IND,MIL,@,"L, 113-140",,04:30,1,4,0,1,0,0,2,1,3,0,0,0,0,1,2
Cassius Stanley,https://www.basketball-reference.com/players/s/stanlca01.html,2021,2021-03-24,IND,DET,,"W, 116-111",,,,,,,,,,,,,,,,,
Cassius Stanley,https://www.basketball-reference.com/players/s/stanlca01.html,2021,2021-03-26,IND,DAL,@,"W, 109-94",,01:38,0,0,0,0,0,0,0,0,0,0,0,0,0,0,0
Cassius Stanley,https://www.basketball-reference.com/players/s/stanlca01.html,2021,2021-03-29,IND,WAS,@,"L, 124-132",,,,,,,,,,,,,,,,,
Cassius Stanley,https://www.basketball-reference.com/players/s/stanlca01.html,2021,2021-03-31,IND,MIA,,"L, 87-92",,,,,,,,,,,,,,,,,
Cassius Stanley,https://www.basketball-reference.com/players/s/stanlca01.html,2021,2021-04-02,IND,CHO,,"L, 97-114",,01:41,0,1,0,0,0,0,0,1,1,0,0,0,0,0,0
Cassius Stanley,https://www.basketball-reference.com/players/s/stanlca01.html,2021,2021-04-03,IND,SAS,@,"W, 139-133 (OT)",,,,,,,,,,,,,,,,,
Cassius Stanley,https://www.basketball-reference.com/players/s/stanlca01.html,2021,2021-04-06,IND,CHI,,"L, 97-113",,02:44,0,2,0,1,0,0,0,1,1,0,0,0,0,0,0
Cassius Stanley,https://www.basketball-reference.com/players/s/stanlca01.html,2021,2021-04-07,IND,MIN,,"W, 141-137",,,,,,,,,,,,,,,,,
Cassius Stanley,https://www.basketball-reference.com/players/s/stanlca01.html,2021,2021-04-09,IND,ORL,@,"W, 111-106",,,,,,,,,,,,,,,,,
Cassius Stanley,https://www.basketball-reference.com/players/s/stanlca01.html,2021,2021-04-11,IND,MEM,@,"W, 132-125",,,,,,,,,,,,,,,,,
Cassius Stanley,https://www.basketball-reference.com/players/s/stanlca01.html,2021,2021-04-13,IND,LAC,,"L, 115-126",,00:46,1,1,0,0,0,0,0,0,0,0,0,0,0,0,2
Cassius Stanley,https://www.basketball-reference.com/players/s/stanlca01.html,2021,2021-04-14,IND,HOU,@,"W, 132-124",,,,,,,,,,,,,,,,,
Cassius Stanley,https://www.basketball-reference.com/players/s/stanlca01.html,2021,2021-04-16,IND,UTA,@,"L, 111-119",,,,,,,,,,,,,,,,,
Cassius Stanley,https://www.basketball-reference.com/players/s/stanlca01.html,2021,2021-04-18,IND,ATL,@,"L, 117-129",,,,,,,,,,,,,,,,,
Cassius Stanley,https://www.basketball-reference.com/players/s/stanlca01.html,2021,2021-04-19,IND,SAS,,"L, 94-109",,03:27,1,3,0,0,0,0,1,0,1,0,0,0,0,1,2
Cassius Stanley,https://www.basketball-reference.com/players/s/stanlca01.html,2021,2021-04-21,IND,OKC,,"W, 122-116",,,,,,,,,,,,,,,,,
Cassius Stanley,https://www.basketball-reference.com/players/s/stanlca01.html,2021,2021-04-24,IND,DET,,"W, 115-109",,,,,,,,,,,,,,,,,
Cassius Stanley,https://www.basketball-reference.com/players/s/stanlca01.html,2021,2021-04-25,IND,ORL,@,"W, 131-112",,03:43,1,1,0,0,0,0,0,0,0,0,0,0,0,0,2
Cassius Stanley,https://www.basketball-reference.com/players/s/stanlca01.html,2021,2021-04-27,IND,POR,,"L, 112-133",,07:10,1,2,0,1,2,2,0,2,2,1,0,0,0,0,4
Cassius Stanley,https://www.basketball-reference.com/players/s/stanlca01.html,2021,2021-04-29,IND,BRK,,"L, 113-130",,01:05,0,1,0,0,0,0,0,0,0,0,0,0,0,0,0
Cassius Stanley,https://www.basketball-reference.com/players/s/stanlca01.html,2021,2021-05-01,IND,OKC,@,"W, 152-95",,12:57,3,7,1,2,0,0,1,2,3,0,0,0,0,2,7
Cassius Stanley,https://www.basketball-reference.com/players/s/stanlca01.html,2021,2021-05-03,IND,WAS,@,"L, 141-154",,,,,,,,,,,,,,,,,
Cassius Stanley,https://www.basketball-reference.com/players/s/stanlca01.html,2021,2021-05-05,IND,SAC,,"L, 93-104",,11:25,1,4,0,1,1,2,1,2,3,0,1,0,0,1,3
Cassius Stanley,https://www.basketball-reference.com/players/s/stanlca01.html,2021,2021-05-06,IND,ATL,,"W, 133-126",,,,,,,,,,,,,,,,,
Cassius Stanley,https://www.basketball-reference.com/players/s/stanlca01.html,2021,2021-05-08,IND,WAS,,"L, 132-133 (OT)",,,,,,,,,,,,,,,,,
Cassius Stanley,https://www.basketball-reference.com/players/s/stanlca01.html,2021,2021-05-10,IND,CLE,@,"W, 111-102",,,,,,,,,,,,,,,,,
Cassius Stanley,https://www.basketball-reference.com/players/s/stanlca01.html,2021,2021-05-11,IND,PHI,,"W, 103-94",,05:09,1,2,1,2,0,0,0,0,0,0,0,0,0,0,3
Cassius Stanley,https://www.basketball-reference.com/players/s/stanlca01.html,2021,2021-05-13,IND,MIL,,"L, 133-142",,05:07,0,3,0,1,0,0,0,0,0,0,0,0,0,0,0
Cassius Stanley,https://www.basketball-reference.com/players/s/stanlca01.html,2021,2021-05-15,IND,LAL,,"L, 115-122",,04:56,0,1,0,0,0,0,1,0,1,0,0,0,0,2,0
Cassius Stanley,https://www.basketball-reference.com/players/s/stanlca01.html,2021,2021-05-16,IND,TOR,@,"W, 125-113",,,,,,,,,,,,,,,,,
Nicolas Batum,https://www.basketball-reference.com/players/b/batumni01.html,2021,2020-12-22,LAC,LAL,@,"W, 116-109",,28:11,1,4,1,3,0,0,1,5,6,6,2,0,1,2,3
Nicolas Batum,https://www.basketball-reference.com/players/b/batumni01.html,2021,2020-12-25,LAC,DEN,@,"W, 121-108",,36:19,5,8,2,5,1,1,4,6,10,4,1,1,2,5,13
Nicolas Batum,https://www.basketball-reference.com/players/b/batumni01.html,2021,2020-12-27,LAC,DAL,,"L, 73-124",,21:30,2,4,0,1,0,0,1,5,6,1,0,0,1,2,4
Nicolas Batum,https://www.basketball-reference.com/players/b/batumni01.html,2021,2020-12-29,LAC,MIN,,"W, 124-101",,23:43,2,6,1,4,2,2,0,5,5,3,1,0,1,3,7
Nicolas Batum,https://www.basketball-reference.com/players/b/batumni01.html,2021,2020-12-30,LAC,POR,,"W, 128-105",,26:26,4,6,2,2,1,2,2,3,5,3,1,0,0,1,11
Nicolas Batum,https://www.basketball-reference.com/players/b/batumni01.html,2021,,,,,,,,,,,,,,,,,,,,,,
Nicolas Batum,https://www.basketball-reference.com/players/b/batumni01.html,2021,2021-01-01,LAC,UTA,@,"L, 100-106",,34:51,1,4,1,2,6,6,2,5,7,0,0,0,0,5,9
Nicolas Batum,https://www.basketball-reference.com/players/b/batumni01.html,2021,2021-01-03,LAC,PHO,@,"W, 112-107",,30:41,5,9,4,7,0,0,0,1,1,3,1,0,0,1,14
Nicolas Batum,https://www.basketball-reference.com/players/b/batumni01.html,2021,2021-01-05,LAC,SAS,,"L, 113-116",,35:49,8,12,2,5,3,3,1,8,9,3,1,1,2,2,21
Nicolas Batum,https://www.basketball-reference.com/players/b/batumni01.html,2021,2021-01-06,LAC,GSW,@,"W, 108-101",,26:18,4,9,3,6,2,2,3,2,5,0,1,0,1,2,13
Nicolas Batum,https://www.basketball-reference.com/players/b/batumni01.html,2021,2021-01-08,LAC,GSW,@,"L, 105-115",,30:17,4,10,2,8,0,0,0,6,6,6,2,0,0,1,10
Nicolas Batum,https://www.basketball-reference.com/players/b/batumni01.html,2021,2021-01-10,LAC,CHI,,"W, 130-127",,27:32,2,3,2,3,2,3,0,2,2,3,4,1,0,2,8
Nicolas Batum,https://www.basketball-reference.com/players/b/batumni01.html,2021,2021-01-13,LAC,NOP,,"W, 111-106",,27:30,3,7,3,7,0,0,0,2,2,4,0,0,0,5,9
Nicolas Batum,https://www.basketball-reference.com/players/b/batumni01.html,2021,2021-01-15,LAC,SAC,@,"W, 138-100",,21:09,2,5,1,3,1,2,2,4,6,2,3,0,0,1,6
Nicolas Batum,https://www.basketball-reference.com/players/b/batumni01.html,2021,2021-01-17,LAC,IND,,"W, 129-96",,24:56,3,8,2,5,2,2,0,5,5,0,0,0,0,0,10
Nicolas Batum,https://www.basketball-reference.com/players/b/batumni01.html,2021,2021-01-20,LAC,SAC,,"W, 115-96",,26:15,4,7,3,5,0,0,0,3,3,0,3,1,1,0,11
Nicolas Batum,https://www.basketball-reference.com/players/b/batumni01.html,2021,2021-01-22,LAC,OKC,,"W, 120-106",,33:11,5,6,4,4,0,0,1,0,1,2,1,2,2,2,14
Nicolas Batum,https://www.basketball-reference.com/players/b/batumni01.html,2021,2021-01-24,LAC,OKC,,"W, 108-100",,35:48,3,7,1,5,0,0,0,3,3,2,1,0,0,1,7
Nicolas Batum,https://www.basketball-reference.com/players/b/batumni01.html,2021,2021-01-26,LAC,ATL,@,"L, 99-108",,32:47,2,7,1,5,0,0,0,4,4,5,0,0,3,1,5
Nicolas Batum,https://www.basketball-reference.com/players/b/batumni01.html,2021,2021-01-28,LAC,MIA,@,"W, 109-105",,31:07,6,12,6,9,0,0,0,6,6,2,2,0,0,2,18
Nicolas Batum,https://www.basketball-reference.com/players/b/batumni01.html,2021,2021-01-29,LAC,ORL,@,"W, 116-90",,27:34,1,4,1,4,0,0,0,4,4,3,0,0,0,0,3
Nicolas Batum,https://www.basketball-reference.com/players/b/batumni01.html,2021,2021-01-31,LAC,NYK,@,"W, 129-115",,,,,,,,,,,,,,,,,
Nicolas Batum,https://www.basketball-reference.com/players/b/batumni01.html,2021,2021-02-02,LAC,BRK,@,"L, 120-124",,37:54,7,10,5,8,2,3,2,4,6,0,1,0,0,1,21
Nicolas Batum,https://www.basketball-reference.com/players/b/batumni01.html,2021,2021-02-03,LAC,CLE,@,"W, 121-99",,23:45,3,5,1,3,0,0,0,1,1,2,0,0,1,1,7
Nicolas Batum,https://www.basketball-reference.com/players/b/batumni01.html,2021,2021-02-05,LAC,BOS,,"L, 115-119",,39:18,6,11,4,7,0,0,3,4,7,1,2,0,2,3,16
Nicolas Batum,https://www.basketball-reference.com/players/b/batumni01.html,2021,2021-02-07,LAC,SAC,,"L, 110-113",,27:20,2,6,1,4,0,0,2,2,4,3,3,1,1,2,5
Nicolas Batum,https://www.basketball-reference.com/players/b/batumni01.html,2021,2021-02-10,LAC,MIN,@,"W, 119-112",,35:22,2,6,2,4,2,2,0,10,10,2,2,1,0,1,8
Nicolas Batum,https://www.basketball-reference.com/players/b/batumni01.html,2021,2021-02-12,LAC,CHI,@,"W, 125-106",,30:54,2,4,1,3,2,2,0,6,6,1,3,1,1,0,7
Nicolas Batum,https://www.basketball-reference.com/players/b/batumni01.html,2021,2021-02-14,LAC,CLE,,"W, 128-111",,29:48,1,3,1,3,0,0,0,2,2,2,2,1,0,0,3
Nicolas Batum,https://www.basketball-reference.com/players/b/batumni01.html,2021,2021-02-15,LAC,MIA,,"W, 125-118",,,,,,,,,,,,,,,,,
Nicolas Batum,https://www.basketball-reference.com/players/b/batumni01.html,2021,2021-02-17,LAC,UTA,,"L, 96-114",,,,,,,,,,,,,,,,,
Nicolas Batum,https://www.basketball-reference.com/players/b/batumni01.html,2021,2021-02-19,LAC,UTA,,"W, 116-112",,30:54,0,2,0,2,0,0,0,3,3,0,1,1,0,1,0
Nicolas Batum,https://www.basketball-reference.com/players/b/batumni01.html,2021,2021-02-21,LAC,BRK,,"L, 108-112",,29:51,1,6,1,3,0,2,5,1,6,2,0,1,1,0,3
Nicolas Batum,https://www.basketball-reference.com/players/b/batumni01.html,2021,2021-02-23,LAC,WAS,,"W, 135-116",,24:21,2,4,0,1,0,0,0,3,3,4,1,0,1,1,4
Nicolas Batum,https://www.basketball-reference.com/players/b/batumni01.html,2021,2021-02-25,LAC,MEM,@,"L, 94-122",,23:32,1,4,1,3,1,1,0,2,2,2,0,1,0,1,4
Nicolas Batum,https://www.basketball-reference.com/players/b/batumni01.html,2021,2021-02-26,LAC,MEM,@,"W, 119-99",,25:01,5,8,3,5,0,0,1,5,6,3,1,0,2,3,13
Nicolas Batum,https://www.basketball-reference.com/players/b/batumni01.html,2021,2021-02-28,LAC,MIL,@,"L, 100-105",,30:27,3,6,2,4,0,0,0,6,6,2,0,0,0,2,8
Nicolas Batum,https://www.basketball-reference.com/players/b/batumni01.html,2021,2021-03-02,LAC,BOS,@,"L, 112-117",,30:28,4,6,2,4,0,0,0,5,5,3,0,0,0,0,10
Nicolas Batum,https://www.basketball-reference.com/players/b/batumni01.html,2021,2021-03-04,LAC,WAS,@,"L, 117-119",,30:24,2,10,2,8,3,3,0,4,4,5,2,0,3,5,9
Nicolas Batum,https://www.basketball-reference.com/players/b/batumni01.html,2021,2021-03-11,LAC,GSW,,"W, 130-104",,15:48,3,5,2,3,0,0,0,2,2,1,0,0,1,4,8
Nicolas Batum,https://www.basketball-reference.com/players/b/batumni01.html,2021,2021-03-14,LAC,NOP,@,"L, 115-135",,19:46,3,8,0,4,0,0,3,1,4,1,2,0,1,0,6
Nicolas Batum,https://www.basketball-reference.com/players/b/batumni01.html,2021,2021-03-15,LAC,DAL,@,"W, 109-99",,25:55,4,6,4,6,0,0,0,7,7,1,0,0,0,1,12
Nicolas Batum,https://www.basketball-reference.com/players/b/batumni01.html,2021,2021-03-17,LAC,DAL,@,"L, 89-105",,29:00,1,3,1,2,0,0,0,2,2,2,2,0,1,2,3
Nicolas Batum,https://www.basketball-reference.com/players/b/batumni01.html,2021,2021-03-20,LAC,CHO,,"W, 125-98",,27:44,3,5,0,2,5,5,0,5,5,2,2,0,1,1,11
Nicolas Batum,https://www.basketball-reference.com/players/b/batumni01.html,2021,2021-03-22,LAC,ATL,,"W, 119-110",,23:02,0,4,0,3,0,0,1,3,4,3,0,0,0,1,0
Nicolas Batum,https://www.basketball-reference.com/players/b/batumni01.html,2021,2021-03-24,LAC,SAS,@,"W, 134-101",,26:12,3,5,3,4,4,5,0,4,4,4,0,2,1,3,13
Nicolas Batum,https://www.basketball-reference.com/players/b/batumni01.html,2021,2021-03-25,LAC,SAS,@,"W, 98-85",,30:28,2,8,2,7,0,0,0,8,8,1,2,0,0,0,6
Nicolas Batum,https://www.basketball-reference.com/players/b/batumni01.html,2021,2021-03-27,LAC,PHI,,"W, 122-112",,34:35,3,6,1,3,0,0,0,6,6,5,0,0,2,3,7
Nicolas Batum,https://www.basketball-reference.com/players/b/batumni01.html,2021,2021-03-29,LAC,MIL,,"W, 129-105",,26:42,3,7,2,5,0,0,2,5,7,1,1,1,1,1,8
Nicolas Batum,https://www.basketball-reference.com/players/b/batumni01.html,2021,2021-03-30,LAC,ORL,,"L, 96-103",,33:53,1,4,0,3,0,0,1,9,10,5,0,1,4,0,2
Nicolas Batum,https://www.basketball-reference.com/players/b/batumni01.html,2021,2021-04-01,LAC,DEN,,"L, 94-101",,29:58,2,7,2,4,0,0,2,3,5,3,3,0,0,2,6
Nicolas Batum,https://www.basketball-reference.com/players/b/batumni01.html,2021,2021-04-04,LAC,LAL,,"W, 104-86",,17:52,1,2,1,2,1,2,1,4,5,4,1,1,0,1,4
Nicolas Batum,https://www.basketball-reference.com/players/b/batumni01.html,2021,2021-04-06,LAC,POR,,"W, 133-116",,20:34,2,5,1,4,0,0,0,6,6,2,1,0,0,2,5
Nicolas Batum,https://www.basketball-reference.com/players/b/batumni01.html,2021,2021-04-08,LAC,PHO,,"W, 113-103",,27:00,4,8,0,3,0,0,0,4,4,1,0,0,0,2,8
Nicolas Batum,https://www.basketball-reference.com/players/b/batumni01.html,2021,2021-04-09,LAC,HOU,,"W, 126-109",,27:19,6,13,2,5,3,3,1,2,3,0,1,1,1,1,17
Nicolas Batum,https://www.basketball-reference.com/players/b/batumni01.html,2021,2021-04-11,LAC,DET,,"W, 131-124",,31:26,5,6,4,5,0,0,2,7,9,3,1,3,2,3,14
Nicolas Batum,https://www.basketball-reference.com/players/b/batumni01.html,2021,2021-04-13,LAC,IND,@,"W, 126-115",,27:40,6,12,2,7,0,0,1,4,5,1,1,5,3,0,14
Nicolas Batum,https://www.basketball-reference.com/players/b/batumni01.html,2021,2021-04-14,LAC,DET,@,"W, 100-98",,26:56,2,7,2,6,1,1,0,1,1,0,1,1,1,0,7
Nicolas Batum,https://www.basketball-reference.com/players/b/batumni01.html,2021,2021-04-16,LAC,PHI,@,"L, 103-106",,30:22,1,6,1,3,0,0,1,7,8,3,1,0,0,3,3
Nicolas Batum,https://www.basketball-reference.com/players/b/batumni01.html,2021,2021-04-18,LAC,MIN,,"W, 124-105",,,,,,,,,,,,,,,,,
Nicolas Batum,https://www.basketball-reference.com/players/b/batumni01.html,2021,2021-04-20,LAC,POR,@,"W, 113-112",,25:34,5,8,1,4,0,0,1,2,3,1,0,1,1,1,11
Nicolas Batum,https://www.basketball-reference.com/players/b/batumni01.html,2021,2021-04-21,LAC,MEM,,"W, 117-105",,26:08,1,2,0,1,0,0,1,3,4,4,1,1,2,2,2
Nicolas Batum,https://www.basketball-reference.com/players/b/batumni01.html,2021,2021-04-23,LAC,HOU,@,"W, 109-104",,33:02,1,5,0,3,0,0,0,8,8,5,1,2,2,1,2
Nicolas Batum,https://www.basketball-reference.com/players/b/batumni01.html,2021,2021-04-26,LAC,NOP,@,"L, 103-120",,14:23,1,3,1,3,0,0,0,2,2,0,0,0,0,0,3
Nicolas Batum,https://www.basketball-reference.com/players/b/batumni01.html,2021,2021-04-28,LAC,PHO,@,"L, 101-109",,23:28,2,3,2,3,2,2,0,0,0,1,0,0,1,2,8
Nicolas Batum,https://www.basketball-reference.com/players/b/batumni01.html,2021,2021-05-01,LAC,DEN,,"L, 104-110",,19:07,0,2,0,0,0,0,1,2,3,1,1,1,0,3,0
Nicolas Batum,https://www.basketball-reference.com/players/b/batumni01.html,2021,2021-05-04,LAC,TOR,,"W, 105-100",,19:50,3,6,1,4,0,0,0,1,1,0,1,1,0,0,7
Nicolas Batum,https://www.basketball-reference.com/players/b/batumni01.html,2021,2021-05-06,LAC,LAL,,"W, 118-94",,20:18,2,4,0,2,1,2,1,5,6,1,1,1,1,1,5
Nicolas Batum,https://www.basketball-reference.com/players/b/batumni01.html,2021,2021-05-09,LAC,NYK,,"L, 100-106",,27:50,5,8,3,6,0,0,1,2,3,3,1,0,0,0,13
Nicolas Batum,https://www.basketball-reference.com/players/b/batumni01.html,2021,2021-05-11,LAC,TOR,@,"W, 115-96",,23:17,2,5,1,3,0,0,0,9,9,4,1,1,0,2,5
Nicolas Batum,https://www.basketball-reference.com/players/b/batumni01.html,2021,2021-05-13,LAC,CHO,@,"W, 113-90",,23:21,4,6,2,4,1,2,0,3,3,0,1,1,0,1,11
Nicolas Batum,https://www.basketball-reference.com/players/b/batumni01.html,2021,2021-05-14,LAC,HOU,@,"L, 115-122",,15:00,2,4,1,3,0,0,0,2,2,1,0,0,1,0,5
Nicolas Batum,https://www.basketball-reference.com/players/b/batumni01.html,2021,2021-05-16,LAC,OKC,@,"L, 112-117",,,,,,,,,,,,,,,,,
Malik Fitts,https://www.basketball-reference.com/players/f/fittsma01.html,2021,2021-04-09,LAC,HOU,,"W, 126-109",,02:58,0,1,0,1,0,0,0,2,2,0,0,0,0,1,0
Malik Fitts,https://www.basketball-reference.com/players/f/fittsma01.html,2021,2021-04-11,LAC,DET,,"W, 131-124",,,,,,,,,,,,,,,,,
Malik Fitts,https://www.basketball-reference.com/players/f/fittsma01.html,2021,2021-04-13,LAC,IND,@,"W, 126-115",,00:58,0,0,0,0,0,0,0,0,0,0,0,0,0,1,0
Malik Fitts,https://www.basketball-reference.com/players/f/fittsma01.html,2021,2021-04-14,LAC,DET,@,"W, 100-98",,,,,,,,,,,,,,,,,
Malik Fitts,https://www.basketball-reference.com/players/f/fittsma01.html,2021,2021-04-16,LAC,PHI,@,"L, 103-106",,,,,,,,,,,,,,,,,
Malik Fitts,https://www.basketball-reference.com/players/f/fittsma01.html,2021,2021-04-18,LAC,MIN,,"W, 124-105",,06:53,1,2,1,1,0,0,0,1,1,0,0,0,0,1,3
Daniel Oturu,https://www.basketball-reference.com/players/o/oturuda01.html,2021,2020-12-22,LAC,LAL,@,"W, 116-109",,,,,,,,,,,,,,,,,
Daniel Oturu,https://www.basketball-reference.com/players/o/oturuda01.html,2021,2020-12-25,LAC,DEN,@,"W, 121-108",,00:26,0,0,0,0,0,0,0,0,0,0,0,0,0,0,0
Daniel Oturu,https://www.basketball-reference.com/players/o/oturuda01.html,2021,2020-12-27,LAC,DAL,,"L, 73-124",,12:00,2,4,0,1,0,0,0,2,2,0,0,1,1,2,4
Daniel Oturu,https://www.basketball-reference.com/players/o/oturuda01.html,2021,2020-12-29,LAC,MIN,,"W, 124-101",,06:56,2,2,0,0,0,0,1,2,3,1,0,1,0,1,4
Daniel Oturu,https://www.basketball-reference.com/players/o/oturuda01.html,2021,2020-12-30,LAC,POR,,"W, 128-105",,02:45,1,2,0,0,0,0,0,2,2,1,0,0,0,0,2
Daniel Oturu,https://www.basketball-reference.com/players/o/oturuda01.html,2021,,,,,,,,,,,,,,,,,,,,,,
Daniel Oturu,https://www.basketball-reference.com/players/o/oturuda01.html,2021,2021-01-01,LAC,UTA,@,"L, 100-106",,,,,,,,,,,,,,,,,
Daniel Oturu,https://www.basketball-reference.com/players/o/oturuda01.html,2021,2021-01-03,LAC,PHO,@,"W, 112-107",,,,,,,,,,,,,,,,,
Daniel Oturu,https://www.basketball-reference.com/players/o/oturuda01.html,2021,2021-01-05,LAC,SAS,,"L, 113-116",,,,,,,,,,,,,,,,,
Daniel Oturu,https://www.basketball-reference.com/players/o/oturuda01.html,2021,2021-01-06,LAC,GSW,@,"W, 108-101",,,,,,,,,,,,,,,,,
Daniel Oturu,https://www.basketball-reference.com/players/o/oturuda01.html,2021,2021-01-08,LAC,GSW,@,"L, 105-115",,00:43,0,0,0,0,0,0,0,0,0,0,0,0,0,0,0
Daniel Oturu,https://www.basketball-reference.com/players/o/oturuda01.html,2021,2021-01-10,LAC,CHI,,"W, 130-127",,,,,,,,,,,,,,,,,
Daniel Oturu,https://www.basketball-reference.com/players/o/oturuda01.html,2021,2021-01-13,LAC,NOP,,"W, 111-106",,,,,,,,,,,,,,,,,
Daniel Oturu,https://www.basketball-reference.com/players/o/oturuda01.html,2021,2021-01-15,LAC,SAC,@,"W, 138-100",,07:14,1,2,0,0,2,2,2,2,4,1,0,0,0,0,4
Daniel Oturu,https://www.basketball-reference.com/players/o/oturuda01.html,2021,2021-01-17,LAC,IND,,"W, 129-96",,05:06,2,4,0,0,0,0,2,1,3,1,0,0,0,1,4
Daniel Oturu,https://www.basketball-reference.com/players/o/oturuda01.html,2021,2021-01-20,LAC,SAC,,"W, 115-96",,02:20,0,0,0,0,0,0,0,0,0,0,0,0,0,1,0
Daniel Oturu,https://www.basketball-reference.com/players/o/oturuda01.html,2021,2021-01-22,LAC,OKC,,"W, 120-106",,00:51,1,1,0,0,0,0,0,0,0,0,0,0,0,0,2
Daniel Oturu,https://www.basketball-reference.com/players/o/oturuda01.html,2021,2021-01-24,LAC,OKC,,"W, 108-100",,,,,,,,,,,,,,,,,
Daniel Oturu,https://www.basketball-reference.com/players/o/oturuda01.html,2021,2021-01-26,LAC,ATL,@,"L, 99-108",,,,,,,,,,,,,,,,,
Daniel Oturu,https://www.basketball-reference.com/players/o/oturuda01.html,2021,2021-01-28,LAC,MIA,@,"W, 109-105",,,,,,,,,,,,,,,,,
Daniel Oturu,https://www.basketball-reference.com/players/o/oturuda01.html,2021,2021-01-29,LAC,ORL,@,"W, 116-90",,03:43,0,0,0,0,0,0,0,0,0,0,0,1,1,1,0
Daniel Oturu,https://www.basketball-reference.com/players/o/oturuda01.html,2021,2021-01-31,LAC,NYK,@,"W, 129-115",,,,,,,,,,,,,,,,,
Daniel Oturu,https://www.basketball-reference.com/players/o/oturuda01.html,2021,2021-02-02,LAC,BRK,@,"L, 120-124",,,,,,,,,,,,,,,,,
Daniel Oturu,https://www.basketball-reference.com/players/o/oturuda01.html,2021,2021-02-03,LAC,CLE,@,"W, 121-99",,,,,,,,,,,,,,,,,
Daniel Oturu,https://www.basketball-reference.com/players/o/oturuda01.html,2021,2021-02-05,LAC,BOS,,"L, 115-119",,,,,,,,,,,,,,,,,
Daniel Oturu,https://www.basketball-reference.com/players/o/oturuda01.html,2021,2021-02-07,LAC,SAC,,"L, 110-113",,,,,,,,,,,,,,,,,
Daniel Oturu,https://www.basketball-reference.com/players/o/oturuda01.html,2021,2021-02-10,LAC,MIN,@,"W, 119-112",,,,,,,,,,,,,,,,,
Daniel Oturu,https://www.basketball-reference.com/players/o/oturuda01.html,2021,2021-02-12,LAC,CHI,@,"W, 125-106",,,,,,,,,,,,,,,,,
Daniel Oturu,https://www.basketball-reference.com/players/o/oturuda01.html,2021,2021-02-14,LAC,CLE,,"W, 128-111",,,,,,,,,,,,,,,,,
Daniel Oturu,https://www.basketball-reference.com/players/o/oturuda01.html,2021,2021-02-15,LAC,MIA,,"W, 125-118",,,,,,,,,,,,,,,,,
Daniel Oturu,https://www.basketball-reference.com/players/o/oturuda01.html,2021,2021-02-17,LAC,UTA,,"L, 96-114",,,,,,,,,,,,,,,,,
Daniel Oturu,https://www.basketball-reference.com/players/o/oturuda01.html,2021,2021-02-19,LAC,UTA,,"W, 116-112",,,,,,,,,,,,,,,,,
Daniel Oturu,https://www.basketball-reference.com/players/o/oturuda01.html,2021,2021-02-21,LAC,BRK,,"L, 108-112",,,,,,,,,,,,,,,,,
Daniel Oturu,https://www.basketball-reference.com/players/o/oturuda01.html,2021,2021-02-23,LAC,WAS,,"W, 135-116",,,,,,,,,,,,,,,,,
Daniel Oturu,https://www.basketball-reference.com/players/o/oturuda01.html,2021,2021-02-25,LAC,MEM,@,"L, 94-122",,,,,,,,,,,,,,,,,
Daniel Oturu,https://www.basketball-reference.com/players/o/oturuda01.html,2021,2021-02-26,LAC,MEM,@,"W, 119-99",,,,,,,,,,,,,,,,,
Daniel Oturu,https://www.basketball-reference.com/players/o/oturuda01.html,2021,2021-02-28,LAC,MIL,@,"L, 100-105",,,,,,,,,,,,,,,,,
Daniel Oturu,https://www.basketball-reference.com/players/o/oturuda01.html,2021,2021-03-02,LAC,BOS,@,"L, 112-117",,,,,,,,,,,,,,,,,
Daniel Oturu,https://www.basketball-reference.com/players/o/oturuda01.html,2021,2021-03-04,LAC,WAS,@,"L, 117-119",,,,,,,,,,,,,,,,,
Daniel Oturu,https://www.basketball-reference.com/players/o/oturuda01.html,2021,2021-03-11,LAC,GSW,,"W, 130-104",,,,,,,,,,,,,,,,,
Daniel Oturu,https://www.basketball-reference.com/players/o/oturuda01.html,2021,2021-03-14,LAC,NOP,@,"L, 115-135",,12:00,1,2,0,0,0,0,0,2,2,1,0,0,1,1,2
Daniel Oturu,https://www.basketball-reference.com/players/o/oturuda01.html,2021,2021-03-15,LAC,DAL,@,"W, 109-99",,,,,,,,,,,,,,,,,
Daniel Oturu,https://www.basketball-reference.com/players/o/oturuda01.html,2021,2021-03-17,LAC,DAL,@,"L, 89-105",,01:27,0,0,0,0,0,0,0,0,0,0,0,0,1,0,0
Daniel Oturu,https://www.basketball-reference.com/players/o/oturuda01.html,2021,2021-03-20,LAC,CHO,,"W, 125-98",,06:31,0,3,0,0,0,0,1,0,1,0,0,0,0,1,0
Daniel Oturu,https://www.basketball-reference.com/players/o/oturuda01.html,2021,2021-03-22,LAC,ATL,,"W, 119-110",,,,,,,,,,,,,,,,,
Daniel Oturu,https://www.basketball-reference.com/players/o/oturuda01.html,2021,2021-03-24,LAC,SAS,@,"W, 134-101",,05:39,1,1,0,0,0,2,1,0,1,1,1,0,0,2,2
Daniel Oturu,https://www.basketball-reference.com/players/o/oturuda01.html,2021,2021-03-25,LAC,SAS,@,"W, 98-85",,,,,,,,,,,,,,,,,
Daniel Oturu,https://www.basketball-reference.com/players/o/oturuda01.html,2021,2021-03-27,LAC,PHI,,"W, 122-112",,02:46,1,1,0,0,0,0,1,0,1,0,0,0,1,1,2
Daniel Oturu,https://www.basketball-reference.com/players/o/oturuda01.html,2021,2021-03-29,LAC,MIL,,"W, 129-105",,02:33,0,1,0,0,0,0,0,1,1,0,0,0,0,0,0
Daniel Oturu,https://www.basketball-reference.com/players/o/oturuda01.html,2021,2021-03-30,LAC,ORL,,"L, 96-103",,,,,,,,,,,,,,,,,
Daniel Oturu,https://www.basketball-reference.com/players/o/oturuda01.html,2021,2021-04-01,LAC,DEN,,"L, 94-101",,00:11,0,0,0,0,0,0,0,0,0,0,0,0,0,0,0
Daniel Oturu,https://www.basketball-reference.com/players/o/oturuda01.html,2021,2021-04-04,LAC,LAL,,"W, 104-86",,03:21,0,0,0,0,0,0,0,1,1,0,0,0,0,1,0
Daniel Oturu,https://www.basketball-reference.com/players/o/oturuda01.html,2021,2021-04-06,LAC,POR,,"W, 133-116",,,,,,,,,,,,,,,,,
Daniel Oturu,https://www.basketball-reference.com/players/o/oturuda01.html,2021,2021-04-08,LAC,PHO,,"W, 113-103",,01:17,0,0,0,0,0,0,0,0,0,0,0,0,0,0,0
Daniel Oturu,https://www.basketball-reference.com/players/o/oturuda01.html,2021,2021-04-09,LAC,HOU,,"W, 126-109",,02:58,0,1,0,0,0,0,0,0,0,0,0,0,0,0,0
Daniel Oturu,https://www.basketball-reference.com/players/o/oturuda01.html,2021,2021-04-11,LAC,DET,,"W, 131-124",,,,,,,,,,,,,,,,,
Daniel Oturu,https://www.basketball-reference.com/players/o/oturuda01.html,2021,2021-04-13,LAC,IND,@,"W, 126-115",,00:58,0,0,0,0,0,0,0,0,0,0,0,0,0,0,0
Daniel Oturu,https://www.basketball-reference.com/players/o/oturuda01.html,2021,2021-04-14,LAC,DET,@,"W, 100-98",,,,,,,,,,,,,,,,,
Daniel Oturu,https://www.basketball-reference.com/players/o/oturuda01.html,2021,2021-04-16,LAC,PHI,@,"L, 103-106",,,,,,,,,,,,,,,,,
Daniel Oturu,https://www.basketball-reference.com/players/o/oturuda01.html,2021,2021-04-18,LAC,MIN,,"W, 124-105",,12:00,2,2,0,0,3,4,1,2,3,0,0,0,0,2,7
Daniel Oturu,https://www.basketball-reference.com/players/o/oturuda01.html,2021,2021-04-20,LAC,POR,@,"W, 113-112",,,,,,,,,,,,,,,,,
Daniel Oturu,https://www.basketball-reference.com/players/o/oturuda01.html,2021,2021-04-21,LAC,MEM,,"W, 117-105",,00:53,0,0,0,0,0,0,0,0,0,0,0,0,0,0,0
Daniel Oturu,https://www.basketball-reference.com/players/o/oturuda01.html,2021,2021-04-23,LAC,HOU,@,"W, 109-104",,,,,,,,,,,,,,,,,
Daniel Oturu,https://www.basketball-reference.com/players/o/oturuda01.html,2021,2021-04-26,LAC,NOP,@,"L, 103-120",,07:17,1,2,0,0,0,0,2,2,4,1,0,0,0,0,2
Daniel Oturu,https://www.basketball-reference.com/players/o/oturuda01.html,2021,2021-04-28,LAC,PHO,@,"L, 101-109",,00:39,0,0,0,0,0,0,0,0,0,0,0,0,0,0,0
Daniel Oturu,https://www.basketball-reference.com/players/o/oturuda01.html,2021,2021-05-01,LAC,DEN,,"L, 104-110",,,,,,,,,,,,,,,,,
Daniel Oturu,https://www.basketball-reference.com/players/o/oturuda01.html,2021,2021-05-04,LAC,TOR,,"W, 105-100",,,,,,,,,,,,,,,,,
Daniel Oturu,https://www.basketball-reference.com/players/o/oturuda01.html,2021,2021-05-06,LAC,LAL,,"W, 118-94",,04:05,0,1,0,0,0,0,1,1,2,0,0,1,0,3,0
Daniel Oturu,https://www.basketball-reference.com/players/o/oturuda01.html,2021,2021-05-09,LAC,NYK,,"L, 100-106",,,,,,,,,,,,,,,,,
Daniel Oturu,https://www.basketball-reference.com/players/o/oturuda01.html,2021,2021-05-11,LAC,TOR,@,"W, 115-96",,02:53,0,0,0,0,0,0,0,1,1,0,0,0,0,1,0
Daniel Oturu,https://www.basketball-reference.com/players/o/oturuda01.html,2021,2021-05-13,LAC,CHO,@,"W, 113-90",,04:09,1,1,0,0,0,0,1,0,1,0,0,0,0,1,2
Daniel Oturu,https://www.basketball-reference.com/players/o/oturuda01.html,2021,2021-05-14,LAC,HOU,@,"L, 115-122",,10:02,1,1,0,0,2,2,1,3,4,1,1,2,2,2,4
Daniel Oturu,https://www.basketball-reference.com/players/o/oturuda01.html,2021,2021-05-16,LAC,OKC,@,"L, 112-117",,37:09,5,21,1,4,2,2,7,5,12,2,2,1,2,3,13
Jay Scrubb,https://www.basketball-reference.com/players/s/scrubja01.html,2021,2020-12-22,LAC,LAL,@,"W, 116-109",,,,,,,,,,,,,,,,,
Jay Scrubb,https://www.basketball-reference.com/players/s/scrubja01.html,2021,2020-12-25,LAC,DEN,@,"W, 121-108",,,,,,,,,,,,,,,,,
Jay Scrubb,https://www.basketball-reference.com/players/s/scrubja01.html,2021,2020-12-27,LAC,DAL,,"L, 73-124",,,,,,,,,,,,,,,,,
Jay Scrubb,https://www.basketball-reference.com/players/s/scrubja01.html,2021,2020-12-29,LAC,MIN,,"W, 124-101",,,,,,,,,,,,,,,,,
Jay Scrubb,https://www.basketball-reference.com/players/s/scrubja01.html,2021,2020-12-30,LAC,POR,,"W, 128-105",,,,,,,,,,,,,,,,,
Jay Scrubb,https://www.basketball-reference.com/players/s/scrubja01.html,2021,,,,,,,,,,,,,,,,,,,,,,
Jay Scrubb,https://www.basketball-reference.com/players/s/scrubja01.html,2021,2021-01-01,LAC,UTA,@,"L, 100-106",,,,,,,,,,,,,,,,,
Jay Scrubb,https://www.basketball-reference.com/players/s/scrubja01.html,2021,2021-01-03,LAC,PHO,@,"W, 112-107",,,,,,,,,,,,,,,,,
Jay Scrubb,https://www.basketball-reference.com/players/s/scrubja01.html,2021,2021-01-05,LAC,SAS,,"L, 113-116",,,,,,,,,,,,,,,,,
Jay Scrubb,https://www.basketball-reference.com/players/s/scrubja01.html,2021,2021-01-06,LAC,GSW,@,"W, 108-101",,,,,,,,,,,,,,,,,
Jay Scrubb,https://www.basketball-reference.com/players/s/scrubja01.html,2021,2021-01-08,LAC,GSW,@,"L, 105-115",,,,,,,,,,,,,,,,,
Jay Scrubb,https://www.basketball-reference.com/players/s/scrubja01.html,2021,2021-01-10,LAC,CHI,,"W, 130-127",,,,,,,,,,,,,,,,,
Jay Scrubb,https://www.basketball-reference.com/players/s/scrubja01.html,2021,2021-01-13,LAC,NOP,,"W, 111-106",,,,,,,,,,,,,,,,,
Jay Scrubb,https://www.basketball-reference.com/players/s/scrubja01.html,2021,2021-01-15,LAC,SAC,@,"W, 138-100",,,,,,,,,,,,,,,,,
Jay Scrubb,https://www.basketball-reference.com/players/s/scrubja01.html,2021,2021-01-17,LAC,IND,,"W, 129-96",,,,,,,,,,,,,,,,,
Jay Scrubb,https://www.basketball-reference.com/players/s/scrubja01.html,2021,2021-01-20,LAC,SAC,,"W, 115-96",,,,,,,,,,,,,,,,,
Jay Scrubb,https://www.basketball-reference.com/players/s/scrubja01.html,2021,2021-01-22,LAC,OKC,,"W, 120-106",,,,,,,,,,,,,,,,,
Jay Scrubb,https://www.basketball-reference.com/players/s/scrubja01.html,2021,2021-01-24,LAC,OKC,,"W, 108-100",,,,,,,,,,,,,,,,,
Jay Scrubb,https://www.basketball-reference.com/players/s/scrubja01.html,2021,2021-01-26,LAC,ATL,@,"L, 99-108",,,,,,,,,,,,,,,,,
Jay Scrubb,https://www.basketball-reference.com/players/s/scrubja01.html,2021,2021-01-28,LAC,MIA,@,"W, 109-105",,,,,,,,,,,,,,,,,
Jay Scrubb,https://www.basketball-reference.com/players/s/scrubja01.html,2021,2021-01-29,LAC,ORL,@,"W, 116-90",,,,,,,,,,,,,,,,,
Jay Scrubb,https://www.basketball-reference.com/players/s/scrubja01.html,2021,2021-01-31,LAC,NYK,@,"W, 129-115",,,,,,,,,,,,,,,,,
Jay Scrubb,https://www.basketball-reference.com/players/s/scrubja01.html,2021,2021-02-02,LAC,BRK,@,"L, 120-124",,,,,,,,,,,,,,,,,
Jay Scrubb,https://www.basketball-reference.com/players/s/scrubja01.html,2021,2021-02-03,LAC,CLE,@,"W, 121-99",,,,,,,,,,,,,,,,,
Jay Scrubb,https://www.basketball-reference.com/players/s/scrubja01.html,2021,2021-02-05,LAC,BOS,,"L, 115-119",,,,,,,,,,,,,,,,,
Jay Scrubb,https://www.basketball-reference.com/players/s/scrubja01.html,2021,2021-02-07,LAC,SAC,,"L, 110-113",,,,,,,,,,,,,,,,,
Jay Scrubb,https://www.basketball-reference.com/players/s/scrubja01.html,2021,2021-02-10,LAC,MIN,@,"W, 119-112",,,,,,,,,,,,,,,,,
Jay Scrubb,https://www.basketball-reference.com/players/s/scrubja01.html,2021,2021-02-12,LAC,CHI,@,"W, 125-106",,,,,,,,,,,,,,,,,
Jay Scrubb,https://www.basketball-reference.com/players/s/scrubja01.html,2021,2021-02-14,LAC,CLE,,"W, 128-111",,,,,,,,,,,,,,,,,
Jay Scrubb,https://www.basketball-reference.com/players/s/scrubja01.html,2021,2021-02-15,LAC,MIA,,"W, 125-118",,,,,,,,,,,,,,,,,
Jay Scrubb,https://www.basketball-reference.com/players/s/scrubja01.html,2021,2021-02-17,LAC,UTA,,"L, 96-114",,,,,,,,,,,,,,,,,
Jay Scrubb,https://www.basketball-reference.com/players/s/scrubja01.html,2021,2021-02-19,LAC,UTA,,"W, 116-112",,,,,,,,,,,,,,,,,
Jay Scrubb,https://www.basketball-reference.com/players/s/scrubja01.html,2021,2021-02-21,LAC,BRK,,"L, 108-112",,,,,,,,,,,,,,,,,
Jay Scrubb,https://www.basketball-reference.com/players/s/scrubja01.html,2021,2021-02-23,LAC,WAS,,"W, 135-116",,,,,,,,,,,,,,,,,
Jay Scrubb,https://www.basketball-reference.com/players/s/scrubja01.html,2021,2021-02-25,LAC,MEM,@,"L, 94-122",,,,,,,,,,,,,,,,,
Jay Scrubb,https://www.basketball-reference.com/players/s/scrubja01.html,2021,2021-02-26,LAC,MEM,@,"W, 119-99",,,,,,,,,,,,,,,,,
Jay Scrubb,https://www.basketball-reference.com/players/s/scrubja01.html,2021,2021-02-28,LAC,MIL,@,"L, 100-105",,,,,,,,,,,,,,,,,
Jay Scrubb,https://www.basketball-reference.com/players/s/scrubja01.html,2021,2021-03-02,LAC,BOS,@,"L, 112-117",,,,,,,,,,,,,,,,,
Jay Scrubb,https://www.basketball-reference.com/players/s/scrubja01.html,2021,2021-03-04,LAC,WAS,@,"L, 117-119",,,,,,,,,,,,,,,,,
Jay Scrubb,https://www.basketball-reference.com/players/s/scrubja01.html,2021,2021-03-11,LAC,GSW,,"W, 130-104",,,,,,,,,,,,,,,,,
Jay Scrubb,https://www.basketball-reference.com/players/s/scrubja01.html,2021,2021-03-14,LAC,NOP,@,"L, 115-135",,,,,,,,,,,,,,,,,
Jay Scrubb,https://www.basketball-reference.com/players/s/scrubja01.html,2021,2021-03-15,LAC,DAL,@,"W, 109-99",,,,,,,,,,,,,,,,,
Jay Scrubb,https://www.basketball-reference.com/players/s/scrubja01.html,2021,2021-03-17,LAC,DAL,@,"L, 89-105",,,,,,,,,,,,,,,,,
Jay Scrubb,https://www.basketball-reference.com/players/s/scrubja01.html,2021,2021-03-20,LAC,CHO,,"W, 125-98",,,,,,,,,,,,,,,,,
Jay Scrubb,https://www.basketball-reference.com/players/s/scrubja01.html,2021,2021-03-22,LAC,ATL,,"W, 119-110",,,,,,,,,,,,,,,,,
Jay Scrubb,https://www.basketball-reference.com/players/s/scrubja01.html,2021,2021-03-24,LAC,SAS,@,"W, 134-101",,,,,,,,,,,,,,,,,
Jay Scrubb,https://www.basketball-reference.com/players/s/scrubja01.html,2021,2021-03-25,LAC,SAS,@,"W, 98-85",,,,,,,,,,,,,,,,,
Jay Scrubb,https://www.basketball-reference.com/players/s/scrubja01.html,2021,2021-03-27,LAC,PHI,,"W, 122-112",,,,,,,,,,,,,,,,,
Jay Scrubb,https://www.basketball-reference.com/players/s/scrubja01.html,2021,2021-03-29,LAC,MIL,,"W, 129-105",,,,,,,,,,,,,,,,,
Jay Scrubb,https://www.basketball-reference.com/players/s/scrubja01.html,2021,2021-03-30,LAC,ORL,,"L, 96-103",,,,,,,,,,,,,,,,,
Jay Scrubb,https://www.basketball-reference.com/players/s/scrubja01.html,2021,2021-04-01,LAC,DEN,,"L, 94-101",,,,,,,,,,,,,,,,,
Jay Scrubb,https://www.basketball-reference.com/players/s/scrubja01.html,2021,2021-04-04,LAC,LAL,,"W, 104-86",,,,,,,,,,,,,,,,,
Jay Scrubb,https://www.basketball-reference.com/players/s/scrubja01.html,2021,2021-04-06,LAC,POR,,"W, 133-116",,,,,,,,,,,,,,,,,
Jay Scrubb,https://www.basketball-reference.com/players/s/scrubja01.html,2021,2021-04-08,LAC,PHO,,"W, 113-103",,,,,,,,,,,,,,,,,
Jay Scrubb,https://www.basketball-reference.com/players/s/scrubja01.html,2021,2021-04-09,LAC,HOU,,"W, 126-109",,,,,,,,,,,,,,,,,
Jay Scrubb,https://www.basketball-reference.com/players/s/scrubja01.html,2021,2021-04-11,LAC,DET,,"W, 131-124",,,,,,,,,,,,,,,,,
Jay Scrubb,https://www.basketball-reference.com/players/s/scrubja01.html,2021,2021-04-13,LAC,IND,@,"W, 126-115",,,,,,,,,,,,,,,,,
Jay Scrubb,https://www.basketball-reference.com/players/s/scrubja01.html,2021,2021-04-14,LAC,DET,@,"W, 100-98",,,,,,,,,,,,,,,,,
Jay Scrubb,https://www.basketball-reference.com/players/s/scrubja01.html,2021,2021-04-16,LAC,PHI,@,"L, 103-106",,,,,,,,,,,,,,,,,
Jay Scrubb,https://www.basketball-reference.com/players/s/scrubja01.html,2021,2021-04-18,LAC,MIN,,"W, 124-105",,,,,,,,,,,,,,,,,
Jay Scrubb,https://www.basketball-reference.com/players/s/scrubja01.html,2021,2021-04-20,LAC,POR,@,"W, 113-112",,,,,,,,,,,,,,,,,
Jay Scrubb,https://www.basketball-reference.com/players/s/scrubja01.html,2021,2021-04-21,LAC,MEM,,"W, 117-105",,,,,,,,,,,,,,,,,
Jay Scrubb,https://www.basketball-reference.com/players/s/scrubja01.html,2021,2021-04-23,LAC,HOU,@,"W, 109-104",,,,,,,,,,,,,,,,,
Jay Scrubb,https://www.basketball-reference.com/players/s/scrubja01.html,2021,2021-04-26,LAC,NOP,@,"L, 103-120",,,,,,,,,,,,,,,,,
Jay Scrubb,https://www.basketball-reference.com/players/s/scrubja01.html,2021,2021-04-28,LAC,PHO,@,"L, 101-109",,,,,,,,,,,,,,,,,
Jay Scrubb,https://www.basketball-reference.com/players/s/scrubja01.html,2021,2021-05-01,LAC,DEN,,"L, 104-110",,,,,,,,,,,,,,,,,
Jay Scrubb,https://www.basketball-reference.com/players/s/scrubja01.html,2021,2021-05-04,LAC,TOR,,"W, 105-100",,,,,,,,,,,,,,,,,
Jay Scrubb,https://www.basketball-reference.com/players/s/scrubja01.html,2021,2021-05-06,LAC,LAL,,"W, 118-94",,,,,,,,,,,,,,,,,
Jay Scrubb,https://www.basketball-reference.com/players/s/scrubja01.html,2021,2021-05-09,LAC,NYK,,"L, 100-106",,,,,,,,,,,,,,,,,
Jay Scrubb,https://www.basketball-reference.com/players/s/scrubja01.html,2021,2021-05-11,LAC,TOR,@,"W, 115-96",,04:09,0,2,0,0,0,0,0,0,0,0,0,0,1,0,0
Jay Scrubb,https://www.basketball-reference.com/players/s/scrubja01.html,2021,2021-05-13,LAC,CHO,@,"W, 113-90",,04:09,1,1,0,0,2,2,0,1,1,0,0,0,2,1,4
Jay Scrubb,https://www.basketball-reference.com/players/s/scrubja01.html,2021,2021-05-14,LAC,HOU,@,"L, 115-122",,39:46,6,16,2,5,3,3,0,6,6,0,3,0,3,2,17
Jay Scrubb,https://www.basketball-reference.com/players/s/scrubja01.html,2021,2021-05-16,LAC,OKC,@,"L, 112-117",,36:07,7,17,0,4,0,0,2,5,7,1,1,0,1,2,14
Desmond Bane,https://www.basketball-reference.com/players/b/banede01.html,2021,2020-12-23,MEM,SAS,,"L, 119-131",,10:33,2,5,2,4,0,0,1,3,4,0,0,0,1,1,6
Desmond Bane,https://www.basketball-reference.com/players/b/banede01.html,2021,2020-12-26,MEM,ATL,,"L, 112-122",,22:21,2,2,2,2,0,0,0,1,1,0,0,0,0,4,6
Desmond Bane,https://www.basketball-reference.com/players/b/banede01.html,2021,2020-12-28,MEM,BRK,@,"W, 116-111 (OT)",,23:55,2,6,2,5,0,0,1,2,3,0,0,0,1,3,6
Desmond Bane,https://www.basketball-reference.com/players/b/banede01.html,2021,2020-12-30,MEM,BOS,@,"L, 107-126",,31:54,6,11,3,6,1,1,2,2,4,0,2,0,2,2,16
Desmond Bane,https://www.basketball-reference.com/players/b/banede01.html,2021,,,,,,,,,,,,,,,,,,,,,,
Desmond Bane,https://www.basketball-reference.com/players/b/banede01.html,2021,2021-01-01,MEM,CHO,@,"W, 108-93",,28:08,4,12,2,7,0,0,0,2,2,4,1,0,2,2,10
Desmond Bane,https://www.basketball-reference.com/players/b/banede01.html,2021,2021-01-03,MEM,LAL,,"L, 94-108",,21:28,5,8,3,4,0,1,0,1,1,2,1,0,1,2,13
Desmond Bane,https://www.basketball-reference.com/players/b/banede01.html,2021,2021-01-05,MEM,LAL,,"L, 92-94",,24:39,3,8,1,4,0,0,0,3,3,1,1,0,2,1,7
Desmond Bane,https://www.basketball-reference.com/players/b/banede01.html,2021,2021-01-07,MEM,CLE,,"L, 90-94",,23:36,2,6,2,4,0,0,1,5,6,2,1,0,1,0,6
Desmond Bane,https://www.basketball-reference.com/players/b/banede01.html,2021,2021-01-08,MEM,BRK,,"W, 115-110",,21:27,2,6,2,3,4,4,0,2,2,0,1,0,0,3,10
Desmond Bane,https://www.basketball-reference.com/players/b/banede01.html,2021,2021-01-11,MEM,CLE,@,"W, 101-91",,20:09,4,5,0,1,1,1,0,4,4,2,1,0,2,2,9
Desmond Bane,https://www.basketball-reference.com/players/b/banede01.html,2021,2021-01-13,MEM,MIN,@,"W, 118-107",,16:34,1,4,0,1,1,2,0,3,3,0,0,0,0,2,3
Desmond Bane,https://www.basketball-reference.com/players/b/banede01.html,2021,2021-01-16,MEM,PHI,,"W, 106-104",,18:32,4,5,2,2,0,0,0,2,2,1,0,0,0,1,10
Desmond Bane,https://www.basketball-reference.com/players/b/banede01.html,2021,2021-01-18,MEM,PHO,,"W, 108-104",,22:08,4,9,2,4,0,0,0,1,1,2,1,0,2,1,10
Desmond Bane,https://www.basketball-reference.com/players/b/banede01.html,2021,2021-01-30,MEM,SAS,@,"W, 129-112",,20:47,6,8,3,3,0,0,1,3,4,2,0,0,1,1,15
Desmond Bane,https://www.basketball-reference.com/players/b/banede01.html,2021,2021-02-01,MEM,SAS,@,"W, 133-102",,25:18,4,9,2,5,0,0,0,3,3,1,0,1,0,2,10
Desmond Bane,https://www.basketball-reference.com/players/b/banede01.html,2021,2021-02-02,MEM,IND,@,"L, 116-134",,26:12,6,13,3,6,1,1,1,2,3,5,0,0,2,4,16
Desmond Bane,https://www.basketball-reference.com/players/b/banede01.html,2021,2021-02-04,MEM,HOU,,"L, 103-115",,26:58,5,8,2,4,4,5,0,1,1,3,1,1,1,2,16
Desmond Bane,https://www.basketball-reference.com/players/b/banede01.html,2021,2021-02-06,MEM,NOP,@,"L, 109-118",,19:40,2,8,1,5,0,0,0,2,2,2,1,1,0,2,5
Desmond Bane,https://www.basketball-reference.com/players/b/banede01.html,2021,2021-02-08,MEM,TOR,,"L, 113-128",,26:06,5,11,3,7,0,0,1,2,3,3,0,0,3,2,13
Desmond Bane,https://www.basketball-reference.com/players/b/banede01.html,2021,2021-02-10,MEM,CHO,,"W, 130-114",,25:52,6,11,4,8,2,2,1,0,1,2,2,0,2,0,18
Desmond Bane,https://www.basketball-reference.com/players/b/banede01.html,2021,2021-02-12,MEM,LAL,@,"L, 105-115",,,,,,,,,,,,,,,,,
Desmond Bane,https://www.basketball-reference.com/players/b/banede01.html,2021,2021-02-14,MEM,SAC,@,"W, 124-110",,,,,,,,,,,,,,,,,
Desmond Bane,https://www.basketball-reference.com/players/b/banede01.html,2021,2021-02-16,MEM,NOP,,"L, 113-144",,,,,,,,,,,,,,,,,
Desmond Bane,https://www.basketball-reference.com/players/b/banede01.html,2021,2021-02-17,MEM,OKC,,"W, 122-113",,,,,,,,,,,,,,,,,
Desmond Bane,https://www.basketball-reference.com/players/b/banede01.html,2021,2021-02-19,MEM,DET,,"W, 109-95",,25:19,4,8,1,3,1,1,0,5,5,1,2,0,1,0,10
Desmond Bane,https://www.basketball-reference.com/players/b/banede01.html,2021,2021-02-20,MEM,PHO,,"L, 97-128",,23:55,2,8,0,4,0,0,0,2,2,1,0,0,1,0,4
Desmond Bane,https://www.basketball-reference.com/players/b/banede01.html,2021,2021-02-22,MEM,DAL,@,"L, 92-102",,23:10,4,9,2,4,2,2,1,1,2,0,0,0,1,3,12
Desmond Bane,https://www.basketball-reference.com/players/b/banede01.html,2021,2021-02-25,MEM,LAC,,"W, 122-94",,19:44,2,5,0,1,0,0,0,2,2,0,0,0,1,3,4
Desmond Bane,https://www.basketball-reference.com/players/b/banede01.html,2021,2021-02-26,MEM,LAC,,"L, 99-119",,22:12,2,5,0,1,0,0,0,1,1,2,0,0,0,4,4
Desmond Bane,https://www.basketball-reference.com/players/b/banede01.html,2021,2021-02-28,MEM,HOU,@,"W, 133-84",,27:52,6,7,1,2,2,2,2,5,7,1,3,1,2,4,15
Desmond Bane,https://www.basketball-reference.com/players/b/banede01.html,2021,2021-03-02,MEM,WAS,@,"W, 125-111",,21:31,4,7,1,3,1,1,0,2,2,1,1,0,0,2,10
Desmond Bane,https://www.basketball-reference.com/players/b/banede01.html,2021,2021-03-04,MEM,MIL,,"L, 111-112",,18:42,1,5,1,3,1,1,0,6,6,0,1,0,0,1,4
Desmond Bane,https://www.basketball-reference.com/players/b/banede01.html,2021,2021-03-10,MEM,WAS,,"W, 127-112",,30:45,7,13,5,8,1,1,0,4,4,1,1,0,2,2,20
Desmond Bane,https://www.basketball-reference.com/players/b/banede01.html,2021,2021-03-12,MEM,DEN,,"L, 102-103",,17:04,3,5,2,4,2,2,1,3,4,0,0,0,2,3,10
Desmond Bane,https://www.basketball-reference.com/players/b/banede01.html,2021,2021-03-14,MEM,OKC,@,"L, 122-128",,22:56,3,6,1,4,0,0,0,1,1,0,1,0,0,3,7
Desmond Bane,https://www.basketball-reference.com/players/b/banede01.html,2021,2021-03-15,MEM,PHO,@,"L, 99-122",,22:04,0,3,0,3,0,0,0,1,1,1,0,0,0,1,0
Desmond Bane,https://www.basketball-reference.com/players/b/banede01.html,2021,2021-03-17,MEM,MIA,,"W, 89-85",,17:43,3,5,2,3,0,0,0,5,5,2,0,0,0,1,8
Desmond Bane,https://www.basketball-reference.com/players/b/banede01.html,2021,2021-03-19,MEM,GSW,,"L, 103-116",,15:57,3,6,2,5,0,0,0,3,3,3,1,0,2,2,8
Desmond Bane,https://www.basketball-reference.com/players/b/banede01.html,2021,2021-03-20,MEM,GSW,,"W, 111-103",,23:51,6,10,2,3,1,2,1,1,2,2,2,0,1,3,15
Desmond Bane,https://www.basketball-reference.com/players/b/banede01.html,2021,2021-03-22,MEM,BOS,,"W, 132-126 (OT)",,18:21,5,7,3,4,0,0,0,3,3,0,0,0,1,2,13
Desmond Bane,https://www.basketball-reference.com/players/b/banede01.html,2021,2021-03-24,MEM,OKC,@,"W, 116-107",,24:26,1,6,1,3,0,0,1,2,3,2,0,1,0,0,3
Desmond Bane,https://www.basketball-reference.com/players/b/banede01.html,2021,2021-03-26,MEM,UTA,@,"L, 114-117",,15:07,1,4,1,3,0,0,0,2,2,0,0,0,0,0,3
Desmond Bane,https://www.basketball-reference.com/players/b/banede01.html,2021,2021-03-27,MEM,UTA,@,"L, 110-126",,20:07,3,8,1,2,0,1,0,4,4,1,0,0,2,0,7
Desmond Bane,https://www.basketball-reference.com/players/b/banede01.html,2021,2021-03-29,MEM,HOU,@,"W, 120-110",,27:38,7,10,3,5,0,0,0,4,4,3,1,1,1,4,17
Desmond Bane,https://www.basketball-reference.com/players/b/banede01.html,2021,2021-03-31,MEM,UTA,,"L, 107-111",,32:51,3,10,0,1,1,1,1,4,5,5,1,0,0,4,7
Desmond Bane,https://www.basketball-reference.com/players/b/banede01.html,2021,2021-04-02,MEM,MIN,,"W, 120-108",,18:35,2,5,1,4,1,1,0,7,7,1,1,1,0,2,6
Desmond Bane,https://www.basketball-reference.com/players/b/banede01.html,2021,2021-04-04,MEM,PHI,@,"W, 116-100",,23:58,5,11,3,6,1,1,1,5,6,1,0,0,0,3,14
Desmond Bane,https://www.basketball-reference.com/players/b/banede01.html,2021,2021-04-06,MEM,MIA,@,"W, 124-112",,22:09,6,12,3,6,0,0,0,3,3,3,2,1,1,1,15
Desmond Bane,https://www.basketball-reference.com/players/b/banede01.html,2021,2021-04-07,MEM,ATL,@,"W, 131-113",,19:11,2,9,1,5,0,0,0,4,4,2,0,0,3,1,5
Desmond Bane,https://www.basketball-reference.com/players/b/banede01.html,2021,2021-04-09,MEM,NYK,@,"L, 129-133 (OT)",,22:58,6,9,3,4,1,3,0,5,5,2,0,0,1,2,16
Desmond Bane,https://www.basketball-reference.com/players/b/banede01.html,2021,2021-04-11,MEM,IND,,"L, 125-132",,26:14,3,10,1,3,0,0,1,1,2,5,1,1,0,3,7
Desmond Bane,https://www.basketball-reference.com/players/b/banede01.html,2021,2021-04-12,MEM,CHI,,"W, 101-90",,16:14,3,4,2,3,1,1,0,2,2,1,1,1,1,2,9
Desmond Bane,https://www.basketball-reference.com/players/b/banede01.html,2021,2021-04-14,MEM,DAL,,"L, 113-114",,19:13,3,7,3,6,2,2,0,1,1,5,1,0,0,2,11
Desmond Bane,https://www.basketball-reference.com/players/b/banede01.html,2021,2021-04-16,MEM,CHI,@,"W, 126-115",,23:23,3,6,2,3,0,0,1,3,4,2,0,0,1,2,8
Desmond Bane,https://www.basketball-reference.com/players/b/banede01.html,2021,2021-04-17,MEM,MIL,@,"W, 128-115",,24:36,6,10,3,5,1,1,0,4,4,6,0,0,0,0,16
Desmond Bane,https://www.basketball-reference.com/players/b/banede01.html,2021,2021-04-19,MEM,DEN,@,"L, 137-139 (2OT)",,15:40,1,4,1,3,0,0,1,1,2,1,0,0,0,4,3
Desmond Bane,https://www.basketball-reference.com/players/b/banede01.html,2021,2021-04-21,MEM,LAC,@,"L, 105-117",,23:20,3,5,2,4,2,2,0,2,2,1,0,0,0,2,10
Desmond Bane,https://www.basketball-reference.com/players/b/banede01.html,2021,2021-04-23,MEM,POR,@,"W, 130-128",,13:34,0,2,0,1,0,0,0,1,1,4,0,0,1,2,0
Desmond Bane,https://www.basketball-reference.com/players/b/banede01.html,2021,2021-04-25,MEM,POR,@,"W, 120-113",,17:59,1,2,0,0,0,0,1,2,3,4,0,1,0,2,2
Desmond Bane,https://www.basketball-reference.com/players/b/banede01.html,2021,2021-04-26,MEM,DEN,@,"L, 96-120",,19:10,1,3,0,2,1,1,1,0,1,0,1,0,0,1,3
Desmond Bane,https://www.basketball-reference.com/players/b/banede01.html,2021,2021-04-28,MEM,POR,,"L, 109-130",,19:16,3,9,2,4,0,0,2,0,2,0,0,0,0,3,8
Desmond Bane,https://www.basketball-reference.com/players/b/banede01.html,2021,2021-04-30,MEM,ORL,,"W, 92-75",,20:05,3,10,1,7,0,0,2,3,5,1,0,0,1,3,7
Desmond Bane,https://www.basketball-reference.com/players/b/banede01.html,2021,2021-05-01,MEM,ORL,@,"L, 111-112",,30:59,2,5,1,3,0,0,2,4,6,0,0,0,2,2,5
Desmond Bane,https://www.basketball-reference.com/players/b/banede01.html,2021,2021-05-03,MEM,NYK,,"L, 104-118",,26:14,9,13,4,7,0,0,2,6,8,2,3,0,2,2,22
Desmond Bane,https://www.basketball-reference.com/players/b/banede01.html,2021,2021-05-05,MEM,MIN,@,"W, 139-135",,30:58,8,14,4,9,2,3,0,4,4,3,0,0,1,1,22
Desmond Bane,https://www.basketball-reference.com/players/b/banede01.html,2021,2021-05-06,MEM,DET,@,"L, 97-111",,21:14,1,5,0,4,0,0,0,2,2,4,0,0,0,1,2
Desmond Bane,https://www.basketball-reference.com/players/b/banede01.html,2021,2021-05-08,MEM,TOR,@,"W, 109-99",,21:38,4,9,2,6,0,0,1,2,3,3,0,2,2,0,10
Desmond Bane,https://www.basketball-reference.com/players/b/banede01.html,2021,2021-05-10,MEM,NOP,,"W, 115-110",,19:52,2,6,2,5,0,1,0,3,3,5,0,1,0,1,6
Desmond Bane,https://www.basketball-reference.com/players/b/banede01.html,2021,2021-05-11,MEM,DAL,,"W, 133-104",,23:06,4,6,3,5,0,0,0,3,3,1,0,0,0,1,11
Desmond Bane,https://www.basketball-reference.com/players/b/banede01.html,2021,2021-05-13,MEM,SAC,,"W, 116-110",,23:09,2,8,1,5,2,2,0,3,3,0,1,0,1,1,7
Desmond Bane,https://www.basketball-reference.com/players/b/banede01.html,2021,2021-05-14,MEM,SAC,,"W, 107-106",,19:59,3,7,0,4,0,0,0,3,3,2,1,1,2,1,6
Desmond Bane,https://www.basketball-reference.com/players/b/banede01.html,2021,2021-05-16,MEM,GSW,@,"L, 101-113",,28:35,3,6,2,3,0,0,0,0,0,1,2,1,0,1,8
Sean McDermott,https://www.basketball-reference.com/players/m/mcderse01.html,2021,2020-12-23,MEM,SAS,,"L, 119-131",,,,,,,,,,,,,,,,,
Sean McDermott,https://www.basketball-reference.com/players/m/mcderse01.html,2021,2020-12-26,MEM,ATL,,"L, 112-122",,,,,,,,,,,,,,,,,
Sean McDermott,https://www.basketball-reference.com/players/m/mcderse01.html,2021,2020-12-28,MEM,BRK,@,"W, 116-111 (OT)",,,,,,,,,,,,,,,,,
Sean McDermott,https://www.basketball-reference.com/players/m/mcderse01.html,2021,2020-12-30,MEM,BOS,@,"L, 107-126",,21:08,1,4,0,2,2,2,2,1,3,2,0,0,1,1,4
Sean McDermott,https://www.basketball-reference.com/players/m/mcderse01.html,2021,,,,,,,,,,,,,,,,,,,,,,
Sean McDermott,https://www.basketball-reference.com/players/m/mcderse01.html,2021,2021-01-01,MEM,CHO,@,"W, 108-93",,19:23,1,3,1,3,0,0,0,0,0,1,0,0,2,0,3
Sean McDermott,https://www.basketball-reference.com/players/m/mcderse01.html,2021,2021-01-03,MEM,LAL,,"L, 94-108",,00:59,0,0,0,0,0,0,0,0,0,0,0,0,0,0,0
Sean McDermott,https://www.basketball-reference.com/players/m/mcderse01.html,2021,2021-01-05,MEM,LAL,,"L, 92-94",,,,,,,,,,,,,,,,,
Sean McDermott,https://www.basketball-reference.com/players/m/mcderse01.html,2021,2021-01-07,MEM,CLE,,"L, 90-94",,,,,,,,,,,,,,,,,
Sean McDermott,https://www.basketball-reference.com/players/m/mcderse01.html,2021,2021-01-08,MEM,BRK,,"W, 115-110",,,,,,,,,,,,,,,,,
Sean McDermott,https://www.basketball-reference.com/players/m/mcderse01.html,2021,2021-01-11,MEM,CLE,@,"W, 101-91",,,,,,,,,,,,,,,,,
Sean McDermott,https://www.basketball-reference.com/players/m/mcderse01.html,2021,2021-01-13,MEM,MIN,@,"W, 118-107",,,,,,,,,,,,,,,,,
Sean McDermott,https://www.basketball-reference.com/players/m/mcderse01.html,2021,2021-01-16,MEM,PHI,,"W, 106-104",,,,,,,,,,,,,,,,,
Sean McDermott,https://www.basketball-reference.com/players/m/mcderse01.html,2021,2021-01-18,MEM,PHO,,"W, 108-104",,,,,,,,,,,,,,,,,
Sean McDermott,https://www.basketball-reference.com/players/m/mcderse01.html,2021,2021-01-30,MEM,SAS,@,"W, 129-112",,,,,,,,,,,,,,,,,
Sean McDermott,https://www.basketball-reference.com/players/m/mcderse01.html,2021,2021-02-01,MEM,SAS,@,"W, 133-102",,,,,,,,,,,,,,,,,
Sean McDermott,https://www.basketball-reference.com/players/m/mcderse01.html,2021,2021-02-02,MEM,IND,@,"L, 116-134",,,,,,,,,,,,,,,,,
Sean McDermott,https://www.basketball-reference.com/players/m/mcderse01.html,2021,2021-02-04,MEM,HOU,,"L, 103-115",,,,,,,,,,,,,,,,,
Sean McDermott,https://www.basketball-reference.com/players/m/mcderse01.html,2021,2021-02-06,MEM,NOP,@,"L, 109-118",,,,,,,,,,,,,,,,,
Sean McDermott,https://www.basketball-reference.com/players/m/mcderse01.html,2021,2021-02-08,MEM,TOR,,"L, 113-128",,,,,,,,,,,,,,,,,
Sean McDermott,https://www.basketball-reference.com/players/m/mcderse01.html,2021,2021-02-10,MEM,CHO,,"W, 130-114",,,,,,,,,,,,,,,,,
Sean McDermott,https://www.basketball-reference.com/players/m/mcderse01.html,2021,2021-02-12,MEM,LAL,@,"L, 105-115",,,,,,,,,,,,,,,,,
Sean McDermott,https://www.basketball-reference.com/players/m/mcderse01.html,2021,2021-02-14,MEM,SAC,@,"W, 124-110",,15:06,1,2,0,1,0,0,1,3,4,0,0,1,0,1,2
Sean McDermott,https://www.basketball-reference.com/players/m/mcderse01.html,2021,2021-02-16,MEM,NOP,,"L, 113-144",,18:33,3,4,2,3,0,0,0,0,0,0,0,0,0,0,8
Sean McDermott,https://www.basketball-reference.com/players/m/mcderse01.html,2021,2021-02-17,MEM,OKC,,"W, 122-113",,17:09,1,2,1,2,2,2,0,1,1,0,1,0,0,2,5
Sean McDermott,https://www.basketball-reference.com/players/m/mcderse01.html,2021,2021-02-19,MEM,DET,,"W, 109-95",,11:58,0,3,0,1,0,0,0,0,0,0,0,0,1,1,0
Sean McDermott,https://www.basketball-reference.com/players/m/mcderse01.html,2021,2021-02-20,MEM,PHO,,"L, 97-128",,21:18,3,5,1,3,2,2,1,3,4,1,0,1,0,1,9
Sean McDermott,https://www.basketball-reference.com/players/m/mcderse01.html,2021,2021-02-22,MEM,DAL,@,"L, 92-102",,,,,,,,,,,,,,,,,
Sean McDermott,https://www.basketball-reference.com/players/m/mcderse01.html,2021,2021-02-25,MEM,LAC,,"W, 122-94",,,,,,,,,,,,,,,,,
Sean McDermott,https://www.basketball-reference.com/players/m/mcderse01.html,2021,2021-02-26,MEM,LAC,,"L, 99-119",,,,,,,,,,,,,,,,,
Sean McDermott,https://www.basketball-reference.com/players/m/mcderse01.html,2021,2021-02-28,MEM,HOU,@,"W, 133-84",,,,,,,,,,,,,,,,,
Sean McDermott,https://www.basketball-reference.com/players/m/mcderse01.html,2021,2021-03-02,MEM,WAS,@,"W, 125-111",,,,,,,,,,,,,,,,,
Sean McDermott,https://www.basketball-reference.com/players/m/mcderse01.html,2021,2021-03-04,MEM,MIL,,"L, 111-112",,,,,,,,,,,,,,,,,
Sean McDermott,https://www.basketball-reference.com/players/m/mcderse01.html,2021,2021-03-10,MEM,WAS,,"W, 127-112",,,,,,,,,,,,,,,,,
Sean McDermott,https://www.basketball-reference.com/players/m/mcderse01.html,2021,2021-03-12,MEM,DEN,,"L, 102-103",,,,,,,,,,,,,,,,,
Sean McDermott,https://www.basketball-reference.com/players/m/mcderse01.html,2021,2021-03-14,MEM,OKC,@,"L, 122-128",,,,,,,,,,,,,,,,,
Sean McDermott,https://www.basketball-reference.com/players/m/mcderse01.html,2021,2021-03-15,MEM,PHO,@,"L, 99-122",,05:54,1,2,0,1,0,0,0,0,0,0,1,0,0,0,2
Sean McDermott,https://www.basketball-reference.com/players/m/mcderse01.html,2021,2021-03-17,MEM,MIA,,"W, 89-85",,,,,,,,,,,,,,,,,
Sean McDermott,https://www.basketball-reference.com/players/m/mcderse01.html,2021,2021-03-19,MEM,GSW,,"L, 103-116",,,,,,,,,,,,,,,,,
Sean McDermott,https://www.basketball-reference.com/players/m/mcderse01.html,2021,2021-03-20,MEM,GSW,,"W, 111-103",,,,,,,,,,,,,,,,,
Sean McDermott,https://www.basketball-reference.com/players/m/mcderse01.html,2021,2021-03-22,MEM,BOS,,"W, 132-126 (OT)",,,,,,,,,,,,,,,,,
Sean McDermott,https://www.basketball-reference.com/players/m/mcderse01.html,2021,2021-03-24,MEM,OKC,@,"W, 116-107",,,,,,,,,,,,,,,,,
Sean McDermott,https://www.basketball-reference.com/players/m/mcderse01.html,2021,2021-03-26,MEM,UTA,@,"L, 114-117",,,,,,,,,,,,,,,,,
Sean McDermott,https://www.basketball-reference.com/players/m/mcderse01.html,2021,2021-03-27,MEM,UTA,@,"L, 110-126",,06:32,1,3,0,2,2,2,1,2,3,0,0,0,0,0,4
Sean McDermott,https://www.basketball-reference.com/players/m/mcderse01.html,2021,2021-03-29,MEM,HOU,@,"W, 120-110",,,,,,,,,,,,,,,,,
Sean McDermott,https://www.basketball-reference.com/players/m/mcderse01.html,2021,2021-03-31,MEM,UTA,,"L, 107-111",,04:27,0,0,0,0,0,0,0,1,1,0,0,0,0,2,0
Sean McDermott,https://www.basketball-reference.com/players/m/mcderse01.html,2021,2021-04-02,MEM,MIN,,"W, 120-108",,03:47,1,2,0,1,0,0,1,0,1,0,0,0,0,0,2
Sean McDermott,https://www.basketball-reference.com/players/m/mcderse01.html,2021,2021-04-04,MEM,PHI,@,"W, 116-100",,01:27,0,0,0,0,0,0,0,0,0,0,0,0,0,0,0
Sean McDermott,https://www.basketball-reference.com/players/m/mcderse01.html,2021,2021-04-06,MEM,MIA,@,"W, 124-112",,01:37,0,0,0,0,0,0,0,0,0,0,0,0,0,0,0
Sean McDermott,https://www.basketball-reference.com/players/m/mcderse01.html,2021,2021-04-07,MEM,ATL,@,"W, 131-113",,04:04,0,3,0,3,0,0,0,2,2,0,0,1,0,0,0
Sean McDermott,https://www.basketball-reference.com/players/m/mcderse01.html,2021,2021-04-09,MEM,NYK,@,"L, 129-133 (OT)",,,,,,,,,,,,,,,,,
Sean McDermott,https://www.basketball-reference.com/players/m/mcderse01.html,2021,2021-04-11,MEM,IND,,"L, 125-132",,,,,,,,,,,,,,,,,
Sean McDermott,https://www.basketball-reference.com/players/m/mcderse01.html,2021,2021-04-12,MEM,CHI,,"W, 101-90",,,,,,,,,,,,,,,,,
Sean McDermott,https://www.basketball-reference.com/players/m/mcderse01.html,2021,2021-04-14,MEM,DAL,,"L, 113-114",,,,,,,,,,,,,,,,,
Sean McDermott,https://www.basketball-reference.com/players/m/mcderse01.html,2021,2021-04-16,MEM,CHI,@,"W, 126-115",,00:49,0,0,0,0,0,0,0,0,0,0,0,0,0,0,0
Sean McDermott,https://www.basketball-reference.com/players/m/mcderse01.html,2021,2021-04-17,MEM,MIL,@,"W, 128-115",,,,,,,,,,,,,,,,,
Sean McDermott,https://www.basketball-reference.com/players/m/mcderse01.html,2021,2021-04-19,MEM,DEN,@,"L, 137-139 (2OT)",,,,,,,,,,,,,,,,,
Sean McDermott,https://www.basketball-reference.com/players/m/mcderse01.html,2021,2021-04-21,MEM,LAC,@,"L, 105-117",,01:45,0,0,0,0,0,0,0,0,0,0,0,0,0,0,0
Sean McDermott,https://www.basketball-reference.com/players/m/mcderse01.html,2021,2021-04-23,MEM,POR,@,"W, 130-128",,,,,,,,,,,,,,,,,
Sean McDermott,https://www.basketball-reference.com/players/m/mcderse01.html,2021,2021-04-25,MEM,POR,@,"W, 120-113",,,,,,,,,,,,,,,,,
Sean McDermott,https://www.basketball-reference.com/players/m/mcderse01.html,2021,2021-04-26,MEM,DEN,@,"L, 96-120",,,,,,,,,,,,,,,,,
Sean McDermott,https://www.basketball-reference.com/players/m/mcderse01.html,2021,2021-04-28,MEM,POR,,"L, 109-130",,,,,,,,,,,,,,,,,
Sean McDermott,https://www.basketball-reference.com/players/m/mcderse01.html,2021,2021-04-30,MEM,ORL,,"W, 92-75",,01:44,0,0,0,0,0,0,0,0,0,0,0,0,0,0,0
Sean McDermott,https://www.basketball-reference.com/players/m/mcderse01.html,2021,2021-05-01,MEM,ORL,@,"L, 111-112",,,,,,,,,,,,,,,,,
Sean McDermott,https://www.basketball-reference.com/players/m/mcderse01.html,2021,2021-05-03,MEM,NYK,,"L, 104-118",,,,,,,,,,,,,,,,,
Sean McDermott,https://www.basketball-reference.com/players/m/mcderse01.html,2021,2021-05-05,MEM,MIN,@,"W, 139-135",,,,,,,,,,,,,,,,,
Sean McDermott,https://www.basketball-reference.com/players/m/mcderse01.html,2021,2021-05-06,MEM,DET,@,"L, 97-111",,,,,,,,,,,,,,,,,
Sean McDermott,https://www.basketball-reference.com/players/m/mcderse01.html,2021,2021-05-08,MEM,TOR,@,"W, 109-99",,,,,,,,,,,,,,,,,
Sean McDermott,https://www.basketball-reference.com/players/m/mcderse01.html,2021,2021-05-10,MEM,NOP,,"W, 115-110",,,,,,,,,,,,,,,,,
Sean McDermott,https://www.basketball-reference.com/players/m/mcderse01.html,2021,2021-05-11,MEM,DAL,,"W, 133-104",,,,,,,,,,,,,,,,,
Sean McDermott,https://www.basketball-reference.com/players/m/mcderse01.html,2021,2021-05-13,MEM,SAC,,"W, 116-110",,,,,,,,,,,,,,,,,
Sean McDermott,https://www.basketball-reference.com/players/m/mcderse01.html,2021,2021-05-14,MEM,SAC,,"W, 107-106",,,,,,,,,,,,,,,,,
Sean McDermott,https://www.basketball-reference.com/players/m/mcderse01.html,2021,2021-05-16,MEM,GSW,@,"L, 101-113",,,,,,,,,,,,,,,,,
Jontay Porter,https://www.basketball-reference.com/players/p/portejo01.html,2021,2020-12-23,MEM,SAS,,"L, 119-131",,,,,,,,,,,,,,,,,
Jontay Porter,https://www.basketball-reference.com/players/p/portejo01.html,2021,2020-12-26,MEM,ATL,,"L, 112-122",,,,,,,,,,,,,,,,,
Jontay Porter,https://www.basketball-reference.com/players/p/portejo01.html,2021,2020-12-28,MEM,BRK,@,"W, 116-111 (OT)",,,,,,,,,,,,,,,,,
Jontay Porter,https://www.basketball-reference.com/players/p/portejo01.html,2021,2020-12-30,MEM,BOS,@,"L, 107-126",,,,,,,,,,,,,,,,,
Jontay Porter,https://www.basketball-reference.com/players/p/portejo01.html,2021,,,,,,,,,,,,,,,,,,,,,,
Jontay Porter,https://www.basketball-reference.com/players/p/portejo01.html,2021,2021-01-01,MEM,CHO,@,"W, 108-93",,,,,,,,,,,,,,,,,
Jontay Porter,https://www.basketball-reference.com/players/p/portejo01.html,2021,2021-01-03,MEM,LAL,,"L, 94-108",,,,,,,,,,,,,,,,,
Jontay Porter,https://www.basketball-reference.com/players/p/portejo01.html,2021,2021-01-05,MEM,LAL,,"L, 92-94",,,,,,,,,,,,,,,,,
Jontay Porter,https://www.basketball-reference.com/players/p/portejo01.html,2021,2021-01-07,MEM,CLE,,"L, 90-94",,,,,,,,,,,,,,,,,
Jontay Porter,https://www.basketball-reference.com/players/p/portejo01.html,2021,2021-01-08,MEM,BRK,,"W, 115-110",,,,,,,,,,,,,,,,,
Jontay Porter,https://www.basketball-reference.com/players/p/portejo01.html,2021,2021-01-11,MEM,CLE,@,"W, 101-91",,,,,,,,,,,,,,,,,
Jontay Porter,https://www.basketball-reference.com/players/p/portejo01.html,2021,2021-01-13,MEM,MIN,@,"W, 118-107",,,,,,,,,,,,,,,,,
Jontay Porter,https://www.basketball-reference.com/players/p/portejo01.html,2021,2021-01-16,MEM,PHI,,"W, 106-104",,,,,,,,,,,,,,,,,
Jontay Porter,https://www.basketball-reference.com/players/p/portejo01.html,2021,2021-01-18,MEM,PHO,,"W, 108-104",,,,,,,,,,,,,,,,,
Jontay Porter,https://www.basketball-reference.com/players/p/portejo01.html,2021,2021-01-30,MEM,SAS,@,"W, 129-112",,,,,,,,,,,,,,,,,
Jontay Porter,https://www.basketball-reference.com/players/p/portejo01.html,2021,2021-02-01,MEM,SAS,@,"W, 133-102",,,,,,,,,,,,,,,,,
Jontay Porter,https://www.basketball-reference.com/players/p/portejo01.html,2021,2021-02-02,MEM,IND,@,"L, 116-134",,,,,,,,,,,,,,,,,
Jontay Porter,https://www.basketball-reference.com/players/p/portejo01.html,2021,2021-02-04,MEM,HOU,,"L, 103-115",,,,,,,,,,,,,,,,,
Jontay Porter,https://www.basketball-reference.com/players/p/portejo01.html,2021,2021-02-06,MEM,NOP,@,"L, 109-118",,,,,,,,,,,,,,,,,
Jontay Porter,https://www.basketball-reference.com/players/p/portejo01.html,2021,2021-02-08,MEM,TOR,,"L, 113-128",,,,,,,,,,,,,,,,,
Jontay Porter,https://www.basketball-reference.com/players/p/portejo01.html,2021,2021-02-10,MEM,CHO,,"W, 130-114",,,,,,,,,,,,,,,,,
Jontay Porter,https://www.basketball-reference.com/players/p/portejo01.html,2021,2021-02-12,MEM,LAL,@,"L, 105-115",,,,,,,,,,,,,,,,,
Jontay Porter,https://www.basketball-reference.com/players/p/portejo01.html,2021,2021-02-14,MEM,SAC,@,"W, 124-110",,,,,,,,,,,,,,,,,
Jontay Porter,https://www.basketball-reference.com/players/p/portejo01.html,2021,2021-02-16,MEM,NOP,,"L, 113-144",,,,,,,,,,,,,,,,,
Jontay Porter,https://www.basketball-reference.com/players/p/portejo01.html,2021,2021-02-17,MEM,OKC,,"W, 122-113",,,,,,,,,,,,,,,,,
Jontay Porter,https://www.basketball-reference.com/players/p/portejo01.html,2021,2021-02-19,MEM,DET,,"W, 109-95",,,,,,,,,,,,,,,,,
Jontay Porter,https://www.basketball-reference.com/players/p/portejo01.html,2021,2021-02-20,MEM,PHO,,"L, 97-128",,,,,,,,,,,,,,,,,
Jontay Porter,https://www.basketball-reference.com/players/p/portejo01.html,2021,2021-02-22,MEM,DAL,@,"L, 92-102",,,,,,,,,,,,,,,,,
Jontay Porter,https://www.basketball-reference.com/players/p/portejo01.html,2021,2021-02-25,MEM,LAC,,"W, 122-94",,,,,,,,,,,,,,,,,
Jontay Porter,https://www.basketball-reference.com/players/p/portejo01.html,2021,2021-02-26,MEM,LAC,,"L, 99-119",,,,,,,,,,,,,,,,,
Jontay Porter,https://www.basketball-reference.com/players/p/portejo01.html,2021,2021-02-28,MEM,HOU,@,"W, 133-84",,,,,,,,,,,,,,,,,
Jontay Porter,https://www.basketball-reference.com/players/p/portejo01.html,2021,2021-03-02,MEM,WAS,@,"W, 125-111",,,,,,,,,,,,,,,,,
Jontay Porter,https://www.basketball-reference.com/players/p/portejo01.html,2021,2021-03-04,MEM,MIL,,"L, 111-112",,,,,,,,,,,,,,,,,
Jontay Porter,https://www.basketball-reference.com/players/p/portejo01.html,2021,2021-03-10,MEM,WAS,,"W, 127-112",,,,,,,,,,,,,,,,,
Jontay Porter,https://www.basketball-reference.com/players/p/portejo01.html,2021,2021-03-12,MEM,DEN,,"L, 102-103",,,,,,,,,,,,,,,,,
Jontay Porter,https://www.basketball-reference.com/players/p/portejo01.html,2021,2021-03-14,MEM,OKC,@,"L, 122-128",,,,,,,,,,,,,,,,,
Jontay Porter,https://www.basketball-reference.com/players/p/portejo01.html,2021,2021-03-15,MEM,PHO,@,"L, 99-122",,03:15,0,2,0,1,0,0,1,2,3,0,0,0,0,1,0
Jontay Porter,https://www.basketball-reference.com/players/p/portejo01.html,2021,2021-03-17,MEM,MIA,,"W, 89-85",,,,,,,,,,,,,,,,,
Jontay Porter,https://www.basketball-reference.com/players/p/portejo01.html,2021,2021-03-19,MEM,GSW,,"L, 103-116",,,,,,,,,,,,,,,,,
Jontay Porter,https://www.basketball-reference.com/players/p/portejo01.html,2021,2021-03-20,MEM,GSW,,"W, 111-103",,,,,,,,,,,,,,,,,
Jontay Porter,https://www.basketball-reference.com/players/p/portejo01.html,2021,2021-03-22,MEM,BOS,,"W, 132-126 (OT)",,,,,,,,,,,,,,,,,
Jontay Porter,https://www.basketball-reference.com/players/p/portejo01.html,2021,2021-03-24,MEM,OKC,@,"W, 116-107",,,,,,,,,,,,,,,,,
Jontay Porter,https://www.basketball-reference.com/players/p/portejo01.html,2021,2021-03-26,MEM,UTA,@,"L, 114-117",,,,,,,,,,,,,,,,,
Jontay Porter,https://www.basketball-reference.com/players/p/portejo01.html,2021,2021-03-27,MEM,UTA,@,"L, 110-126",,06:32,2,2,1,1,0,0,1,3,4,1,2,0,2,0,5
Jontay Porter,https://www.basketball-reference.com/players/p/portejo01.html,2021,2021-03-29,MEM,HOU,@,"W, 120-110",,,,,,,,,,,,,,,,,
Jontay Porter,https://www.basketball-reference.com/players/p/portejo01.html,2021,2021-03-31,MEM,UTA,,"L, 107-111",,,,,,,,,,,,,,,,,
Jontay Porter,https://www.basketball-reference.com/players/p/portejo01.html,2021,2021-04-02,MEM,MIN,,"W, 120-108",,03:47,0,2,0,2,0,0,0,1,1,0,0,0,2,2,0
Jontay Porter,https://www.basketball-reference.com/players/p/portejo01.html,2021,2021-04-04,MEM,PHI,@,"W, 116-100",,01:27,0,0,0,0,0,0,0,0,0,0,0,0,0,0,0
Jontay Porter,https://www.basketball-reference.com/players/p/portejo01.html,2021,2021-04-06,MEM,MIA,@,"W, 124-112",,,,,,,,,,,,,,,,,
Jontay Porter,https://www.basketball-reference.com/players/p/portejo01.html,2021,2021-04-07,MEM,ATL,@,"W, 131-113",,04:04,0,1,0,1,0,0,0,1,1,0,0,0,1,3,0
Jontay Porter,https://www.basketball-reference.com/players/p/portejo01.html,2021,2021-04-09,MEM,NYK,@,"L, 129-133 (OT)",,,,,,,,,,,,,,,,,
Jontay Porter,https://www.basketball-reference.com/players/p/portejo01.html,2021,2021-04-11,MEM,IND,,"L, 125-132",,,,,,,,,,,,,,,,,
Jontay Porter,https://www.basketball-reference.com/players/p/portejo01.html,2021,2021-04-12,MEM,CHI,,"W, 101-90",,,,,,,,,,,,,,,,,
Jontay Porter,https://www.basketball-reference.com/players/p/portejo01.html,2021,2021-04-14,MEM,DAL,,"L, 113-114",,,,,,,,,,,,,,,,,
Jontay Porter,https://www.basketball-reference.com/players/p/portejo01.html,2021,2021-04-16,MEM,CHI,@,"W, 126-115",,,,,,,,,,,,,,,,,
Jontay Porter,https://www.basketball-reference.com/players/p/portejo01.html,2021,2021-04-17,MEM,MIL,@,"W, 128-115",,00:41,0,0,0,0,0,0,0,0,0,0,0,0,0,0,0
Jontay Porter,https://www.basketball-reference.com/players/p/portejo01.html,2021,2021-04-19,MEM,DEN,@,"L, 137-139 (2OT)",,,,,,,,,,,,,,,,,
Jontay Porter,https://www.basketball-reference.com/players/p/portejo01.html,2021,2021-04-21,MEM,LAC,@,"L, 105-117",,01:45,1,1,1,1,0,0,0,0,0,0,0,0,0,0,3
Jontay Porter,https://www.basketball-reference.com/players/p/portejo01.html,2021,2021-04-23,MEM,POR,@,"W, 130-128",,,,,,,,,,,,,,,,,
Jontay Porter,https://www.basketball-reference.com/players/p/portejo01.html,2021,2021-04-25,MEM,POR,@,"W, 120-113",,,,,,,,,,,,,,,,,
Jontay Porter,https://www.basketball-reference.com/players/p/portejo01.html,2021,2021-04-26,MEM,DEN,@,"L, 96-120",,04:07,0,1,0,1,3,3,0,0,0,0,0,0,0,0,3
Jontay Porter,https://www.basketball-reference.com/players/p/portejo01.html,2021,2021-04-28,MEM,POR,,"L, 109-130",,,,,,,,,,,,,,,,,
Jontay Porter,https://www.basketball-reference.com/players/p/portejo01.html,2021,2021-04-30,MEM,ORL,,"W, 92-75",,01:44,0,1,0,0,0,0,0,1,1,0,0,0,0,0,0
Jontay Porter,https://www.basketball-reference.com/players/p/portejo01.html,2021,2021-05-01,MEM,ORL,@,"L, 111-112",,,,,,,,,,,,,,,,,
Jontay Porter,https://www.basketball-reference.com/players/p/portejo01.html,2021,2021-05-03,MEM,NYK,,"L, 104-118",,,,,,,,,,,,,,,,,
Jontay Porter,https://www.basketball-reference.com/players/p/portejo01.html,2021,2021-05-05,MEM,MIN,@,"W, 139-135",,,,,,,,,,,,,,,,,
Jontay Porter,https://www.basketball-reference.com/players/p/portejo01.html,2021,2021-05-06,MEM,DET,@,"L, 97-111",,,,,,,,,,,,,,,,,
Jontay Porter,https://www.basketball-reference.com/players/p/portejo01.html,2021,2021-05-08,MEM,TOR,@,"W, 109-99",,,,,,,,,,,,,,,,,
Jontay Porter,https://www.basketball-reference.com/players/p/portejo01.html,2021,2021-05-10,MEM,NOP,,"W, 115-110",,,,,,,,,,,,,,,,,
Jontay Porter,https://www.basketball-reference.com/players/p/portejo01.html,2021,2021-05-11,MEM,DAL,,"W, 133-104",,05:13,2,2,0,0,0,0,0,1,1,0,0,0,1,2,4
Jontay Porter,https://www.basketball-reference.com/players/p/portejo01.html,2021,2021-05-13,MEM,SAC,,"W, 116-110",,,,,,,,,,,,,,,,,
Jontay Porter,https://www.basketball-reference.com/players/p/portejo01.html,2021,2021-05-14,MEM,SAC,,"W, 107-106",,21:24,3,3,1,1,0,2,2,1,3,0,1,1,1,4,7
Jontay Porter,https://www.basketball-reference.com/players/p/portejo01.html,2021,2021-05-16,MEM,GSW,@,"L, 101-113",,,,,,,,,,,,,,,,,
Killian Tillie,https://www.basketball-reference.com/players/t/tilliki02.html,2021,2020-12-23,MEM,SAS,,"L, 119-131",,,,,,,,,,,,,,,,,
Killian Tillie,https://www.basketball-reference.com/players/t/tilliki02.html,2021,2020-12-26,MEM,ATL,,"L, 112-122",,,,,,,,,,,,,,,,,
Killian Tillie,https://www.basketball-reference.com/players/t/tilliki02.html,2021,2020-12-28,MEM,BRK,@,"W, 116-111 (OT)",,,,,,,,,,,,,,,,,
Killian Tillie,https://www.basketball-reference.com/players/t/tilliki02.html,2021,2020-12-30,MEM,BOS,@,"L, 107-126",,,,,,,,,,,,,,,,,
Killian Tillie,https://www.basketball-reference.com/players/t/tilliki02.html,2021,,,,,,,,,,,,,,,,,,,,,,
Killian Tillie,https://www.basketball-reference.com/players/t/tilliki02.html,2021,2021-01-01,MEM,CHO,@,"W, 108-93",,,,,,,,,,,,,,,,,
Killian Tillie,https://www.basketball-reference.com/players/t/tilliki02.html,2021,2021-01-03,MEM,LAL,,"L, 94-108",,,,,,,,,,,,,,,,,
Killian Tillie,https://www.basketball-reference.com/players/t/tilliki02.html,2021,2021-01-05,MEM,LAL,,"L, 92-94",,,,,,,,,,,,,,,,,
Killian Tillie,https://www.basketball-reference.com/players/t/tilliki02.html,2021,2021-01-07,MEM,CLE,,"L, 90-94",,,,,,,,,,,,,,,,,
Killian Tillie,https://www.basketball-reference.com/players/t/tilliki02.html,2021,2021-01-08,MEM,BRK,,"W, 115-110",,,,,,,,,,,,,,,,,
Killian Tillie,https://www.basketball-reference.com/players/t/tilliki02.html,2021,2021-01-11,MEM,CLE,@,"W, 101-91",,,,,,,,,,,,,,,,,
Killian Tillie,https://www.basketball-reference.com/players/t/tilliki02.html,2021,2021-01-13,MEM,MIN,@,"W, 118-107",,,,,,,,,,,,,,,,,
Killian Tillie,https://www.basketball-reference.com/players/t/tilliki02.html,2021,2021-01-16,MEM,PHI,,"W, 106-104",,,,,,,,,,,,,,,,,
Killian Tillie,https://www.basketball-reference.com/players/t/tilliki02.html,2021,2021-01-18,MEM,PHO,,"W, 108-104",,,,,,,,,,,,,,,,,
Killian Tillie,https://www.basketball-reference.com/players/t/tilliki02.html,2021,2021-01-30,MEM,SAS,@,"W, 129-112",,,,,,,,,,,,,,,,,
Killian Tillie,https://www.basketball-reference.com/players/t/tilliki02.html,2021,2021-02-01,MEM,SAS,@,"W, 133-102",,,,,,,,,,,,,,,,,
Killian Tillie,https://www.basketball-reference.com/players/t/tilliki02.html,2021,2021-02-02,MEM,IND,@,"L, 116-134",,,,,,,,,,,,,,,,,
Killian Tillie,https://www.basketball-reference.com/players/t/tilliki02.html,2021,2021-02-04,MEM,HOU,,"L, 103-115",,,,,,,,,,,,,,,,,
Killian Tillie,https://www.basketball-reference.com/players/t/tilliki02.html,2021,2021-02-06,MEM,NOP,@,"L, 109-118",,,,,,,,,,,,,,,,,
Killian Tillie,https://www.basketball-reference.com/players/t/tilliki02.html,2021,2021-02-08,MEM,TOR,,"L, 113-128",,,,,,,,,,,,,,,,,
Killian Tillie,https://www.basketball-reference.com/players/t/tilliki02.html,2021,2021-02-10,MEM,CHO,,"W, 130-114",,,,,,,,,,,,,,,,,
Killian Tillie,https://www.basketball-reference.com/players/t/tilliki02.html,2021,2021-02-12,MEM,LAL,@,"L, 105-115",,,,,,,,,,,,,,,,,
Killian Tillie,https://www.basketball-reference.com/players/t/tilliki02.html,2021,2021-02-14,MEM,SAC,@,"W, 124-110",,,,,,,,,,,,,,,,,
Killian Tillie,https://www.basketball-reference.com/players/t/tilliki02.html,2021,2021-02-16,MEM,NOP,,"L, 113-144",,,,,,,,,,,,,,,,,
Killian Tillie,https://www.basketball-reference.com/players/t/tilliki02.html,2021,2021-02-17,MEM,OKC,,"W, 122-113",,,,,,,,,,,,,,,,,
Killian Tillie,https://www.basketball-reference.com/players/t/tilliki02.html,2021,2021-02-19,MEM,DET,,"W, 109-95",,,,,,,,,,,,,,,,,
Killian Tillie,https://www.basketball-reference.com/players/t/tilliki02.html,2021,2021-02-20,MEM,PHO,,"L, 97-128",,,,,,,,,,,,,,,,,
Killian Tillie,https://www.basketball-reference.com/players/t/tilliki02.html,2021,2021-02-22,MEM,DAL,@,"L, 92-102",,,,,,,,,,,,,,,,,
Killian Tillie,https://www.basketball-reference.com/players/t/tilliki02.html,2021,2021-02-25,MEM,LAC,,"W, 122-94",,,,,,,,,,,,,,,,,
Killian Tillie,https://www.basketball-reference.com/players/t/tilliki02.html,2021,2021-02-26,MEM,LAC,,"L, 99-119",,,,,,,,,,,,,,,,,
Killian Tillie,https://www.basketball-reference.com/players/t/tilliki02.html,2021,2021-02-28,MEM,HOU,@,"W, 133-84",,08:39,1,2,1,2,0,0,0,1,1,0,1,0,1,3,3
Killian Tillie,https://www.basketball-reference.com/players/t/tilliki02.html,2021,2021-03-02,MEM,WAS,@,"W, 125-111",,12:17,0,2,0,0,0,0,1,0,1,0,0,0,0,2,0
Killian Tillie,https://www.basketball-reference.com/players/t/tilliki02.html,2021,2021-03-04,MEM,MIL,,"L, 111-112",,,,,,,,,,,,,,,,,
Killian Tillie,https://www.basketball-reference.com/players/t/tilliki02.html,2021,2021-03-10,MEM,WAS,,"W, 127-112",,,,,,,,,,,,,,,,,
Killian Tillie,https://www.basketball-reference.com/players/t/tilliki02.html,2021,2021-03-12,MEM,DEN,,"L, 102-103",,,,,,,,,,,,,,,,,
Killian Tillie,https://www.basketball-reference.com/players/t/tilliki02.html,2021,2021-03-14,MEM,OKC,@,"L, 122-128",,,,,,,,,,,,,,,,,
Killian Tillie,https://www.basketball-reference.com/players/t/tilliki02.html,2021,2021-03-15,MEM,PHO,@,"L, 99-122",,03:15,0,2,0,1,1,2,0,0,0,0,0,0,0,0,1
Killian Tillie,https://www.basketball-reference.com/players/t/tilliki02.html,2021,2021-03-17,MEM,MIA,,"W, 89-85",,,,,,,,,,,,,,,,,
Killian Tillie,https://www.basketball-reference.com/players/t/tilliki02.html,2021,2021-03-19,MEM,GSW,,"L, 103-116",,05:52,1,4,1,2,0,0,2,1,3,1,0,3,0,0,3
Killian Tillie,https://www.basketball-reference.com/players/t/tilliki02.html,2021,2021-03-20,MEM,GSW,,"W, 111-103",,,,,,,,,,,,,,,,,
Killian Tillie,https://www.basketball-reference.com/players/t/tilliki02.html,2021,2021-03-22,MEM,BOS,,"W, 132-126 (OT)",,,,,,,,,,,,,,,,,
Killian Tillie,https://www.basketball-reference.com/players/t/tilliki02.html,2021,2021-03-24,MEM,OKC,@,"W, 116-107",,,,,,,,,,,,,,,,,
Killian Tillie,https://www.basketball-reference.com/players/t/tilliki02.html,2021,2021-03-26,MEM,UTA,@,"L, 114-117",,,,,,,,,,,,,,,,,
Killian Tillie,https://www.basketball-reference.com/players/t/tilliki02.html,2021,2021-03-27,MEM,UTA,@,"L, 110-126",,06:32,1,5,0,4,1,1,0,1,1,0,1,0,0,0,3
Killian Tillie,https://www.basketball-reference.com/players/t/tilliki02.html,2021,2021-03-29,MEM,HOU,@,"W, 120-110",,,,,,,,,,,,,,,,,
Killian Tillie,https://www.basketball-reference.com/players/t/tilliki02.html,2021,2021-03-31,MEM,UTA,,"L, 107-111",,16:40,2,4,0,1,0,0,0,0,0,0,0,1,0,0,4
Killian Tillie,https://www.basketball-reference.com/players/t/tilliki02.html,2021,2021-04-02,MEM,MIN,,"W, 120-108",,03:47,0,2,0,1,0,0,0,0,0,0,0,0,0,2,0
Killian Tillie,https://www.basketball-reference.com/players/t/tilliki02.html,2021,2021-04-04,MEM,PHI,@,"W, 116-100",,01:27,0,0,0,0,0,0,0,0,0,0,0,0,0,1,0
Killian Tillie,https://www.basketball-reference.com/players/t/tilliki02.html,2021,2021-04-06,MEM,MIA,@,"W, 124-112",,13:07,2,6,1,4,0,0,1,1,2,1,0,1,0,0,5
Killian Tillie,https://www.basketball-reference.com/players/t/tilliki02.html,2021,2021-04-07,MEM,ATL,@,"W, 131-113",,14:29,1,3,0,2,2,2,1,3,4,0,1,0,0,2,4
Killian Tillie,https://www.basketball-reference.com/players/t/tilliki02.html,2021,2021-04-09,MEM,NYK,@,"L, 129-133 (OT)",,,,,,,,,,,,,,,,,
Killian Tillie,https://www.basketball-reference.com/players/t/tilliki02.html,2021,2021-04-11,MEM,IND,,"L, 125-132",,,,,,,,,,,,,,,,,
Killian Tillie,https://www.basketball-reference.com/players/t/tilliki02.html,2021,2021-04-12,MEM,CHI,,"W, 101-90",,,,,,,,,,,,,,,,,
Killian Tillie,https://www.basketball-reference.com/players/t/tilliki02.html,2021,2021-04-14,MEM,DAL,,"L, 113-114",,,,,,,,,,,,,,,,,
Killian Tillie,https://www.basketball-reference.com/players/t/tilliki02.html,2021,2021-04-16,MEM,CHI,@,"W, 126-115",,22:51,2,7,2,6,0,0,1,2,3,2,2,1,0,3,6
Killian Tillie,https://www.basketball-reference.com/players/t/tilliki02.html,2021,2021-04-17,MEM,MIL,@,"W, 128-115",,06:02,1,1,0,0,0,0,0,2,2,0,0,1,0,2,2
Killian Tillie,https://www.basketball-reference.com/players/t/tilliki02.html,2021,2021-04-19,MEM,DEN,@,"L, 137-139 (2OT)",,,,,,,,,,,,,,,,,
Killian Tillie,https://www.basketball-reference.com/players/t/tilliki02.html,2021,2021-04-21,MEM,LAC,@,"L, 105-117",,01:45,1,1,1,1,0,0,0,0,0,0,0,0,0,0,3
Killian Tillie,https://www.basketball-reference.com/players/t/tilliki02.html,2021,2021-04-23,MEM,POR,@,"W, 130-128",,,,,,,,,,,,,,,,,
Killian Tillie,https://www.basketball-reference.com/players/t/tilliki02.html,2021,2021-04-25,MEM,POR,@,"W, 120-113",,,,,,,,,,,,,,,,,
Killian Tillie,https://www.basketball-reference.com/players/t/tilliki02.html,2021,2021-04-26,MEM,DEN,@,"L, 96-120",,05:15,1,3,0,2,0,0,0,0,0,0,0,0,0,1,2
Killian Tillie,https://www.basketball-reference.com/players/t/tilliki02.html,2021,2021-04-28,MEM,POR,,"L, 109-130",,05:30,0,0,0,0,2,2,0,0,0,1,0,0,0,1,2
Killian Tillie,https://www.basketball-reference.com/players/t/tilliki02.html,2021,2021-04-30,MEM,ORL,,"W, 92-75",,01:44,0,0,0,0,0,0,0,0,0,0,0,0,0,0,0
Killian Tillie,https://www.basketball-reference.com/players/t/tilliki02.html,2021,2021-05-01,MEM,ORL,@,"L, 111-112",,,,,,,,,,,,,,,,,
Killian Tillie,https://www.basketball-reference.com/players/t/tilliki02.html,2021,2021-05-03,MEM,NYK,,"L, 104-118",,,,,,,,,,,,,,,,,
Killian Tillie,https://www.basketball-reference.com/players/t/tilliki02.html,2021,2021-05-05,MEM,MIN,@,"W, 139-135",,,,,,,,,,,,,,,,,
Killian Tillie,https://www.basketball-reference.com/players/t/tilliki02.html,2021,2021-05-06,MEM,DET,@,"L, 97-111",,,,,,,,,,,,,,,,,
Killian Tillie,https://www.basketball-reference.com/players/t/tilliki02.html,2021,2021-05-08,MEM,TOR,@,"W, 109-99",,,,,,,,,,,,,,,,,
Killian Tillie,https://www.basketball-reference.com/players/t/tilliki02.html,2021,2021-05-10,MEM,NOP,,"W, 115-110",,,,,,,,,,,,,,,,,
Killian Tillie,https://www.basketball-reference.com/players/t/tilliki02.html,2021,2021-05-11,MEM,DAL,,"W, 133-104",,14:36,1,2,1,1,0,0,0,1,1,2,0,1,0,2,3
Killian Tillie,https://www.basketball-reference.com/players/t/tilliki02.html,2021,2021-05-13,MEM,SAC,,"W, 116-110",,,,,,,,,,,,,,,,,
Killian Tillie,https://www.basketball-reference.com/players/t/tilliki02.html,2021,2021-05-14,MEM,SAC,,"W, 107-106",,37:56,5,13,3,6,3,4,0,6,6,1,0,0,1,1,16
Killian Tillie,https://www.basketball-reference.com/players/t/tilliki02.html,2021,2021-05-16,MEM,GSW,@,"L, 101-113",,,,,,,,,,,,,,,,,
Xavier Tillman Sr.,https://www.basketball-reference.com/players/t/tillmxa01.html,2021,2020-12-23,MEM,SAS,,"L, 119-131",,,,,,,,,,,,,,,,,
Xavier Tillman Sr.,https://www.basketball-reference.com/players/t/tillmxa01.html,2021,2020-12-26,MEM,ATL,,"L, 112-122",,,,,,,,,,,,,,,,,
Xavier Tillman Sr.,https://www.basketball-reference.com/players/t/tillmxa01.html,2021,2020-12-28,MEM,BRK,@,"W, 116-111 (OT)",,,,,,,,,,,,,,,,,
Xavier Tillman Sr.,https://www.basketball-reference.com/players/t/tillmxa01.html,2021,2020-12-30,MEM,BOS,@,"L, 107-126",,,,,,,,,,,,,,,,,
Xavier Tillman Sr.,https://www.basketball-reference.com/players/t/tillmxa01.html,2021,,,,,,,,,,,,,,,,,,,,,,
Xavier Tillman Sr.,https://www.basketball-reference.com/players/t/tillmxa01.html,2021,2021-01-01,MEM,CHO,@,"W, 108-93",,,,,,,,,,,,,,,,,
Xavier Tillman Sr.,https://www.basketball-reference.com/players/t/tillmxa01.html,2021,2021-01-03,MEM,LAL,,"L, 94-108",,17:26,3,3,0,0,0,0,1,5,6,0,0,0,0,1,6
Xavier Tillman Sr.,https://www.basketball-reference.com/players/t/tillmxa01.html,2021,2021-01-05,MEM,LAL,,"L, 92-94",,17:34,3,8,0,1,2,2,0,2,2,0,1,0,1,0,8
Xavier Tillman Sr.,https://www.basketball-reference.com/players/t/tillmxa01.html,2021,2021-01-07,MEM,CLE,,"L, 90-94",,19:52,1,4,0,0,0,0,0,1,1,2,1,1,0,3,2
Xavier Tillman Sr.,https://www.basketball-reference.com/players/t/tillmxa01.html,2021,2021-01-08,MEM,BRK,,"W, 115-110",,18:51,3,8,0,2,0,0,2,4,6,3,0,1,0,0,6
Xavier Tillman Sr.,https://www.basketball-reference.com/players/t/tillmxa01.html,2021,2021-01-11,MEM,CLE,@,"W, 101-91",,17:45,4,5,0,0,0,0,1,0,1,2,1,2,0,2,8
Xavier Tillman Sr.,https://www.basketball-reference.com/players/t/tillmxa01.html,2021,2021-01-13,MEM,MIN,@,"W, 118-107",,17:47,6,8,0,0,0,0,3,2,5,3,2,0,0,4,12
Xavier Tillman Sr.,https://www.basketball-reference.com/players/t/tillmxa01.html,2021,2021-01-16,MEM,PHI,,"W, 106-104",,27:46,7,13,1,5,0,0,0,4,4,2,4,0,1,2,15
Xavier Tillman Sr.,https://www.basketball-reference.com/players/t/tillmxa01.html,2021,2021-01-18,MEM,PHO,,"W, 108-104",,28:42,5,8,1,2,1,2,2,4,6,1,2,0,1,4,12
Xavier Tillman Sr.,https://www.basketball-reference.com/players/t/tillmxa01.html,2021,2021-01-30,MEM,SAS,@,"W, 129-112",,21:19,3,8,0,1,0,1,1,5,6,3,1,2,0,4,6
Xavier Tillman Sr.,https://www.basketball-reference.com/players/t/tillmxa01.html,2021,2021-02-01,MEM,SAS,@,"W, 133-102",,23:50,4,6,0,0,2,3,1,8,9,1,2,2,1,2,10
Xavier Tillman Sr.,https://www.basketball-reference.com/players/t/tillmxa01.html,2021,2021-02-02,MEM,IND,@,"L, 116-134",,22:59,5,10,0,0,2,2,1,3,4,2,0,2,1,5,12
Xavier Tillman Sr.,https://www.basketball-reference.com/players/t/tillmxa01.html,2021,2021-02-04,MEM,HOU,,"L, 103-115",,22:52,3,7,1,3,2,2,4,6,10,1,1,0,2,0,9
Xavier Tillman Sr.,https://www.basketball-reference.com/players/t/tillmxa01.html,2021,2021-02-06,MEM,NOP,@,"L, 109-118",,28:27,2,5,1,3,0,0,3,5,8,1,0,1,1,6,5
Xavier Tillman Sr.,https://www.basketball-reference.com/players/t/tillmxa01.html,2021,2021-02-08,MEM,TOR,,"L, 113-128",,20:11,1,1,0,0,0,0,0,2,2,2,0,0,1,2,2
Xavier Tillman Sr.,https://www.basketball-reference.com/players/t/tillmxa01.html,2021,2021-02-10,MEM,CHO,,"W, 130-114",,16:57,2,4,0,0,2,2,1,2,3,3,0,0,1,3,6
Xavier Tillman Sr.,https://www.basketball-reference.com/players/t/tillmxa01.html,2021,2021-02-12,MEM,LAL,@,"L, 105-115",,19:35,3,5,2,3,0,0,1,1,2,0,0,1,0,3,8
Xavier Tillman Sr.,https://www.basketball-reference.com/players/t/tillmxa01.html,2021,2021-02-14,MEM,SAC,@,"W, 124-110",,21:36,5,8,1,2,1,2,4,1,5,2,1,0,1,4,12
Xavier Tillman Sr.,https://www.basketball-reference.com/players/t/tillmxa01.html,2021,2021-02-16,MEM,NOP,,"L, 113-144",,19:47,2,4,1,1,0,0,1,2,3,1,2,0,5,2,5
Xavier Tillman Sr.,https://www.basketball-reference.com/players/t/tillmxa01.html,2021,2021-02-17,MEM,OKC,,"W, 122-113",,19:10,3,4,1,1,0,0,0,2,2,2,1,0,1,1,7
Xavier Tillman Sr.,https://www.basketball-reference.com/players/t/tillmxa01.html,2021,2021-02-19,MEM,DET,,"W, 109-95",,18:23,4,8,0,2,0,0,5,3,8,3,1,1,1,2,8
Xavier Tillman Sr.,https://www.basketball-reference.com/players/t/tillmxa01.html,2021,2021-02-20,MEM,PHO,,"L, 97-128",,24:00,3,9,0,5,3,3,3,1,4,0,0,1,1,0,9
Xavier Tillman Sr.,https://www.basketball-reference.com/players/t/tillmxa01.html,2021,2021-02-22,MEM,DAL,@,"L, 92-102",,18:27,2,3,0,1,0,0,2,8,10,0,1,0,0,0,4
Xavier Tillman Sr.,https://www.basketball-reference.com/players/t/tillmxa01.html,2021,2021-02-25,MEM,LAC,,"W, 122-94",,23:06,2,5,0,0,0,0,0,3,3,5,2,0,0,3,4
Xavier Tillman Sr.,https://www.basketball-reference.com/players/t/tillmxa01.html,2021,2021-02-26,MEM,LAC,,"L, 99-119",,15:09,2,6,0,0,1,2,1,3,4,0,0,0,1,3,5
Xavier Tillman Sr.,https://www.basketball-reference.com/players/t/tillmxa01.html,2021,2021-02-28,MEM,HOU,@,"W, 133-84",,19:25,2,4,0,1,1,2,1,3,4,2,0,0,2,5,5
Xavier Tillman Sr.,https://www.basketball-reference.com/players/t/tillmxa01.html,2021,2021-03-02,MEM,WAS,@,"W, 125-111",,16:42,1,2,1,2,0,0,0,2,2,1,2,1,2,3,3
Xavier Tillman Sr.,https://www.basketball-reference.com/players/t/tillmxa01.html,2021,2021-03-04,MEM,MIL,,"L, 111-112",,13:29,0,2,0,0,0,0,2,3,5,3,0,1,0,0,0
Xavier Tillman Sr.,https://www.basketball-reference.com/players/t/tillmxa01.html,2021,2021-03-10,MEM,WAS,,"W, 127-112",,15:32,2,4,0,1,2,2,0,3,3,1,0,0,1,6,6
Xavier Tillman Sr.,https://www.basketball-reference.com/players/t/tillmxa01.html,2021,2021-03-12,MEM,DEN,,"L, 102-103",,11:26,0,1,0,0,0,0,0,2,2,0,0,0,1,0,0
Xavier Tillman Sr.,https://www.basketball-reference.com/players/t/tillmxa01.html,2021,2021-03-14,MEM,OKC,@,"L, 122-128",,16:36,2,3,0,0,1,2,0,2,2,1,1,1,0,1,5
Xavier Tillman Sr.,https://www.basketball-reference.com/players/t/tillmxa01.html,2021,2021-03-15,MEM,PHO,@,"L, 99-122",,11:27,2,3,0,0,0,0,1,1,2,1,1,0,1,1,4
Xavier Tillman Sr.,https://www.basketball-reference.com/players/t/tillmxa01.html,2021,2021-03-17,MEM,MIA,,"W, 89-85",,,,,,,,,,,,,,,,,
Xavier Tillman Sr.,https://www.basketball-reference.com/players/t/tillmxa01.html,2021,2021-03-19,MEM,GSW,,"L, 103-116",,05:52,3,3,0,0,0,0,1,1,2,0,1,1,0,0,6
Xavier Tillman Sr.,https://www.basketball-reference.com/players/t/tillmxa01.html,2021,2021-03-20,MEM,GSW,,"W, 111-103",,,,,,,,,,,,,,,,,
Xavier Tillman Sr.,https://www.basketball-reference.com/players/t/tillmxa01.html,2021,2021-03-22,MEM,BOS,,"W, 132-126 (OT)",,,,,,,,,,,,,,,,,
Xavier Tillman Sr.,https://www.basketball-reference.com/players/t/tillmxa01.html,2021,2021-03-24,MEM,OKC,@,"W, 116-107",,,,,,,,,,,,,,,,,
Xavier Tillman Sr.,https://www.basketball-reference.com/players/t/tillmxa01.html,2021,2021-03-26,MEM,UTA,@,"L, 114-117",,,,,,,,,,,,,,,,,
Xavier Tillman Sr.,https://www.basketball-reference.com/players/t/tillmxa01.html,2021,2021-03-27,MEM,UTA,@,"L, 110-126",,06:32,0,1,0,1,1,2,1,0,1,0,0,0,0,0,1
Xavier Tillman Sr.,https://www.basketball-reference.com/players/t/tillmxa01.html,2021,2021-03-29,MEM,HOU,@,"W, 120-110",,12:37,1,2,0,0,1,1,0,2,2,1,0,0,0,0,3
Xavier Tillman Sr.,https://www.basketball-reference.com/players/t/tillmxa01.html,2021,2021-03-31,MEM,UTA,,"L, 107-111",,15:49,1,3,0,1,0,0,0,6,6,0,0,0,0,3,2
Xavier Tillman Sr.,https://www.basketball-reference.com/players/t/tillmxa01.html,2021,2021-04-02,MEM,MIN,,"W, 120-108",,21:57,4,7,1,2,3,5,2,2,4,0,1,1,0,2,12
Xavier Tillman Sr.,https://www.basketball-reference.com/players/t/tillmxa01.html,2021,2021-04-04,MEM,PHI,@,"W, 116-100",,20:43,1,3,0,2,0,0,0,3,3,1,1,2,0,5,2
Xavier Tillman Sr.,https://www.basketball-reference.com/players/t/tillmxa01.html,2021,2021-04-06,MEM,MIA,@,"W, 124-112",,20:42,5,7,1,1,0,0,2,4,6,0,1,0,0,1,11
Xavier Tillman Sr.,https://www.basketball-reference.com/players/t/tillmxa01.html,2021,2021-04-07,MEM,ATL,@,"W, 131-113",,17:27,2,2,0,0,0,0,1,5,6,2,0,1,1,1,4
Xavier Tillman Sr.,https://www.basketball-reference.com/players/t/tillmxa01.html,2021,2021-04-09,MEM,NYK,@,"L, 129-133 (OT)",,17:15,3,6,0,0,0,3,4,1,5,4,0,1,1,2,6
Xavier Tillman Sr.,https://www.basketball-reference.com/players/t/tillmxa01.html,2021,2021-04-11,MEM,IND,,"L, 125-132",,14:15,3,5,0,1,0,0,0,5,5,1,1,1,0,1,6
Xavier Tillman Sr.,https://www.basketball-reference.com/players/t/tillmxa01.html,2021,2021-04-12,MEM,CHI,,"W, 101-90",,11:38,1,3,0,1,0,0,0,1,1,1,0,0,2,3,2
Xavier Tillman Sr.,https://www.basketball-reference.com/players/t/tillmxa01.html,2021,2021-04-14,MEM,DAL,,"L, 113-114",,15:05,3,3,1,1,0,0,0,2,2,0,0,0,0,0,7
Xavier Tillman Sr.,https://www.basketball-reference.com/players/t/tillmxa01.html,2021,2021-04-16,MEM,CHI,@,"W, 126-115",,16:52,4,6,2,4,4,4,0,2,2,0,2,1,0,2,14
Xavier Tillman Sr.,https://www.basketball-reference.com/players/t/tillmxa01.html,2021,2021-04-17,MEM,MIL,@,"W, 128-115",,21:33,7,10,1,1,0,0,0,2,2,2,0,0,0,4,15
Xavier Tillman Sr.,https://www.basketball-reference.com/players/t/tillmxa01.html,2021,2021-04-19,MEM,DEN,@,"L, 137-139 (2OT)",,41:10,7,12,2,3,2,4,4,10,14,1,2,1,1,4,18
Xavier Tillman Sr.,https://www.basketball-reference.com/players/t/tillmxa01.html,2021,2021-04-21,MEM,LAC,@,"L, 105-117",,28:18,4,8,0,1,0,0,4,8,12,2,2,0,0,4,8
Xavier Tillman Sr.,https://www.basketball-reference.com/players/t/tillmxa01.html,2021,2021-04-23,MEM,POR,@,"W, 130-128",,22:42,6,8,0,1,0,1,3,3,6,1,1,1,1,2,12
Xavier Tillman Sr.,https://www.basketball-reference.com/players/t/tillmxa01.html,2021,2021-04-25,MEM,POR,@,"W, 120-113",,17:48,1,1,0,0,0,0,0,4,4,0,0,1,1,1,2
Xavier Tillman Sr.,https://www.basketball-reference.com/players/t/tillmxa01.html,2021,2021-04-26,MEM,DEN,@,"L, 96-120",,,,,,,,,,,,,,,,,
Xavier Tillman Sr.,https://www.basketball-reference.com/players/t/tillmxa01.html,2021,2021-04-28,MEM,POR,,"L, 109-130",,05:30,2,2,0,0,1,1,0,1,1,0,0,0,1,0,5
Xavier Tillman Sr.,https://www.basketball-reference.com/players/t/tillmxa01.html,2021,2021-04-30,MEM,ORL,,"W, 92-75",,19:30,3,6,2,3,0,0,2,6,8,2,2,1,0,1,8
Xavier Tillman Sr.,https://www.basketball-reference.com/players/t/tillmxa01.html,2021,2021-05-01,MEM,ORL,@,"L, 111-112",,16:22,2,4,0,1,0,0,1,3,4,1,1,0,0,2,4
Xavier Tillman Sr.,https://www.basketball-reference.com/players/t/tillmxa01.html,2021,2021-05-03,MEM,NYK,,"L, 104-118",,09:09,0,1,0,0,0,0,0,0,0,2,0,0,0,1,0
Xavier Tillman Sr.,https://www.basketball-reference.com/players/t/tillmxa01.html,2021,2021-05-05,MEM,MIN,@,"W, 139-135",,28:05,5,9,1,3,0,1,3,6,9,3,0,1,2,2,11
Xavier Tillman Sr.,https://www.basketball-reference.com/players/t/tillmxa01.html,2021,2021-05-06,MEM,DET,@,"L, 97-111",,,,,,,,,,,,,,,,,
Xavier Tillman Sr.,https://www.basketball-reference.com/players/t/tillmxa01.html,2021,2021-05-08,MEM,TOR,@,"W, 109-99",,,,,,,,,,,,,,,,,
Xavier Tillman Sr.,https://www.basketball-reference.com/players/t/tillmxa01.html,2021,2021-05-10,MEM,NOP,,"W, 115-110",,09:20,1,3,0,1,0,0,0,1,1,0,0,0,1,0,2
Xavier Tillman Sr.,https://www.basketball-reference.com/players/t/tillmxa01.html,2021,2021-05-11,MEM,DAL,,"W, 133-104",,23:26,4,6,1,1,0,0,2,4,6,2,1,1,1,1,9
Xavier Tillman Sr.,https://www.basketball-reference.com/players/t/tillmxa01.html,2021,2021-05-13,MEM,SAC,,"W, 116-110",,05:15,0,0,0,0,0,0,0,0,0,0,0,0,3,0,0
Xavier Tillman Sr.,https://www.basketball-reference.com/players/t/tillmxa01.html,2021,2021-05-14,MEM,SAC,,"W, 107-106",,31:04,7,8,0,0,2,4,3,7,10,1,1,1,3,2,16
Xavier Tillman Sr.,https://www.basketball-reference.com/players/t/tillmxa01.html,2021,2021-05-16,MEM,GSW,@,"L, 101-113",,02:36,0,1,0,0,0,0,0,0,0,0,0,1,0,0,0
Precious Achiuwa,https://www.basketball-reference.com/players/a/achiupr01.html,2021,2020-12-23,MIA,ORL,@,"L, 107-113",,13:39,3,4,0,0,2,4,1,2,3,0,0,0,0,2,8
Precious Achiuwa,https://www.basketball-reference.com/players/a/achiupr01.html,2021,2020-12-25,MIA,NOP,,"W, 111-98",,19:28,5,7,0,0,1,2,1,2,3,2,0,1,1,6,11
Precious Achiuwa,https://www.basketball-reference.com/players/a/achiupr01.html,2021,2020-12-29,MIA,MIL,,"L, 97-144",,17:38,5,8,0,0,0,2,0,4,4,0,1,0,2,3,10
Precious Achiuwa,https://www.basketball-reference.com/players/a/achiupr01.html,2021,2020-12-30,MIA,MIL,,"W, 119-108",,12:01,0,2,0,0,0,0,3,2,5,0,0,1,3,2,0
Precious Achiuwa,https://www.basketball-reference.com/players/a/achiupr01.html,2021,,,,,,,,,,,,,,,,,,,,,,
Precious Achiuwa,https://www.basketball-reference.com/players/a/achiupr01.html,2021,2021-01-01,MIA,DAL,@,"L, 83-93",,11:59,3,4,0,0,4,6,2,4,6,1,0,0,1,0,10
Precious Achiuwa,https://www.basketball-reference.com/players/a/achiupr01.html,2021,2021-01-04,MIA,OKC,,"W, 118-90",,19:36,2,5,0,0,2,5,2,5,7,0,1,0,1,3,6
Precious Achiuwa,https://www.basketball-reference.com/players/a/achiupr01.html,2021,2021-01-06,MIA,BOS,,"L, 105-107",,14:14,2,5,0,0,2,2,3,2,5,3,0,1,1,1,6
Precious Achiuwa,https://www.basketball-reference.com/players/a/achiupr01.html,2021,2021-01-09,MIA,WAS,@,"W, 128-124",,12:40,3,4,0,0,1,1,0,2,2,0,0,0,2,4,7
Precious Achiuwa,https://www.basketball-reference.com/players/a/achiupr01.html,2021,2021-01-12,MIA,PHI,@,"L, 134-137 (OT)",,35:40,7,10,0,0,3,4,6,7,13,3,0,1,3,4,17
Precious Achiuwa,https://www.basketball-reference.com/players/a/achiupr01.html,2021,2021-01-14,MIA,PHI,@,"L, 108-125",,27:24,4,6,0,0,2,6,5,6,11,2,0,0,2,1,10
Precious Achiuwa,https://www.basketball-reference.com/players/a/achiupr01.html,2021,2021-01-16,MIA,DET,,"L, 100-120",,11:15,1,3,0,0,3,4,1,3,4,0,0,0,0,1,5
Precious Achiuwa,https://www.basketball-reference.com/players/a/achiupr01.html,2021,2021-01-18,MIA,DET,,"W, 113-107",,12:46,4,5,0,0,0,2,2,3,5,0,0,0,0,5,8
Precious Achiuwa,https://www.basketball-reference.com/players/a/achiupr01.html,2021,2021-01-20,MIA,TOR,@,"W, 111-102",,14:24,2,3,0,0,0,2,1,3,4,0,1,1,0,0,4
Precious Achiuwa,https://www.basketball-reference.com/players/a/achiupr01.html,2021,2021-01-22,MIA,TOR,@,"L, 81-101",,11:32,2,2,0,0,0,0,0,1,1,1,1,2,2,1,4
Precious Achiuwa,https://www.basketball-reference.com/players/a/achiupr01.html,2021,2021-01-23,MIA,BRK,@,"L, 124-128",,10:08,1,1,0,0,5,6,1,1,2,0,0,0,1,3,7
Precious Achiuwa,https://www.basketball-reference.com/players/a/achiupr01.html,2021,2021-01-25,MIA,BRK,@,"L, 85-98",,12:41,2,4,0,0,0,0,0,4,4,1,1,1,2,2,4
Precious Achiuwa,https://www.basketball-reference.com/players/a/achiupr01.html,2021,2021-01-27,MIA,DEN,,"L, 82-109",,20:16,4,8,0,0,2,2,1,5,6,3,2,3,1,2,10
Precious Achiuwa,https://www.basketball-reference.com/players/a/achiupr01.html,2021,2021-01-28,MIA,LAC,,"L, 105-109",,13:21,4,4,0,0,2,5,2,3,5,0,0,0,0,1,10
Precious Achiuwa,https://www.basketball-reference.com/players/a/achiupr01.html,2021,2021-01-30,MIA,SAC,,"W, 105-104",,12:18,3,4,0,0,0,0,2,0,2,0,0,0,1,0,6
Precious Achiuwa,https://www.basketball-reference.com/players/a/achiupr01.html,2021,2021-02-01,MIA,CHO,,"L, 121-129 (OT)",,13:42,1,3,0,0,2,4,1,2,3,0,0,2,0,1,4
Precious Achiuwa,https://www.basketball-reference.com/players/a/achiupr01.html,2021,2021-02-03,MIA,WAS,,"L, 100-103",,13:05,2,4,0,0,3,6,0,4,4,0,2,0,0,0,7
Precious Achiuwa,https://www.basketball-reference.com/players/a/achiupr01.html,2021,2021-02-05,MIA,WAS,,"W, 122-95",,20:19,2,8,0,0,0,0,0,1,1,0,1,0,2,3,4
Precious Achiuwa,https://www.basketball-reference.com/players/a/achiupr01.html,2021,2021-02-07,MIA,NYK,@,"W, 109-103",,09:16,0,0,0,0,0,0,0,0,0,0,0,0,1,2,0
Precious Achiuwa,https://www.basketball-reference.com/players/a/achiupr01.html,2021,2021-02-09,MIA,NYK,,"W, 98-96",,09:26,0,2,0,0,0,0,1,1,2,1,0,1,0,1,0
Precious Achiuwa,https://www.basketball-reference.com/players/a/achiupr01.html,2021,2021-02-11,MIA,HOU,@,"W, 101-94",,05:10,1,1,0,0,0,0,1,0,1,0,0,0,0,0,2
Precious Achiuwa,https://www.basketball-reference.com/players/a/achiupr01.html,2021,2021-02-13,MIA,UTA,@,"L, 94-112",,04:38,0,2,0,0,0,0,0,2,2,0,0,1,3,2,0
Precious Achiuwa,https://www.basketball-reference.com/players/a/achiupr01.html,2021,2021-02-15,MIA,LAC,@,"L, 118-125",,12:06,3,6,0,0,2,2,0,1,1,0,2,0,0,3,8
Precious Achiuwa,https://www.basketball-reference.com/players/a/achiupr01.html,2021,2021-02-17,MIA,GSW,@,"L, 112-120 (OT)",,17:03,6,7,0,0,1,1,0,6,6,0,0,0,0,1,13
Precious Achiuwa,https://www.basketball-reference.com/players/a/achiupr01.html,2021,2021-02-18,MIA,SAC,@,"W, 118-110",,12:28,0,4,0,0,0,0,1,3,4,1,0,2,1,0,0
Precious Achiuwa,https://www.basketball-reference.com/players/a/achiupr01.html,2021,2021-02-20,MIA,LAL,@,"W, 96-94",,11:36,2,4,0,0,0,2,1,3,4,0,0,0,1,1,4
Precious Achiuwa,https://www.basketball-reference.com/players/a/achiupr01.html,2021,2021-02-22,MIA,OKC,@,"W, 108-94",,09:29,1,1,0,0,0,2,1,2,3,1,0,0,0,0,2
Precious Achiuwa,https://www.basketball-reference.com/players/a/achiupr01.html,2021,2021-02-24,MIA,TOR,,"W, 116-108",,06:00,0,0,0,0,1,2,0,2,2,0,0,0,0,1,1
Precious Achiuwa,https://www.basketball-reference.com/players/a/achiupr01.html,2021,2021-02-26,MIA,UTA,,"W, 124-116",,,,,,,,,,,,,,,,,
Precious Achiuwa,https://www.basketball-reference.com/players/a/achiupr01.html,2021,2021-02-28,MIA,ATL,,"W, 109-99",,12:02,4,5,0,0,6,7,4,3,7,1,1,1,1,0,14
Precious Achiuwa,https://www.basketball-reference.com/players/a/achiupr01.html,2021,2021-03-02,MIA,ATL,,"L, 80-94",,15:02,1,1,0,0,0,2,1,3,4,0,1,1,0,2,2
Precious Achiuwa,https://www.basketball-reference.com/players/a/achiupr01.html,2021,2021-03-04,MIA,NOP,@,"W, 103-93",,16:28,4,8,0,0,0,0,2,3,5,0,1,0,0,0,8
Precious Achiuwa,https://www.basketball-reference.com/players/a/achiupr01.html,2021,2021-03-11,MIA,ORL,,"W, 111-103",,04:33,1,1,0,0,0,2,1,1,2,0,0,0,1,0,2
Precious Achiuwa,https://www.basketball-reference.com/players/a/achiupr01.html,2021,2021-03-12,MIA,CHI,@,"W, 101-90",,03:02,1,1,0,0,0,0,0,1,1,0,0,0,0,0,2
Precious Achiuwa,https://www.basketball-reference.com/players/a/achiupr01.html,2021,2021-03-14,MIA,ORL,@,"W, 102-97",,11:53,1,2,0,0,0,0,1,0,1,0,0,0,1,4,2
Precious Achiuwa,https://www.basketball-reference.com/players/a/achiupr01.html,2021,2021-03-16,MIA,CLE,,"W, 113-98",,,,,,,,,,,,,,,,,
Precious Achiuwa,https://www.basketball-reference.com/players/a/achiupr01.html,2021,2021-03-17,MIA,MEM,@,"L, 85-89",,10:28,1,5,0,0,0,2,2,3,5,0,0,0,0,0,2
Precious Achiuwa,https://www.basketball-reference.com/players/a/achiupr01.html,2021,2021-03-19,MIA,IND,,"L, 110-137",,04:22,2,2,0,0,0,0,0,0,0,0,0,1,0,0,4
Precious Achiuwa,https://www.basketball-reference.com/players/a/achiupr01.html,2021,2021-03-21,MIA,IND,,"L, 106-109 (OT)",,03:14,0,2,0,0,0,2,1,0,1,0,0,0,0,1,0
Precious Achiuwa,https://www.basketball-reference.com/players/a/achiupr01.html,2021,2021-03-23,MIA,PHO,,"L, 100-110",,12:58,3,4,0,0,3,4,2,1,3,1,0,0,0,0,9
Precious Achiuwa,https://www.basketball-reference.com/players/a/achiupr01.html,2021,2021-03-25,MIA,POR,,"L, 122-125",,13:55,1,4,0,0,0,0,0,1,1,0,0,1,2,1,2
Precious Achiuwa,https://www.basketball-reference.com/players/a/achiupr01.html,2021,2021-03-26,MIA,CHO,@,"L, 105-110",,10:58,2,4,0,0,0,3,2,3,5,2,0,1,0,1,4
Precious Achiuwa,https://www.basketball-reference.com/players/a/achiupr01.html,2021,2021-03-29,MIA,NYK,@,"W, 98-88",,10:31,1,3,0,0,0,0,1,2,3,1,0,1,1,5,2
Precious Achiuwa,https://www.basketball-reference.com/players/a/achiupr01.html,2021,2021-03-31,MIA,IND,@,"W, 92-87",,07:35,1,2,0,0,0,0,2,2,4,0,0,0,0,2,2
Precious Achiuwa,https://www.basketball-reference.com/players/a/achiupr01.html,2021,2021-04-01,MIA,GSW,,"W, 116-109",,,,,,,,,,,,,,,,,
Precious Achiuwa,https://www.basketball-reference.com/players/a/achiupr01.html,2021,2021-04-03,MIA,CLE,,"W, 115-101",,08:53,3,3,0,0,0,0,0,2,2,1,0,1,1,0,6
Precious Achiuwa,https://www.basketball-reference.com/players/a/achiupr01.html,2021,2021-04-06,MIA,MEM,,"L, 112-124",,01:37,1,1,0,0,0,0,0,0,0,0,0,0,0,0,2
Precious Achiuwa,https://www.basketball-reference.com/players/a/achiupr01.html,2021,2021-04-08,MIA,LAL,,"W, 110-104",,09:18,2,7,0,0,3,5,4,1,5,0,1,1,0,4,7
Precious Achiuwa,https://www.basketball-reference.com/players/a/achiupr01.html,2021,2021-04-11,MIA,POR,@,"W, 107-98",,13:11,1,3,0,0,0,0,3,1,4,0,0,1,0,3,2
Precious Achiuwa,https://www.basketball-reference.com/players/a/achiupr01.html,2021,2021-04-13,MIA,PHO,@,"L, 86-106",,08:55,1,2,0,0,0,0,1,1,2,0,1,0,0,2,2
Precious Achiuwa,https://www.basketball-reference.com/players/a/achiupr01.html,2021,2021-04-14,MIA,DEN,@,"L, 106-123",,11:25,2,3,0,0,2,2,0,2,2,1,0,0,0,0,6
Precious Achiuwa,https://www.basketball-reference.com/players/a/achiupr01.html,2021,2021-04-16,MIA,MIN,@,"L, 111-119",,14:34,0,2,0,0,0,0,1,2,3,1,0,0,0,2,0
Precious Achiuwa,https://www.basketball-reference.com/players/a/achiupr01.html,2021,2021-04-18,MIA,BRK,,"W, 109-107",,,,,,,,,,,,,,,,,
Precious Achiuwa,https://www.basketball-reference.com/players/a/achiupr01.html,2021,2021-04-19,MIA,HOU,,"W, 113-91",,28:58,4,11,0,0,0,0,3,8,11,0,1,0,3,5,8
Precious Achiuwa,https://www.basketball-reference.com/players/a/achiupr01.html,2021,2021-04-21,MIA,SAS,@,"W, 107-87",,01:58,0,0,0,0,1,2,0,1,1,0,0,0,0,0,1
Precious Achiuwa,https://www.basketball-reference.com/players/a/achiupr01.html,2021,2021-04-23,MIA,ATL,@,"L, 103-118",,,,,,,,,,,,,,,,,
Precious Achiuwa,https://www.basketball-reference.com/players/a/achiupr01.html,2021,2021-04-24,MIA,CHI,,"W, 106-101",,,,,,,,,,,,,,,,,
Precious Achiuwa,https://www.basketball-reference.com/players/a/achiupr01.html,2021,2021-04-26,MIA,CHI,,"L, 102-110",,,,,,,,,,,,,,,,,
Precious Achiuwa,https://www.basketball-reference.com/players/a/achiupr01.html,2021,2021-04-28,MIA,SAS,,"W, 116-111",,,,,,,,,,,,,,,,,
Precious Achiuwa,https://www.basketball-reference.com/players/a/achiupr01.html,2021,2021-05-01,MIA,CLE,@,"W, 124-107",,01:40,0,0,0,0,0,0,0,0,0,0,0,0,0,0,0
Precious Achiuwa,https://www.basketball-reference.com/players/a/achiupr01.html,2021,2021-05-02,MIA,CHO,@,"W, 121-111",,01:09,0,1,0,0,0,0,0,0,0,0,0,0,0,0,0
Precious Achiuwa,https://www.basketball-reference.com/players/a/achiupr01.html,2021,2021-05-04,MIA,DAL,,"L, 113-127",,05:41,1,2,0,0,0,0,0,1,1,1,0,1,0,0,2
Precious Achiuwa,https://www.basketball-reference.com/players/a/achiupr01.html,2021,2021-05-07,MIA,MIN,,"W, 121-112",,,,,,,,,,,,,,,,,
Precious Achiuwa,https://www.basketball-reference.com/players/a/achiupr01.html,2021,2021-05-09,MIA,BOS,@,"W, 130-124",,,,,,,,,,,,,,,,,
Precious Achiuwa,https://www.basketball-reference.com/players/a/achiupr01.html,2021,2021-05-11,MIA,BOS,@,"W, 129-121",,,,,,,,,,,,,,,,,
Precious Achiuwa,https://www.basketball-reference.com/players/a/achiupr01.html,2021,2021-05-13,MIA,PHI,,"W, 106-94",,01:43,0,0,0,0,0,0,0,0,0,0,0,0,0,0,0
Precious Achiuwa,https://www.basketball-reference.com/players/a/achiupr01.html,2021,2021-05-15,MIA,MIL,@,"L, 108-122",,02:10,1,2,0,1,0,0,0,0,0,1,0,0,0,0,2
Precious Achiuwa,https://www.basketball-reference.com/players/a/achiupr01.html,2021,2021-05-16,MIA,DET,@,"W, 120-107",,41:34,10,16,0,0,3,7,3,7,10,0,2,1,2,3,23
Elijah Bryant,https://www.basketball-reference.com/players/b/bryanel01.html,2021,2021-05-13,MIL,IND,@,"W, 142-133",,,,,,,,,,,,,,,,,
Elijah Bryant,https://www.basketball-reference.com/players/b/bryanel01.html,2021,2021-05-15,MIL,MIA,,"W, 122-108",,,,,,,,,,,,,,,,,
Elijah Bryant,https://www.basketball-reference.com/players/b/bryanel01.html,2021,2021-05-16,MIL,CHI,@,"L, 112-118",,31:35,6,13,1,5,3,3,2,4,6,3,0,1,4,4,16
Mamadi Diakite,https://www.basketball-reference.com/players/d/diakima01.html,2021,2020-12-23,MIL,BOS,@,"L, 121-122",,,,,,,,,,,,,,,,,
Mamadi Diakite,https://www.basketball-reference.com/players/d/diakima01.html,2021,2020-12-25,MIL,GSW,,"W, 138-99",,,,,,,,,,,,,,,,,
Mamadi Diakite,https://www.basketball-reference.com/players/d/diakima01.html,2021,2020-12-27,MIL,NYK,@,"L, 110-130",,,,,,,,,,,,,,,,,
Mamadi Diakite,https://www.basketball-reference.com/players/d/diakima01.html,2021,2020-12-29,MIL,MIA,@,"W, 144-97",,,,,,,,,,,,,,,,,
Mamadi Diakite,https://www.basketball-reference.com/players/d/diakima01.html,2021,2020-12-30,MIL,MIA,@,"L, 108-119",,,,,,,,,,,,,,,,,
Mamadi Diakite,https://www.basketball-reference.com/players/d/diakima01.html,2021,,,,,,,,,,,,,,,,,,,,,,
Mamadi Diakite,https://www.basketball-reference.com/players/d/diakima01.html,2021,2021-01-01,MIL,CHI,,"W, 126-96",,,,,,,,,,,,,,,,,
Mamadi Diakite,https://www.basketball-reference.com/players/d/diakima01.html,2021,2021-01-04,MIL,DET,,"W, 125-115",,,,,,,,,,,,,,,,,
Mamadi Diakite,https://www.basketball-reference.com/players/d/diakima01.html,2021,2021-01-06,MIL,DET,,"W, 130-115",,,,,,,,,,,,,,,,,
Mamadi Diakite,https://www.basketball-reference.com/players/d/diakima01.html,2021,2021-01-08,MIL,UTA,,"L, 118-131",,,,,,,,,,,,,,,,,
Mamadi Diakite,https://www.basketball-reference.com/players/d/diakima01.html,2021,2021-01-09,MIL,CLE,,"W, 100-90",,,,,,,,,,,,,,,,,
Mamadi Diakite,https://www.basketball-reference.com/players/d/diakima01.html,2021,2021-01-11,MIL,ORL,@,"W, 121-99",,,,,,,,,,,,,,,,,
Mamadi Diakite,https://www.basketball-reference.com/players/d/diakima01.html,2021,2021-01-13,MIL,DET,@,"W, 110-101",,,,,,,,,,,,,,,,,
Mamadi Diakite,https://www.basketball-reference.com/players/d/diakima01.html,2021,2021-01-15,MIL,DAL,,"W, 112-109",,,,,,,,,,,,,,,,,
Mamadi Diakite,https://www.basketball-reference.com/players/d/diakima01.html,2021,2021-01-18,MIL,BRK,@,"L, 123-125",,,,,,,,,,,,,,,,,
Mamadi Diakite,https://www.basketball-reference.com/players/d/diakima01.html,2021,2021-01-21,MIL,LAL,,"L, 106-113",,,,,,,,,,,,,,,,,
Mamadi Diakite,https://www.basketball-reference.com/players/d/diakima01.html,2021,2021-01-24,MIL,ATL,,"W, 129-115",,,,,,,,,,,,,,,,,
Mamadi Diakite,https://www.basketball-reference.com/players/d/diakima01.html,2021,2021-01-27,MIL,TOR,@,"W, 115-108",,,,,,,,,,,,,,,,,
Mamadi Diakite,https://www.basketball-reference.com/players/d/diakima01.html,2021,2021-01-29,MIL,NOP,@,"L, 126-131",,,,,,,,,,,,,,,,,
Mamadi Diakite,https://www.basketball-reference.com/players/d/diakima01.html,2021,2021-01-30,MIL,CHO,@,"L, 114-126",,,,,,,,,,,,,,,,,
Mamadi Diakite,https://www.basketball-reference.com/players/d/diakima01.html,2021,2021-02-01,MIL,POR,,"W, 134-106",,,,,,,,,,,,,,,,,
Mamadi Diakite,https://www.basketball-reference.com/players/d/diakima01.html,2021,2021-02-03,MIL,IND,,"W, 130-110",,,,,,,,,,,,,,,,,
Mamadi Diakite,https://www.basketball-reference.com/players/d/diakima01.html,2021,2021-02-05,MIL,CLE,@,"W, 123-105",,,,,,,,,,,,,,,,,
Mamadi Diakite,https://www.basketball-reference.com/players/d/diakima01.html,2021,2021-02-06,MIL,CLE,@,"W, 124-99",,,,,,,,,,,,,,,,,
Mamadi Diakite,https://www.basketball-reference.com/players/d/diakima01.html,2021,2021-02-08,MIL,DEN,@,"W, 125-112",,,,,,,,,,,,,,,,,
Mamadi Diakite,https://www.basketball-reference.com/players/d/diakima01.html,2021,2021-02-10,MIL,PHO,@,"L, 124-125",,,,,,,,,,,,,,,,,
Mamadi Diakite,https://www.basketball-reference.com/players/d/diakima01.html,2021,2021-02-12,MIL,UTA,@,"L, 115-129",,,,,,,,,,,,,,,,,
Mamadi Diakite,https://www.basketball-reference.com/players/d/diakima01.html,2021,2021-02-14,MIL,OKC,@,"L, 109-114",,,,,,,,,,,,,,,,,
Mamadi Diakite,https://www.basketball-reference.com/players/d/diakima01.html,2021,2021-02-16,MIL,TOR,,"L, 113-124",,,,,,,,,,,,,,,,,
Mamadi Diakite,https://www.basketball-reference.com/players/d/diakima01.html,2021,2021-02-18,MIL,TOR,,"L, 96-110",,,,,,,,,,,,,,,,,
Mamadi Diakite,https://www.basketball-reference.com/players/d/diakima01.html,2021,2021-02-19,MIL,OKC,,"W, 98-85",,,,,,,,,,,,,,,,,
Mamadi Diakite,https://www.basketball-reference.com/players/d/diakima01.html,2021,2021-02-21,MIL,SAC,,"W, 128-115",,,,,,,,,,,,,,,,,
Mamadi Diakite,https://www.basketball-reference.com/players/d/diakima01.html,2021,2021-02-23,MIL,MIN,,"W, 139-112",,,,,,,,,,,,,,,,,
Mamadi Diakite,https://www.basketball-reference.com/players/d/diakima01.html,2021,2021-02-25,MIL,NOP,,"W, 129-125",,,,,,,,,,,,,,,,,
Mamadi Diakite,https://www.basketball-reference.com/players/d/diakima01.html,2021,2021-02-28,MIL,LAC,,"W, 105-100",,,,,,,,,,,,,,,,,
Mamadi Diakite,https://www.basketball-reference.com/players/d/diakima01.html,2021,2021-03-02,MIL,DEN,,"L, 97-128",,,,,,,,,,,,,,,,,
Mamadi Diakite,https://www.basketball-reference.com/players/d/diakima01.html,2021,2021-03-04,MIL,MEM,@,"W, 112-111",,,,,,,,,,,,,,,,,
Mamadi Diakite,https://www.basketball-reference.com/players/d/diakima01.html,2021,2021-03-11,MIL,NYK,,"W, 134-101",,05:16,1,2,0,0,0,0,0,2,2,2,0,1,0,2,2
Mamadi Diakite,https://www.basketball-reference.com/players/d/diakima01.html,2021,2021-03-13,MIL,WAS,@,"W, 125-119",,,,,,,,,,,,,,,,,
Mamadi Diakite,https://www.basketball-reference.com/players/d/diakima01.html,2021,2021-03-15,MIL,WAS,@,"W, 133-122",,,,,,,,,,,,,,,,,
Mamadi Diakite,https://www.basketball-reference.com/players/d/diakima01.html,2021,2021-03-17,MIL,PHI,@,"W, 109-105 (OT)",,,,,,,,,,,,,,,,,
Mamadi Diakite,https://www.basketball-reference.com/players/d/diakima01.html,2021,2021-03-20,MIL,SAS,,"W, 120-113",,,,,,,,,,,,,,,,,
Mamadi Diakite,https://www.basketball-reference.com/players/d/diakima01.html,2021,2021-03-22,MIL,IND,,"W, 140-113",,03:53,0,0,0,0,0,0,0,1,1,0,0,1,0,1,0
Mamadi Diakite,https://www.basketball-reference.com/players/d/diakima01.html,2021,2021-03-24,MIL,BOS,,"W, 121-119",,,,,,,,,,,,,,,,,
Mamadi Diakite,https://www.basketball-reference.com/players/d/diakima01.html,2021,2021-03-26,MIL,BOS,,"L, 114-122",,07:24,1,3,0,1,0,0,1,2,3,0,0,0,0,0,2
Mamadi Diakite,https://www.basketball-reference.com/players/d/diakima01.html,2021,2021-03-27,MIL,NYK,,"L, 96-102",,23:18,4,9,0,2,0,0,3,4,7,2,0,2,0,2,8
Mamadi Diakite,https://www.basketball-reference.com/players/d/diakima01.html,2021,2021-03-29,MIL,LAC,@,"L, 105-129",,09:12,1,2,0,0,0,0,0,1,1,0,0,0,0,0,2
Mamadi Diakite,https://www.basketball-reference.com/players/d/diakima01.html,2021,2021-03-31,MIL,LAL,@,"W, 112-97",,06:43,1,2,1,1,0,0,1,0,1,0,0,0,1,2,3
Mamadi Diakite,https://www.basketball-reference.com/players/d/diakima01.html,2021,2021-04-02,MIL,POR,@,"W, 127-109",,,,,,,,,,,,,,,,,
Mamadi Diakite,https://www.basketball-reference.com/players/d/diakima01.html,2021,2021-04-03,MIL,SAC,@,"W, 129-128",,,,,,,,,,,,,,,,,
Mamadi Diakite,https://www.basketball-reference.com/players/d/diakima01.html,2021,2021-04-06,MIL,GSW,@,"L, 121-122",,,,,,,,,,,,,,,,,
Mamadi Diakite,https://www.basketball-reference.com/players/d/diakima01.html,2021,2021-04-08,MIL,DAL,@,"L, 101-116",,01:24,0,0,0,0,0,0,0,1,1,0,0,0,0,0,0
Mamadi Diakite,https://www.basketball-reference.com/players/d/diakima01.html,2021,2021-04-09,MIL,CHO,,"L, 119-127",,22:51,2,5,0,2,6,6,0,5,5,1,2,0,1,1,10
Mamadi Diakite,https://www.basketball-reference.com/players/d/diakima01.html,2021,2021-04-11,MIL,ORL,@,"W, 124-87",,05:01,0,1,0,0,0,0,1,2,3,0,0,0,0,1,0
Mamadi Diakite,https://www.basketball-reference.com/players/d/diakima01.html,2021,2021-04-14,MIL,MIN,@,"W, 130-105",,08:21,0,2,0,0,0,0,0,1,1,1,1,1,1,3,0
Mamadi Diakite,https://www.basketball-reference.com/players/d/diakima01.html,2021,2021-04-15,MIL,ATL,@,"W, 120-109",,,,,,,,,,,,,,,,,
Mamadi Diakite,https://www.basketball-reference.com/players/d/diakima01.html,2021,2021-04-17,MIL,MEM,,"L, 115-128",,01:29,0,1,0,1,0,0,0,0,0,0,0,0,0,0,0
Mamadi Diakite,https://www.basketball-reference.com/players/d/diakima01.html,2021,2021-04-19,MIL,PHO,,"L, 127-128 (OT)",,,,,,,,,,,,,,,,,
Mamadi Diakite,https://www.basketball-reference.com/players/d/diakima01.html,2021,2021-04-22,MIL,PHI,,"W, 124-117",,,,,,,,,,,,,,,,,
Mamadi Diakite,https://www.basketball-reference.com/players/d/diakima01.html,2021,2021-04-24,MIL,PHI,,"W, 132-94",,06:58,2,2,0,0,0,0,0,2,2,0,1,0,0,0,4
Mamadi Diakite,https://www.basketball-reference.com/players/d/diakima01.html,2021,2021-04-25,MIL,ATL,@,"L, 104-111",,,,,,,,,,,,,,,,,
Mamadi Diakite,https://www.basketball-reference.com/players/d/diakima01.html,2021,2021-04-27,MIL,CHO,@,"W, 114-104",,,,,,,,,,,,,,,,,
Mamadi Diakite,https://www.basketball-reference.com/players/d/diakima01.html,2021,2021-04-29,MIL,HOU,@,"L, 136-143",,,,,,,,,,,,,,,,,
Mamadi Diakite,https://www.basketball-reference.com/players/d/diakima01.html,2021,2021-04-30,MIL,CHI,@,"W, 108-98",,,,,,,,,,,,,,,,,
Mamadi Diakite,https://www.basketball-reference.com/players/d/diakima01.html,2021,2021-05-02,MIL,BRK,,"W, 117-114",,,,,,,,,,,,,,,,,
Mamadi Diakite,https://www.basketball-reference.com/players/d/diakima01.html,2021,2021-05-04,MIL,BRK,,"W, 124-118",,,,,,,,,,,,,,,,,
Mamadi Diakite,https://www.basketball-reference.com/players/d/diakima01.html,2021,2021-05-05,MIL,WAS,,"W, 135-134",,,,,,,,,,,,,,,,,
Mamadi Diakite,https://www.basketball-reference.com/players/d/diakima01.html,2021,2021-05-07,MIL,HOU,,"W, 141-133",,,,,,,,,,,,,,,,,
Mamadi Diakite,https://www.basketball-reference.com/players/d/diakima01.html,2021,2021-05-10,MIL,SAS,@,"L, 125-146",,,,,,,,,,,,,,,,,
Mamadi Diakite,https://www.basketball-reference.com/players/d/diakima01.html,2021,2021-05-11,MIL,ORL,,"W, 114-102",,,,,,,,,,,,,,,,,
Mamadi Diakite,https://www.basketball-reference.com/players/d/diakima01.html,2021,2021-05-13,MIL,IND,@,"W, 142-133",,,,,,,,,,,,,,,,,
Mamadi Diakite,https://www.basketball-reference.com/players/d/diakima01.html,2021,2021-05-15,MIL,MIA,,"W, 122-108",,01:00,0,0,0,0,0,0,0,0,0,1,0,0,0,0,0
Mamadi Diakite,https://www.basketball-reference.com/players/d/diakima01.html,2021,2021-05-16,MIL,CHI,@,"L, 112-118",,38:13,4,11,0,1,5,8,2,5,7,1,3,1,0,4,13
Jrue Holiday,https://www.basketball-reference.com/players/h/holidjr01.html,2021,2020-12-23,MIL,BOS,@,"L, 121-122",,38:23,10,16,1,4,4,4,2,4,6,3,2,1,3,3,25
Jrue Holiday,https://www.basketball-reference.com/players/h/holidjr01.html,2021,2020-12-25,MIL,GSW,,"W, 138-99",,25:22,6,8,0,1,0,0,1,3,4,6,0,1,3,1,12
Jrue Holiday,https://www.basketball-reference.com/players/h/holidjr01.html,2021,2020-12-27,MIL,NYK,@,"L, 110-130",,27:55,4,10,0,4,0,0,2,2,4,5,2,0,3,0,8
Jrue Holiday,https://www.basketball-reference.com/players/h/holidjr01.html,2021,2020-12-29,MIL,MIA,@,"W, 144-97",,26:10,9,15,6,10,0,0,0,3,3,7,3,1,0,1,24
Jrue Holiday,https://www.basketball-reference.com/players/h/holidjr01.html,2021,2020-12-30,MIL,MIA,@,"L, 108-119",,33:57,4,15,3,7,2,2,1,3,4,5,2,1,0,5,13
Jrue Holiday,https://www.basketball-reference.com/players/h/holidjr01.html,2021,,,,,,,,,,,,,,,,,,,,,,
Jrue Holiday,https://www.basketball-reference.com/players/h/holidjr01.html,2021,2021-01-01,MIL,CHI,,"W, 126-96",,25:56,4,9,3,6,0,0,0,1,1,4,3,0,0,2,11
Jrue Holiday,https://www.basketball-reference.com/players/h/holidjr01.html,2021,2021-01-04,MIL,DET,,"W, 125-115",,34:13,6,10,2,3,1,1,1,5,6,7,3,0,1,1,15
Jrue Holiday,https://www.basketball-reference.com/players/h/holidjr01.html,2021,2021-01-06,MIL,DET,,"W, 130-115",,30:04,4,11,0,3,2,2,2,3,5,6,0,0,1,2,10
Jrue Holiday,https://www.basketball-reference.com/players/h/holidjr01.html,2021,2021-01-08,MIL,UTA,,"L, 118-131",,33:42,7,14,3,5,0,1,0,4,4,5,2,1,2,4,17
Jrue Holiday,https://www.basketball-reference.com/players/h/holidjr01.html,2021,2021-01-09,MIL,CLE,,"W, 100-90",,36:16,5,12,0,2,5,7,1,5,6,4,4,1,2,4,15
Jrue Holiday,https://www.basketball-reference.com/players/h/holidjr01.html,2021,2021-01-11,MIL,ORL,@,"W, 121-99",,29:34,3,10,0,4,5,5,1,2,3,3,2,1,1,1,11
Jrue Holiday,https://www.basketball-reference.com/players/h/holidjr01.html,2021,2021-01-13,MIL,DET,@,"W, 110-101",,36:51,8,13,3,5,2,3,1,5,6,5,3,1,1,2,21
Jrue Holiday,https://www.basketball-reference.com/players/h/holidjr01.html,2021,2021-01-15,MIL,DAL,,"W, 112-109",,34:59,7,15,1,4,1,1,0,3,3,5,2,1,2,1,16
Jrue Holiday,https://www.basketball-reference.com/players/h/holidjr01.html,2021,2021-01-18,MIL,BRK,@,"L, 123-125",,37:20,8,16,2,4,4,4,2,2,4,6,0,0,0,2,22
Jrue Holiday,https://www.basketball-reference.com/players/h/holidjr01.html,2021,2021-01-21,MIL,LAL,,"L, 106-113",,38:32,10,18,2,7,0,0,1,4,5,7,1,0,1,2,22
Jrue Holiday,https://www.basketball-reference.com/players/h/holidjr01.html,2021,2021-01-24,MIL,ATL,,"W, 129-115",,33:04,6,13,2,4,1,3,1,4,5,5,1,0,4,0,15
Jrue Holiday,https://www.basketball-reference.com/players/h/holidjr01.html,2021,2021-01-27,MIL,TOR,@,"W, 115-108",,34:30,3,14,1,8,0,0,1,6,7,7,2,0,1,0,7
Jrue Holiday,https://www.basketball-reference.com/players/h/holidjr01.html,2021,2021-01-29,MIL,NOP,@,"L, 126-131",,38:02,8,17,3,9,3,4,3,6,9,5,1,1,1,3,22
Jrue Holiday,https://www.basketball-reference.com/players/h/holidjr01.html,2021,2021-01-30,MIL,CHO,@,"L, 114-126",,40:08,7,17,5,10,2,2,2,3,5,5,2,2,3,2,21
Jrue Holiday,https://www.basketball-reference.com/players/h/holidjr01.html,2021,2021-02-01,MIL,POR,,"W, 134-106",,29:58,10,14,2,3,0,0,2,5,7,6,3,0,2,0,22
Jrue Holiday,https://www.basketball-reference.com/players/h/holidjr01.html,2021,2021-02-03,MIL,IND,,"W, 130-110",,26:50,5,9,1,3,0,0,2,5,7,3,3,1,3,0,11
Jrue Holiday,https://www.basketball-reference.com/players/h/holidjr01.html,2021,2021-02-05,MIL,CLE,@,"W, 123-105",,29:24,8,9,1,1,0,0,2,1,3,7,1,0,1,4,17
Jrue Holiday,https://www.basketball-reference.com/players/h/holidjr01.html,2021,2021-02-06,MIL,CLE,@,"W, 124-99",,25:22,8,14,2,4,2,4,1,2,3,8,2,1,1,0,20
Jrue Holiday,https://www.basketball-reference.com/players/h/holidjr01.html,2021,2021-02-08,MIL,DEN,@,"W, 125-112",,,,,,,,,,,,,,,,,
Jrue Holiday,https://www.basketball-reference.com/players/h/holidjr01.html,2021,2021-02-10,MIL,PHO,@,"L, 124-125",,,,,,,,,,,,,,,,,
Jrue Holiday,https://www.basketball-reference.com/players/h/holidjr01.html,2021,2021-02-12,MIL,UTA,@,"L, 115-129",,,,,,,,,,,,,,,,,
Jrue Holiday,https://www.basketball-reference.com/players/h/holidjr01.html,2021,2021-02-14,MIL,OKC,@,"L, 109-114",,,,,,,,,,,,,,,,,
Jrue Holiday,https://www.basketball-reference.com/players/h/holidjr01.html,2021,2021-02-16,MIL,TOR,,"L, 113-124",,,,,,,,,,,,,,,,,
Jrue Holiday,https://www.basketball-reference.com/players/h/holidjr01.html,2021,2021-02-18,MIL,TOR,,"L, 96-110",,,,,,,,,,,,,,,,,
Jrue Holiday,https://www.basketball-reference.com/players/h/holidjr01.html,2021,2021-02-19,MIL,OKC,,"W, 98-85",,,,,,,,,,,,,,,,,
Jrue Holiday,https://www.basketball-reference.com/players/h/holidjr01.html,2021,2021-02-21,MIL,SAC,,"W, 128-115",,,,,,,,,,,,,,,,,
Jrue Holiday,https://www.basketball-reference.com/players/h/holidjr01.html,2021,2021-02-23,MIL,MIN,,"W, 139-112",,,,,,,,,,,,,,,,,
Jrue Holiday,https://www.basketball-reference.com/players/h/holidjr01.html,2021,2021-02-25,MIL,NOP,,"W, 129-125",,,,,,,,,,,,,,,,,
Jrue Holiday,https://www.basketball-reference.com/players/h/holidjr01.html,2021,2021-02-28,MIL,LAC,,"W, 105-100",,17:55,1,5,0,3,0,0,0,0,0,3,0,0,2,1,2
Jrue Holiday,https://www.basketball-reference.com/players/h/holidjr01.html,2021,2021-03-02,MIL,DEN,,"L, 97-128",,18:15,2,6,0,4,0,2,1,0,1,3,1,0,3,1,4
Jrue Holiday,https://www.basketball-reference.com/players/h/holidjr01.html,2021,2021-03-04,MIL,MEM,@,"W, 112-111",,22:35,6,14,1,3,2,2,1,1,2,3,2,0,1,3,15
Jrue Holiday,https://www.basketball-reference.com/players/h/holidjr01.html,2021,2021-03-11,MIL,NYK,,"W, 134-101",,25:26,5,9,1,3,0,0,0,3,3,3,2,0,1,3,11
Jrue Holiday,https://www.basketball-reference.com/players/h/holidjr01.html,2021,2021-03-13,MIL,WAS,@,"W, 125-119",,32:12,6,18,2,5,4,4,2,6,8,3,2,1,3,3,18
Jrue Holiday,https://www.basketball-reference.com/players/h/holidjr01.html,2021,2021-03-15,MIL,WAS,@,"W, 133-122",,32:13,6,14,1,4,2,2,3,3,6,4,0,0,3,2,15
Jrue Holiday,https://www.basketball-reference.com/players/h/holidjr01.html,2021,2021-03-17,MIL,PHI,@,"W, 109-105 (OT)",,40:46,7,14,1,5,4,4,1,5,6,6,3,0,4,0,19
Jrue Holiday,https://www.basketball-reference.com/players/h/holidjr01.html,2021,2021-03-20,MIL,SAS,,"W, 120-113",,34:23,8,16,2,4,3,3,0,5,5,3,0,1,1,1,21
Jrue Holiday,https://www.basketball-reference.com/players/h/holidjr01.html,2021,2021-03-22,MIL,IND,,"W, 140-113",,29:44,11,15,5,6,1,2,2,3,5,14,2,1,2,1,28
Jrue Holiday,https://www.basketball-reference.com/players/h/holidjr01.html,2021,2021-03-24,MIL,BOS,,"W, 121-119",,35:22,6,16,1,4,0,0,1,1,2,3,2,0,1,2,13
Jrue Holiday,https://www.basketball-reference.com/players/h/holidjr01.html,2021,2021-03-26,MIL,BOS,,"L, 114-122",,27:42,7,12,3,6,0,0,1,2,3,4,1,0,6,1,17
Jrue Holiday,https://www.basketball-reference.com/players/h/holidjr01.html,2021,2021-03-27,MIL,NYK,,"L, 96-102",,,,,,,,,,,,,,,,,
Jrue Holiday,https://www.basketball-reference.com/players/h/holidjr01.html,2021,2021-03-29,MIL,LAC,@,"L, 105-129",,35:29,8,14,3,8,5,5,0,4,4,7,3,1,3,1,24
Jrue Holiday,https://www.basketball-reference.com/players/h/holidjr01.html,2021,2021-03-31,MIL,LAL,@,"W, 112-97",,34:12,11,16,3,5,3,4,0,8,8,6,4,1,4,1,28
Jrue Holiday,https://www.basketball-reference.com/players/h/holidjr01.html,2021,2021-04-02,MIL,POR,@,"W, 127-109",,33:06,9,14,2,6,2,2,0,4,4,10,2,0,3,1,22
Jrue Holiday,https://www.basketball-reference.com/players/h/holidjr01.html,2021,2021-04-03,MIL,SAC,@,"W, 129-128",,37:19,14,23,3,5,2,3,6,1,7,11,1,1,2,2,33
Jrue Holiday,https://www.basketball-reference.com/players/h/holidjr01.html,2021,2021-04-06,MIL,GSW,@,"L, 121-122",,33:59,11,18,4,7,3,3,2,1,3,5,1,0,8,4,29
Jrue Holiday,https://www.basketball-reference.com/players/h/holidjr01.html,2021,2021-04-08,MIL,DAL,@,"L, 101-116",,34:11,6,16,1,4,0,0,1,4,5,3,0,1,3,3,13
Jrue Holiday,https://www.basketball-reference.com/players/h/holidjr01.html,2021,2021-04-09,MIL,CHO,,"L, 119-127",,,,,,,,,,,,,,,,,
Jrue Holiday,https://www.basketball-reference.com/players/h/holidjr01.html,2021,2021-04-11,MIL,ORL,@,"W, 124-87",,26:41,4,10,2,2,2,2,2,3,5,7,1,1,2,0,12
Jrue Holiday,https://www.basketball-reference.com/players/h/holidjr01.html,2021,2021-04-14,MIL,MIN,@,"W, 130-105",,25:30,7,15,1,3,0,0,0,4,4,4,3,0,2,1,15
Jrue Holiday,https://www.basketball-reference.com/players/h/holidjr01.html,2021,2021-04-15,MIL,ATL,@,"W, 120-109",,33:48,9,17,2,4,3,4,3,1,4,7,1,0,2,1,23
Jrue Holiday,https://www.basketball-reference.com/players/h/holidjr01.html,2021,2021-04-17,MIL,MEM,,"L, 115-128",,38:00,5,11,3,5,4,4,2,2,4,7,2,0,2,0,17
Jrue Holiday,https://www.basketball-reference.com/players/h/holidjr01.html,2021,2021-04-19,MIL,PHO,,"L, 127-128 (OT)",,40:28,10,19,2,6,3,3,1,3,4,8,2,1,2,3,25
Jrue Holiday,https://www.basketball-reference.com/players/h/holidjr01.html,2021,2021-04-22,MIL,PHI,,"W, 124-117",,34:30,5,12,1,5,1,2,0,4,4,11,1,1,2,1,12
Jrue Holiday,https://www.basketball-reference.com/players/h/holidjr01.html,2021,2021-04-24,MIL,PHI,,"W, 132-94",,27:12,5,12,2,4,0,1,0,3,3,5,4,0,1,0,12
Jrue Holiday,https://www.basketball-reference.com/players/h/holidjr01.html,2021,2021-04-25,MIL,ATL,@,"L, 104-111",,34:50,8,11,0,1,3,5,0,5,5,11,1,0,1,2,19
Jrue Holiday,https://www.basketball-reference.com/players/h/holidjr01.html,2021,2021-04-27,MIL,CHO,@,"W, 114-104",,36:07,6,15,0,3,0,0,2,8,10,5,1,0,4,4,12
Jrue Holiday,https://www.basketball-reference.com/players/h/holidjr01.html,2021,2021-04-29,MIL,HOU,@,"L, 136-143",,37:35,12,19,1,4,4,6,2,2,4,10,2,4,1,3,29
Jrue Holiday,https://www.basketball-reference.com/players/h/holidjr01.html,2021,2021-04-30,MIL,CHI,@,"W, 108-98",,29:49,7,17,1,5,1,2,1,1,2,7,1,0,4,2,16
Jrue Holiday,https://www.basketball-reference.com/players/h/holidjr01.html,2021,2021-05-02,MIL,BRK,,"W, 117-114",,36:10,7,16,3,8,1,4,2,3,5,4,1,1,4,2,18
Jrue Holiday,https://www.basketball-reference.com/players/h/holidjr01.html,2021,2021-05-04,MIL,BRK,,"W, 124-118",,36:11,8,13,4,6,3,4,2,6,8,10,1,1,2,2,23
Jrue Holiday,https://www.basketball-reference.com/players/h/holidjr01.html,2021,2021-05-05,MIL,WAS,,"W, 135-134",,31:35,10,20,4,8,5,7,0,5,5,6,0,1,5,2,29
Jrue Holiday,https://www.basketball-reference.com/players/h/holidjr01.html,2021,2021-05-07,MIL,HOU,,"W, 141-133",,33:52,7,17,4,9,2,2,1,3,4,8,2,2,3,2,20
Jrue Holiday,https://www.basketball-reference.com/players/h/holidjr01.html,2021,2021-05-10,MIL,SAS,@,"L, 125-146",,30:55,9,14,2,5,0,0,1,1,2,6,0,0,2,1,20
Jrue Holiday,https://www.basketball-reference.com/players/h/holidjr01.html,2021,2021-05-11,MIL,ORL,,"W, 114-102",,34:32,5,15,1,4,4,4,3,1,4,2,2,0,0,1,15
Jrue Holiday,https://www.basketball-reference.com/players/h/holidjr01.html,2021,2021-05-13,MIL,IND,@,"W, 142-133",,34:02,8,14,0,4,4,5,1,3,4,14,0,4,1,0,20
Jrue Holiday,https://www.basketball-reference.com/players/h/holidjr01.html,2021,2021-05-15,MIL,MIA,,"W, 122-108",,33:45,8,17,2,4,2,2,0,5,5,10,1,0,1,1,20
Jrue Holiday,https://www.basketball-reference.com/players/h/holidjr01.html,2021,2021-05-16,MIL,CHI,@,"L, 112-118",,,,,,,,,,,,,,,,,
Sam Merrill,https://www.basketball-reference.com/players/m/merrisa01.html,2021,2020-12-23,MIL,BOS,@,"L, 121-122",,05:28,0,0,0,0,0,0,0,0,0,0,0,0,0,0,0
Sam Merrill,https://www.basketball-reference.com/players/m/merrisa01.html,2021,2020-12-25,MIL,GSW,,"W, 138-99",,07:37,2,3,2,2,0,0,2,1,3,4,1,0,1,0,6
Sam Merrill,https://www.basketball-reference.com/players/m/merrisa01.html,2021,2020-12-27,MIL,NYK,@,"L, 110-130",,07:27,1,2,1,1,0,0,1,2,3,2,0,0,0,1,3
Sam Merrill,https://www.basketball-reference.com/players/m/merrisa01.html,2021,2020-12-29,MIL,MIA,@,"W, 144-97",,08:48,1,1,1,1,0,0,0,2,2,1,0,0,0,0,3
Sam Merrill,https://www.basketball-reference.com/players/m/merrisa01.html,2021,2020-12-30,MIL,MIA,@,"L, 108-119",,,,,,,,,,,,,,,,,
Sam Merrill,https://www.basketball-reference.com/players/m/merrisa01.html,2021,,,,,,,,,,,,,,,,,,,,,,
Sam Merrill,https://www.basketball-reference.com/players/m/merrisa01.html,2021,2021-01-01,MIL,CHI,,"W, 126-96",,09:32,0,1,0,1,0,0,0,1,1,0,0,0,2,1,0
Sam Merrill,https://www.basketball-reference.com/players/m/merrisa01.html,2021,2021-01-04,MIL,DET,,"W, 125-115",,,,,,,,,,,,,,,,,
Sam Merrill,https://www.basketball-reference.com/players/m/merrisa01.html,2021,2021-01-06,MIL,DET,,"W, 130-115",,,,,,,,,,,,,,,,,
Sam Merrill,https://www.basketball-reference.com/players/m/merrisa01.html,2021,2021-01-08,MIL,UTA,,"L, 118-131",,01:27,0,1,0,1,2,2,0,0,0,1,0,0,0,1,2
Sam Merrill,https://www.basketball-reference.com/players/m/merrisa01.html,2021,2021-01-09,MIL,CLE,,"W, 100-90",,,,,,,,,,,,,,,,,
Sam Merrill,https://www.basketball-reference.com/players/m/merrisa01.html,2021,2021-01-11,MIL,ORL,@,"W, 121-99",,03:02,0,0,0,0,0,0,0,0,0,2,0,0,0,0,0
Sam Merrill,https://www.basketball-reference.com/players/m/merrisa01.html,2021,2021-01-13,MIL,DET,@,"W, 110-101",,,,,,,,,,,,,,,,,
Sam Merrill,https://www.basketball-reference.com/players/m/merrisa01.html,2021,2021-01-15,MIL,DAL,,"W, 112-109",,,,,,,,,,,,,,,,,
Sam Merrill,https://www.basketball-reference.com/players/m/merrisa01.html,2021,2021-01-18,MIL,BRK,@,"L, 123-125",,,,,,,,,,,,,,,,,
Sam Merrill,https://www.basketball-reference.com/players/m/merrisa01.html,2021,2021-01-21,MIL,LAL,,"L, 106-113",,,,,,,,,,,,,,,,,
Sam Merrill,https://www.basketball-reference.com/players/m/merrisa01.html,2021,2021-01-24,MIL,ATL,,"W, 129-115",,,,,,,,,,,,,,,,,
Sam Merrill,https://www.basketball-reference.com/players/m/merrisa01.html,2021,2021-01-27,MIL,TOR,@,"W, 115-108",,,,,,,,,,,,,,,,,
Sam Merrill,https://www.basketball-reference.com/players/m/merrisa01.html,2021,2021-01-29,MIL,NOP,@,"L, 126-131",,,,,,,,,,,,,,,,,
Sam Merrill,https://www.basketball-reference.com/players/m/merrisa01.html,2021,2021-01-30,MIL,CHO,@,"L, 114-126",,01:31,0,0,0,0,0,0,0,0,0,0,0,0,0,0,0
Sam Merrill,https://www.basketball-reference.com/players/m/merrisa01.html,2021,2021-02-01,MIL,POR,,"W, 134-106",,09:48,0,2,0,2,0,0,0,1,1,0,0,0,0,0,0
Sam Merrill,https://www.basketball-reference.com/players/m/merrisa01.html,2021,2021-02-03,MIL,IND,,"W, 130-110",,,,,,,,,,,,,,,,,
Sam Merrill,https://www.basketball-reference.com/players/m/merrisa01.html,2021,2021-02-05,MIL,CLE,@,"W, 123-105",,,,,,,,,,,,,,,,,
Sam Merrill,https://www.basketball-reference.com/players/m/merrisa01.html,2021,2021-02-06,MIL,CLE,@,"W, 124-99",,,,,,,,,,,,,,,,,
Sam Merrill,https://www.basketball-reference.com/players/m/merrisa01.html,2021,2021-02-08,MIL,DEN,@,"W, 125-112",,,,,,,,,,,,,,,,,
Sam Merrill,https://www.basketball-reference.com/players/m/merrisa01.html,2021,2021-02-10,MIL,PHO,@,"L, 124-125",,,,,,,,,,,,,,,,,
Sam Merrill,https://www.basketball-reference.com/players/m/merrisa01.html,2021,2021-02-12,MIL,UTA,@,"L, 115-129",,,,,,,,,,,,,,,,,
Sam Merrill,https://www.basketball-reference.com/players/m/merrisa01.html,2021,2021-02-14,MIL,OKC,@,"L, 109-114",,,,,,,,,,,,,,,,,
Sam Merrill,https://www.basketball-reference.com/players/m/merrisa01.html,2021,2021-02-16,MIL,TOR,,"L, 113-124",,,,,,,,,,,,,,,,,
Sam Merrill,https://www.basketball-reference.com/players/m/merrisa01.html,2021,2021-02-18,MIL,TOR,,"L, 96-110",,,,,,,,,,,,,,,,,
Sam Merrill,https://www.basketball-reference.com/players/m/merrisa01.html,2021,2021-02-19,MIL,OKC,,"W, 98-85",,,,,,,,,,,,,,,,,
Sam Merrill,https://www.basketball-reference.com/players/m/merrisa01.html,2021,2021-02-21,MIL,SAC,,"W, 128-115",,02:40,0,1,0,0,0,0,0,1,1,0,0,0,0,0,0
Sam Merrill,https://www.basketball-reference.com/players/m/merrisa01.html,2021,2021-02-23,MIL,MIN,,"W, 139-112",,06:48,1,2,1,1,0,0,0,1,1,1,0,0,0,0,3
Sam Merrill,https://www.basketball-reference.com/players/m/merrisa01.html,2021,2021-02-25,MIL,NOP,,"W, 129-125",,07:48,1,3,0,1,0,0,0,1,1,0,1,0,0,3,2
Sam Merrill,https://www.basketball-reference.com/players/m/merrisa01.html,2021,2021-02-28,MIL,LAC,,"W, 105-100",,,,,,,,,,,,,,,,,
Sam Merrill,https://www.basketball-reference.com/players/m/merrisa01.html,2021,2021-03-02,MIL,DEN,,"L, 97-128",,04:56,0,1,0,1,0,0,1,0,1,0,0,0,0,0,0
Sam Merrill,https://www.basketball-reference.com/players/m/merrisa01.html,2021,2021-03-04,MIL,MEM,@,"W, 112-111",,,,,,,,,,,,,,,,,
Sam Merrill,https://www.basketball-reference.com/players/m/merrisa01.html,2021,2021-03-11,MIL,NYK,,"W, 134-101",,05:16,2,2,1,1,0,0,0,0,0,0,0,0,0,0,5
Sam Merrill,https://www.basketball-reference.com/players/m/merrisa01.html,2021,2021-03-13,MIL,WAS,@,"W, 125-119",,,,,,,,,,,,,,,,,
Sam Merrill,https://www.basketball-reference.com/players/m/merrisa01.html,2021,2021-03-15,MIL,WAS,@,"W, 133-122",,,,,,,,,,,,,,,,,
Sam Merrill,https://www.basketball-reference.com/players/m/merrisa01.html,2021,2021-03-17,MIL,PHI,@,"W, 109-105 (OT)",,,,,,,,,,,,,,,,,
Sam Merrill,https://www.basketball-reference.com/players/m/merrisa01.html,2021,2021-03-20,MIL,SAS,,"W, 120-113",,00:54,0,0,0,0,0,0,0,0,0,0,0,0,0,0,0
Sam Merrill,https://www.basketball-reference.com/players/m/merrisa01.html,2021,2021-03-22,MIL,IND,,"W, 140-113",,05:24,2,2,1,1,0,0,0,1,1,0,0,0,1,1,5
Sam Merrill,https://www.basketball-reference.com/players/m/merrisa01.html,2021,2021-03-24,MIL,BOS,,"W, 121-119",,08:49,1,3,1,3,0,0,0,0,0,0,0,0,1,1,3
Sam Merrill,https://www.basketball-reference.com/players/m/merrisa01.html,2021,2021-03-26,MIL,BOS,,"L, 114-122",,19:57,6,8,3,5,0,0,0,2,2,0,1,0,0,0,15
Sam Merrill,https://www.basketball-reference.com/players/m/merrisa01.html,2021,2021-03-27,MIL,NYK,,"L, 96-102",,28:17,3,10,2,7,0,0,2,1,3,5,2,1,3,0,8
Sam Merrill,https://www.basketball-reference.com/players/m/merrisa01.html,2021,2021-03-29,MIL,LAC,@,"L, 105-129",,02:33,0,1,0,0,0,0,0,0,0,0,0,0,0,0,0
Sam Merrill,https://www.basketball-reference.com/players/m/merrisa01.html,2021,2021-03-31,MIL,LAL,@,"W, 112-97",,01:26,0,0,0,0,0,0,0,0,0,0,0,0,0,0,0
Sam Merrill,https://www.basketball-reference.com/players/m/merrisa01.html,2021,2021-04-02,MIL,POR,@,"W, 127-109",,,,,,,,,,,,,,,,,
Sam Merrill,https://www.basketball-reference.com/players/m/merrisa01.html,2021,2021-04-03,MIL,SAC,@,"W, 129-128",,,,,,,,,,,,,,,,,
Sam Merrill,https://www.basketball-reference.com/players/m/merrisa01.html,2021,2021-04-06,MIL,GSW,@,"L, 121-122",,,,,,,,,,,,,,,,,
Sam Merrill,https://www.basketball-reference.com/players/m/merrisa01.html,2021,2021-04-08,MIL,DAL,@,"L, 101-116",,,,,,,,,,,,,,,,,
Sam Merrill,https://www.basketball-reference.com/players/m/merrisa01.html,2021,2021-04-09,MIL,CHO,,"L, 119-127",,26:44,5,13,3,8,0,0,0,6,6,2,0,0,1,3,13
Sam Merrill,https://www.basketball-reference.com/players/m/merrisa01.html,2021,2021-04-11,MIL,ORL,@,"W, 124-87",,06:56,2,3,2,3,2,2,0,0,0,1,0,0,0,2,8
Sam Merrill,https://www.basketball-reference.com/players/m/merrisa01.html,2021,2021-04-14,MIL,MIN,@,"W, 130-105",,07:26,0,0,0,0,0,0,0,1,1,0,0,0,0,1,0
Sam Merrill,https://www.basketball-reference.com/players/m/merrisa01.html,2021,2021-04-15,MIL,ATL,@,"W, 120-109",,,,,,,,,,,,,,,,,
Sam Merrill,https://www.basketball-reference.com/players/m/merrisa01.html,2021,2021-04-17,MIL,MEM,,"L, 115-128",,01:29,0,0,0,0,0,0,0,0,0,0,0,0,1,0,0
Sam Merrill,https://www.basketball-reference.com/players/m/merrisa01.html,2021,2021-04-19,MIL,PHO,,"L, 127-128 (OT)",,,,,,,,,,,,,,,,,
Sam Merrill,https://www.basketball-reference.com/players/m/merrisa01.html,2021,2021-04-22,MIL,PHI,,"W, 124-117",,01:06,0,0,0,0,0,0,0,0,0,0,0,0,0,0,0
Sam Merrill,https://www.basketball-reference.com/players/m/merrisa01.html,2021,2021-04-24,MIL,PHI,,"W, 132-94",,05:55,3,3,2,2,0,0,0,0,0,1,0,0,0,1,8
Sam Merrill,https://www.basketball-reference.com/players/m/merrisa01.html,2021,2021-04-25,MIL,ATL,@,"L, 104-111",,,,,,,,,,,,,,,,,
Sam Merrill,https://www.basketball-reference.com/players/m/merrisa01.html,2021,2021-04-27,MIL,CHO,@,"W, 114-104",,,,,,,,,,,,,,,,,
Sam Merrill,https://www.basketball-reference.com/players/m/merrisa01.html,2021,2021-04-29,MIL,HOU,@,"L, 136-143",,,,,,,,,,,,,,,,,
Sam Merrill,https://www.basketball-reference.com/players/m/merrisa01.html,2021,2021-04-30,MIL,CHI,@,"W, 108-98",,,,,,,,,,,,,,,,,
Sam Merrill,https://www.basketball-reference.com/players/m/merrisa01.html,2021,2021-05-02,MIL,BRK,,"W, 117-114",,,,,,,,,,,,,,,,,
Sam Merrill,https://www.basketball-reference.com/players/m/merrisa01.html,2021,2021-05-04,MIL,BRK,,"W, 124-118",,,,,,,,,,,,,,,,,
Sam Merrill,https://www.basketball-reference.com/players/m/merrisa01.html,2021,2021-05-05,MIL,WAS,,"W, 135-134",,,,,,,,,,,,,,,,,
Sam Merrill,https://www.basketball-reference.com/players/m/merrisa01.html,2021,2021-05-07,MIL,HOU,,"W, 141-133",,,,,,,,,,,,,,,,,
Sam Merrill,https://www.basketball-reference.com/players/m/merrisa01.html,2021,2021-05-10,MIL,SAS,@,"L, 125-146",,04:46,1,1,1,1,0,0,0,0,0,0,0,0,0,0,3
Sam Merrill,https://www.basketball-reference.com/players/m/merrisa01.html,2021,2021-05-11,MIL,ORL,,"W, 114-102",,,,,,,,,,,,,,,,,
Sam Merrill,https://www.basketball-reference.com/players/m/merrisa01.html,2021,2021-05-13,MIL,IND,@,"W, 142-133",,,,,,,,,,,,,,,,,
Sam Merrill,https://www.basketball-reference.com/players/m/merrisa01.html,2021,2021-05-15,MIL,MIA,,"W, 122-108",,01:00,0,0,0,0,0,0,0,0,0,0,0,0,0,0,0
Sam Merrill,https://www.basketball-reference.com/players/m/merrisa01.html,2021,2021-05-16,MIL,CHI,@,"L, 112-118",,27:46,1,9,0,5,0,0,0,3,3,1,3,0,0,2,2
Jordan Nwora,https://www.basketball-reference.com/players/n/nworajo01.html,2021,2020-12-23,MIL,BOS,@,"L, 121-122",,,,,,,,,,,,,,,,,
Jordan Nwora,https://www.basketball-reference.com/players/n/nworajo01.html,2021,2020-12-25,MIL,GSW,,"W, 138-99",,09:46,2,6,1,3,2,2,0,1,1,0,0,0,1,2,7
Jordan Nwora,https://www.basketball-reference.com/players/n/nworajo01.html,2021,2020-12-27,MIL,NYK,@,"L, 110-130",,07:27,4,6,1,2,0,0,0,2,2,0,0,0,2,0,9
Jordan Nwora,https://www.basketball-reference.com/players/n/nworajo01.html,2021,2020-12-29,MIL,MIA,@,"W, 144-97",,11:48,2,7,2,3,2,2,0,2,2,0,1,0,0,2,8
Jordan Nwora,https://www.basketball-reference.com/players/n/nworajo01.html,2021,2020-12-30,MIL,MIA,@,"L, 108-119",,,,,,,,,,,,,,,,,
Jordan Nwora,https://www.basketball-reference.com/players/n/nworajo01.html,2021,,,,,,,,,,,,,,,,,,,,,,
Jordan Nwora,https://www.basketball-reference.com/players/n/nworajo01.html,2021,2021-01-01,MIL,CHI,,"W, 126-96",,09:57,2,4,0,1,3,4,0,3,3,0,2,0,1,1,7
Jordan Nwora,https://www.basketball-reference.com/players/n/nworajo01.html,2021,2021-01-04,MIL,DET,,"W, 125-115",,07:45,1,2,0,1,0,0,0,2,2,0,0,0,2,1,2
Jordan Nwora,https://www.basketball-reference.com/players/n/nworajo01.html,2021,2021-01-06,MIL,DET,,"W, 130-115",,14:43,4,5,3,3,0,0,1,3,4,0,1,1,0,2,11
Jordan Nwora,https://www.basketball-reference.com/players/n/nworajo01.html,2021,2021-01-08,MIL,UTA,,"L, 118-131",,07:15,1,1,0,0,2,2,0,1,1,0,0,0,2,1,4
Jordan Nwora,https://www.basketball-reference.com/players/n/nworajo01.html,2021,2021-01-09,MIL,CLE,,"W, 100-90",,,,,,,,,,,,,,,,,
Jordan Nwora,https://www.basketball-reference.com/players/n/nworajo01.html,2021,2021-01-11,MIL,ORL,@,"W, 121-99",,01:57,0,1,0,1,0,0,0,0,0,0,0,0,0,0,0
Jordan Nwora,https://www.basketball-reference.com/players/n/nworajo01.html,2021,2021-01-13,MIL,DET,@,"W, 110-101",,,,,,,,,,,,,,,,,
Jordan Nwora,https://www.basketball-reference.com/players/n/nworajo01.html,2021,2021-01-15,MIL,DAL,,"W, 112-109",,,,,,,,,,,,,,,,,
Jordan Nwora,https://www.basketball-reference.com/players/n/nworajo01.html,2021,2021-01-18,MIL,BRK,@,"L, 123-125",,,,,,,,,,,,,,,,,
Jordan Nwora,https://www.basketball-reference.com/players/n/nworajo01.html,2021,2021-01-21,MIL,LAL,,"L, 106-113",,,,,,,,,,,,,,,,,
Jordan Nwora,https://www.basketball-reference.com/players/n/nworajo01.html,2021,2021-01-24,MIL,ATL,,"W, 129-115",,,,,,,,,,,,,,,,,
Jordan Nwora,https://www.basketball-reference.com/players/n/nworajo01.html,2021,2021-01-27,MIL,TOR,@,"W, 115-108",,,,,,,,,,,,,,,,,
Jordan Nwora,https://www.basketball-reference.com/players/n/nworajo01.html,2021,2021-01-29,MIL,NOP,@,"L, 126-131",,,,,,,,,,,,,,,,,
Jordan Nwora,https://www.basketball-reference.com/players/n/nworajo01.html,2021,2021-01-30,MIL,CHO,@,"L, 114-126",,01:31,0,0,0,0,0,0,0,0,0,0,0,0,0,0,0
Jordan Nwora,https://www.basketball-reference.com/players/n/nworajo01.html,2021,2021-02-01,MIL,POR,,"W, 134-106",,09:48,1,5,1,2,0,0,0,0,0,0,0,1,2,0,3
Jordan Nwora,https://www.basketball-reference.com/players/n/nworajo01.html,2021,2021-02-03,MIL,IND,,"W, 130-110",,,,,,,,,,,,,,,,,
Jordan Nwora,https://www.basketball-reference.com/players/n/nworajo01.html,2021,2021-02-05,MIL,CLE,@,"W, 123-105",,,,,,,,,,,,,,,,,
Jordan Nwora,https://www.basketball-reference.com/players/n/nworajo01.html,2021,2021-02-06,MIL,CLE,@,"W, 124-99",,,,,,,,,,,,,,,,,
Jordan Nwora,https://www.basketball-reference.com/players/n/nworajo01.html,2021,2021-02-08,MIL,DEN,@,"W, 125-112",,,,,,,,,,,,,,,,,
Jordan Nwora,https://www.basketball-reference.com/players/n/nworajo01.html,2021,2021-02-10,MIL,PHO,@,"L, 124-125",,,,,,,,,,,,,,,,,
Jordan Nwora,https://www.basketball-reference.com/players/n/nworajo01.html,2021,2021-02-12,MIL,UTA,@,"L, 115-129",,,,,,,,,,,,,,,,,
Jordan Nwora,https://www.basketball-reference.com/players/n/nworajo01.html,2021,2021-02-14,MIL,OKC,@,"L, 109-114",,,,,,,,,,,,,,,,,
Jordan Nwora,https://www.basketball-reference.com/players/n/nworajo01.html,2021,2021-02-16,MIL,TOR,,"L, 113-124",,,,,,,,,,,,,,,,,
Jordan Nwora,https://www.basketball-reference.com/players/n/nworajo01.html,2021,2021-02-18,MIL,TOR,,"L, 96-110",,,,,,,,,,,,,,,,,
Jordan Nwora,https://www.basketball-reference.com/players/n/nworajo01.html,2021,2021-02-19,MIL,OKC,,"W, 98-85",,,,,,,,,,,,,,,,,
Jordan Nwora,https://www.basketball-reference.com/players/n/nworajo01.html,2021,2021-02-21,MIL,SAC,,"W, 128-115",,,,,,,,,,,,,,,,,
Jordan Nwora,https://www.basketball-reference.com/players/n/nworajo01.html,2021,2021-02-23,MIL,MIN,,"W, 139-112",,,,,,,,,,,,,,,,,
Jordan Nwora,https://www.basketball-reference.com/players/n/nworajo01.html,2021,2021-02-25,MIL,NOP,,"W, 129-125",,,,,,,,,,,,,,,,,
Jordan Nwora,https://www.basketball-reference.com/players/n/nworajo01.html,2021,2021-02-28,MIL,LAC,,"W, 105-100",,,,,,,,,,,,,,,,,
Jordan Nwora,https://www.basketball-reference.com/players/n/nworajo01.html,2021,2021-03-02,MIL,DEN,,"L, 97-128",,,,,,,,,,,,,,,,,
Jordan Nwora,https://www.basketball-reference.com/players/n/nworajo01.html,2021,2021-03-04,MIL,MEM,@,"W, 112-111",,,,,,,,,,,,,,,,,
Jordan Nwora,https://www.basketball-reference.com/players/n/nworajo01.html,2021,2021-03-11,MIL,NYK,,"W, 134-101",,,,,,,,,,,,,,,,,
Jordan Nwora,https://www.basketball-reference.com/players/n/nworajo01.html,2021,2021-03-13,MIL,WAS,@,"W, 125-119",,,,,,,,,,,,,,,,,
Jordan Nwora,https://www.basketball-reference.com/players/n/nworajo01.html,2021,2021-03-15,MIL,WAS,@,"W, 133-122",,,,,,,,,,,,,,,,,
Jordan Nwora,https://www.basketball-reference.com/players/n/nworajo01.html,2021,2021-03-17,MIL,PHI,@,"W, 109-105 (OT)",,,,,,,,,,,,,,,,,
Jordan Nwora,https://www.basketball-reference.com/players/n/nworajo01.html,2021,2021-03-20,MIL,SAS,,"W, 120-113",,00:54,0,0,0,0,0,0,0,0,0,0,0,0,0,0,0
Jordan Nwora,https://www.basketball-reference.com/players/n/nworajo01.html,2021,2021-03-22,MIL,IND,,"W, 140-113",,04:30,1,2,0,0,1,1,0,1,1,0,0,1,1,1,3
Jordan Nwora,https://www.basketball-reference.com/players/n/nworajo01.html,2021,2021-03-24,MIL,BOS,,"W, 121-119",,,,,,,,,,,,,,,,,
Jordan Nwora,https://www.basketball-reference.com/players/n/nworajo01.html,2021,2021-03-26,MIL,BOS,,"L, 114-122",,07:24,0,4,0,1,0,0,0,2,2,2,1,0,0,0,0
Jordan Nwora,https://www.basketball-reference.com/players/n/nworajo01.html,2021,2021-03-27,MIL,NYK,,"L, 96-102",,36:16,7,18,4,8,3,6,2,8,10,2,1,0,3,1,21
Jordan Nwora,https://www.basketball-reference.com/players/n/nworajo01.html,2021,2021-03-29,MIL,LAC,@,"L, 105-129",,02:33,0,0,0,0,0,0,0,0,0,0,0,0,0,0,0
Jordan Nwora,https://www.basketball-reference.com/players/n/nworajo01.html,2021,2021-03-31,MIL,LAL,@,"W, 112-97",,02:18,0,1,0,0,0,0,0,0,0,0,1,0,0,0,0
Jordan Nwora,https://www.basketball-reference.com/players/n/nworajo01.html,2021,2021-04-02,MIL,POR,@,"W, 127-109",,03:21,1,2,1,2,0,0,0,1,1,0,0,0,0,1,3
Jordan Nwora,https://www.basketball-reference.com/players/n/nworajo01.html,2021,2021-04-03,MIL,SAC,@,"W, 129-128",,12:49,1,3,1,3,0,0,0,2,2,0,3,0,1,0,3
Jordan Nwora,https://www.basketball-reference.com/players/n/nworajo01.html,2021,2021-04-06,MIL,GSW,@,"L, 121-122",,02:44,0,0,0,0,0,0,0,0,0,0,0,0,0,0,0
Jordan Nwora,https://www.basketball-reference.com/players/n/nworajo01.html,2021,2021-04-08,MIL,DAL,@,"L, 101-116",,,,,,,,,,,,,,,,,
Jordan Nwora,https://www.basketball-reference.com/players/n/nworajo01.html,2021,2021-04-09,MIL,CHO,,"L, 119-127",,32:09,9,16,4,10,2,2,0,6,6,2,1,0,0,1,24
Jordan Nwora,https://www.basketball-reference.com/players/n/nworajo01.html,2021,2021-04-11,MIL,ORL,@,"W, 124-87",,20:03,5,12,1,5,0,0,1,2,3,1,1,2,1,2,11
Jordan Nwora,https://www.basketball-reference.com/players/n/nworajo01.html,2021,2021-04-14,MIL,MIN,@,"W, 130-105",,08:28,3,7,2,3,0,0,0,1,1,0,1,0,1,1,8
Jordan Nwora,https://www.basketball-reference.com/players/n/nworajo01.html,2021,2021-04-15,MIL,ATL,@,"W, 120-109",,,,,,,,,,,,,,,,,
Jordan Nwora,https://www.basketball-reference.com/players/n/nworajo01.html,2021,2021-04-17,MIL,MEM,,"L, 115-128",,01:29,0,0,0,0,0,0,0,0,0,0,0,0,0,0,0
Jordan Nwora,https://www.basketball-reference.com/players/n/nworajo01.html,2021,2021-04-19,MIL,PHO,,"L, 127-128 (OT)",,,,,,,,,,,,,,,,,
Jordan Nwora,https://www.basketball-reference.com/players/n/nworajo01.html,2021,2021-04-22,MIL,PHI,,"W, 124-117",,01:06,0,0,0,0,0,0,0,0,0,0,0,0,1,1,0
Jordan Nwora,https://www.basketball-reference.com/players/n/nworajo01.html,2021,2021-04-24,MIL,PHI,,"W, 132-94",,08:33,4,6,3,4,2,2,0,3,3,0,1,0,2,2,13
Jordan Nwora,https://www.basketball-reference.com/players/n/nworajo01.html,2021,2021-04-25,MIL,ATL,@,"L, 104-111",,,,,,,,,,,,,,,,,
Jordan Nwora,https://www.basketball-reference.com/players/n/nworajo01.html,2021,2021-04-27,MIL,CHO,@,"W, 114-104",,,,,,,,,,,,,,,,,
Jordan Nwora,https://www.basketball-reference.com/players/n/nworajo01.html,2021,2021-04-29,MIL,HOU,@,"L, 136-143",,,,,,,,,,,,,,,,,
Jordan Nwora,https://www.basketball-reference.com/players/n/nworajo01.html,2021,2021-04-30,MIL,CHI,@,"W, 108-98",,03:47,0,1,0,1,0,0,0,0,0,0,0,0,0,0,0
Jordan Nwora,https://www.basketball-reference.com/players/n/nworajo01.html,2021,2021-05-02,MIL,BRK,,"W, 117-114",,,,,,,,,,,,,,,,,
Jordan Nwora,https://www.basketball-reference.com/players/n/nworajo01.html,2021,2021-05-04,MIL,BRK,,"W, 124-118",,,,,,,,,,,,,,,,,
Jordan Nwora,https://www.basketball-reference.com/players/n/nworajo01.html,2021,2021-05-05,MIL,WAS,,"W, 135-134",,,,,,,,,,,,,,,,,
Jordan Nwora,https://www.basketball-reference.com/players/n/nworajo01.html,2021,2021-05-07,MIL,HOU,,"W, 141-133",,,,,,,,,,,,,,,,,
Jordan Nwora,https://www.basketball-reference.com/players/n/nworajo01.html,2021,2021-05-10,MIL,SAS,@,"L, 125-146",,04:46,0,2,0,1,0,0,0,1,1,0,1,0,1,0,0
Jordan Nwora,https://www.basketball-reference.com/players/n/nworajo01.html,2021,2021-05-11,MIL,ORL,,"W, 114-102",,00:47,0,0,0,0,0,0,0,0,0,0,0,0,0,0,0
Jordan Nwora,https://www.basketball-reference.com/players/n/nworajo01.html,2021,2021-05-13,MIL,IND,@,"W, 142-133",,,,,,,,,,,,,,,,,
Jordan Nwora,https://www.basketball-reference.com/players/n/nworajo01.html,2021,2021-05-15,MIL,MIA,,"W, 122-108",,01:46,0,1,0,0,0,0,1,0,1,0,0,0,0,0,0
Jordan Nwora,https://www.basketball-reference.com/players/n/nworajo01.html,2021,2021-05-16,MIL,CHI,@,"L, 112-118",,35:53,14,23,4,8,2,4,4,10,14,0,1,2,3,3,34
Axel Toupane,https://www.basketball-reference.com/players/t/toupaax01.html,2021,2021-03-15,MIL,WAS,@,"W, 133-122",,,,,,,,,,,,,,,,,
Axel Toupane,https://www.basketball-reference.com/players/t/toupaax01.html,2021,2021-03-17,MIL,PHI,@,"W, 109-105 (OT)",,,,,,,,,,,,,,,,,
Axel Toupane,https://www.basketball-reference.com/players/t/toupaax01.html,2021,2021-03-20,MIL,SAS,,"W, 120-113",,,,,,,,,,,,,,,,,
Axel Toupane,https://www.basketball-reference.com/players/t/toupaax01.html,2021,2021-03-22,MIL,IND,,"W, 140-113",,03:21,0,1,0,0,0,0,0,1,1,0,0,2,0,1,0
Axel Toupane,https://www.basketball-reference.com/players/t/toupaax01.html,2021,2021-03-24,MIL,BOS,,"W, 121-119",,,,,,,,,,,,,,,,,
Axel Toupane,https://www.basketball-reference.com/players/t/toupaax01.html,2021,2021-03-26,MIL,BOS,,"L, 114-122",,06:09,1,1,0,0,0,0,0,0,0,1,0,0,0,0,2
Axel Toupane,https://www.basketball-reference.com/players/t/toupaax01.html,2021,2021-03-27,MIL,NYK,,"L, 96-102",,27:16,1,4,0,1,0,0,0,2,2,1,0,1,0,2,2
Axel Toupane,https://www.basketball-reference.com/players/t/toupaax01.html,2021,2021-03-29,MIL,LAC,@,"L, 105-129",,02:33,0,1,0,0,0,0,0,1,1,0,0,0,0,0,0
Axel Toupane,https://www.basketball-reference.com/players/t/toupaax01.html,2021,2021-03-31,MIL,LAL,@,"W, 112-97",,01:26,0,0,0,0,0,0,0,0,0,0,0,0,0,0,0
Axel Toupane,https://www.basketball-reference.com/players/t/toupaax01.html,2021,,,,,,,,,,,,,,,,,,,,,,
Axel Toupane,https://www.basketball-reference.com/players/t/toupaax01.html,2021,2021-04-02,MIL,POR,@,"W, 127-109",,,,,,,,,,,,,,,,,
Axel Toupane,https://www.basketball-reference.com/players/t/toupaax01.html,2021,2021-04-03,MIL,SAC,@,"W, 129-128",,,,,,,,,,,,,,,,,
Axel Toupane,https://www.basketball-reference.com/players/t/toupaax01.html,2021,2021-04-06,MIL,GSW,@,"L, 121-122",,00:32,0,0,0,0,0,0,0,0,0,0,0,0,0,0,0
Axel Toupane,https://www.basketball-reference.com/players/t/toupaax01.html,2021,2021-04-08,MIL,DAL,@,"L, 101-116",,02:10,0,0,0,0,1,2,0,0,0,0,0,0,0,0,1
Axel Toupane,https://www.basketball-reference.com/players/t/toupaax01.html,2021,2021-04-09,MIL,CHO,,"L, 119-127",,17:45,2,4,1,1,4,5,0,2,2,2,2,0,0,3,9
Axel Toupane,https://www.basketball-reference.com/players/t/toupaax01.html,2021,2021-04-11,MIL,ORL,@,"W, 124-87",,,,,,,,,,,,,,,,,
Axel Toupane,https://www.basketball-reference.com/players/t/toupaax01.html,2021,2021-04-14,MIL,MIN,@,"W, 130-105",,,,,,,,,,,,,,,,,
Axel Toupane,https://www.basketball-reference.com/players/t/toupaax01.html,2021,2021-04-15,MIL,ATL,@,"W, 120-109",,,,,,,,,,,,,,,,,
Axel Toupane,https://www.basketball-reference.com/players/t/toupaax01.html,2021,2021-04-17,MIL,MEM,,"L, 115-128",,,,,,,,,,,,,,,,,
Axel Toupane,https://www.basketball-reference.com/players/t/toupaax01.html,2021,2021-04-19,MIL,PHO,,"L, 127-128 (OT)",,,,,,,,,,,,,,,,,
Axel Toupane,https://www.basketball-reference.com/players/t/toupaax01.html,2021,2021-04-22,MIL,PHI,,"W, 124-117",,,,,,,,,,,,,,,,,
Axel Toupane,https://www.basketball-reference.com/players/t/toupaax01.html,2021,2021-04-24,MIL,PHI,,"W, 132-94",,,,,,,,,,,,,,,,,
Axel Toupane,https://www.basketball-reference.com/players/t/toupaax01.html,2021,2021-04-25,MIL,ATL,@,"L, 104-111",,,,,,,,,,,,,,,,,
Axel Toupane,https://www.basketball-reference.com/players/t/toupaax01.html,2021,2021-04-27,MIL,CHO,@,"W, 114-104",,,,,,,,,,,,,,,,,
Axel Toupane,https://www.basketball-reference.com/players/t/toupaax01.html,2021,2021-04-29,MIL,HOU,@,"L, 136-143",,,,,,,,,,,,,,,,,
Axel Toupane,https://www.basketball-reference.com/players/t/toupaax01.html,2021,2021-04-30,MIL,CHI,@,"W, 108-98",,,,,,,,,,,,,,,,,
Axel Toupane,https://www.basketball-reference.com/players/t/toupaax01.html,2021,2021-05-02,MIL,BRK,,"W, 117-114",,,,,,,,,,,,,,,,,
Axel Toupane,https://www.basketball-reference.com/players/t/toupaax01.html,2021,2021-05-04,MIL,BRK,,"W, 124-118",,,,,,,,,,,,,,,,,
Axel Toupane,https://www.basketball-reference.com/players/t/toupaax01.html,2021,2021-05-05,MIL,WAS,,"W, 135-134",,,,,,,,,,,,,,,,,
Axel Toupane,https://www.basketball-reference.com/players/t/toupaax01.html,2021,2021-05-07,MIL,HOU,,"W, 141-133",,,,,,,,,,,,,,,,,
Axel Toupane,https://www.basketball-reference.com/players/t/toupaax01.html,2021,2021-05-10,MIL,SAS,@,"L, 125-146",,,,,,,,,,,,,,,,,
Axel Toupane,https://www.basketball-reference.com/players/t/toupaax01.html,2021,2021-05-11,MIL,ORL,,"W, 114-102",,,,,,,,,,,,,,,,,
Axel Toupane,https://www.basketball-reference.com/players/t/toupaax01.html,2021,2021-05-13,MIL,IND,@,"W, 142-133",,,,,,,,,,,,,,,,,
Axel Toupane,https://www.basketball-reference.com/players/t/toupaax01.html,2021,2021-05-15,MIL,MIA,,"W, 122-108",,,,,,,,,,,,,,,,,
Axel Toupane,https://www.basketball-reference.com/players/t/toupaax01.html,2021,2021-05-16,MIL,CHI,@,"L, 112-118",,,,,,,,,,,,,,,,,
Anthony Edwards,https://www.basketball-reference.com/players/e/edwaran01.html,2021,2020-12-23,MIN,DET,,"W, 111-101",,25:09,5,12,1,5,4,4,2,2,4,4,0,0,1,1,15
Anthony Edwards,https://www.basketball-reference.com/players/e/edwaran01.html,2021,2020-12-26,MIN,UTA,@,"W, 116-111",,22:20,8,12,2,3,0,0,0,1,1,1,2,0,0,4,18
Anthony Edwards,https://www.basketball-reference.com/players/e/edwaran01.html,2021,2020-12-27,MIN,LAL,@,"L, 91-127",,28:32,6,21,1,9,2,2,2,2,4,2,1,0,1,2,15
Anthony Edwards,https://www.basketball-reference.com/players/e/edwaran01.html,2021,2020-12-29,MIN,LAC,@,"L, 101-124",,24:42,4,10,4,7,0,0,0,0,0,0,0,1,0,1,12
Anthony Edwards,https://www.basketball-reference.com/players/e/edwaran01.html,2021,,,,,,,,,,,,,,,,,,,,,,
Anthony Edwards,https://www.basketball-reference.com/players/e/edwaran01.html,2021,2021-01-01,MIN,WAS,,"L, 109-130",,26:21,7,16,2,8,1,4,0,3,3,2,0,1,3,2,17
Anthony Edwards,https://www.basketball-reference.com/players/e/edwaran01.html,2021,2021-01-03,MIN,DEN,,"L, 109-124",,22:56,2,4,1,3,0,0,0,0,0,4,1,0,3,1,5
Anthony Edwards,https://www.basketball-reference.com/players/e/edwaran01.html,2021,2021-01-05,MIN,DEN,@,"L, 116-123",,25:34,6,19,1,7,2,2,1,2,3,1,0,0,3,1,15
Anthony Edwards,https://www.basketball-reference.com/players/e/edwaran01.html,2021,2021-01-07,MIN,POR,@,"L, 117-135",,31:13,9,21,3,10,5,7,2,2,4,1,2,0,4,2,26
Anthony Edwards,https://www.basketball-reference.com/players/e/edwaran01.html,2021,2021-01-09,MIN,SAS,,"L, 122-125 (OT)",,30:16,5,11,1,4,2,2,0,4,4,4,0,0,3,3,13
Anthony Edwards,https://www.basketball-reference.com/players/e/edwaran01.html,2021,2021-01-10,MIN,SAS,,"W, 96-88",,17:41,0,8,0,2,0,0,3,3,6,1,0,0,2,1,0
Anthony Edwards,https://www.basketball-reference.com/players/e/edwaran01.html,2021,2021-01-13,MIN,MEM,,"L, 107-118",,16:51,1,6,0,2,0,0,2,1,3,1,0,0,0,1,2
Anthony Edwards,https://www.basketball-reference.com/players/e/edwaran01.html,2021,2021-01-18,MIN,ATL,@,"L, 97-108",,30:22,5,16,2,5,0,0,1,4,5,2,0,0,1,2,12
Anthony Edwards,https://www.basketball-reference.com/players/e/edwaran01.html,2021,2021-01-20,MIN,ORL,,"L, 96-97",,22:49,3,14,1,4,1,2,0,0,0,0,0,0,2,0,8
Anthony Edwards,https://www.basketball-reference.com/players/e/edwaran01.html,2021,2021-01-22,MIN,ATL,,"L, 98-116",,24:01,2,12,1,5,0,0,0,3,3,1,1,0,3,2,5
Anthony Edwards,https://www.basketball-reference.com/players/e/edwaran01.html,2021,2021-01-23,MIN,NOP,,"W, 120-110",,20:16,5,14,2,7,6,6,0,1,1,1,2,0,2,0,18
Anthony Edwards,https://www.basketball-reference.com/players/e/edwaran01.html,2021,2021-01-25,MIN,GSW,@,"L, 108-130",,27:13,4,13,1,3,6,7,2,1,3,1,1,0,2,2,15
Anthony Edwards,https://www.basketball-reference.com/players/e/edwaran01.html,2021,2021-01-27,MIN,GSW,@,"L, 111-123",,32:23,9,19,5,8,2,2,1,3,4,2,3,0,3,1,25
Anthony Edwards,https://www.basketball-reference.com/players/e/edwaran01.html,2021,2021-01-29,MIN,PHI,,"L, 94-118",,28:48,5,13,3,7,2,2,0,4,4,3,0,0,1,2,15
Anthony Edwards,https://www.basketball-reference.com/players/e/edwaran01.html,2021,2021-01-31,MIN,CLE,,"W, 109-104",,30:17,9,15,4,7,1,1,0,5,5,4,1,1,0,2,23
Anthony Edwards,https://www.basketball-reference.com/players/e/edwaran01.html,2021,2021-02-01,MIN,CLE,@,"L, 98-100",,31:18,5,12,2,5,1,1,0,3,3,2,1,0,0,2,13
Anthony Edwards,https://www.basketball-reference.com/players/e/edwaran01.html,2021,2021-02-03,MIN,SAS,@,"L, 108-111",,31:34,6,14,1,3,1,2,0,6,6,2,0,1,0,1,14
Anthony Edwards,https://www.basketball-reference.com/players/e/edwaran01.html,2021,2021-02-05,MIN,OKC,@,"W, 106-103",,32:15,3,14,1,7,2,2,0,2,2,5,0,1,2,1,9
Anthony Edwards,https://www.basketball-reference.com/players/e/edwaran01.html,2021,2021-02-06,MIN,OKC,@,"L, 118-120",,31:15,8,16,2,5,2,4,0,8,8,4,1,1,0,1,20
Anthony Edwards,https://www.basketball-reference.com/players/e/edwaran01.html,2021,2021-02-08,MIN,DAL,@,"L, 122-127",,30:56,8,19,3,8,3,4,0,2,2,4,2,2,1,2,22
Anthony Edwards,https://www.basketball-reference.com/players/e/edwaran01.html,2021,2021-02-10,MIN,LAC,,"L, 112-119",,29:44,4,9,1,5,2,2,2,2,4,2,1,0,3,1,11
Anthony Edwards,https://www.basketball-reference.com/players/e/edwaran01.html,2021,2021-02-12,MIN,CHO,@,"L, 114-120",,33:58,9,21,2,6,1,1,0,6,6,3,0,0,0,2,21
Anthony Edwards,https://www.basketball-reference.com/players/e/edwaran01.html,2021,2021-02-14,MIN,TOR,@,"W, 116-112",,34:57,7,15,1,7,3,4,0,7,7,3,1,0,2,1,18
Anthony Edwards,https://www.basketball-reference.com/players/e/edwaran01.html,2021,2021-02-16,MIN,LAL,,"L, 104-112",,34:20,10,21,5,10,3,4,0,7,7,5,1,2,3,2,28
Anthony Edwards,https://www.basketball-reference.com/players/e/edwaran01.html,2021,2021-02-17,MIN,IND,,"L, 128-134 (OT)",,38:46,3,15,0,4,2,2,0,5,5,4,0,0,1,0,8
Anthony Edwards,https://www.basketball-reference.com/players/e/edwaran01.html,2021,2021-02-19,MIN,TOR,,"L, 81-86",,34:05,3,14,0,7,1,2,0,3,3,4,2,1,1,0,7
Anthony Edwards,https://www.basketball-reference.com/players/e/edwaran01.html,2021,2021-02-21,MIN,NYK,@,"L, 99-103",,31:38,3,11,3,6,3,4,0,3,3,4,0,0,3,2,12
Anthony Edwards,https://www.basketball-reference.com/players/e/edwaran01.html,2021,2021-02-23,MIN,MIL,@,"L, 112-139",,27:43,3,13,3,8,0,0,0,6,6,3,0,2,4,1,9
Anthony Edwards,https://www.basketball-reference.com/players/e/edwaran01.html,2021,2021-02-24,MIN,CHI,@,"L, 126-133 (OT)",,36:57,7,20,3,9,4,4,3,6,9,6,2,0,3,2,21
Anthony Edwards,https://www.basketball-reference.com/players/e/edwaran01.html,2021,2021-02-27,MIN,WAS,@,"L, 112-128",,32:10,9,22,3,11,0,2,2,4,6,0,1,2,1,2,21
Anthony Edwards,https://www.basketball-reference.com/players/e/edwaran01.html,2021,2021-02-28,MIN,PHO,,"L, 99-118",,35:28,8,22,2,8,6,6,0,5,5,1,3,0,4,3,24
Anthony Edwards,https://www.basketball-reference.com/players/e/edwaran01.html,2021,2021-03-03,MIN,CHO,,"L, 102-135",,33:09,8,23,1,10,2,2,3,2,5,3,2,0,4,2,19
Anthony Edwards,https://www.basketball-reference.com/players/e/edwaran01.html,2021,2021-03-11,MIN,NOP,@,"W, 135-105",,37:21,10,22,2,5,5,6,0,4,4,2,3,0,3,3,27
Anthony Edwards,https://www.basketball-reference.com/players/e/edwaran01.html,2021,2021-03-13,MIN,POR,,"L, 121-125",,29:29,8,18,3,7,2,4,0,8,8,3,1,0,3,4,21
Anthony Edwards,https://www.basketball-reference.com/players/e/edwaran01.html,2021,2021-03-14,MIN,POR,,"W, 114-112",,36:36,12,24,6,14,4,4,0,4,4,2,1,0,2,3,34
Anthony Edwards,https://www.basketball-reference.com/players/e/edwaran01.html,2021,2021-03-16,MIN,LAL,@,"L, 121-137",,38:26,11,22,3,7,4,6,2,2,4,1,1,0,2,1,29
Anthony Edwards,https://www.basketball-reference.com/players/e/edwaran01.html,2021,2021-03-18,MIN,PHO,@,"W, 123-119",,38:17,15,31,4,13,8,13,3,4,7,3,2,0,2,2,42
Anthony Edwards,https://www.basketball-reference.com/players/e/edwaran01.html,2021,2021-03-19,MIN,PHO,@,"L, 101-113",,36:10,4,18,3,8,0,0,2,8,10,6,1,1,7,2,11
Anthony Edwards,https://www.basketball-reference.com/players/e/edwaran01.html,2021,2021-03-22,MIN,OKC,,"L, 103-112",,32:10,6,16,2,7,2,4,1,1,2,3,1,0,2,1,16
Anthony Edwards,https://www.basketball-reference.com/players/e/edwaran01.html,2021,2021-03-24,MIN,DAL,,"L, 108-128",,37:15,9,23,3,12,8,9,0,5,5,3,1,0,0,3,29
Anthony Edwards,https://www.basketball-reference.com/players/e/edwaran01.html,2021,2021-03-26,MIN,HOU,,"W, 107-101",,33:05,4,17,2,7,2,2,0,6,6,2,1,0,1,1,12
Anthony Edwards,https://www.basketball-reference.com/players/e/edwaran01.html,2021,2021-03-27,MIN,HOU,,"L, 107-129",,34:07,11,22,3,9,2,3,1,3,4,2,1,0,1,1,27
Anthony Edwards,https://www.basketball-reference.com/players/e/edwaran01.html,2021,2021-03-29,MIN,BRK,@,"L, 107-112",,35:01,9,22,0,7,5,7,3,7,10,0,3,1,4,5,23
Anthony Edwards,https://www.basketball-reference.com/players/e/edwaran01.html,2021,2021-03-31,MIN,NYK,,"W, 102-101",,35:32,9,16,2,7,4,5,1,1,2,3,3,4,3,3,24
Anthony Edwards,https://www.basketball-reference.com/players/e/edwaran01.html,2021,2021-04-02,MIN,MEM,@,"L, 108-120",,30:59,9,14,2,3,2,2,1,2,3,6,1,2,3,1,22
Anthony Edwards,https://www.basketball-reference.com/players/e/edwaran01.html,2021,2021-04-03,MIN,PHI,@,"L, 113-122",,41:18,10,23,3,7,4,4,1,0,1,1,1,0,4,1,27
Anthony Edwards,https://www.basketball-reference.com/players/e/edwaran01.html,2021,2021-04-05,MIN,SAC,,"W, 116-106",,37:33,5,15,3,10,6,7,1,7,8,5,2,0,7,1,19
Anthony Edwards,https://www.basketball-reference.com/players/e/edwaran01.html,2021,2021-04-07,MIN,IND,@,"L, 137-141",,33:52,11,21,2,5,3,5,3,2,5,3,1,0,2,1,27
Anthony Edwards,https://www.basketball-reference.com/players/e/edwaran01.html,2021,2021-04-09,MIN,BOS,@,"L, 136-145 (OT)",,40:26,7,12,2,6,8,8,1,4,5,5,1,0,3,3,24
Anthony Edwards,https://www.basketball-reference.com/players/e/edwaran01.html,2021,2021-04-11,MIN,CHI,,"W, 121-117",,35:49,5,14,2,5,3,3,0,5,5,2,3,0,2,0,15
Anthony Edwards,https://www.basketball-reference.com/players/e/edwaran01.html,2021,2021-04-13,MIN,BRK,,"L, 97-127",,33:12,8,22,2,11,9,12,1,7,8,2,1,1,1,2,27
Anthony Edwards,https://www.basketball-reference.com/players/e/edwaran01.html,2021,2021-04-14,MIN,MIL,,"L, 105-130",,30:54,8,21,5,11,3,5,0,0,0,3,3,0,2,0,24
Anthony Edwards,https://www.basketball-reference.com/players/e/edwaran01.html,2021,2021-04-16,MIN,MIA,,"W, 119-111",,30:20,5,13,2,6,0,0,0,4,4,5,1,0,1,0,12
Anthony Edwards,https://www.basketball-reference.com/players/e/edwaran01.html,2021,2021-04-18,MIN,LAC,@,"L, 105-124",,28:40,6,16,5,11,6,7,0,6,6,3,0,0,1,4,23
Anthony Edwards,https://www.basketball-reference.com/players/e/edwaran01.html,2021,2021-04-20,MIN,SAC,@,"W, 134-120",,37:54,11,21,5,12,1,1,0,4,4,3,3,1,3,2,28
Anthony Edwards,https://www.basketball-reference.com/players/e/edwaran01.html,2021,2021-04-21,MIN,SAC,@,"L, 125-128",,27:57,4,10,2,7,6,8,0,1,1,2,0,0,2,1,16
Anthony Edwards,https://www.basketball-reference.com/players/e/edwaran01.html,2021,2021-04-24,MIN,UTA,@,"W, 101-96",,36:09,9,19,4,10,1,3,1,8,9,4,5,0,2,1,23
Anthony Edwards,https://www.basketball-reference.com/players/e/edwaran01.html,2021,2021-04-26,MIN,UTA,,"W, 105-104",,37:44,5,17,1,10,3,3,1,8,9,4,1,0,3,2,14
Anthony Edwards,https://www.basketball-reference.com/players/e/edwaran01.html,2021,2021-04-27,MIN,HOU,@,"W, 114-107",,33:04,9,22,1,8,0,3,2,7,9,2,3,2,3,1,19
Anthony Edwards,https://www.basketball-reference.com/players/e/edwaran01.html,2021,2021-04-29,MIN,GSW,,"W, 126-114",,34:30,10,19,3,6,2,3,0,5,5,3,0,1,2,4,25
Anthony Edwards,https://www.basketball-reference.com/players/e/edwaran01.html,2021,2021-05-01,MIN,NOP,,"L, 136-140 (OT)",,38:12,9,21,2,7,9,11,2,7,9,6,0,1,6,3,29
Anthony Edwards,https://www.basketball-reference.com/players/e/edwaran01.html,2021,2021-05-05,MIN,MEM,,"L, 135-139",,38:14,17,22,8,9,0,1,1,5,6,7,1,1,3,4,42
Anthony Edwards,https://www.basketball-reference.com/players/e/edwaran01.html,2021,2021-05-07,MIN,MIA,@,"L, 112-121",,41:21,10,19,2,9,3,3,2,4,6,3,0,1,5,4,25
Anthony Edwards,https://www.basketball-reference.com/players/e/edwaran01.html,2021,2021-05-09,MIN,ORL,@,"W, 128-96",,28:58,7,11,2,6,0,1,1,9,10,5,0,1,1,2,16
Anthony Edwards,https://www.basketball-reference.com/players/e/edwaran01.html,2021,2021-05-11,MIN,DET,@,"W, 119-100",,34:05,7,16,2,6,6,9,1,1,2,2,2,0,4,3,22
Anthony Edwards,https://www.basketball-reference.com/players/e/edwaran01.html,2021,2021-05-13,MIN,DEN,,"L, 103-114",,39:29,8,16,4,9,9,12,1,6,7,5,0,2,1,3,29
Anthony Edwards,https://www.basketball-reference.com/players/e/edwaran01.html,2021,2021-05-15,MIN,BOS,,"L, 108-124",,33:50,8,18,1,9,6,6,0,4,4,6,3,0,2,1,23
Anthony Edwards,https://www.basketball-reference.com/players/e/edwaran01.html,2021,2021-05-16,MIN,DAL,,"W, 136-121",,38:13,10,21,5,9,5,5,0,0,0,4,0,2,1,1,30
Ashton Hagans,https://www.basketball-reference.com/players/h/haganas01.html,2021,2020-12-23,MIN,DET,,"W, 111-101",,,,,,,,,,,,,,,,,
Ashton Hagans,https://www.basketball-reference.com/players/h/haganas01.html,2021,2020-12-26,MIN,UTA,@,"W, 116-111",,,,,,,,,,,,,,,,,
Ashton Hagans,https://www.basketball-reference.com/players/h/haganas01.html,2021,2020-12-27,MIN,LAL,@,"L, 91-127",,,,,,,,,,,,,,,,,
Ashton Hagans,https://www.basketball-reference.com/players/h/haganas01.html,2021,2020-12-29,MIN,LAC,@,"L, 101-124",,,,,,,,,,,,,,,,,
Ashton Hagans,https://www.basketball-reference.com/players/h/haganas01.html,2021,,,,,,,,,,,,,,,,,,,,,,
Ashton Hagans,https://www.basketball-reference.com/players/h/haganas01.html,2021,2021-01-01,MIN,WAS,,"L, 109-130",,,,,,,,,,,,,,,,,
Ashton Hagans,https://www.basketball-reference.com/players/h/haganas01.html,2021,2021-01-03,MIN,DEN,,"L, 109-124",,,,,,,,,,,,,,,,,
Ashton Hagans,https://www.basketball-reference.com/players/h/haganas01.html,2021,2021-01-05,MIN,DEN,@,"L, 116-123",,,,,,,,,,,,,,,,,
Ashton Hagans,https://www.basketball-reference.com/players/h/haganas01.html,2021,2021-01-07,MIN,POR,@,"L, 117-135",,,,,,,,,,,,,,,,,
Ashton Hagans,https://www.basketball-reference.com/players/h/haganas01.html,2021,2021-01-09,MIN,SAS,,"L, 122-125 (OT)",,,,,,,,,,,,,,,,,
Ashton Hagans,https://www.basketball-reference.com/players/h/haganas01.html,2021,2021-01-10,MIN,SAS,,"W, 96-88",,,,,,,,,,,,,,,,,
Ashton Hagans,https://www.basketball-reference.com/players/h/haganas01.html,2021,2021-01-13,MIN,MEM,,"L, 107-118",,,,,,,,,,,,,,,,,
Ashton Hagans,https://www.basketball-reference.com/players/h/haganas01.html,2021,2021-01-18,MIN,ATL,@,"L, 97-108",,,,,,,,,,,,,,,,,
Ashton Hagans,https://www.basketball-reference.com/players/h/haganas01.html,2021,2021-01-20,MIN,ORL,,"L, 96-97",,,,,,,,,,,,,,,,,
Ashton Hagans,https://www.basketball-reference.com/players/h/haganas01.html,2021,2021-01-22,MIN,ATL,,"L, 98-116",,,,,,,,,,,,,,,,,
Ashton Hagans,https://www.basketball-reference.com/players/h/haganas01.html,2021,2021-01-23,MIN,NOP,,"W, 120-110",,,,,,,,,,,,,,,,,
Ashton Hagans,https://www.basketball-reference.com/players/h/haganas01.html,2021,2021-01-25,MIN,GSW,@,"L, 108-130",,02:27,0,0,0,0,0,0,0,0,0,0,0,0,1,0,0
Ashton Hagans,https://www.basketball-reference.com/players/h/haganas01.html,2021,2021-01-27,MIN,GSW,@,"L, 111-123",,01:37,0,0,0,0,0,0,0,0,0,0,0,0,0,0,0
Ashton Hagans,https://www.basketball-reference.com/players/h/haganas01.html,2021,2021-01-29,MIN,PHI,,"L, 94-118",,,,,,,,,,,,,,,,,
Ashton Hagans,https://www.basketball-reference.com/players/h/haganas01.html,2021,2021-01-31,MIN,CLE,,"W, 109-104",,,,,,,,,,,,,,,,,
Ashton Hagans,https://www.basketball-reference.com/players/h/haganas01.html,2021,2021-02-01,MIN,CLE,@,"L, 98-100",,,,,,,,,,,,,,,,,
Ashton Hagans,https://www.basketball-reference.com/players/h/haganas01.html,2021,2021-02-03,MIN,SAS,@,"L, 108-111",,,,,,,,,,,,,,,,,
Ashton Hagans,https://www.basketball-reference.com/players/h/haganas01.html,2021,2021-02-05,MIN,OKC,@,"W, 106-103",,,,,,,,,,,,,,,,,
Ashton Hagans,https://www.basketball-reference.com/players/h/haganas01.html,2021,2021-02-06,MIN,OKC,@,"L, 118-120",,,,,,,,,,,,,,,,,
Ashton Hagans,https://www.basketball-reference.com/players/h/haganas01.html,2021,2021-02-08,MIN,DAL,@,"L, 122-127",,,,,,,,,,,,,,,,,
Ashton Hagans,https://www.basketball-reference.com/players/h/haganas01.html,2021,2021-02-10,MIN,LAC,,"L, 112-119",,,,,,,,,,,,,,,,,
Ashton Hagans,https://www.basketball-reference.com/players/h/haganas01.html,2021,2021-02-12,MIN,CHO,@,"L, 114-120",,,,,,,,,,,,,,,,,
Jaden McDaniels,https://www.basketball-reference.com/players/m/mcdanja02.html,2021,2020-12-23,MIN,DET,,"W, 111-101",,,,,,,,,,,,,,,,,
Jaden McDaniels,https://www.basketball-reference.com/players/m/mcdanja02.html,2021,2020-12-26,MIN,UTA,@,"W, 116-111",,,,,,,,,,,,,,,,,
Jaden McDaniels,https://www.basketball-reference.com/players/m/mcdanja02.html,2021,2020-12-27,MIN,LAL,@,"L, 91-127",,07:40,2,3,2,3,0,0,0,1,1,0,2,1,0,2,6
Jaden McDaniels,https://www.basketball-reference.com/players/m/mcdanja02.html,2021,2020-12-29,MIN,LAC,@,"L, 101-124",,07:29,1,1,0,0,1,2,0,2,2,0,0,0,2,1,3
Jaden McDaniels,https://www.basketball-reference.com/players/m/mcdanja02.html,2021,,,,,,,,,,,,,,,,,,,,,,
Jaden McDaniels,https://www.basketball-reference.com/players/m/mcdanja02.html,2021,2021-01-01,MIN,WAS,,"L, 109-130",,09:05,0,2,0,1,0,0,0,1,1,1,0,0,0,0,0
Jaden McDaniels,https://www.basketball-reference.com/players/m/mcdanja02.html,2021,2021-01-03,MIN,DEN,,"L, 109-124",,00:55,2,2,1,1,0,0,0,0,0,0,0,0,0,0,5
Jaden McDaniels,https://www.basketball-reference.com/players/m/mcdanja02.html,2021,2021-01-05,MIN,DEN,@,"L, 116-123",,,,,,,,,,,,,,,,,
Jaden McDaniels,https://www.basketball-reference.com/players/m/mcdanja02.html,2021,2021-01-07,MIN,POR,@,"L, 117-135",,12:00,1,3,1,3,0,0,2,2,4,3,0,0,1,2,3
Jaden McDaniels,https://www.basketball-reference.com/players/m/mcdanja02.html,2021,2021-01-09,MIN,SAS,,"L, 122-125 (OT)",,,,,,,,,,,,,,,,,
Jaden McDaniels,https://www.basketball-reference.com/players/m/mcdanja02.html,2021,2021-01-10,MIN,SAS,,"W, 96-88",,,,,,,,,,,,,,,,,
Jaden McDaniels,https://www.basketball-reference.com/players/m/mcdanja02.html,2021,2021-01-13,MIN,MEM,,"L, 107-118",,,,,,,,,,,,,,,,,
Jaden McDaniels,https://www.basketball-reference.com/players/m/mcdanja02.html,2021,2021-01-18,MIN,ATL,@,"L, 97-108",,12:26,1,4,1,3,0,0,0,1,1,0,0,0,1,3,3
Jaden McDaniels,https://www.basketball-reference.com/players/m/mcdanja02.html,2021,2021-01-20,MIN,ORL,,"L, 96-97",,26:06,5,9,2,4,0,0,3,5,8,1,0,3,0,4,12
Jaden McDaniels,https://www.basketball-reference.com/players/m/mcdanja02.html,2021,2021-01-22,MIN,ATL,,"L, 98-116",,22:34,2,9,0,2,0,1,2,3,5,0,0,1,0,0,4
Jaden McDaniels,https://www.basketball-reference.com/players/m/mcdanja02.html,2021,2021-01-23,MIN,NOP,,"W, 120-110",,20:07,1,7,1,3,0,0,0,3,3,1,0,2,1,4,3
Jaden McDaniels,https://www.basketball-reference.com/players/m/mcdanja02.html,2021,2021-01-25,MIN,GSW,@,"L, 108-130",,25:42,3,9,1,3,0,2,1,4,5,2,1,0,0,4,7
Jaden McDaniels,https://www.basketball-reference.com/players/m/mcdanja02.html,2021,2021-01-27,MIN,GSW,@,"L, 111-123",,14:29,1,5,1,4,2,4,1,1,2,1,0,0,2,5,5
Jaden McDaniels,https://www.basketball-reference.com/players/m/mcdanja02.html,2021,2021-01-29,MIN,PHI,,"L, 94-118",,24:23,3,8,0,2,0,0,0,7,7,0,0,1,0,5,6
Jaden McDaniels,https://www.basketball-reference.com/players/m/mcdanja02.html,2021,2021-01-31,MIN,CLE,,"W, 109-104",,20:02,1,3,1,2,0,0,0,3,3,1,1,3,0,4,3
Jaden McDaniels,https://www.basketball-reference.com/players/m/mcdanja02.html,2021,2021-02-01,MIN,CLE,@,"L, 98-100",,21:38,5,10,1,4,0,0,2,2,4,0,0,0,2,3,11
Jaden McDaniels,https://www.basketball-reference.com/players/m/mcdanja02.html,2021,2021-02-03,MIN,SAS,@,"L, 108-111",,18:00,1,2,1,1,0,0,0,1,1,2,0,1,0,3,3
Jaden McDaniels,https://www.basketball-reference.com/players/m/mcdanja02.html,2021,2021-02-05,MIN,OKC,@,"W, 106-103",,28:37,0,4,0,3,0,0,0,5,5,1,1,1,0,2,0
Jaden McDaniels,https://www.basketball-reference.com/players/m/mcdanja02.html,2021,2021-02-06,MIN,OKC,@,"L, 118-120",,23:50,3,5,1,3,1,2,2,4,6,2,1,0,3,2,8
Jaden McDaniels,https://www.basketball-reference.com/players/m/mcdanja02.html,2021,2021-02-08,MIN,DAL,@,"L, 122-127",,19:49,2,3,2,3,0,0,0,5,5,1,0,0,2,3,6
Jaden McDaniels,https://www.basketball-reference.com/players/m/mcdanja02.html,2021,2021-02-10,MIN,LAC,,"L, 112-119",,18:12,4,7,2,5,0,0,1,2,3,3,0,4,1,2,10
Jaden McDaniels,https://www.basketball-reference.com/players/m/mcdanja02.html,2021,2021-02-12,MIN,CHO,@,"L, 114-120",,24:20,3,7,2,4,1,2,1,3,4,1,1,2,1,3,9
Jaden McDaniels,https://www.basketball-reference.com/players/m/mcdanja02.html,2021,2021-02-14,MIN,TOR,@,"W, 116-112",,18:18,2,3,1,2,1,2,0,2,2,2,0,1,1,1,6
Jaden McDaniels,https://www.basketball-reference.com/players/m/mcdanja02.html,2021,2021-02-16,MIN,LAL,,"L, 104-112",,17:44,0,2,0,1,0,0,0,1,1,0,1,2,1,3,0
Jaden McDaniels,https://www.basketball-reference.com/players/m/mcdanja02.html,2021,2021-02-17,MIN,IND,,"L, 128-134 (OT)",,37:04,4,10,3,6,0,0,0,4,4,1,0,3,1,2,11
Jaden McDaniels,https://www.basketball-reference.com/players/m/mcdanja02.html,2021,2021-02-19,MIN,TOR,,"L, 81-86",,30:33,2,5,2,5,2,3,1,5,6,1,0,2,1,4,8
Jaden McDaniels,https://www.basketball-reference.com/players/m/mcdanja02.html,2021,2021-02-21,MIN,NYK,@,"L, 99-103",,21:40,2,7,1,3,1,1,1,3,4,0,0,0,1,3,6
Jaden McDaniels,https://www.basketball-reference.com/players/m/mcdanja02.html,2021,2021-02-23,MIN,MIL,@,"L, 112-139",,21:51,1,4,0,2,2,2,0,1,1,2,1,2,0,4,4
Jaden McDaniels,https://www.basketball-reference.com/players/m/mcdanja02.html,2021,2021-02-24,MIN,CHI,@,"L, 126-133 (OT)",,15:35,1,2,0,1,0,0,1,2,3,1,0,0,1,1,2
Jaden McDaniels,https://www.basketball-reference.com/players/m/mcdanja02.html,2021,2021-02-27,MIN,WAS,@,"L, 112-128",,14:58,0,3,0,3,0,0,0,3,3,1,0,1,1,1,0
Jaden McDaniels,https://www.basketball-reference.com/players/m/mcdanja02.html,2021,2021-02-28,MIN,PHO,,"L, 99-118",,08:45,2,3,1,2,0,0,0,0,0,0,1,0,0,0,5
Jaden McDaniels,https://www.basketball-reference.com/players/m/mcdanja02.html,2021,2021-03-03,MIN,CHO,,"L, 102-135",,29:52,2,7,0,4,1,2,0,7,7,2,0,0,0,0,5
Jaden McDaniels,https://www.basketball-reference.com/players/m/mcdanja02.html,2021,2021-03-11,MIN,NOP,@,"W, 135-105",,25:40,8,9,4,5,0,1,2,2,4,1,2,3,0,4,20
Jaden McDaniels,https://www.basketball-reference.com/players/m/mcdanja02.html,2021,2021-03-13,MIN,POR,,"L, 121-125",,21:28,2,2,1,1,0,0,0,2,2,1,0,0,1,3,5
Jaden McDaniels,https://www.basketball-reference.com/players/m/mcdanja02.html,2021,2021-03-14,MIN,POR,,"W, 114-112",,,,,,,,,,,,,,,,,
Jaden McDaniels,https://www.basketball-reference.com/players/m/mcdanja02.html,2021,2021-03-16,MIN,LAL,@,"L, 121-137",,22:43,2,3,1,2,0,0,0,2,2,0,2,0,0,1,5
Jaden McDaniels,https://www.basketball-reference.com/players/m/mcdanja02.html,2021,2021-03-18,MIN,PHO,@,"W, 123-119",,26:55,1,5,0,3,0,2,1,3,4,2,2,1,0,0,2
Jaden McDaniels,https://www.basketball-reference.com/players/m/mcdanja02.html,2021,2021-03-19,MIN,PHO,@,"L, 101-113",,28:13,4,11,0,4,0,0,0,5,5,0,1,0,0,2,8
Jaden McDaniels,https://www.basketball-reference.com/players/m/mcdanja02.html,2021,2021-03-22,MIN,OKC,,"L, 103-112",,14:55,1,5,0,1,0,0,1,0,1,1,0,1,1,3,2
Jaden McDaniels,https://www.basketball-reference.com/players/m/mcdanja02.html,2021,2021-03-24,MIN,DAL,,"L, 108-128",,28:34,4,8,1,3,0,0,2,3,5,1,1,1,0,5,9
Jaden McDaniels,https://www.basketball-reference.com/players/m/mcdanja02.html,2021,2021-03-26,MIN,HOU,,"W, 107-101",,33:00,5,5,2,2,2,2,1,3,4,0,0,2,0,0,14
Jaden McDaniels,https://www.basketball-reference.com/players/m/mcdanja02.html,2021,2021-03-27,MIN,HOU,,"L, 107-129",,35:55,6,10,2,4,0,0,1,1,2,1,0,1,0,2,14
Jaden McDaniels,https://www.basketball-reference.com/players/m/mcdanja02.html,2021,2021-03-29,MIN,BRK,@,"L, 107-112",,38:05,5,11,3,5,0,0,3,4,7,4,1,4,0,2,13
Jaden McDaniels,https://www.basketball-reference.com/players/m/mcdanja02.html,2021,2021-03-31,MIN,NYK,,"W, 102-101",,36:14,7,13,4,9,0,0,2,3,5,3,0,0,2,3,18
Jaden McDaniels,https://www.basketball-reference.com/players/m/mcdanja02.html,2021,2021-04-02,MIN,MEM,@,"L, 108-120",,20:38,2,4,2,3,1,1,0,2,2,3,0,0,1,5,7
Jaden McDaniels,https://www.basketball-reference.com/players/m/mcdanja02.html,2021,2021-04-03,MIN,PHI,@,"L, 113-122",,35:28,4,10,2,6,4,4,2,6,8,1,1,2,0,4,14
Jaden McDaniels,https://www.basketball-reference.com/players/m/mcdanja02.html,2021,2021-04-05,MIN,SAC,,"W, 116-106",,19:32,2,5,0,1,0,0,2,3,5,0,0,1,1,5,4
Jaden McDaniels,https://www.basketball-reference.com/players/m/mcdanja02.html,2021,2021-04-07,MIN,IND,@,"L, 137-141",,37:12,3,5,1,3,1,2,2,5,7,2,2,0,3,4,8
Jaden McDaniels,https://www.basketball-reference.com/players/m/mcdanja02.html,2021,2021-04-09,MIN,BOS,@,"L, 136-145 (OT)",,43:35,5,12,1,5,0,0,2,1,3,1,2,0,1,4,11
Jaden McDaniels,https://www.basketball-reference.com/players/m/mcdanja02.html,2021,2021-04-11,MIN,CHI,,"W, 121-117",,29:35,1,7,0,4,2,2,0,6,6,1,1,3,0,2,4
Jaden McDaniels,https://www.basketball-reference.com/players/m/mcdanja02.html,2021,2021-04-13,MIN,BRK,,"L, 97-127",,23:52,2,5,1,3,0,0,0,3,3,2,0,0,1,3,5
Jaden McDaniels,https://www.basketball-reference.com/players/m/mcdanja02.html,2021,2021-04-14,MIN,MIL,,"L, 105-130",,25:38,5,10,3,5,0,0,0,4,4,0,0,0,2,2,13
Jaden McDaniels,https://www.basketball-reference.com/players/m/mcdanja02.html,2021,2021-04-16,MIN,MIA,,"W, 119-111",,15:52,1,3,1,3,1,2,0,1,1,1,1,0,0,3,4
Jaden McDaniels,https://www.basketball-reference.com/players/m/mcdanja02.html,2021,2021-04-18,MIN,LAC,@,"L, 105-124",,27:22,4,6,3,5,0,0,1,0,1,1,1,1,0,3,11
Jaden McDaniels,https://www.basketball-reference.com/players/m/mcdanja02.html,2021,2021-04-20,MIN,SAC,@,"W, 134-120",,30:27,6,8,1,2,0,0,1,5,6,0,0,1,3,2,13
Jaden McDaniels,https://www.basketball-reference.com/players/m/mcdanja02.html,2021,2021-04-21,MIN,SAC,@,"L, 125-128",,32:02,2,4,0,2,0,0,1,1,2,0,1,1,0,5,4
Jaden McDaniels,https://www.basketball-reference.com/players/m/mcdanja02.html,2021,2021-04-24,MIN,UTA,@,"W, 101-96",,33:00,3,6,0,0,0,0,2,3,5,2,1,0,1,4,6
Jaden McDaniels,https://www.basketball-reference.com/players/m/mcdanja02.html,2021,2021-04-26,MIN,UTA,,"W, 105-104",,34:27,2,9,1,6,1,2,2,8,10,2,0,2,1,4,6
Jaden McDaniels,https://www.basketball-reference.com/players/m/mcdanja02.html,2021,2021-04-27,MIN,HOU,@,"W, 114-107",,25:45,2,4,1,2,0,0,0,3,3,0,1,0,0,1,5
Jaden McDaniels,https://www.basketball-reference.com/players/m/mcdanja02.html,2021,2021-04-29,MIN,GSW,,"W, 126-114",,32:28,3,7,2,5,0,0,2,3,5,4,1,0,1,4,8
Jaden McDaniels,https://www.basketball-reference.com/players/m/mcdanja02.html,2021,2021-05-01,MIN,NOP,,"L, 136-140 (OT)",,34:32,1,2,1,2,2,2,1,4,5,0,2,0,1,6,5
Jaden McDaniels,https://www.basketball-reference.com/players/m/mcdanja02.html,2021,2021-05-05,MIN,MEM,,"L, 135-139",,26:13,3,7,2,5,0,0,0,3,3,2,0,1,0,5,8
Jaden McDaniels,https://www.basketball-reference.com/players/m/mcdanja02.html,2021,2021-05-07,MIN,MIA,@,"L, 112-121",,,,,,,,,,,,,,,,,
Jaden McDaniels,https://www.basketball-reference.com/players/m/mcdanja02.html,2021,2021-05-09,MIN,ORL,@,"W, 128-96",,,,,,,,,,,,,,,,,
Jaden McDaniels,https://www.basketball-reference.com/players/m/mcdanja02.html,2021,2021-05-11,MIN,DET,@,"W, 119-100",,26:25,0,2,0,2,1,2,0,5,5,1,2,3,1,1,1
Jaden McDaniels,https://www.basketball-reference.com/players/m/mcdanja02.html,2021,2021-05-13,MIN,DEN,,"L, 103-114",,17:09,2,5,1,4,0,0,0,0,0,1,0,0,0,1,5
Jaden McDaniels,https://www.basketball-reference.com/players/m/mcdanja02.html,2021,2021-05-15,MIN,BOS,,"L, 108-124",,21:42,1,2,0,1,0,0,1,2,3,1,0,1,1,4,2
Jaden McDaniels,https://www.basketball-reference.com/players/m/mcdanja02.html,2021,2021-05-16,MIN,DAL,,"W, 136-121",,32:24,8,13,3,7,0,0,2,1,3,2,0,1,2,4,19
Theo Pinson,https://www.basketball-reference.com/players/p/pinsoth01.html,2021,2020-12-23,NYK,IND,@,"L, 107-121",,00:55,0,0,0,0,0,0,0,0,0,0,0,0,0,0,0
Theo Pinson,https://www.basketball-reference.com/players/p/pinsoth01.html,2021,2020-12-26,NYK,PHI,,"L, 89-109",,02:27,0,2,0,2,0,0,0,0,0,0,0,0,0,0,0
Theo Pinson,https://www.basketball-reference.com/players/p/pinsoth01.html,2021,2020-12-27,NYK,MIL,,"W, 130-110",,01:52,0,0,0,0,0,0,0,0,0,0,0,0,0,0,0
Theo Pinson,https://www.basketball-reference.com/players/p/pinsoth01.html,2021,2020-12-29,NYK,CLE,@,"W, 95-86",,,,,,,,,,,,,,,,,
Theo Pinson,https://www.basketball-reference.com/players/p/pinsoth01.html,2021,2020-12-31,NYK,TOR,@,"L, 83-100",,03:24,0,1,0,1,0,0,0,1,1,0,0,0,0,0,0
Theo Pinson,https://www.basketball-reference.com/players/p/pinsoth01.html,2021,,,,,,,,,,,,,,,,,,,,,,
Theo Pinson,https://www.basketball-reference.com/players/p/pinsoth01.html,2021,2021-01-02,NYK,IND,@,"W, 106-102",,,,,,,,,,,,,,,,,
Theo Pinson,https://www.basketball-reference.com/players/p/pinsoth01.html,2021,2021-01-04,NYK,ATL,@,"W, 113-108",,,,,,,,,,,,,,,,,
Theo Pinson,https://www.basketball-reference.com/players/p/pinsoth01.html,2021,2021-01-06,NYK,UTA,,"W, 112-100",,,,,,,,,,,,,,,,,
Theo Pinson,https://www.basketball-reference.com/players/p/pinsoth01.html,2021,2021-01-08,NYK,OKC,,"L, 89-101",,,,,,,,,,,,,,,,,
Theo Pinson,https://www.basketball-reference.com/players/p/pinsoth01.html,2021,2021-01-10,NYK,DEN,,"L, 89-114",,03:44,0,1,0,1,0,0,0,0,0,0,0,0,0,0,0
Theo Pinson,https://www.basketball-reference.com/players/p/pinsoth01.html,2021,2021-01-11,NYK,CHO,@,"L, 88-109",,,,,,,,,,,,,,,,,
Theo Pinson,https://www.basketball-reference.com/players/p/pinsoth01.html,2021,2021-01-13,NYK,BRK,,"L, 109-116",,,,,,,,,,,,,,,,,
Theo Pinson,https://www.basketball-reference.com/players/p/pinsoth01.html,2021,2021-01-15,NYK,CLE,@,"L, 103-106",,,,,,,,,,,,,,,,,
Theo Pinson,https://www.basketball-reference.com/players/p/pinsoth01.html,2021,2021-01-17,NYK,BOS,@,"W, 105-75",,03:31,0,1,0,1,0,0,0,0,0,0,0,0,0,2,0
Theo Pinson,https://www.basketball-reference.com/players/p/pinsoth01.html,2021,2021-01-18,NYK,ORL,,"W, 91-84",,,,,,,,,,,,,,,,,
Theo Pinson,https://www.basketball-reference.com/players/p/pinsoth01.html,2021,2021-01-21,NYK,GSW,@,"W, 119-104",,,,,,,,,,,,,,,,,
Theo Pinson,https://www.basketball-reference.com/players/p/pinsoth01.html,2021,2021-01-22,NYK,SAC,@,"L, 94-103",,,,,,,,,,,,,,,,,
Theo Pinson,https://www.basketball-reference.com/players/p/pinsoth01.html,2021,2021-01-24,NYK,POR,@,"L, 113-116",,,,,,,,,,,,,,,,,
Theo Pinson,https://www.basketball-reference.com/players/p/pinsoth01.html,2021,2021-01-26,NYK,UTA,@,"L, 94-108",,01:04,1,1,0,0,0,0,0,0,0,0,0,0,0,0,2
Theo Pinson,https://www.basketball-reference.com/players/p/pinsoth01.html,2021,2021-01-29,NYK,CLE,,"W, 102-81",,,,,,,,,,,,,,,,,
Theo Pinson,https://www.basketball-reference.com/players/p/pinsoth01.html,2021,2021-01-31,NYK,LAC,,"L, 115-129",,,,,,,,,,,,,,,,,
Theo Pinson,https://www.basketball-reference.com/players/p/pinsoth01.html,2021,2021-02-01,NYK,CHI,@,"L, 102-110",,,,,,,,,,,,,,,,,
Theo Pinson,https://www.basketball-reference.com/players/p/pinsoth01.html,2021,2021-02-03,NYK,CHI,@,"W, 107-103",,,,,,,,,,,,,,,,,
Theo Pinson,https://www.basketball-reference.com/players/p/pinsoth01.html,2021,2021-02-06,NYK,POR,,"W, 110-99",,,,,,,,,,,,,,,,,
Theo Pinson,https://www.basketball-reference.com/players/p/pinsoth01.html,2021,2021-02-07,NYK,MIA,,"L, 103-109",,,,,,,,,,,,,,,,,
Theo Pinson,https://www.basketball-reference.com/players/p/pinsoth01.html,2021,2021-02-09,NYK,MIA,@,"L, 96-98",,,,,,,,,,,,,,,,,
Theo Pinson,https://www.basketball-reference.com/players/p/pinsoth01.html,2021,2021-02-12,NYK,WAS,@,"W, 109-91",,02:45,0,0,0,0,0,0,0,0,0,0,0,0,0,1,0
Theo Pinson,https://www.basketball-reference.com/players/p/pinsoth01.html,2021,2021-02-13,NYK,HOU,,"W, 121-99",,01:30,0,1,0,1,0,0,0,0,0,0,0,0,0,0,0
Theo Pinson,https://www.basketball-reference.com/players/p/pinsoth01.html,2021,2021-02-15,NYK,ATL,,"W, 123-112",,,,,,,,,,,,,,,,,
Theo Pinson,https://www.basketball-reference.com/players/p/pinsoth01.html,2021,2021-02-17,NYK,ORL,@,"L, 89-107",,,,,,,,,,,,,,,,,
Theo Pinson,https://www.basketball-reference.com/players/p/pinsoth01.html,2021,2021-02-21,NYK,MIN,,"W, 103-99",,,,,,,,,,,,,,,,,
Theo Pinson,https://www.basketball-reference.com/players/p/pinsoth01.html,2021,2021-02-23,NYK,GSW,,"L, 106-114",,,,,,,,,,,,,,,,,
Theo Pinson,https://www.basketball-reference.com/players/p/pinsoth01.html,2021,2021-02-25,NYK,SAC,,"W, 140-121",,01:33,0,0,0,0,0,0,0,0,0,1,0,0,0,0,0
Theo Pinson,https://www.basketball-reference.com/players/p/pinsoth01.html,2021,2021-02-27,NYK,IND,,"W, 110-107",,,,,,,,,,,,,,,,,
Theo Pinson,https://www.basketball-reference.com/players/p/pinsoth01.html,2021,2021-02-28,NYK,DET,@,"W, 109-90",,,,,,,,,,,,,,,,,
Theo Pinson,https://www.basketball-reference.com/players/p/pinsoth01.html,2021,2021-03-02,NYK,SAS,@,"L, 93-119",,02:04,0,0,0,0,0,0,0,0,0,0,0,0,0,0,0
Theo Pinson,https://www.basketball-reference.com/players/p/pinsoth01.html,2021,2021-03-04,NYK,DET,,"W, 114-104",,,,,,,,,,,,,,,,,
Theo Pinson,https://www.basketball-reference.com/players/p/pinsoth01.html,2021,2021-03-11,NYK,MIL,@,"L, 101-134",,01:35,0,1,0,1,0,0,0,0,0,0,0,0,0,0,0
Theo Pinson,https://www.basketball-reference.com/players/p/pinsoth01.html,2021,2021-03-13,NYK,OKC,@,"W, 119-97",,01:44,0,0,0,0,0,0,0,1,1,0,0,0,1,0,0
Theo Pinson,https://www.basketball-reference.com/players/p/pinsoth01.html,2021,2021-03-15,NYK,BRK,@,"L, 112-117",,,,,,,,,,,,,,,,,
Theo Pinson,https://www.basketball-reference.com/players/p/pinsoth01.html,2021,2021-03-16,NYK,PHI,@,"L, 96-99",,,,,,,,,,,,,,,,,
Theo Pinson,https://www.basketball-reference.com/players/p/pinsoth01.html,2021,2021-03-18,NYK,ORL,,"W, 94-93",,,,,,,,,,,,,,,,,
Theo Pinson,https://www.basketball-reference.com/players/p/pinsoth01.html,2021,2021-03-21,NYK,PHI,,"L, 100-101 (OT)",,,,,,,,,,,,,,,,,
Theo Pinson,https://www.basketball-reference.com/players/p/pinsoth01.html,2021,2021-03-23,NYK,WAS,,"W, 131-113",,,,,,,,,,,,,,,,,
Theo Pinson,https://www.basketball-reference.com/players/p/pinsoth01.html,2021,2021-03-25,NYK,WAS,,"W, 106-102",,,,,,,,,,,,,,,,,
Theo Pinson,https://www.basketball-reference.com/players/p/pinsoth01.html,2021,2021-03-27,NYK,MIL,@,"W, 102-96",,,,,,,,,,,,,,,,,
Theo Pinson,https://www.basketball-reference.com/players/p/pinsoth01.html,2021,2021-03-29,NYK,MIA,,"L, 88-98",,,,,,,,,,,,,,,,,
Theo Pinson,https://www.basketball-reference.com/players/p/pinsoth01.html,2021,2021-03-31,NYK,MIN,@,"L, 101-102",,,,,,,,,,,,,,,,,
Theo Pinson,https://www.basketball-reference.com/players/p/pinsoth01.html,2021,2021-04-02,NYK,DAL,,"L, 86-99",,,,,,,,,,,,,,,,,
Theo Pinson,https://www.basketball-reference.com/players/p/pinsoth01.html,2021,2021-04-03,NYK,DET,@,"W, 125-81",,02:44,0,1,0,1,0,0,0,0,0,0,0,0,0,1,0
Theo Pinson,https://www.basketball-reference.com/players/p/pinsoth01.html,2021,2021-04-05,NYK,BRK,@,"L, 112-114",,,,,,,,,,,,,,,,,
Theo Pinson,https://www.basketball-reference.com/players/p/pinsoth01.html,2021,2021-04-07,NYK,BOS,@,"L, 99-101",,,,,,,,,,,,,,,,,
Theo Pinson,https://www.basketball-reference.com/players/p/pinsoth01.html,2021,2021-04-09,NYK,MEM,,"W, 133-129 (OT)",,,,,,,,,,,,,,,,,
Theo Pinson,https://www.basketball-reference.com/players/p/pinsoth01.html,2021,2021-04-11,NYK,TOR,,"W, 102-96",,,,,,,,,,,,,,,,,
Theo Pinson,https://www.basketball-reference.com/players/p/pinsoth01.html,2021,2021-04-12,NYK,LAL,,"W, 111-96",,,,,,,,,,,,,,,,,
Theo Pinson,https://www.basketball-reference.com/players/p/pinsoth01.html,2021,2021-04-14,NYK,NOP,@,"W, 116-106",,,,,,,,,,,,,,,,,
Theo Pinson,https://www.basketball-reference.com/players/p/pinsoth01.html,2021,2021-04-16,NYK,DAL,@,"W, 117-109",,,,,,,,,,,,,,,,,
Theo Pinson,https://www.basketball-reference.com/players/p/pinsoth01.html,2021,2021-04-18,NYK,NOP,,"W, 122-112 (OT)",,,,,,,,,,,,,,,,,
Theo Pinson,https://www.basketball-reference.com/players/p/pinsoth01.html,2021,2021-04-20,NYK,CHO,,"W, 109-97",,,,,,,,,,,,,,,,,
Theo Pinson,https://www.basketball-reference.com/players/p/pinsoth01.html,2021,2021-04-21,NYK,ATL,,"W, 137-127 (OT)",,,,,,,,,,,,,,,,,
Theo Pinson,https://www.basketball-reference.com/players/p/pinsoth01.html,2021,2021-04-24,NYK,TOR,,"W, 120-103",,,,,,,,,,,,,,,,,
Theo Pinson,https://www.basketball-reference.com/players/p/pinsoth01.html,2021,2021-04-26,NYK,PHO,,"L, 110-118",,,,,,,,,,,,,,,,,
Theo Pinson,https://www.basketball-reference.com/players/p/pinsoth01.html,2021,2021-04-28,NYK,CHI,,"W, 113-94",,01:02,0,0,0,0,0,0,0,1,1,0,0,0,0,0,0
Theo Pinson,https://www.basketball-reference.com/players/p/pinsoth01.html,2021,2021-05-02,NYK,HOU,@,"W, 122-97",,01:05,0,0,0,0,0,0,0,1,1,0,0,0,0,0,0
Theo Pinson,https://www.basketball-reference.com/players/p/pinsoth01.html,2021,2021-05-03,NYK,MEM,@,"W, 118-104",,,,,,,,,,,,,,,,,
Theo Pinson,https://www.basketball-reference.com/players/p/pinsoth01.html,2021,2021-05-05,NYK,DEN,@,"L, 97-113",,01:04,0,0,0,0,0,0,0,1,1,0,0,0,0,0,0
Theo Pinson,https://www.basketball-reference.com/players/p/pinsoth01.html,2021,2021-05-07,NYK,PHO,@,"L, 105-128",,,,,,,,,,,,,,,,,
Theo Pinson,https://www.basketball-reference.com/players/p/pinsoth01.html,2021,2021-05-09,NYK,LAC,@,"W, 106-100",,,,,,,,,,,,,,,,,
Theo Pinson,https://www.basketball-reference.com/players/p/pinsoth01.html,2021,2021-05-11,NYK,LAL,@,"L, 99-101 (OT)",,,,,,,,,,,,,,,,,
Theo Pinson,https://www.basketball-reference.com/players/p/pinsoth01.html,2021,2021-05-13,NYK,SAS,,"W, 102-98",,,,,,,,,,,,,,,,,
Theo Pinson,https://www.basketball-reference.com/players/p/pinsoth01.html,2021,2021-05-15,NYK,CHO,,"W, 118-109 (OT)",,,,,,,,,,,,,,,,,
Theo Pinson,https://www.basketball-reference.com/players/p/pinsoth01.html,2021,2021-05-16,NYK,BOS,,"W, 96-92",,,,,,,,,,,,,,,,,
Immanuel Quickley,https://www.basketball-reference.com/players/q/quickim01.html,2021,2020-12-23,NYK,IND,@,"L, 107-121",,12:26,1,3,0,1,3,3,0,1,1,1,1,0,0,0,5
Immanuel Quickley,https://www.basketball-reference.com/players/q/quickim01.html,2021,2020-12-26,NYK,PHI,,"L, 89-109",,,,,,,,,,,,,,,,,
Immanuel Quickley,https://www.basketball-reference.com/players/q/quickim01.html,2021,2020-12-27,NYK,MIL,,"W, 130-110",,,,,,,,,,,,,,,,,
Immanuel Quickley,https://www.basketball-reference.com/players/q/quickim01.html,2021,2020-12-29,NYK,CLE,@,"W, 95-86",,,,,,,,,,,,,,,,,
Immanuel Quickley,https://www.basketball-reference.com/players/q/quickim01.html,2021,2020-12-31,NYK,TOR,@,"L, 83-100",,,,,,,,,,,,,,,,,
Immanuel Quickley,https://www.basketball-reference.com/players/q/quickim01.html,2021,,,,,,,,,,,,,,,,,,,,,,
Immanuel Quickley,https://www.basketball-reference.com/players/q/quickim01.html,2021,2021-01-02,NYK,IND,@,"W, 106-102",,14:44,3,4,1,2,2,2,0,1,1,2,0,0,3,3,9
Immanuel Quickley,https://www.basketball-reference.com/players/q/quickim01.html,2021,2021-01-04,NYK,ATL,@,"W, 113-108",,18:47,4,7,2,3,6,6,0,2,2,1,1,1,1,2,16
Immanuel Quickley,https://www.basketball-reference.com/players/q/quickim01.html,2021,2021-01-06,NYK,UTA,,"W, 112-100",,05:44,0,1,0,1,0,0,0,0,0,2,1,0,0,2,0
Immanuel Quickley,https://www.basketball-reference.com/players/q/quickim01.html,2021,2021-01-08,NYK,OKC,,"L, 89-101",,17:22,1,9,1,3,0,0,0,1,1,2,1,1,0,0,3
Immanuel Quickley,https://www.basketball-reference.com/players/q/quickim01.html,2021,2021-01-10,NYK,DEN,,"L, 89-114",,13:11,0,4,0,2,4,4,0,1,1,1,0,0,1,2,4
Immanuel Quickley,https://www.basketball-reference.com/players/q/quickim01.html,2021,2021-01-11,NYK,CHO,@,"L, 88-109",,28:59,1,10,0,6,1,1,0,4,4,3,0,0,1,3,3
Immanuel Quickley,https://www.basketball-reference.com/players/q/quickim01.html,2021,2021-01-13,NYK,BRK,,"L, 109-116",,22:18,7,15,3,6,2,3,0,2,2,3,1,0,1,2,19
Immanuel Quickley,https://www.basketball-reference.com/players/q/quickim01.html,2021,2021-01-15,NYK,CLE,@,"L, 103-106",,27:33,9,17,3,7,2,2,1,4,5,4,1,1,1,3,23
Immanuel Quickley,https://www.basketball-reference.com/players/q/quickim01.html,2021,2021-01-17,NYK,BOS,@,"W, 105-75",,21:06,7,12,2,4,1,1,0,0,0,8,1,1,2,4,17
Immanuel Quickley,https://www.basketball-reference.com/players/q/quickim01.html,2021,2021-01-18,NYK,ORL,,"W, 91-84",,14:49,4,10,1,3,2,2,0,1,1,2,0,0,0,2,11
Immanuel Quickley,https://www.basketball-reference.com/players/q/quickim01.html,2021,2021-01-21,NYK,GSW,@,"W, 119-104",,10:45,1,5,1,4,2,2,0,3,3,1,0,0,1,2,5
Immanuel Quickley,https://www.basketball-reference.com/players/q/quickim01.html,2021,2021-01-22,NYK,SAC,@,"L, 94-103",,16:57,3,9,1,4,1,2,0,1,1,2,0,3,2,2,8
Immanuel Quickley,https://www.basketball-reference.com/players/q/quickim01.html,2021,2021-01-24,NYK,POR,@,"L, 113-116",,24:00,9,18,5,8,8,8,1,2,3,4,0,0,1,3,31
Immanuel Quickley,https://www.basketball-reference.com/players/q/quickim01.html,2021,2021-01-26,NYK,UTA,@,"L, 94-108",,22:52,1,11,0,4,4,4,0,4,4,1,1,0,2,1,6
Immanuel Quickley,https://www.basketball-reference.com/players/q/quickim01.html,2021,2021-01-29,NYK,CLE,,"W, 102-81",,24:52,9,17,5,8,2,2,3,2,5,3,0,0,2,4,25
Immanuel Quickley,https://www.basketball-reference.com/players/q/quickim01.html,2021,2021-01-31,NYK,LAC,,"L, 115-129",,27:16,9,16,2,8,5,6,1,2,3,3,0,1,0,3,25
Immanuel Quickley,https://www.basketball-reference.com/players/q/quickim01.html,2021,2021-02-01,NYK,CHI,@,"L, 102-110",,30:19,5,13,2,7,4,4,1,5,6,7,0,0,1,2,16
Immanuel Quickley,https://www.basketball-reference.com/players/q/quickim01.html,2021,2021-02-03,NYK,CHI,@,"W, 107-103",,13:17,3,7,2,3,1,2,0,1,1,1,0,0,2,1,9
Immanuel Quickley,https://www.basketball-reference.com/players/q/quickim01.html,2021,2021-02-06,NYK,POR,,"W, 110-99",,12:42,4,8,2,5,2,2,1,1,2,3,1,0,2,2,12
Immanuel Quickley,https://www.basketball-reference.com/players/q/quickim01.html,2021,2021-02-07,NYK,MIA,,"L, 103-109",,17:20,1,4,0,2,3,3,0,3,3,3,0,0,0,2,5
Immanuel Quickley,https://www.basketball-reference.com/players/q/quickim01.html,2021,2021-02-09,NYK,MIA,@,"L, 96-98",,21:24,2,9,1,4,2,2,1,1,2,3,1,0,0,3,7
Immanuel Quickley,https://www.basketball-reference.com/players/q/quickim01.html,2021,2021-02-12,NYK,WAS,@,"W, 109-91",,21:32,5,15,2,7,4,4,1,1,2,1,0,0,0,0,16
Immanuel Quickley,https://www.basketball-reference.com/players/q/quickim01.html,2021,2021-02-13,NYK,HOU,,"W, 121-99",,21:19,7,9,4,6,4,4,0,4,4,2,0,0,1,4,22
Immanuel Quickley,https://www.basketball-reference.com/players/q/quickim01.html,2021,2021-02-15,NYK,ATL,,"W, 123-112",,21:51,4,11,4,8,4,4,0,2,2,5,0,0,0,1,16
Immanuel Quickley,https://www.basketball-reference.com/players/q/quickim01.html,2021,2021-02-17,NYK,ORL,@,"L, 89-107",,21:24,1,12,0,4,7,7,0,2,2,1,1,1,0,1,9
Immanuel Quickley,https://www.basketball-reference.com/players/q/quickim01.html,2021,2021-02-21,NYK,MIN,,"W, 103-99",,09:25,1,5,1,2,2,4,1,0,1,0,0,0,1,3,5
Immanuel Quickley,https://www.basketball-reference.com/players/q/quickim01.html,2021,2021-02-23,NYK,GSW,,"L, 106-114",,13:06,1,5,1,4,0,0,0,2,2,1,0,0,1,3,3
Immanuel Quickley,https://www.basketball-reference.com/players/q/quickim01.html,2021,2021-02-25,NYK,SAC,,"W, 140-121",,20:25,5,10,3,6,12,12,1,0,1,3,2,0,1,1,25
Immanuel Quickley,https://www.basketball-reference.com/players/q/quickim01.html,2021,2021-02-27,NYK,IND,,"W, 110-107",,13:14,3,6,3,4,1,1,0,4,4,0,1,0,3,1,10
Immanuel Quickley,https://www.basketball-reference.com/players/q/quickim01.html,2021,2021-02-28,NYK,DET,@,"W, 109-90",,15:51,4,9,1,2,3,3,0,2,2,0,0,0,1,2,12
Immanuel Quickley,https://www.basketball-reference.com/players/q/quickim01.html,2021,2021-03-02,NYK,SAS,@,"L, 93-119",,29:12,8,21,6,13,4,4,2,2,4,4,1,0,2,0,26
Immanuel Quickley,https://www.basketball-reference.com/players/q/quickim01.html,2021,2021-03-04,NYK,DET,,"W, 114-104",,12:35,0,4,0,4,0,0,1,1,2,2,0,0,1,0,0
Immanuel Quickley,https://www.basketball-reference.com/players/q/quickim01.html,2021,2021-03-11,NYK,MIL,@,"L, 101-134",,23:50,3,10,3,8,6,9,0,1,1,0,0,0,1,3,15
Immanuel Quickley,https://www.basketball-reference.com/players/q/quickim01.html,2021,2021-03-13,NYK,OKC,@,"W, 119-97",,33:06,9,16,3,8,0,0,1,2,3,4,2,0,1,3,21
Immanuel Quickley,https://www.basketball-reference.com/players/q/quickim01.html,2021,2021-03-15,NYK,BRK,@,"L, 112-117",,33:34,6,19,4,12,5,7,1,1,2,2,0,0,0,3,21
Immanuel Quickley,https://www.basketball-reference.com/players/q/quickim01.html,2021,2021-03-16,NYK,PHI,@,"L, 96-99",,26:02,6,11,1,5,0,1,0,1,1,3,1,0,1,4,13
Immanuel Quickley,https://www.basketball-reference.com/players/q/quickim01.html,2021,2021-03-18,NYK,ORL,,"W, 94-93",,,,,,,,,,,,,,,,,
Immanuel Quickley,https://www.basketball-reference.com/players/q/quickim01.html,2021,2021-03-21,NYK,PHI,,"L, 100-101 (OT)",,25:31,4,12,2,6,0,2,0,3,3,0,0,0,1,0,10
Immanuel Quickley,https://www.basketball-reference.com/players/q/quickim01.html,2021,2021-03-23,NYK,WAS,,"W, 131-113",,12:03,4,8,3,6,3,3,0,0,0,0,0,0,0,3,14
Immanuel Quickley,https://www.basketball-reference.com/players/q/quickim01.html,2021,2021-03-25,NYK,WAS,,"W, 106-102",,25:55,5,13,2,5,4,5,1,5,6,3,1,0,1,3,16
Immanuel Quickley,https://www.basketball-reference.com/players/q/quickim01.html,2021,2021-03-27,NYK,MIL,@,"W, 102-96",,26:02,4,14,4,10,1,1,1,2,3,5,1,1,2,3,13
Immanuel Quickley,https://www.basketball-reference.com/players/q/quickim01.html,2021,2021-03-29,NYK,MIA,,"L, 88-98",,17:07,4,11,2,6,2,2,0,0,0,1,2,0,0,0,12
Immanuel Quickley,https://www.basketball-reference.com/players/q/quickim01.html,2021,2021-03-31,NYK,MIN,@,"L, 101-102",,13:02,0,4,0,2,0,0,0,3,3,2,1,0,1,0,0
Immanuel Quickley,https://www.basketball-reference.com/players/q/quickim01.html,2021,2021-04-02,NYK,DAL,,"L, 86-99",,22:28,2,9,1,5,1,1,1,4,5,0,0,0,2,1,6
Immanuel Quickley,https://www.basketball-reference.com/players/q/quickim01.html,2021,2021-04-03,NYK,DET,@,"W, 125-81",,17:31,3,6,1,2,5,5,0,3,3,3,0,0,0,1,12
Immanuel Quickley,https://www.basketball-reference.com/players/q/quickim01.html,2021,2021-04-05,NYK,BRK,@,"L, 112-114",,13:15,1,4,0,0,1,1,0,0,0,1,1,1,0,1,3
Immanuel Quickley,https://www.basketball-reference.com/players/q/quickim01.html,2021,2021-04-07,NYK,BOS,@,"L, 99-101",,13:02,2,4,1,2,0,0,1,0,1,2,0,0,0,1,5
Immanuel Quickley,https://www.basketball-reference.com/players/q/quickim01.html,2021,2021-04-09,NYK,MEM,,"W, 133-129 (OT)",,30:34,7,12,4,6,2,2,2,2,4,2,1,0,0,2,20
Immanuel Quickley,https://www.basketball-reference.com/players/q/quickim01.html,2021,2021-04-11,NYK,TOR,,"W, 102-96",,17:35,1,8,1,6,0,0,0,5,5,0,0,0,0,1,3
Immanuel Quickley,https://www.basketball-reference.com/players/q/quickim01.html,2021,2021-04-12,NYK,LAL,,"W, 111-96",,15:15,2,6,0,2,1,1,0,0,0,0,0,0,2,1,5
Immanuel Quickley,https://www.basketball-reference.com/players/q/quickim01.html,2021,2021-04-14,NYK,NOP,@,"W, 116-106",,10:48,2,5,2,2,1,1,0,0,0,0,0,0,0,1,7
Immanuel Quickley,https://www.basketball-reference.com/players/q/quickim01.html,2021,2021-04-16,NYK,DAL,@,"W, 117-109",,05:33,1,3,1,2,0,0,0,0,0,0,0,0,0,0,3
Immanuel Quickley,https://www.basketball-reference.com/players/q/quickim01.html,2021,2021-04-18,NYK,NOP,,"W, 122-112 (OT)",,21:43,1,5,1,3,5,6,0,4,4,3,0,0,0,1,8
Immanuel Quickley,https://www.basketball-reference.com/players/q/quickim01.html,2021,2021-04-20,NYK,CHO,,"W, 109-97",,19:44,5,9,4,7,3,3,0,1,1,1,0,0,2,1,17
Immanuel Quickley,https://www.basketball-reference.com/players/q/quickim01.html,2021,2021-04-21,NYK,ATL,,"W, 137-127 (OT)",,29:53,7,11,4,6,2,3,0,0,0,4,1,0,1,0,20
Immanuel Quickley,https://www.basketball-reference.com/players/q/quickim01.html,2021,2021-04-24,NYK,TOR,,"W, 120-103",,20:53,2,5,2,4,0,0,0,1,1,2,0,0,1,2,6
Immanuel Quickley,https://www.basketball-reference.com/players/q/quickim01.html,2021,2021-04-26,NYK,PHO,,"L, 110-118",,21:29,4,7,2,4,1,1,0,3,3,4,0,1,2,2,11
Immanuel Quickley,https://www.basketball-reference.com/players/q/quickim01.html,2021,2021-04-28,NYK,CHI,,"W, 113-94",,16:23,4,10,1,5,4,4,0,2,2,1,2,0,1,5,13
Immanuel Quickley,https://www.basketball-reference.com/players/q/quickim01.html,2021,2021-05-02,NYK,HOU,@,"W, 122-97",,22:31,5,9,3,5,0,0,1,1,2,4,1,0,1,0,13
Immanuel Quickley,https://www.basketball-reference.com/players/q/quickim01.html,2021,2021-05-03,NYK,MEM,@,"W, 118-104",,16:09,3,6,2,3,0,0,0,1,1,0,0,0,2,3,8
Immanuel Quickley,https://www.basketball-reference.com/players/q/quickim01.html,2021,2021-05-05,NYK,DEN,@,"L, 97-113",,24:25,4,8,3,5,7,9,0,3,3,0,1,0,1,2,18
Immanuel Quickley,https://www.basketball-reference.com/players/q/quickim01.html,2021,2021-05-07,NYK,PHO,@,"L, 105-128",,,,,,,,,,,,,,,,,
Immanuel Quickley,https://www.basketball-reference.com/players/q/quickim01.html,2021,2021-05-09,NYK,LAC,@,"W, 106-100",,,,,,,,,,,,,,,,,
Immanuel Quickley,https://www.basketball-reference.com/players/q/quickim01.html,2021,2021-05-11,NYK,LAL,@,"L, 99-101 (OT)",,,,,,,,,,,,,,,,,
Immanuel Quickley,https://www.basketball-reference.com/players/q/quickim01.html,2021,2021-05-13,NYK,SAS,,"W, 102-98",,11:20,0,4,0,2,0,0,0,0,0,0,0,0,1,1,0
Immanuel Quickley,https://www.basketball-reference.com/players/q/quickim01.html,2021,2021-05-15,NYK,CHO,,"W, 118-109 (OT)",,23:59,4,8,2,6,3,3,1,1,2,1,0,0,0,2,13
Immanuel Quickley,https://www.basketball-reference.com/players/q/quickim01.html,2021,2021-05-16,NYK,BOS,,"W, 96-92",,14:02,1,7,0,3,0,0,0,1,1,0,0,0,0,0,2
Obi Toppin,https://www.basketball-reference.com/players/t/toppiob01.html,2021,2020-12-23,NYK,IND,@,"L, 107-121",,23:33,3,12,3,7,0,0,0,3,3,1,0,2,0,0,9
Obi Toppin,https://www.basketball-reference.com/players/t/toppiob01.html,2021,2020-12-26,NYK,PHI,,"L, 89-109",,,,,,,,,,,,,,,,,
Obi Toppin,https://www.basketball-reference.com/players/t/toppiob01.html,2021,2020-12-27,NYK,MIL,,"W, 130-110",,,,,,,,,,,,,,,,,
Obi Toppin,https://www.basketball-reference.com/players/t/toppiob01.html,2021,2020-12-29,NYK,CLE,@,"W, 95-86",,,,,,,,,,,,,,,,,
Obi Toppin,https://www.basketball-reference.com/players/t/toppiob01.html,2021,2020-12-31,NYK,TOR,@,"L, 83-100",,,,,,,,,,,,,,,,,
Obi Toppin,https://www.basketball-reference.com/players/t/toppiob01.html,2021,,,,,,,,,,,,,,,,,,,,,,
Obi Toppin,https://www.basketball-reference.com/players/t/toppiob01.html,2021,2021-01-02,NYK,IND,@,"W, 106-102",,,,,,,,,,,,,,,,,
Obi Toppin,https://www.basketball-reference.com/players/t/toppiob01.html,2021,2021-01-04,NYK,ATL,@,"W, 113-108",,,,,,,,,,,,,,,,,
Obi Toppin,https://www.basketball-reference.com/players/t/toppiob01.html,2021,2021-01-06,NYK,UTA,,"W, 112-100",,,,,,,,,,,,,,,,,
Obi Toppin,https://www.basketball-reference.com/players/t/toppiob01.html,2021,2021-01-08,NYK,OKC,,"L, 89-101",,,,,,,,,,,,,,,,,
Obi Toppin,https://www.basketball-reference.com/players/t/toppiob01.html,2021,2021-01-10,NYK,DEN,,"L, 89-114",,,,,,,,,,,,,,,,,
Obi Toppin,https://www.basketball-reference.com/players/t/toppiob01.html,2021,2021-01-11,NYK,CHO,@,"L, 88-109",,,,,,,,,,,,,,,,,
Obi Toppin,https://www.basketball-reference.com/players/t/toppiob01.html,2021,2021-01-13,NYK,BRK,,"L, 109-116",,00:57,0,0,0,0,0,0,0,0,0,0,0,0,0,0,0
Obi Toppin,https://www.basketball-reference.com/players/t/toppiob01.html,2021,2021-01-15,NYK,CLE,@,"L, 103-106",,09:57,0,2,0,1,2,2,1,3,4,2,1,0,1,1,2
Obi Toppin,https://www.basketball-reference.com/players/t/toppiob01.html,2021,2021-01-17,NYK,BOS,@,"W, 105-75",,16:57,5,8,2,4,0,0,0,5,5,0,1,1,1,0,12
Obi Toppin,https://www.basketball-reference.com/players/t/toppiob01.html,2021,2021-01-18,NYK,ORL,,"W, 91-84",,08:36,1,3,0,2,0,0,0,1,1,1,0,0,0,1,2
Obi Toppin,https://www.basketball-reference.com/players/t/toppiob01.html,2021,2021-01-21,NYK,GSW,@,"W, 119-104",,11:47,2,4,0,0,1,2,0,4,4,1,0,2,1,2,5
Obi Toppin,https://www.basketball-reference.com/players/t/toppiob01.html,2021,2021-01-22,NYK,SAC,@,"L, 94-103",,12:07,3,7,0,2,0,1,2,3,5,1,0,0,1,1,6
Obi Toppin,https://www.basketball-reference.com/players/t/toppiob01.html,2021,2021-01-24,NYK,POR,@,"L, 113-116",,15:03,2,5,0,2,0,0,0,3,3,0,0,0,1,1,4
Obi Toppin,https://www.basketball-reference.com/players/t/toppiob01.html,2021,2021-01-26,NYK,UTA,@,"L, 94-108",,13:00,2,2,0,0,0,0,0,2,2,0,0,0,1,0,4
Obi Toppin,https://www.basketball-reference.com/players/t/toppiob01.html,2021,2021-01-29,NYK,CLE,,"W, 102-81",,12:51,2,4,1,3,0,0,0,3,3,1,0,1,0,0,5
Obi Toppin,https://www.basketball-reference.com/players/t/toppiob01.html,2021,2021-01-31,NYK,LAC,,"L, 115-129",,12:52,0,2,0,2,2,2,0,1,1,0,0,0,1,1,2
Obi Toppin,https://www.basketball-reference.com/players/t/toppiob01.html,2021,2021-02-01,NYK,CHI,@,"L, 102-110",,08:46,1,1,0,0,2,2,0,0,0,1,0,0,1,2,4
Obi Toppin,https://www.basketball-reference.com/players/t/toppiob01.html,2021,2021-02-03,NYK,CHI,@,"W, 107-103",,09:40,2,4,1,2,0,0,0,1,1,0,0,0,0,2,5
Obi Toppin,https://www.basketball-reference.com/players/t/toppiob01.html,2021,2021-02-06,NYK,POR,,"W, 110-99",,09:17,1,2,0,1,0,0,0,3,3,0,0,0,0,1,2
Obi Toppin,https://www.basketball-reference.com/players/t/toppiob01.html,2021,2021-02-07,NYK,MIA,,"L, 103-109",,09:57,3,6,1,3,0,0,1,3,4,0,1,0,1,0,7
Obi Toppin,https://www.basketball-reference.com/players/t/toppiob01.html,2021,2021-02-09,NYK,MIA,@,"L, 96-98",,11:20,2,3,0,0,0,1,1,0,1,0,0,0,0,1,4
Obi Toppin,https://www.basketball-reference.com/players/t/toppiob01.html,2021,2021-02-12,NYK,WAS,@,"W, 109-91",,15:34,4,5,0,1,0,0,0,3,3,1,0,1,1,1,8
Obi Toppin,https://www.basketball-reference.com/players/t/toppiob01.html,2021,2021-02-13,NYK,HOU,,"W, 121-99",,14:46,5,9,1,4,0,0,0,3,3,0,0,1,0,2,11
Obi Toppin,https://www.basketball-reference.com/players/t/toppiob01.html,2021,2021-02-15,NYK,ATL,,"W, 123-112",,11:18,1,2,1,1,0,0,0,2,2,0,0,0,0,1,3
Obi Toppin,https://www.basketball-reference.com/players/t/toppiob01.html,2021,2021-02-17,NYK,ORL,@,"L, 89-107",,11:45,1,2,1,2,0,0,0,0,0,0,1,1,0,0,3
Obi Toppin,https://www.basketball-reference.com/players/t/toppiob01.html,2021,2021-02-21,NYK,MIN,,"W, 103-99",,08:57,1,3,0,1,0,0,2,1,3,2,0,0,0,1,2
Obi Toppin,https://www.basketball-reference.com/players/t/toppiob01.html,2021,2021-02-23,NYK,GSW,,"L, 106-114",,13:06,3,3,1,1,0,0,0,2,2,0,1,1,0,0,7
Obi Toppin,https://www.basketball-reference.com/players/t/toppiob01.html,2021,2021-02-25,NYK,SAC,,"W, 140-121",,17:11,1,3,0,1,1,2,0,3,3,0,1,0,1,3,3
Obi Toppin,https://www.basketball-reference.com/players/t/toppiob01.html,2021,2021-02-27,NYK,IND,,"W, 110-107",,06:00,0,1,0,0,2,2,0,1,1,0,0,0,0,1,2
Obi Toppin,https://www.basketball-reference.com/players/t/toppiob01.html,2021,2021-02-28,NYK,DET,@,"W, 109-90",,18:38,2,5,0,1,0,0,1,3,4,1,1,0,1,4,4
Obi Toppin,https://www.basketball-reference.com/players/t/toppiob01.html,2021,2021-03-02,NYK,SAS,@,"L, 93-119",,26:17,3,7,1,3,0,0,0,4,4,3,1,0,2,0,7
Obi Toppin,https://www.basketball-reference.com/players/t/toppiob01.html,2021,2021-03-04,NYK,DET,,"W, 114-104",,11:39,2,2,0,0,0,0,1,1,2,0,0,0,1,2,4
Obi Toppin,https://www.basketball-reference.com/players/t/toppiob01.html,2021,2021-03-11,NYK,MIL,@,"L, 101-134",,19:26,4,5,1,1,1,1,3,2,5,0,0,0,3,2,10
Obi Toppin,https://www.basketball-reference.com/players/t/toppiob01.html,2021,2021-03-13,NYK,OKC,@,"W, 119-97",,08:53,2,3,0,0,0,0,2,0,2,1,0,0,0,2,4
Obi Toppin,https://www.basketball-reference.com/players/t/toppiob01.html,2021,2021-03-15,NYK,BRK,@,"L, 112-117",,03:43,0,2,0,1,0,0,1,0,1,0,0,0,0,1,0
Obi Toppin,https://www.basketball-reference.com/players/t/toppiob01.html,2021,2021-03-16,NYK,PHI,@,"L, 96-99",,07:25,0,1,0,0,0,0,1,1,2,0,0,0,1,0,0
Obi Toppin,https://www.basketball-reference.com/players/t/toppiob01.html,2021,2021-03-18,NYK,ORL,,"W, 94-93",,08:22,0,3,0,0,0,0,0,0,0,0,0,0,0,0,0
Obi Toppin,https://www.basketball-reference.com/players/t/toppiob01.html,2021,2021-03-21,NYK,PHI,,"L, 100-101 (OT)",,06:51,0,0,0,0,0,0,0,0,0,0,0,0,0,0,0
Obi Toppin,https://www.basketball-reference.com/players/t/toppiob01.html,2021,2021-03-23,NYK,WAS,,"W, 131-113",,08:20,0,2,0,1,0,0,0,1,1,0,0,0,0,2,0
Obi Toppin,https://www.basketball-reference.com/players/t/toppiob01.html,2021,2021-03-25,NYK,WAS,,"W, 106-102",,11:08,0,0,0,0,0,0,0,1,1,1,2,1,0,1,0
Obi Toppin,https://www.basketball-reference.com/players/t/toppiob01.html,2021,2021-03-27,NYK,MIL,@,"W, 102-96",,07:09,3,4,0,1,0,0,0,0,0,0,0,0,0,0,6
Obi Toppin,https://www.basketball-reference.com/players/t/toppiob01.html,2021,2021-03-29,NYK,MIA,,"L, 88-98",,12:07,1,4,0,2,1,2,0,4,4,1,0,0,0,1,3
Obi Toppin,https://www.basketball-reference.com/players/t/toppiob01.html,2021,2021-03-31,NYK,MIN,@,"L, 101-102",,08:45,1,2,1,2,0,0,0,0,0,2,0,0,0,1,3
Obi Toppin,https://www.basketball-reference.com/players/t/toppiob01.html,2021,2021-04-02,NYK,DAL,,"L, 86-99",,10:56,4,5,0,1,1,1,1,1,2,0,1,0,1,2,9
Obi Toppin,https://www.basketball-reference.com/players/t/toppiob01.html,2021,2021-04-03,NYK,DET,@,"W, 125-81",,15:51,3,8,2,4,0,0,0,2,2,1,0,0,0,2,8
Obi Toppin,https://www.basketball-reference.com/players/t/toppiob01.html,2021,2021-04-05,NYK,BRK,@,"L, 112-114",,09:23,2,3,1,2,0,0,0,0,0,1,0,0,0,0,5
Obi Toppin,https://www.basketball-reference.com/players/t/toppiob01.html,2021,2021-04-07,NYK,BOS,@,"L, 99-101",,10:37,1,3,0,2,0,0,0,1,1,0,1,0,0,1,2
Obi Toppin,https://www.basketball-reference.com/players/t/toppiob01.html,2021,2021-04-09,NYK,MEM,,"W, 133-129 (OT)",,14:49,3,5,0,2,2,2,1,5,6,1,0,0,0,1,8
Obi Toppin,https://www.basketball-reference.com/players/t/toppiob01.html,2021,2021-04-11,NYK,TOR,,"W, 102-96",,05:00,1,2,0,0,0,0,1,2,3,0,0,0,0,1,2
Obi Toppin,https://www.basketball-reference.com/players/t/toppiob01.html,2021,2021-04-12,NYK,LAL,,"W, 111-96",,09:21,1,2,0,1,1,2,0,2,2,0,0,0,1,1,3
Obi Toppin,https://www.basketball-reference.com/players/t/toppiob01.html,2021,2021-04-14,NYK,NOP,@,"W, 116-106",,05:45,0,1,0,1,0,0,0,1,1,0,0,0,0,0,0
Obi Toppin,https://www.basketball-reference.com/players/t/toppiob01.html,2021,2021-04-16,NYK,DAL,@,"W, 117-109",,07:22,0,0,0,0,0,0,0,4,4,0,0,0,0,0,0
Obi Toppin,https://www.basketball-reference.com/players/t/toppiob01.html,2021,2021-04-18,NYK,NOP,,"W, 122-112 (OT)",,05:46,0,1,0,1,0,0,0,2,2,0,0,0,0,0,0
Obi Toppin,https://www.basketball-reference.com/players/t/toppiob01.html,2021,2021-04-20,NYK,CHO,,"W, 109-97",,05:04,1,2,0,1,0,0,0,1,1,0,0,0,0,0,2
Obi Toppin,https://www.basketball-reference.com/players/t/toppiob01.html,2021,2021-04-21,NYK,ATL,,"W, 137-127 (OT)",,12:11,1,1,0,0,0,0,1,5,6,1,0,0,0,0,2
Obi Toppin,https://www.basketball-reference.com/players/t/toppiob01.html,2021,2021-04-24,NYK,TOR,,"W, 120-103",,08:38,3,5,3,4,0,0,1,1,2,0,0,0,0,1,9
Obi Toppin,https://www.basketball-reference.com/players/t/toppiob01.html,2021,2021-04-26,NYK,PHO,,"L, 110-118",,09:57,3,5,0,1,0,0,1,2,3,0,1,0,0,0,6
Obi Toppin,https://www.basketball-reference.com/players/t/toppiob01.html,2021,2021-04-28,NYK,CHI,,"W, 113-94",,10:47,2,4,0,1,0,0,1,0,1,0,0,0,0,0,4
Obi Toppin,https://www.basketball-reference.com/players/t/toppiob01.html,2021,2021-05-02,NYK,HOU,@,"W, 122-97",,16:36,1,4,0,1,3,4,0,3,3,1,1,1,2,2,5
Obi Toppin,https://www.basketball-reference.com/players/t/toppiob01.html,2021,2021-05-03,NYK,MEM,@,"W, 118-104",,09:46,1,3,0,1,0,0,0,3,3,0,1,0,0,2,2
Obi Toppin,https://www.basketball-reference.com/players/t/toppiob01.html,2021,2021-05-05,NYK,DEN,@,"L, 97-113",,16:40,2,6,0,2,0,0,2,4,6,0,0,0,0,1,4
Obi Toppin,https://www.basketball-reference.com/players/t/toppiob01.html,2021,2021-05-07,NYK,PHO,@,"L, 105-128",,14:34,3,4,2,3,0,0,0,1,1,1,2,2,0,1,8
Obi Toppin,https://www.basketball-reference.com/players/t/toppiob01.html,2021,2021-05-09,NYK,LAC,@,"W, 106-100",,10:12,3,4,1,2,0,0,0,1,1,0,0,0,0,1,7
Obi Toppin,https://www.basketball-reference.com/players/t/toppiob01.html,2021,2021-05-11,NYK,LAL,@,"L, 99-101 (OT)",,09:19,2,2,1,1,0,0,1,2,3,2,0,0,0,1,5
Obi Toppin,https://www.basketball-reference.com/players/t/toppiob01.html,2021,2021-05-13,NYK,SAS,,"W, 102-98",,03:07,0,0,0,0,0,0,0,0,0,1,0,0,0,0,0
Obi Toppin,https://www.basketball-reference.com/players/t/toppiob01.html,2021,2021-05-15,NYK,CHO,,"W, 118-109 (OT)",,06:54,1,1,1,1,0,0,0,0,0,0,0,1,0,0,3
Obi Toppin,https://www.basketball-reference.com/players/t/toppiob01.html,2021,2021-05-16,NYK,BOS,,"W, 96-92",,10:25,3,5,0,1,0,0,0,2,2,0,0,0,0,0,6
Gabriel Deck,https://www.basketball-reference.com/players/d/deckga01.html,2021,2021-04-13,OKC,UTA,@,"L, 96-106",,,,,,,,,,,,,,,,,
Gabriel Deck,https://www.basketball-reference.com/players/d/deckga01.html,2021,2021-04-14,OKC,GSW,,"L, 109-147",,,,,,,,,,,,,,,,,
Gabriel Deck,https://www.basketball-reference.com/players/d/deckga01.html,2021,2021-04-16,OKC,DET,@,"L, 104-110",,,,,,,,,,,,,,,,,
Gabriel Deck,https://www.basketball-reference.com/players/d/deckga01.html,2021,2021-04-18,OKC,TOR,@,"L, 106-112",,,,,,,,,,,,,,,,,
Gabriel Deck,https://www.basketball-reference.com/players/d/deckga01.html,2021,2021-04-19,OKC,WAS,@,"L, 107-119",,,,,,,,,,,,,,,,,
Gabriel Deck,https://www.basketball-reference.com/players/d/deckga01.html,2021,2021-04-21,OKC,IND,@,"L, 116-122",,,,,,,,,,,,,,,,,
Gabriel Deck,https://www.basketball-reference.com/players/d/deckga01.html,2021,2021-04-23,OKC,WAS,,"L, 109-129",,,,,,,,,,,,,,,,,
Gabriel Deck,https://www.basketball-reference.com/players/d/deckga01.html,2021,2021-04-26,OKC,PHI,@,"L, 90-121",,,,,,,,,,,,,,,,,
Gabriel Deck,https://www.basketball-reference.com/players/d/deckga01.html,2021,2021-04-27,OKC,BOS,@,"W, 119-115",,,,,,,,,,,,,,,,,
Gabriel Deck,https://www.basketball-reference.com/players/d/deckga01.html,2021,2021-04-29,OKC,NOP,,"L, 95-109",,14:35,1,5,0,3,0,0,1,1,2,2,0,0,1,2,2
Gabriel Deck,https://www.basketball-reference.com/players/d/deckga01.html,2021,,,,,,,,,,,,,,,,,,,,,,
Gabriel Deck,https://www.basketball-reference.com/players/d/deckga01.html,2021,2021-05-01,OKC,IND,,"L, 95-152",,23:52,4,12,0,2,0,2,5,5,10,2,1,0,1,1,8
Gabriel Deck,https://www.basketball-reference.com/players/d/deckga01.html,2021,2021-05-02,OKC,PHO,,"L, 120-123",,18:42,4,6,0,1,3,3,3,3,6,3,1,0,0,0,11
Gabriel Deck,https://www.basketball-reference.com/players/d/deckga01.html,2021,2021-05-04,OKC,SAC,,"L, 99-103",,16:01,5,7,1,1,5,6,0,3,3,3,1,0,0,1,16
Gabriel Deck,https://www.basketball-reference.com/players/d/deckga01.html,2021,2021-05-06,OKC,GSW,@,"L, 97-118",,23:38,2,7,0,2,2,2,0,2,2,4,1,0,0,1,6
Gabriel Deck,https://www.basketball-reference.com/players/d/deckga01.html,2021,2021-05-08,OKC,GSW,@,"L, 97-136",,20:03,2,2,0,0,0,0,1,2,3,1,3,0,1,1,4
Gabriel Deck,https://www.basketball-reference.com/players/d/deckga01.html,2021,2021-05-09,OKC,SAC,@,"L, 98-126",,31:26,1,8,0,4,3,4,3,3,6,4,1,0,0,1,5
Gabriel Deck,https://www.basketball-reference.com/players/d/deckga01.html,2021,2021-05-11,OKC,SAC,@,"L, 106-122",,18:45,4,7,0,0,0,0,1,0,1,1,0,0,0,1,8
Gabriel Deck,https://www.basketball-reference.com/players/d/deckga01.html,2021,2021-05-14,OKC,UTA,,"L, 93-109",,26:21,6,9,1,1,5,5,2,4,6,1,0,0,2,0,18
Gabriel Deck,https://www.basketball-reference.com/players/d/deckga01.html,2021,2021-05-16,OKC,LAC,,"W, 117-112",,18:13,3,4,0,1,0,0,0,1,1,3,0,0,1,1,6
Josh Hall,https://www.basketball-reference.com/players/h/halljo01.html,2021,2020-12-26,OKC,CHO,@,"W, 109-107",,,,,,,,,,,,,,,,,
Josh Hall,https://www.basketball-reference.com/players/h/halljo01.html,2021,2020-12-28,OKC,UTA,,"L, 109-110",,,,,,,,,,,,,,,,,
Josh Hall,https://www.basketball-reference.com/players/h/halljo01.html,2021,2020-12-29,OKC,ORL,,"L, 107-118",,00:47,0,1,0,0,0,0,0,0,0,0,0,0,0,0,0
Josh Hall,https://www.basketball-reference.com/players/h/halljo01.html,2021,2020-12-31,OKC,NOP,,"L, 80-113",,10:19,1,5,1,4,0,2,0,1,1,0,0,0,0,3,3
Josh Hall,https://www.basketball-reference.com/players/h/halljo01.html,2021,,,,,,,,,,,,,,,,,,,,,,
Josh Hall,https://www.basketball-reference.com/players/h/halljo01.html,2021,2021-01-02,OKC,ORL,@,"W, 108-99",,,,,,,,,,,,,,,,,
Josh Hall,https://www.basketball-reference.com/players/h/halljo01.html,2021,2021-01-04,OKC,MIA,@,"L, 90-118",,07:18,0,2,0,1,0,0,1,2,3,2,0,0,1,2,0
Josh Hall,https://www.basketball-reference.com/players/h/halljo01.html,2021,2021-01-06,OKC,NOP,@,"W, 111-110",,,,,,,,,,,,,,,,,
Josh Hall,https://www.basketball-reference.com/players/h/halljo01.html,2021,2021-01-08,OKC,NYK,@,"W, 101-89",,,,,,,,,,,,,,,,,
Josh Hall,https://www.basketball-reference.com/players/h/halljo01.html,2021,2021-01-10,OKC,BRK,@,"W, 129-116",,,,,,,,,,,,,,,,,
Josh Hall,https://www.basketball-reference.com/players/h/halljo01.html,2021,2021-01-12,OKC,SAS,,"L, 102-112",,,,,,,,,,,,,,,,,
Josh Hall,https://www.basketball-reference.com/players/h/halljo01.html,2021,2021-01-13,OKC,LAL,,"L, 99-128",,07:09,0,3,0,1,0,0,0,0,0,2,0,0,0,0,0
Josh Hall,https://www.basketball-reference.com/players/h/halljo01.html,2021,2021-01-15,OKC,CHI,,"W, 127-125 (OT)",,,,,,,,,,,,,,,,,
Josh Hall,https://www.basketball-reference.com/players/h/halljo01.html,2021,2021-01-19,OKC,DEN,@,"L, 101-119",,13:03,2,5,0,2,2,3,0,2,2,1,0,0,2,1,6
Josh Hall,https://www.basketball-reference.com/players/h/halljo01.html,2021,2021-01-22,OKC,LAC,@,"L, 106-120",,,,,,,,,,,,,,,,,
Josh Hall,https://www.basketball-reference.com/players/h/halljo01.html,2021,2021-01-24,OKC,LAC,@,"L, 100-108",,,,,,,,,,,,,,,,,
Josh Hall,https://www.basketball-reference.com/players/h/halljo01.html,2021,2021-01-25,OKC,POR,@,"W, 125-122",,,,,,,,,,,,,,,,,
Josh Hall,https://www.basketball-reference.com/players/h/halljo01.html,2021,2021-01-27,OKC,PHO,@,"W, 102-97",,,,,,,,,,,,,,,,,
Josh Hall,https://www.basketball-reference.com/players/h/halljo01.html,2021,2021-01-29,OKC,BRK,,"L, 125-147",,05:03,1,2,0,0,1,2,0,0,0,0,0,0,0,0,3
Josh Hall,https://www.basketball-reference.com/players/h/halljo01.html,2021,2021-02-01,OKC,HOU,,"L, 106-136",,07:34,0,0,0,0,0,0,0,3,3,2,0,0,1,1,0
Josh Hall,https://www.basketball-reference.com/players/h/halljo01.html,2021,2021-02-03,OKC,HOU,,"W, 104-87",,,,,,,,,,,,,,,,,
Josh Hall,https://www.basketball-reference.com/players/h/halljo01.html,2021,2021-02-05,OKC,MIN,,"L, 103-106",,,,,,,,,,,,,,,,,
Josh Hall,https://www.basketball-reference.com/players/h/halljo01.html,2021,2021-02-06,OKC,MIN,,"W, 120-118",,,,,,,,,,,,,,,,,
Josh Hall,https://www.basketball-reference.com/players/h/halljo01.html,2021,2021-02-08,OKC,LAL,@,"L, 112-119 (OT)",,,,,,,,,,,,,,,,,
Josh Hall,https://www.basketball-reference.com/players/h/halljo01.html,2021,2021-02-10,OKC,LAL,@,"L, 113-114 (OT)",,,,,,,,,,,,,,,,,
Josh Hall,https://www.basketball-reference.com/players/h/halljo01.html,2021,2021-02-12,OKC,DEN,@,"L, 95-97",,,,,,,,,,,,,,,,,
Josh Hall,https://www.basketball-reference.com/players/h/halljo01.html,2021,2021-02-14,OKC,MIL,,"W, 114-109",,,,,,,,,,,,,,,,,
Josh Hall,https://www.basketball-reference.com/players/h/halljo01.html,2021,2021-02-16,OKC,POR,,"L, 104-115",,,,,,,,,,,,,,,,,
Josh Hall,https://www.basketball-reference.com/players/h/halljo01.html,2021,2021-02-17,OKC,MEM,@,"L, 113-122",,,,,,,,,,,,,,,,,
Josh Hall,https://www.basketball-reference.com/players/h/halljo01.html,2021,2021-02-19,OKC,MIL,@,"L, 85-98",,,,,,,,,,,,,,,,,
Josh Hall,https://www.basketball-reference.com/players/h/halljo01.html,2021,2021-02-21,OKC,CLE,@,"W, 117-101",,,,,,,,,,,,,,,,,
Josh Hall,https://www.basketball-reference.com/players/h/halljo01.html,2021,2021-02-22,OKC,MIA,,"L, 94-108",,,,,,,,,,,,,,,,,
Josh Hall,https://www.basketball-reference.com/players/h/halljo01.html,2021,2021-02-24,OKC,SAS,,"W, 102-99",,,,,,,,,,,,,,,,,
Josh Hall,https://www.basketball-reference.com/players/h/halljo01.html,2021,2021-02-26,OKC,ATL,,"W, 118-109",,,,,,,,,,,,,,,,,
Josh Hall,https://www.basketball-reference.com/players/h/halljo01.html,2021,2021-02-27,OKC,DEN,,"L, 96-126",,,,,,,,,,,,,,,,,
Josh Hall,https://www.basketball-reference.com/players/h/halljo01.html,2021,2021-03-03,OKC,DAL,@,"L, 78-87",,,,,,,,,,,,,,,,,
Josh Hall,https://www.basketball-reference.com/players/h/halljo01.html,2021,2021-03-04,OKC,SAS,@,"W, 107-102",,,,,,,,,,,,,,,,,
Josh Hall,https://www.basketball-reference.com/players/h/halljo01.html,2021,2021-03-11,OKC,DAL,,"W, 116-108",,,,,,,,,,,,,,,,,
Josh Hall,https://www.basketball-reference.com/players/h/halljo01.html,2021,2021-03-13,OKC,NYK,,"L, 97-119",,,,,,,,,,,,,,,,,
Josh Hall,https://www.basketball-reference.com/players/h/halljo01.html,2021,2021-03-14,OKC,MEM,,"W, 128-122",,,,,,,,,,,,,,,,,
Josh Hall,https://www.basketball-reference.com/players/h/halljo01.html,2021,2021-03-16,OKC,CHI,@,"L, 102-123",,,,,,,,,,,,,,,,,
Josh Hall,https://www.basketball-reference.com/players/h/halljo01.html,2021,2021-03-18,OKC,ATL,@,"L, 93-116",,,,,,,,,,,,,,,,,
Josh Hall,https://www.basketball-reference.com/players/h/halljo01.html,2021,2021-03-21,OKC,HOU,@,"W, 114-112",,,,,,,,,,,,,,,,,
Josh Hall,https://www.basketball-reference.com/players/h/halljo01.html,2021,2021-03-22,OKC,MIN,@,"W, 112-103",,,,,,,,,,,,,,,,,
Josh Hall,https://www.basketball-reference.com/players/h/halljo01.html,2021,2021-03-24,OKC,MEM,,"L, 107-116",,,,,,,,,,,,,,,,,
Josh Hall,https://www.basketball-reference.com/players/h/halljo01.html,2021,2021-03-27,OKC,BOS,,"L, 94-111",,20:24,1,5,0,3,2,6,0,5,5,1,0,0,1,2,4
Josh Hall,https://www.basketball-reference.com/players/h/halljo01.html,2021,2021-03-29,OKC,DAL,,"L, 106-127",,21:43,3,6,1,2,3,4,0,1,1,1,0,0,4,2,10
Josh Hall,https://www.basketball-reference.com/players/h/halljo01.html,2021,2021-03-31,OKC,TOR,,"W, 113-103",,20:58,0,4,0,2,5,8,0,5,5,4,0,0,2,1,5
Josh Hall,https://www.basketball-reference.com/players/h/halljo01.html,2021,2021-04-02,OKC,PHO,@,"L, 103-140",,22:32,0,4,0,1,2,2,0,1,1,2,0,0,1,5,2
Josh Hall,https://www.basketball-reference.com/players/h/halljo01.html,2021,2021-04-03,OKC,POR,@,"L, 85-133",,11:12,1,2,0,1,0,0,0,2,2,2,0,0,2,1,2
Josh Hall,https://www.basketball-reference.com/players/h/halljo01.html,2021,2021-04-05,OKC,DET,,"L, 108-132",,,,,,,,,,,,,,,,,
Josh Hall,https://www.basketball-reference.com/players/h/halljo01.html,2021,2021-04-07,OKC,CHO,,"L, 102-113",,,,,,,,,,,,,,,,,
Josh Hall,https://www.basketball-reference.com/players/h/halljo01.html,2021,2021-04-08,OKC,CLE,,"L, 102-129",,,,,,,,,,,,,,,,,
Josh Hall,https://www.basketball-reference.com/players/h/halljo01.html,2021,2021-04-10,OKC,PHI,,"L, 93-117",,,,,,,,,,,,,,,,,
Josh Hall,https://www.basketball-reference.com/players/h/halljo01.html,2021,2021-04-13,OKC,UTA,@,"L, 96-106",,15:10,0,3,0,1,0,0,0,2,2,1,0,0,1,1,0
Josh Hall,https://www.basketball-reference.com/players/h/halljo01.html,2021,2021-04-14,OKC,GSW,,"L, 109-147",,10:25,0,3,0,2,2,2,0,3,3,0,0,0,1,2,2
Josh Hall,https://www.basketball-reference.com/players/h/halljo01.html,2021,2021-04-16,OKC,DET,@,"L, 104-110",,,,,,,,,,,,,,,,,
Josh Hall,https://www.basketball-reference.com/players/h/halljo01.html,2021,2021-04-18,OKC,TOR,@,"L, 106-112",,,,,,,,,,,,,,,,,
Josh Hall,https://www.basketball-reference.com/players/h/halljo01.html,2021,2021-04-19,OKC,WAS,@,"L, 107-119",,,,,,,,,,,,,,,,,
Josh Hall,https://www.basketball-reference.com/players/h/halljo01.html,2021,2021-04-21,OKC,IND,@,"L, 116-122",,,,,,,,,,,,,,,,,
Josh Hall,https://www.basketball-reference.com/players/h/halljo01.html,2021,2021-04-23,OKC,WAS,,"L, 109-129",,,,,,,,,,,,,,,,,
Josh Hall,https://www.basketball-reference.com/players/h/halljo01.html,2021,2021-04-26,OKC,PHI,@,"L, 90-121",,,,,,,,,,,,,,,,,
Josh Hall,https://www.basketball-reference.com/players/h/halljo01.html,2021,2021-04-27,OKC,BOS,@,"W, 119-115",,,,,,,,,,,,,,,,,
Josh Hall,https://www.basketball-reference.com/players/h/halljo01.html,2021,2021-04-29,OKC,NOP,,"L, 95-109",,06:59,0,0,0,0,0,0,0,0,0,0,0,0,1,1,0
Josh Hall,https://www.basketball-reference.com/players/h/halljo01.html,2021,2021-05-01,OKC,IND,,"L, 95-152",,23:57,3,8,0,2,1,4,2,2,4,4,1,1,1,0,7
Josh Hall,https://www.basketball-reference.com/players/h/halljo01.html,2021,2021-05-02,OKC,PHO,,"L, 120-123",,,,,,,,,,,,,,,,,
Josh Hall,https://www.basketball-reference.com/players/h/halljo01.html,2021,2021-05-04,OKC,SAC,,"L, 99-103",,22:07,3,7,1,2,0,0,2,5,7,0,1,0,1,1,7
Josh Hall,https://www.basketball-reference.com/players/h/halljo01.html,2021,2021-05-06,OKC,GSW,@,"L, 97-118",,24:10,3,8,0,3,2,3,0,5,5,0,1,0,1,1,8
Josh Hall,https://www.basketball-reference.com/players/h/halljo01.html,2021,2021-05-08,OKC,GSW,@,"L, 97-136",,25:49,1,6,0,3,0,0,0,5,5,2,0,0,0,3,2
Josh Hall,https://www.basketball-reference.com/players/h/halljo01.html,2021,2021-05-09,OKC,SAC,@,"L, 98-126",,16:36,0,4,0,1,0,2,0,0,0,2,1,0,2,5,0
Josh Hall,https://www.basketball-reference.com/players/h/halljo01.html,2021,2021-05-11,OKC,SAC,@,"L, 106-122",,,,,,,,,,,,,,,,,
Josh Hall,https://www.basketball-reference.com/players/h/halljo01.html,2021,2021-05-14,OKC,UTA,,"L, 93-109",,,,,,,,,,,,,,,,,
Josh Hall,https://www.basketball-reference.com/players/h/halljo01.html,2021,2021-05-16,OKC,LAC,,"W, 117-112",,42:43,11,21,1,6,2,6,1,9,10,2,0,0,3,5,25
Théo Maledon,https://www.basketball-reference.com/players/m/maledth01.html,2021,2020-12-26,OKC,CHO,@,"W, 109-107",,20:26,2,5,0,2,0,0,0,0,0,2,2,0,4,2,4
Théo Maledon,https://www.basketball-reference.com/players/m/maledth01.html,2021,2020-12-28,OKC,UTA,,"L, 109-110",,19:44,2,2,1,1,1,2,0,0,0,2,1,0,3,1,6
Théo Maledon,https://www.basketball-reference.com/players/m/maledth01.html,2021,2020-12-29,OKC,ORL,,"L, 107-118",,20:11,2,6,1,5,2,4,0,1,1,3,0,0,2,2,7
Théo Maledon,https://www.basketball-reference.com/players/m/maledth01.html,2021,2020-12-31,OKC,NOP,,"L, 80-113",,26:21,2,9,2,7,0,0,0,5,5,2,0,0,1,3,6
Théo Maledon,https://www.basketball-reference.com/players/m/maledth01.html,2021,,,,,,,,,,,,,,,,,,,,,,
Théo Maledon,https://www.basketball-reference.com/players/m/maledth01.html,2021,2021-01-02,OKC,ORL,@,"W, 108-99",,19:21,5,7,1,3,1,1,1,2,3,4,1,0,1,2,12
Théo Maledon,https://www.basketball-reference.com/players/m/maledth01.html,2021,2021-01-04,OKC,MIA,@,"L, 90-118",,17:45,2,7,2,7,1,2,0,1,1,2,1,0,3,0,7
Théo Maledon,https://www.basketball-reference.com/players/m/maledth01.html,2021,2021-01-06,OKC,NOP,@,"W, 111-110",,19:12,2,4,2,2,0,0,0,2,2,4,0,0,3,3,6
Théo Maledon,https://www.basketball-reference.com/players/m/maledth01.html,2021,2021-01-08,OKC,NYK,@,"W, 101-89",,22:14,2,8,0,3,0,0,0,5,5,3,0,0,0,4,4
Théo Maledon,https://www.basketball-reference.com/players/m/maledth01.html,2021,2021-01-10,OKC,BRK,@,"W, 129-116",,18:39,1,7,1,4,0,0,0,1,1,5,2,0,0,1,3
Théo Maledon,https://www.basketball-reference.com/players/m/maledth01.html,2021,2021-01-12,OKC,SAS,,"L, 102-112",,15:13,2,5,0,2,0,2,0,2,2,1,0,0,3,3,4
Théo Maledon,https://www.basketball-reference.com/players/m/maledth01.html,2021,2021-01-13,OKC,LAL,,"L, 99-128",,25:47,3,9,1,2,0,0,2,0,2,4,0,0,1,1,7
Théo Maledon,https://www.basketball-reference.com/players/m/maledth01.html,2021,2021-01-15,OKC,CHI,,"W, 127-125 (OT)",,14:51,4,8,2,5,0,0,0,3,3,2,0,0,2,1,10
Théo Maledon,https://www.basketball-reference.com/players/m/maledth01.html,2021,2021-01-19,OKC,DEN,@,"L, 101-119",,20:30,3,7,1,4,0,0,0,3,3,3,1,0,2,1,7
Théo Maledon,https://www.basketball-reference.com/players/m/maledth01.html,2021,2021-01-22,OKC,LAC,@,"L, 106-120",,19:19,2,7,1,2,0,0,0,5,5,2,1,0,1,4,5
Théo Maledon,https://www.basketball-reference.com/players/m/maledth01.html,2021,2021-01-24,OKC,LAC,@,"L, 100-108",,16:47,1,5,0,3,0,0,0,2,2,1,0,0,0,3,2
Théo Maledon,https://www.basketball-reference.com/players/m/maledth01.html,2021,2021-01-25,OKC,POR,@,"W, 125-122",,21:44,2,7,2,5,0,0,0,4,4,4,0,0,1,3,6
Théo Maledon,https://www.basketball-reference.com/players/m/maledth01.html,2021,2021-01-27,OKC,PHO,@,"W, 102-97",,29:47,4,7,3,6,0,0,1,5,6,2,1,0,2,3,11
Théo Maledon,https://www.basketball-reference.com/players/m/maledth01.html,2021,2021-01-29,OKC,BRK,,"L, 125-147",,33:25,8,9,6,6,2,2,0,3,3,3,1,0,1,0,24
Théo Maledon,https://www.basketball-reference.com/players/m/maledth01.html,2021,2021-02-01,OKC,HOU,,"L, 106-136",,28:23,3,7,1,4,4,4,0,1,1,1,2,0,2,2,11
Théo Maledon,https://www.basketball-reference.com/players/m/maledth01.html,2021,2021-02-03,OKC,HOU,,"W, 104-87",,35:48,2,12,1,5,1,2,0,3,3,4,6,1,3,2,6
Théo Maledon,https://www.basketball-reference.com/players/m/maledth01.html,2021,2021-02-05,OKC,MIN,,"L, 103-106",,,,,,,,,,,,,,,,,
Théo Maledon,https://www.basketball-reference.com/players/m/maledth01.html,2021,2021-02-06,OKC,MIN,,"W, 120-118",,31:00,4,8,2,4,0,0,1,2,3,6,1,0,3,4,10
Théo Maledon,https://www.basketball-reference.com/players/m/maledth01.html,2021,2021-02-08,OKC,LAL,@,"L, 112-119 (OT)",,,,,,,,,,,,,,,,,
Théo Maledon,https://www.basketball-reference.com/players/m/maledth01.html,2021,2021-02-10,OKC,LAL,@,"L, 113-114 (OT)",,,,,,,,,,,,,,,,,
Théo Maledon,https://www.basketball-reference.com/players/m/maledth01.html,2021,2021-02-12,OKC,DEN,@,"L, 95-97",,,,,,,,,,,,,,,,,
Théo Maledon,https://www.basketball-reference.com/players/m/maledth01.html,2021,2021-02-14,OKC,MIL,,"W, 114-109",,,,,,,,,,,,,,,,,
Théo Maledon,https://www.basketball-reference.com/players/m/maledth01.html,2021,2021-02-16,OKC,POR,,"L, 104-115",,27:51,2,7,0,3,3,3,0,2,2,3,1,0,0,2,7
Théo Maledon,https://www.basketball-reference.com/players/m/maledth01.html,2021,2021-02-17,OKC,MEM,@,"L, 113-122",,33:49,4,7,4,5,2,2,0,5,5,2,2,0,3,3,14
Théo Maledon,https://www.basketball-reference.com/players/m/maledth01.html,2021,2021-02-19,OKC,MIL,@,"L, 85-98",,30:05,2,6,1,4,0,0,0,3,3,2,1,1,1,5,5
Théo Maledon,https://www.basketball-reference.com/players/m/maledth01.html,2021,2021-02-21,OKC,CLE,@,"W, 117-101",,33:15,5,7,3,4,1,1,0,2,2,3,0,0,5,3,14
Théo Maledon,https://www.basketball-reference.com/players/m/maledth01.html,2021,2021-02-22,OKC,MIA,,"L, 94-108",,33:43,3,7,2,6,0,0,1,4,5,5,0,0,2,3,8
Théo Maledon,https://www.basketball-reference.com/players/m/maledth01.html,2021,2021-02-24,OKC,SAS,,"W, 102-99",,34:44,1,5,1,4,0,0,0,3,3,3,4,0,1,2,3
Théo Maledon,https://www.basketball-reference.com/players/m/maledth01.html,2021,2021-02-26,OKC,ATL,,"W, 118-109",,34:25,4,11,2,6,3,3,1,3,4,12,1,0,1,0,13
Théo Maledon,https://www.basketball-reference.com/players/m/maledth01.html,2021,2021-02-27,OKC,DEN,,"L, 96-126",,32:20,0,6,0,5,1,2,0,3,3,6,1,0,1,2,1
Théo Maledon,https://www.basketball-reference.com/players/m/maledth01.html,2021,2021-03-03,OKC,DAL,@,"L, 78-87",,30:44,5,10,1,5,0,0,0,3,3,1,1,0,3,2,11
Théo Maledon,https://www.basketball-reference.com/players/m/maledth01.html,2021,2021-03-04,OKC,SAS,@,"W, 107-102",,29:21,2,6,1,3,2,2,0,7,7,5,0,0,1,2,7
Théo Maledon,https://www.basketball-reference.com/players/m/maledth01.html,2021,2021-03-11,OKC,DAL,,"W, 116-108",,35:39,4,9,3,4,0,0,0,4,4,9,0,0,2,5,11
Théo Maledon,https://www.basketball-reference.com/players/m/maledth01.html,2021,2021-03-13,OKC,NYK,,"L, 97-119",,28:56,4,7,2,4,0,2,0,4,4,3,0,0,5,4,10
Théo Maledon,https://www.basketball-reference.com/players/m/maledth01.html,2021,2021-03-14,OKC,MEM,,"W, 128-122",,,,,,,,,,,,,,,,,
Théo Maledon,https://www.basketball-reference.com/players/m/maledth01.html,2021,2021-03-16,OKC,CHI,@,"L, 102-123",,32:10,3,10,2,6,0,0,1,3,4,3,0,0,3,2,8
Théo Maledon,https://www.basketball-reference.com/players/m/maledth01.html,2021,2021-03-18,OKC,ATL,@,"L, 93-116",,21:58,4,10,2,4,0,0,1,1,2,5,0,0,1,0,10
Théo Maledon,https://www.basketball-reference.com/players/m/maledth01.html,2021,2021-03-21,OKC,HOU,@,"W, 114-112",,32:19,4,12,2,7,2,2,2,2,4,2,3,0,2,3,12
Théo Maledon,https://www.basketball-reference.com/players/m/maledth01.html,2021,2021-03-22,OKC,MIN,@,"W, 112-103",,33:19,3,12,3,7,0,0,1,3,4,5,1,1,2,0,9
Théo Maledon,https://www.basketball-reference.com/players/m/maledth01.html,2021,2021-03-24,OKC,MEM,,"L, 107-116",,32:29,4,14,2,5,0,0,1,3,4,0,1,0,2,1,10
Théo Maledon,https://www.basketball-reference.com/players/m/maledth01.html,2021,2021-03-27,OKC,BOS,,"L, 94-111",,37:07,7,16,4,10,4,4,1,7,8,4,2,0,2,2,22
Théo Maledon,https://www.basketball-reference.com/players/m/maledth01.html,2021,2021-03-29,OKC,DAL,,"L, 106-127",,28:29,4,13,1,4,5,6,1,5,6,1,0,0,2,3,14
Théo Maledon,https://www.basketball-reference.com/players/m/maledth01.html,2021,2021-03-31,OKC,TOR,,"W, 113-103",,32:27,3,16,2,8,3,4,1,6,7,6,1,1,4,2,11
Théo Maledon,https://www.basketball-reference.com/players/m/maledth01.html,2021,2021-04-02,OKC,PHO,@,"L, 103-140",,31:02,10,18,5,7,8,10,0,5,5,3,1,0,5,3,33
Théo Maledon,https://www.basketball-reference.com/players/m/maledth01.html,2021,2021-04-03,OKC,POR,@,"L, 85-133",,22:15,1,12,1,7,4,4,0,2,2,1,0,0,0,1,7
Théo Maledon,https://www.basketball-reference.com/players/m/maledth01.html,2021,2021-04-05,OKC,DET,,"L, 108-132",,26:16,5,12,0,2,4,5,0,6,6,1,0,0,3,1,14
Théo Maledon,https://www.basketball-reference.com/players/m/maledth01.html,2021,2021-04-07,OKC,CHO,,"L, 102-113",,36:24,9,18,3,10,4,4,0,5,5,5,0,2,6,0,25
Théo Maledon,https://www.basketball-reference.com/players/m/maledth01.html,2021,2021-04-08,OKC,CLE,,"L, 102-129",,30:08,6,17,1,6,1,2,1,1,2,4,2,0,3,3,14
Théo Maledon,https://www.basketball-reference.com/players/m/maledth01.html,2021,2021-04-10,OKC,PHI,,"L, 93-117",,29:33,3,11,2,4,0,3,0,2,2,5,0,0,2,2,8
Théo Maledon,https://www.basketball-reference.com/players/m/maledth01.html,2021,2021-04-13,OKC,UTA,@,"L, 96-106",,23:24,1,6,0,3,3,4,0,0,0,2,1,0,0,2,5
Théo Maledon,https://www.basketball-reference.com/players/m/maledth01.html,2021,2021-04-14,OKC,GSW,,"L, 109-147",,31:19,5,12,0,4,1,5,1,2,3,5,1,0,2,1,11
Théo Maledon,https://www.basketball-reference.com/players/m/maledth01.html,2021,2021-04-16,OKC,DET,@,"L, 104-110",,29:51,3,14,1,9,1,2,4,4,8,2,3,0,3,5,8
Théo Maledon,https://www.basketball-reference.com/players/m/maledth01.html,2021,2021-04-18,OKC,TOR,@,"L, 106-112",,27:56,3,5,0,1,3,3,0,4,4,2,0,0,3,1,9
Théo Maledon,https://www.basketball-reference.com/players/m/maledth01.html,2021,2021-04-19,OKC,WAS,@,"L, 107-119",,29:11,5,15,2,5,2,2,0,7,7,5,0,0,3,2,14
Théo Maledon,https://www.basketball-reference.com/players/m/maledth01.html,2021,2021-04-21,OKC,IND,@,"L, 116-122",,36:04,3,10,2,4,1,2,0,2,2,7,0,0,2,0,9
Théo Maledon,https://www.basketball-reference.com/players/m/maledth01.html,2021,2021-04-23,OKC,WAS,,"L, 109-129",,31:06,5,11,4,6,6,7,0,2,2,8,1,1,2,2,20
Théo Maledon,https://www.basketball-reference.com/players/m/maledth01.html,2021,2021-04-26,OKC,PHI,@,"L, 90-121",,22:13,4,8,1,2,1,2,0,1,1,2,2,0,5,1,10
Théo Maledon,https://www.basketball-reference.com/players/m/maledth01.html,2021,2021-04-27,OKC,BOS,@,"W, 119-115",,22:53,1,4,0,2,4,4,0,3,3,5,1,0,5,0,6
Théo Maledon,https://www.basketball-reference.com/players/m/maledth01.html,2021,2021-04-29,OKC,NOP,,"L, 95-109",,31:51,5,12,2,6,4,4,0,1,1,4,0,2,4,3,16
Théo Maledon,https://www.basketball-reference.com/players/m/maledth01.html,2021,2021-05-01,OKC,IND,,"L, 95-152",,24:28,2,14,1,8,3,3,1,0,1,2,0,0,1,2,8
Théo Maledon,https://www.basketball-reference.com/players/m/maledth01.html,2021,2021-05-02,OKC,PHO,,"L, 120-123",,28:13,5,10,3,6,5,5,0,4,4,4,1,0,2,3,18
Théo Maledon,https://www.basketball-reference.com/players/m/maledth01.html,2021,2021-05-04,OKC,SAC,,"L, 99-103",,29:33,2,10,1,5,1,2,0,1,1,1,0,2,2,0,6
Théo Maledon,https://www.basketball-reference.com/players/m/maledth01.html,2021,2021-05-06,OKC,GSW,@,"L, 97-118",,29:46,5,12,1,6,4,6,1,3,4,8,2,0,1,1,15
Théo Maledon,https://www.basketball-reference.com/players/m/maledth01.html,2021,2021-05-08,OKC,GSW,@,"L, 97-136",,22:47,4,12,2,8,0,0,1,3,4,2,0,0,1,1,10
Théo Maledon,https://www.basketball-reference.com/players/m/maledth01.html,2021,2021-05-09,OKC,SAC,@,"L, 98-126",,24:40,5,15,2,7,1,4,0,2,2,2,0,0,1,1,13
Théo Maledon,https://www.basketball-reference.com/players/m/maledth01.html,2021,2021-05-11,OKC,SAC,@,"L, 106-122",,,,,,,,,,,,,,,,,
Théo Maledon,https://www.basketball-reference.com/players/m/maledth01.html,2021,2021-05-14,OKC,UTA,,"L, 93-109",,31:52,7,16,2,6,2,2,0,3,3,3,2,0,3,0,18
Théo Maledon,https://www.basketball-reference.com/players/m/maledth01.html,2021,2021-05-16,OKC,LAC,,"W, 117-112",,13:20,1,3,1,3,0,0,0,0,0,4,0,0,1,0,3
Darius Miller,https://www.basketball-reference.com/players/m/milleda01.html,2021,2020-12-26,OKC,CHO,@,"W, 109-107",,,,,,,,,,,,,,,,,
Darius Miller,https://www.basketball-reference.com/players/m/milleda01.html,2021,2020-12-28,OKC,UTA,,"L, 109-110",,,,,,,,,,,,,,,,,
Darius Miller,https://www.basketball-reference.com/players/m/milleda01.html,2021,2020-12-29,OKC,ORL,,"L, 107-118",,,,,,,,,,,,,,,,,
Darius Miller,https://www.basketball-reference.com/players/m/milleda01.html,2021,2020-12-31,OKC,NOP,,"L, 80-113",,,,,,,,,,,,,,,,,
Darius Miller,https://www.basketball-reference.com/players/m/milleda01.html,2021,,,,,,,,,,,,,,,,,,,,,,
Darius Miller,https://www.basketball-reference.com/players/m/milleda01.html,2021,2021-01-02,OKC,ORL,@,"W, 108-99",,,,,,,,,,,,,,,,,
Darius Miller,https://www.basketball-reference.com/players/m/milleda01.html,2021,2021-01-04,OKC,MIA,@,"L, 90-118",,07:18,1,3,1,3,0,0,0,0,0,0,0,0,1,1,3
Darius Miller,https://www.basketball-reference.com/players/m/milleda01.html,2021,2021-01-06,OKC,NOP,@,"W, 111-110",,,,,,,,,,,,,,,,,
Darius Miller,https://www.basketball-reference.com/players/m/milleda01.html,2021,2021-01-08,OKC,NYK,@,"W, 101-89",,,,,,,,,,,,,,,,,
Darius Miller,https://www.basketball-reference.com/players/m/milleda01.html,2021,2021-01-10,OKC,BRK,@,"W, 129-116",,,,,,,,,,,,,,,,,
Darius Miller,https://www.basketball-reference.com/players/m/milleda01.html,2021,2021-01-12,OKC,SAS,,"L, 102-112",,00:02,0,0,0,0,0,0,0,0,0,0,0,0,0,0,0
Darius Miller,https://www.basketball-reference.com/players/m/milleda01.html,2021,2021-01-13,OKC,LAL,,"L, 99-128",,,,,,,,,,,,,,,,,
Darius Miller,https://www.basketball-reference.com/players/m/milleda01.html,2021,2021-01-15,OKC,CHI,,"W, 127-125 (OT)",,,,,,,,,,,,,,,,,
Darius Miller,https://www.basketball-reference.com/players/m/milleda01.html,2021,2021-01-19,OKC,DEN,@,"L, 101-119",,06:37,0,2,0,2,0,0,0,1,1,1,0,0,0,1,0
Darius Miller,https://www.basketball-reference.com/players/m/milleda01.html,2021,2021-01-22,OKC,LAC,@,"L, 106-120",,,,,,,,,,,,,,,,,
Darius Miller,https://www.basketball-reference.com/players/m/milleda01.html,2021,2021-01-24,OKC,LAC,@,"L, 100-108",,,,,,,,,,,,,,,,,
Darius Miller,https://www.basketball-reference.com/players/m/milleda01.html,2021,2021-01-25,OKC,POR,@,"W, 125-122",,,,,,,,,,,,,,,,,
Darius Miller,https://www.basketball-reference.com/players/m/milleda01.html,2021,2021-01-27,OKC,PHO,@,"W, 102-97",,,,,,,,,,,,,,,,,
Darius Miller,https://www.basketball-reference.com/players/m/milleda01.html,2021,2021-01-29,OKC,BRK,,"L, 125-147",,,,,,,,,,,,,,,,,
Darius Miller,https://www.basketball-reference.com/players/m/milleda01.html,2021,2021-02-01,OKC,HOU,,"L, 106-136",,,,,,,,,,,,,,,,,
Darius Miller,https://www.basketball-reference.com/players/m/milleda01.html,2021,2021-02-03,OKC,HOU,,"W, 104-87",,10:13,0,1,0,1,3,3,0,3,3,0,1,1,0,0,3
Darius Miller,https://www.basketball-reference.com/players/m/milleda01.html,2021,2021-02-05,OKC,MIN,,"L, 103-106",,13:48,3,5,3,5,0,0,0,2,2,2,1,0,1,0,9
Darius Miller,https://www.basketball-reference.com/players/m/milleda01.html,2021,2021-02-06,OKC,MIN,,"W, 120-118",,12:03,1,1,1,1,0,0,0,1,1,2,0,0,0,1,3
Darius Miller,https://www.basketball-reference.com/players/m/milleda01.html,2021,2021-02-08,OKC,LAL,@,"L, 112-119 (OT)",,12:07,0,0,0,0,0,0,0,1,1,1,1,0,0,1,0
Darius Miller,https://www.basketball-reference.com/players/m/milleda01.html,2021,2021-02-10,OKC,LAL,@,"L, 113-114 (OT)",,14:31,3,4,2,3,0,0,0,3,3,0,1,0,0,2,8
Darius Miller,https://www.basketball-reference.com/players/m/milleda01.html,2021,2021-02-12,OKC,DEN,@,"L, 95-97",,10:32,0,4,0,3,0,0,1,2,3,1,0,1,0,1,0
Darius Miller,https://www.basketball-reference.com/players/m/milleda01.html,2021,2021-02-14,OKC,MIL,,"W, 114-109",,11:06,2,3,1,2,0,0,0,0,0,1,0,1,1,1,5
Darius Miller,https://www.basketball-reference.com/players/m/milleda01.html,2021,2021-02-16,OKC,POR,,"L, 104-115",,03:11,0,0,0,0,0,0,0,0,0,0,1,0,1,0,0
Darius Miller,https://www.basketball-reference.com/players/m/milleda01.html,2021,2021-02-17,OKC,MEM,@,"L, 113-122",,09:05,1,1,1,1,0,0,0,1,1,2,0,1,1,1,3
Darius Miller,https://www.basketball-reference.com/players/m/milleda01.html,2021,2021-02-19,OKC,MIL,@,"L, 85-98",,,,,,,,,,,,,,,,,
Darius Miller,https://www.basketball-reference.com/players/m/milleda01.html,2021,2021-02-21,OKC,CLE,@,"W, 117-101",,,,,,,,,,,,,,,,,
Darius Miller,https://www.basketball-reference.com/players/m/milleda01.html,2021,2021-02-22,OKC,MIA,,"L, 94-108",,,,,,,,,,,,,,,,,
Darius Miller,https://www.basketball-reference.com/players/m/milleda01.html,2021,2021-02-24,OKC,SAS,,"W, 102-99",,,,,,,,,,,,,,,,,
Darius Miller,https://www.basketball-reference.com/players/m/milleda01.html,2021,2021-02-26,OKC,ATL,,"W, 118-109",,,,,,,,,,,,,,,,,
Darius Miller,https://www.basketball-reference.com/players/m/milleda01.html,2021,2021-02-27,OKC,DEN,,"L, 96-126",,,,,,,,,,,,,,,,,
Darius Miller,https://www.basketball-reference.com/players/m/milleda01.html,2021,2021-03-03,OKC,DAL,@,"L, 78-87",,,,,,,,,,,,,,,,,
Darius Miller,https://www.basketball-reference.com/players/m/milleda01.html,2021,2021-03-04,OKC,SAS,@,"W, 107-102",,,,,,,,,,,,,,,,,
Darius Miller,https://www.basketball-reference.com/players/m/milleda01.html,2021,2021-03-11,OKC,DAL,,"W, 116-108",,,,,,,,,,,,,,,,,
Darius Miller,https://www.basketball-reference.com/players/m/milleda01.html,2021,2021-03-13,OKC,NYK,,"L, 97-119",,,,,,,,,,,,,,,,,
Darius Miller,https://www.basketball-reference.com/players/m/milleda01.html,2021,2021-03-14,OKC,MEM,,"W, 128-122",,20:08,3,4,2,3,3,3,0,3,3,4,1,0,0,0,11
Darius Miller,https://www.basketball-reference.com/players/m/milleda01.html,2021,2021-03-16,OKC,CHI,@,"L, 102-123",,14:01,0,3,0,3,3,3,0,1,1,2,3,0,1,0,3
Darius Miller,https://www.basketball-reference.com/players/m/milleda01.html,2021,2021-03-18,OKC,ATL,@,"L, 93-116",,,,,,,,,,,,,,,,,
Darius Miller,https://www.basketball-reference.com/players/m/milleda01.html,2021,2021-03-21,OKC,HOU,@,"W, 114-112",,,,,,,,,,,,,,,,,
Darius Miller,https://www.basketball-reference.com/players/m/milleda01.html,2021,2021-03-22,OKC,MIN,@,"W, 112-103",,,,,,,,,,,,,,,,,
Darius Miller,https://www.basketball-reference.com/players/m/milleda01.html,2021,2021-03-24,OKC,MEM,,"L, 107-116",,,,,,,,,,,,,,,,,
Darius Miller,https://www.basketball-reference.com/players/m/milleda01.html,2021,2021-03-27,OKC,BOS,,"L, 94-111",,,,,,,,,,,,,,,,,
Darius Miller,https://www.basketball-reference.com/players/m/milleda01.html,2021,2021-03-29,OKC,DAL,,"L, 106-127",,,,,,,,,,,,,,,,,
Darius Miller,https://www.basketball-reference.com/players/m/milleda01.html,2021,2021-03-31,OKC,TOR,,"W, 113-103",,18:47,4,6,3,5,0,0,0,2,2,1,0,0,0,3,11
Darius Miller,https://www.basketball-reference.com/players/m/milleda01.html,2021,2021-04-02,OKC,PHO,@,"L, 103-140",,06:56,0,1,0,1,0,0,0,0,0,1,1,0,0,0,0
Darius Miller,https://www.basketball-reference.com/players/m/milleda01.html,2021,2021-04-03,OKC,POR,@,"L, 85-133",,13:43,3,7,2,6,3,3,1,1,2,0,0,1,2,1,11
Darius Miller,https://www.basketball-reference.com/players/m/milleda01.html,2021,2021-04-05,OKC,DET,,"L, 108-132",,12:40,1,3,1,3,0,0,0,1,1,3,3,0,0,0,3
Darius Miller,https://www.basketball-reference.com/players/m/milleda01.html,2021,2021-04-07,OKC,CHO,,"L, 102-113",,,,,,,,,,,,,,,,,
Darius Miller,https://www.basketball-reference.com/players/m/milleda01.html,2021,2021-04-08,OKC,CLE,,"L, 102-129",,,,,,,,,,,,,,,,,
Aleksej Pokusevski,https://www.basketball-reference.com/players/p/pokusal01.html,2021,2020-12-26,OKC,CHO,@,"W, 109-107",,10:56,0,6,0,6,0,0,0,4,4,0,1,1,1,2,0
Aleksej Pokusevski,https://www.basketball-reference.com/players/p/pokusal01.html,2021,2020-12-28,OKC,UTA,,"L, 109-110",,14:26,0,2,0,1,0,0,0,2,2,0,1,1,0,1,0
Aleksej Pokusevski,https://www.basketball-reference.com/players/p/pokusal01.html,2021,2020-12-29,OKC,ORL,,"L, 107-118",,19:29,1,8,0,4,0,0,1,5,6,3,0,2,1,2,2
Aleksej Pokusevski,https://www.basketball-reference.com/players/p/pokusal01.html,2021,2020-12-31,OKC,NOP,,"L, 80-113",,20:42,1,4,1,4,0,0,0,5,5,4,2,1,6,1,3
Aleksej Pokusevski,https://www.basketball-reference.com/players/p/pokusal01.html,2021,,,,,,,,,,,,,,,,,,,,,,
Aleksej Pokusevski,https://www.basketball-reference.com/players/p/pokusal01.html,2021,2021-01-02,OKC,ORL,@,"W, 108-99",,14:15,0,1,0,1,0,0,0,2,2,0,1,0,2,0,0
Aleksej Pokusevski,https://www.basketball-reference.com/players/p/pokusal01.html,2021,2021-01-04,OKC,MIA,@,"L, 90-118",,,,,,,,,,,,,,,,,
Aleksej Pokusevski,https://www.basketball-reference.com/players/p/pokusal01.html,2021,2021-01-06,OKC,NOP,@,"W, 111-110",,,,,,,,,,,,,,,,,
Aleksej Pokusevski,https://www.basketball-reference.com/players/p/pokusal01.html,2021,2021-01-08,OKC,NYK,@,"W, 101-89",,18:33,3,5,1,3,0,0,1,5,6,0,0,1,1,0,7
Aleksej Pokusevski,https://www.basketball-reference.com/players/p/pokusal01.html,2021,2021-01-10,OKC,BRK,@,"W, 129-116",,13:38,1,4,1,3,0,0,0,3,3,0,0,0,1,0,3
Aleksej Pokusevski,https://www.basketball-reference.com/players/p/pokusal01.html,2021,2021-01-12,OKC,SAS,,"L, 102-112",,15:36,2,6,0,1,0,0,1,4,5,1,0,2,2,1,4
Aleksej Pokusevski,https://www.basketball-reference.com/players/p/pokusal01.html,2021,2021-01-13,OKC,LAL,,"L, 99-128",,20:44,4,9,2,4,0,0,1,3,4,2,0,3,0,2,10
Aleksej Pokusevski,https://www.basketball-reference.com/players/p/pokusal01.html,2021,2021-01-15,OKC,CHI,,"W, 127-125 (OT)",,12:24,2,7,1,4,0,0,1,2,3,1,0,0,0,1,5
Aleksej Pokusevski,https://www.basketball-reference.com/players/p/pokusal01.html,2021,2021-01-19,OKC,DEN,@,"L, 101-119",,24:17,0,7,0,5,0,0,0,4,4,2,1,1,3,1,0
Aleksej Pokusevski,https://www.basketball-reference.com/players/p/pokusal01.html,2021,2021-01-22,OKC,LAC,@,"L, 106-120",,14:43,1,4,1,4,0,0,0,0,0,3,0,1,1,2,3
Aleksej Pokusevski,https://www.basketball-reference.com/players/p/pokusal01.html,2021,2021-01-24,OKC,LAC,@,"L, 100-108",,17:08,1,8,0,3,0,0,0,4,4,0,1,1,1,0,2
Aleksej Pokusevski,https://www.basketball-reference.com/players/p/pokusal01.html,2021,2021-01-25,OKC,POR,@,"W, 125-122",,20:15,2,4,2,4,0,0,0,3,3,2,0,1,1,1,6
Aleksej Pokusevski,https://www.basketball-reference.com/players/p/pokusal01.html,2021,2021-01-27,OKC,PHO,@,"W, 102-97",,22:25,3,8,1,4,0,0,0,4,4,2,1,3,1,1,7
Aleksej Pokusevski,https://www.basketball-reference.com/players/p/pokusal01.html,2021,2021-01-29,OKC,BRK,,"L, 125-147",,16:25,1,6,0,3,0,0,0,2,2,0,0,0,0,0,2
Aleksej Pokusevski,https://www.basketball-reference.com/players/p/pokusal01.html,2021,2021-02-01,OKC,HOU,,"L, 106-136",,20:04,1,4,0,2,0,0,0,3,3,1,0,1,1,1,2
Aleksej Pokusevski,https://www.basketball-reference.com/players/p/pokusal01.html,2021,2021-02-03,OKC,HOU,,"W, 104-87",,,,,,,,,,,,,,,,,
Aleksej Pokusevski,https://www.basketball-reference.com/players/p/pokusal01.html,2021,2021-02-05,OKC,MIN,,"L, 103-106",,,,,,,,,,,,,,,,,
Aleksej Pokusevski,https://www.basketball-reference.com/players/p/pokusal01.html,2021,2021-02-06,OKC,MIN,,"W, 120-118",,,,,,,,,,,,,,,,,
Aleksej Pokusevski,https://www.basketball-reference.com/players/p/pokusal01.html,2021,2021-02-08,OKC,LAL,@,"L, 112-119 (OT)",,,,,,,,,,,,,,,,,
Aleksej Pokusevski,https://www.basketball-reference.com/players/p/pokusal01.html,2021,2021-02-10,OKC,LAL,@,"L, 113-114 (OT)",,,,,,,,,,,,,,,,,
Aleksej Pokusevski,https://www.basketball-reference.com/players/p/pokusal01.html,2021,2021-02-12,OKC,DEN,@,"L, 95-97",,,,,,,,,,,,,,,,,
Aleksej Pokusevski,https://www.basketball-reference.com/players/p/pokusal01.html,2021,2021-02-14,OKC,MIL,,"W, 114-109",,,,,,,,,,,,,,,,,
Aleksej Pokusevski,https://www.basketball-reference.com/players/p/pokusal01.html,2021,2021-02-16,OKC,POR,,"L, 104-115",,,,,,,,,,,,,,,,,
Aleksej Pokusevski,https://www.basketball-reference.com/players/p/pokusal01.html,2021,2021-02-17,OKC,MEM,@,"L, 113-122",,,,,,,,,,,,,,,,,
Aleksej Pokusevski,https://www.basketball-reference.com/players/p/pokusal01.html,2021,2021-02-19,OKC,MIL,@,"L, 85-98",,,,,,,,,,,,,,,,,
Aleksej Pokusevski,https://www.basketball-reference.com/players/p/pokusal01.html,2021,2021-02-21,OKC,CLE,@,"W, 117-101",,,,,,,,,,,,,,,,,
Aleksej Pokusevski,https://www.basketball-reference.com/players/p/pokusal01.html,2021,2021-02-22,OKC,MIA,,"L, 94-108",,,,,,,,,,,,,,,,,
Aleksej Pokusevski,https://www.basketball-reference.com/players/p/pokusal01.html,2021,2021-02-24,OKC,SAS,,"W, 102-99",,,,,,,,,,,,,,,,,
Aleksej Pokusevski,https://www.basketball-reference.com/players/p/pokusal01.html,2021,2021-02-26,OKC,ATL,,"W, 118-109",,,,,,,,,,,,,,,,,
Aleksej Pokusevski,https://www.basketball-reference.com/players/p/pokusal01.html,2021,2021-02-27,OKC,DEN,,"L, 96-126",,,,,,,,,,,,,,,,,
Aleksej Pokusevski,https://www.basketball-reference.com/players/p/pokusal01.html,2021,2021-03-03,OKC,DAL,@,"L, 78-87",,,,,,,,,,,,,,,,,
Aleksej Pokusevski,https://www.basketball-reference.com/players/p/pokusal01.html,2021,2021-03-04,OKC,SAS,@,"W, 107-102",,,,,,,,,,,,,,,,,
Aleksej Pokusevski,https://www.basketball-reference.com/players/p/pokusal01.html,2021,2021-03-11,OKC,DAL,,"W, 116-108",,29:53,4,11,2,6,4,4,3,5,8,3,0,2,2,3,14
Aleksej Pokusevski,https://www.basketball-reference.com/players/p/pokusal01.html,2021,2021-03-13,OKC,NYK,,"L, 97-119",,29:46,2,11,0,6,0,0,2,5,7,2,0,0,2,1,4
Aleksej Pokusevski,https://www.basketball-reference.com/players/p/pokusal01.html,2021,2021-03-14,OKC,MEM,,"W, 128-122",,39:08,7,13,5,8,4,4,1,9,10,4,1,1,3,1,23
Aleksej Pokusevski,https://www.basketball-reference.com/players/p/pokusal01.html,2021,2021-03-16,OKC,CHI,@,"L, 102-123",,29:21,2,9,0,2,0,0,2,6,8,1,0,0,1,1,4
Aleksej Pokusevski,https://www.basketball-reference.com/players/p/pokusal01.html,2021,2021-03-18,OKC,ATL,@,"L, 93-116",,27:08,2,11,0,3,0,0,2,4,6,2,0,0,1,1,4
Aleksej Pokusevski,https://www.basketball-reference.com/players/p/pokusal01.html,2021,2021-03-21,OKC,HOU,@,"W, 114-112",,28:48,2,9,2,5,3,4,2,7,9,2,2,0,1,2,9
Aleksej Pokusevski,https://www.basketball-reference.com/players/p/pokusal01.html,2021,2021-03-22,OKC,MIN,@,"W, 112-103",,33:19,5,13,3,8,0,0,0,9,9,2,0,3,2,0,13
Aleksej Pokusevski,https://www.basketball-reference.com/players/p/pokusal01.html,2021,2021-03-24,OKC,MEM,,"L, 107-116",,32:22,5,8,1,3,2,2,0,3,3,5,0,1,5,2,13
Aleksej Pokusevski,https://www.basketball-reference.com/players/p/pokusal01.html,2021,2021-03-27,OKC,BOS,,"L, 94-111",,31:03,3,10,0,4,2,2,0,2,2,5,1,1,3,1,8
Aleksej Pokusevski,https://www.basketball-reference.com/players/p/pokusal01.html,2021,2021-03-29,OKC,DAL,,"L, 106-127",,33:57,8,17,3,10,2,3,2,4,6,2,0,0,2,1,21
Aleksej Pokusevski,https://www.basketball-reference.com/players/p/pokusal01.html,2021,2021-03-31,OKC,TOR,,"W, 113-103",,,,,,,,,,,,,,,,,
Aleksej Pokusevski,https://www.basketball-reference.com/players/p/pokusal01.html,2021,2021-04-02,OKC,PHO,@,"L, 103-140",,32:54,7,14,4,6,2,4,2,3,5,4,1,0,2,0,20
Aleksej Pokusevski,https://www.basketball-reference.com/players/p/pokusal01.html,2021,2021-04-03,OKC,POR,@,"L, 85-133",,30:55,3,13,2,6,0,0,0,2,2,4,1,2,4,1,8
Aleksej Pokusevski,https://www.basketball-reference.com/players/p/pokusal01.html,2021,2021-04-05,OKC,DET,,"L, 108-132",,31:30,8,19,2,6,1,1,2,2,4,0,0,2,4,4,19
Aleksej Pokusevski,https://www.basketball-reference.com/players/p/pokusal01.html,2021,2021-04-07,OKC,CHO,,"L, 102-113",,33:27,9,14,7,11,0,0,0,9,9,4,0,0,3,2,25
Aleksej Pokusevski,https://www.basketball-reference.com/players/p/pokusal01.html,2021,2021-04-08,OKC,CLE,,"L, 102-129",,27:30,3,12,2,8,2,2,0,6,6,2,0,2,4,1,10
Aleksej Pokusevski,https://www.basketball-reference.com/players/p/pokusal01.html,2021,2021-04-10,OKC,PHI,,"L, 93-117",,08:28,0,2,0,1,0,0,0,3,3,1,0,0,1,2,0
Aleksej Pokusevski,https://www.basketball-reference.com/players/p/pokusal01.html,2021,2021-04-13,OKC,UTA,@,"L, 96-106",,,,,,,,,,,,,,,,,
Aleksej Pokusevski,https://www.basketball-reference.com/players/p/pokusal01.html,2021,2021-04-14,OKC,GSW,,"L, 109-147",,,,,,,,,,,,,,,,,
Aleksej Pokusevski,https://www.basketball-reference.com/players/p/pokusal01.html,2021,2021-04-16,OKC,DET,@,"L, 104-110",,,,,,,,,,,,,,,,,
Aleksej Pokusevski,https://www.basketball-reference.com/players/p/pokusal01.html,2021,2021-04-18,OKC,TOR,@,"L, 106-112",,28:26,4,14,0,8,0,0,0,7,7,5,0,6,1,4,8
Aleksej Pokusevski,https://www.basketball-reference.com/players/p/pokusal01.html,2021,2021-04-19,OKC,WAS,@,"L, 107-119",,30:02,3,11,2,8,0,2,0,4,4,5,1,0,6,2,8
Aleksej Pokusevski,https://www.basketball-reference.com/players/p/pokusal01.html,2021,2021-04-21,OKC,IND,@,"L, 116-122",,05:22,1,3,0,1,0,0,1,1,2,1,0,0,0,0,2
Aleksej Pokusevski,https://www.basketball-reference.com/players/p/pokusal01.html,2021,2021-04-23,OKC,WAS,,"L, 109-129",,25:29,3,10,0,4,2,2,1,2,3,0,1,2,4,0,8
Aleksej Pokusevski,https://www.basketball-reference.com/players/p/pokusal01.html,2021,2021-04-26,OKC,PHI,@,"L, 90-121",,29:38,3,11,1,6,1,2,0,2,2,5,2,0,5,1,8
Aleksej Pokusevski,https://www.basketball-reference.com/players/p/pokusal01.html,2021,2021-04-27,OKC,BOS,@,"W, 119-115",,27:03,5,12,2,4,0,0,1,5,6,4,0,0,2,3,12
Aleksej Pokusevski,https://www.basketball-reference.com/players/p/pokusal01.html,2021,2021-04-29,OKC,NOP,,"L, 95-109",,27:35,3,16,0,4,2,2,3,6,9,1,1,0,0,2,8
Aleksej Pokusevski,https://www.basketball-reference.com/players/p/pokusal01.html,2021,2021-05-01,OKC,IND,,"L, 95-152",,,,,,,,,,,,,,,,,
Aleksej Pokusevski,https://www.basketball-reference.com/players/p/pokusal01.html,2021,2021-05-02,OKC,PHO,,"L, 120-123",,09:59,2,4,0,1,0,0,0,0,0,2,0,0,0,1,4
Aleksej Pokusevski,https://www.basketball-reference.com/players/p/pokusal01.html,2021,2021-05-04,OKC,SAC,,"L, 99-103",,,,,,,,,,,,,,,,,
Aleksej Pokusevski,https://www.basketball-reference.com/players/p/pokusal01.html,2021,2021-05-06,OKC,GSW,@,"L, 97-118",,,,,,,,,,,,,,,,,
Aleksej Pokusevski,https://www.basketball-reference.com/players/p/pokusal01.html,2021,2021-05-08,OKC,GSW,@,"L, 97-136",,,,,,,,,,,,,,,,,
Aleksej Pokusevski,https://www.basketball-reference.com/players/p/pokusal01.html,2021,2021-05-09,OKC,SAC,@,"L, 98-126",,26:11,5,11,2,7,1,2,0,2,2,5,0,0,3,1,13
Aleksej Pokusevski,https://www.basketball-reference.com/players/p/pokusal01.html,2021,2021-05-11,OKC,SAC,@,"L, 106-122",,32:13,4,8,2,4,0,2,1,2,3,2,0,1,5,2,10
Aleksej Pokusevski,https://www.basketball-reference.com/players/p/pokusal01.html,2021,2021-05-14,OKC,UTA,,"L, 93-109",,31:29,3,10,0,2,0,0,0,9,9,1,1,0,4,2,6
Aleksej Pokusevski,https://www.basketball-reference.com/players/p/pokusal01.html,2021,2021-05-16,OKC,LAC,,"W, 117-112",,40:55,10,19,6,9,3,4,0,8,8,2,0,0,7,1,29
Kenrich Williams,https://www.basketball-reference.com/players/w/willike04.html,2021,2020-12-26,OKC,CHO,@,"W, 109-107",,16:20,1,3,1,2,2,2,1,2,3,2,1,1,1,3,5
Kenrich Williams,https://www.basketball-reference.com/players/w/willike04.html,2021,2020-12-28,OKC,UTA,,"L, 109-110",,11:26,2,3,0,0,0,0,1,0,1,1,0,0,0,2,4
Kenrich Williams,https://www.basketball-reference.com/players/w/willike04.html,2021,2020-12-29,OKC,ORL,,"L, 107-118",,09:34,0,1,0,1,0,0,0,1,1,0,0,0,1,1,0
Kenrich Williams,https://www.basketball-reference.com/players/w/willike04.html,2021,2020-12-31,OKC,NOP,,"L, 80-113",,07:18,0,3,0,1,0,0,1,0,1,0,0,0,0,0,0
Kenrich Williams,https://www.basketball-reference.com/players/w/willike04.html,2021,,,,,,,,,,,,,,,,,,,,,,
Kenrich Williams,https://www.basketball-reference.com/players/w/willike04.html,2021,2021-01-02,OKC,ORL,@,"W, 108-99",,14:35,0,5,0,1,2,2,2,3,5,0,0,0,0,1,2
Kenrich Williams,https://www.basketball-reference.com/players/w/willike04.html,2021,2021-01-04,OKC,MIA,@,"L, 90-118",,08:09,0,0,0,0,2,2,0,1,1,2,1,1,2,0,2
Kenrich Williams,https://www.basketball-reference.com/players/w/willike04.html,2021,2021-01-06,OKC,NOP,@,"W, 111-110",,12:45,1,3,0,1,0,0,0,2,2,2,1,0,1,2,2
Kenrich Williams,https://www.basketball-reference.com/players/w/willike04.html,2021,2021-01-08,OKC,NYK,@,"W, 101-89",,06:23,2,3,1,1,0,0,0,1,1,0,0,0,0,2,5
Kenrich Williams,https://www.basketball-reference.com/players/w/willike04.html,2021,2021-01-10,OKC,BRK,@,"W, 129-116",,13:02,0,1,0,0,0,0,1,1,2,0,0,0,0,3,0
Kenrich Williams,https://www.basketball-reference.com/players/w/willike04.html,2021,2021-01-12,OKC,SAS,,"L, 102-112",,03:26,0,0,0,0,0,0,0,0,0,0,0,1,1,1,0
Kenrich Williams,https://www.basketball-reference.com/players/w/willike04.html,2021,2021-01-13,OKC,LAL,,"L, 99-128",,14:36,4,5,1,2,0,0,1,4,5,4,1,1,0,2,9
Kenrich Williams,https://www.basketball-reference.com/players/w/willike04.html,2021,2021-01-15,OKC,CHI,,"W, 127-125 (OT)",,27:18,6,6,1,1,1,2,1,4,5,2,2,0,0,1,14
Kenrich Williams,https://www.basketball-reference.com/players/w/willike04.html,2021,2021-01-19,OKC,DEN,@,"L, 101-119",,06:08,0,2,0,0,0,0,0,0,0,0,0,0,0,0,0
Kenrich Williams,https://www.basketball-reference.com/players/w/willike04.html,2021,2021-01-22,OKC,LAC,@,"L, 106-120",,09:23,0,1,0,1,0,0,2,1,3,1,1,0,0,2,0
Kenrich Williams,https://www.basketball-reference.com/players/w/willike04.html,2021,2021-01-24,OKC,LAC,@,"L, 100-108",,13:31,3,6,1,1,0,0,2,2,4,1,0,0,0,1,7
Kenrich Williams,https://www.basketball-reference.com/players/w/willike04.html,2021,2021-01-25,OKC,POR,@,"W, 125-122",,21:34,3,7,0,3,1,2,4,3,7,2,1,0,0,2,7
Kenrich Williams,https://www.basketball-reference.com/players/w/willike04.html,2021,2021-01-27,OKC,PHO,@,"W, 102-97",,17:34,1,2,0,0,0,0,1,3,4,3,0,0,1,3,2
Kenrich Williams,https://www.basketball-reference.com/players/w/willike04.html,2021,2021-01-29,OKC,BRK,,"L, 125-147",,05:26,0,0,0,0,0,0,0,0,0,0,1,0,0,0,0
Kenrich Williams,https://www.basketball-reference.com/players/w/willike04.html,2021,2021-02-01,OKC,HOU,,"L, 106-136",,20:17,3,7,1,3,0,0,1,3,4,2,0,0,0,1,7
Kenrich Williams,https://www.basketball-reference.com/players/w/willike04.html,2021,2021-02-03,OKC,HOU,,"W, 104-87",,23:08,7,8,3,3,2,4,2,4,6,2,0,0,1,0,19
Kenrich Williams,https://www.basketball-reference.com/players/w/willike04.html,2021,2021-02-05,OKC,MIN,,"L, 103-106",,36:26,4,6,1,2,0,0,3,1,4,2,2,0,3,2,9
Kenrich Williams,https://www.basketball-reference.com/players/w/willike04.html,2021,2021-02-06,OKC,MIN,,"W, 120-118",,30:26,5,10,0,3,0,0,3,6,9,0,2,0,1,1,10
Kenrich Williams,https://www.basketball-reference.com/players/w/willike04.html,2021,2021-02-08,OKC,LAL,@,"L, 112-119 (OT)",,29:30,3,6,1,1,0,2,6,2,8,2,1,1,0,2,7
Kenrich Williams,https://www.basketball-reference.com/players/w/willike04.html,2021,2021-02-10,OKC,LAL,@,"L, 113-114 (OT)",,40:15,11,14,2,3,0,0,1,5,6,2,3,0,5,5,24
Kenrich Williams,https://www.basketball-reference.com/players/w/willike04.html,2021,2021-02-12,OKC,DEN,@,"L, 95-97",,35:49,3,8,1,1,0,0,4,7,11,9,1,0,2,3,7
Kenrich Williams,https://www.basketball-reference.com/players/w/willike04.html,2021,2021-02-14,OKC,MIL,,"W, 114-109",,33:58,4,8,0,2,2,3,1,3,4,5,1,0,3,2,10
Kenrich Williams,https://www.basketball-reference.com/players/w/willike04.html,2021,2021-02-16,OKC,POR,,"L, 104-115",,19:42,1,2,1,1,0,0,1,7,8,1,1,0,3,4,3
Kenrich Williams,https://www.basketball-reference.com/players/w/willike04.html,2021,2021-02-17,OKC,MEM,@,"L, 113-122",,24:20,1,1,0,0,0,0,1,4,5,3,1,0,0,2,2
Kenrich Williams,https://www.basketball-reference.com/players/w/willike04.html,2021,2021-02-19,OKC,MIL,@,"L, 85-98",,18:39,2,4,0,2,0,0,1,4,5,2,1,1,1,3,4
Kenrich Williams,https://www.basketball-reference.com/players/w/willike04.html,2021,2021-02-21,OKC,CLE,@,"W, 117-101",,18:40,4,6,0,1,0,0,1,2,3,1,4,0,0,2,8
Kenrich Williams,https://www.basketball-reference.com/players/w/willike04.html,2021,2021-02-22,OKC,MIA,,"L, 94-108",,23:35,2,6,1,3,1,2,1,6,7,1,0,0,0,1,6
Kenrich Williams,https://www.basketball-reference.com/players/w/willike04.html,2021,2021-02-24,OKC,SAS,,"W, 102-99",,18:01,1,3,1,1,0,0,1,4,5,1,0,1,2,2,3
Kenrich Williams,https://www.basketball-reference.com/players/w/willike04.html,2021,2021-02-26,OKC,ATL,,"W, 118-109",,25:09,7,9,1,3,0,0,0,2,2,2,0,0,1,1,15
Kenrich Williams,https://www.basketball-reference.com/players/w/willike04.html,2021,2021-02-27,OKC,DEN,,"L, 96-126",,17:43,5,6,1,1,1,2,2,3,5,1,0,0,2,4,12
Kenrich Williams,https://www.basketball-reference.com/players/w/willike04.html,2021,2021-03-03,OKC,DAL,@,"L, 78-87",,21:17,3,7,1,2,1,1,1,3,4,1,1,0,1,1,8
Kenrich Williams,https://www.basketball-reference.com/players/w/willike04.html,2021,2021-03-04,OKC,SAS,@,"W, 107-102",,25:25,4,6,1,3,0,0,1,3,4,2,1,0,1,2,9
Kenrich Williams,https://www.basketball-reference.com/players/w/willike04.html,2021,2021-03-11,OKC,DAL,,"W, 116-108",,17:39,2,4,0,1,0,2,1,2,3,1,0,0,0,2,4
Kenrich Williams,https://www.basketball-reference.com/players/w/willike04.html,2021,2021-03-13,OKC,NYK,,"L, 97-119",,28:14,6,10,0,2,1,3,0,2,2,3,1,0,2,1,13
Kenrich Williams,https://www.basketball-reference.com/players/w/willike04.html,2021,2021-03-14,OKC,MEM,,"W, 128-122",,25:35,7,8,1,1,2,4,1,3,4,3,0,0,1,3,17
Kenrich Williams,https://www.basketball-reference.com/players/w/willike04.html,2021,2021-03-16,OKC,CHI,@,"L, 102-123",,23:48,6,9,2,2,0,0,0,5,5,4,0,0,1,0,14
Kenrich Williams,https://www.basketball-reference.com/players/w/willike04.html,2021,2021-03-18,OKC,ATL,@,"L, 93-116",,23:37,4,10,0,2,2,4,2,4,6,2,1,0,1,2,10
Kenrich Williams,https://www.basketball-reference.com/players/w/willike04.html,2021,2021-03-21,OKC,HOU,@,"W, 114-112",,21:39,3,4,1,2,0,0,3,3,6,4,0,0,2,0,7
Kenrich Williams,https://www.basketball-reference.com/players/w/willike04.html,2021,2021-03-22,OKC,MIN,@,"W, 112-103",,20:42,5,7,2,2,0,0,1,3,4,3,0,0,2,3,12
Kenrich Williams,https://www.basketball-reference.com/players/w/willike04.html,2021,2021-03-24,OKC,MEM,,"L, 107-116",,19:13,5,6,1,1,0,0,0,3,3,4,0,1,1,2,11
Kenrich Williams,https://www.basketball-reference.com/players/w/willike04.html,2021,2021-03-27,OKC,BOS,,"L, 94-111",,29:42,5,9,2,4,0,0,0,1,1,2,2,1,1,3,12
Kenrich Williams,https://www.basketball-reference.com/players/w/willike04.html,2021,2021-03-29,OKC,DAL,,"L, 106-127",,20:50,4,8,0,2,0,0,0,5,5,3,0,0,1,2,8
Kenrich Williams,https://www.basketball-reference.com/players/w/willike04.html,2021,2021-03-31,OKC,TOR,,"W, 113-103",,28:04,4,6,2,2,0,0,2,6,8,1,0,1,2,5,10
Kenrich Williams,https://www.basketball-reference.com/players/w/willike04.html,2021,2021-04-02,OKC,PHO,@,"L, 103-140",,22:33,4,10,2,4,0,0,1,2,3,3,1,1,0,3,10
Kenrich Williams,https://www.basketball-reference.com/players/w/willike04.html,2021,2021-04-03,OKC,POR,@,"L, 85-133",,25:15,7,13,1,3,3,3,1,4,5,2,0,1,0,3,18
Kenrich Williams,https://www.basketball-reference.com/players/w/willike04.html,2021,2021-04-05,OKC,DET,,"L, 108-132",,21:38,2,10,0,3,2,2,3,1,4,2,1,0,1,4,6
Kenrich Williams,https://www.basketball-reference.com/players/w/willike04.html,2021,2021-04-07,OKC,CHO,,"L, 102-113",,34:22,2,12,1,3,1,4,2,7,9,9,3,0,2,3,6
Kenrich Williams,https://www.basketball-reference.com/players/w/willike04.html,2021,2021-04-08,OKC,CLE,,"L, 102-129",,30:59,5,9,2,2,0,0,2,5,7,9,1,0,2,5,12
Kenrich Williams,https://www.basketball-reference.com/players/w/willike04.html,2021,2021-04-10,OKC,PHI,,"L, 93-117",,20:38,2,4,0,1,0,0,0,1,1,1,0,0,0,2,4
Kenrich Williams,https://www.basketball-reference.com/players/w/willike04.html,2021,2021-04-13,OKC,UTA,@,"L, 96-106",,21:15,3,7,0,0,0,0,1,3,4,2,0,0,1,3,6
Kenrich Williams,https://www.basketball-reference.com/players/w/willike04.html,2021,2021-04-14,OKC,GSW,,"L, 109-147",,22:56,1,7,1,2,1,2,0,2,2,3,0,0,1,3,4
Kenrich Williams,https://www.basketball-reference.com/players/w/willike04.html,2021,2021-04-16,OKC,DET,@,"L, 104-110",,25:34,0,3,0,2,0,0,2,4,6,4,2,0,2,3,0
Kenrich Williams,https://www.basketball-reference.com/players/w/willike04.html,2021,2021-04-18,OKC,TOR,@,"L, 106-112",,21:17,4,5,2,2,2,2,2,0,2,2,2,0,1,0,12
Kenrich Williams,https://www.basketball-reference.com/players/w/willike04.html,2021,2021-04-19,OKC,WAS,@,"L, 107-119",,35:09,5,10,2,4,3,4,3,4,7,3,0,0,2,5,15
Kenrich Williams,https://www.basketball-reference.com/players/w/willike04.html,2021,2021-04-21,OKC,IND,@,"L, 116-122",,27:35,6,12,2,3,1,3,3,4,7,2,2,1,3,2,15
Kenrich Williams,https://www.basketball-reference.com/players/w/willike04.html,2021,2021-04-23,OKC,WAS,,"L, 109-129",,24:57,3,6,0,1,0,0,1,2,3,1,1,1,1,3,6
Kenrich Williams,https://www.basketball-reference.com/players/w/willike04.html,2021,2021-04-26,OKC,PHI,@,"L, 90-121",,26:04,4,5,0,1,0,2,1,3,4,4,0,0,5,1,8
Kenrich Williams,https://www.basketball-reference.com/players/w/willike04.html,2021,2021-04-27,OKC,BOS,@,"W, 119-115",,23:35,3,5,0,2,2,2,2,2,4,1,1,1,2,3,8
Kenrich Williams,https://www.basketball-reference.com/players/w/willike04.html,2021,2021-04-29,OKC,NOP,,"L, 95-109",,,,,,,,,,,,,,,,,
Kenrich Williams,https://www.basketball-reference.com/players/w/willike04.html,2021,2021-05-01,OKC,IND,,"L, 95-152",,19:09,4,9,0,2,0,0,0,1,1,4,3,0,0,2,8
Kenrich Williams,https://www.basketball-reference.com/players/w/willike04.html,2021,2021-05-02,OKC,PHO,,"L, 120-123",,29:46,6,11,2,3,1,2,1,4,5,2,1,0,2,4,15
Kenrich Williams,https://www.basketball-reference.com/players/w/willike04.html,2021,2021-05-04,OKC,SAC,,"L, 99-103",,,,,,,,,,,,,,,,,
Kenrich Williams,https://www.basketball-reference.com/players/w/willike04.html,2021,2021-05-06,OKC,GSW,@,"L, 97-118",,,,,,,,,,,,,,,,,
Kenrich Williams,https://www.basketball-reference.com/players/w/willike04.html,2021,2021-05-08,OKC,GSW,@,"L, 97-136",,20:25,6,9,1,3,0,0,1,4,5,5,1,0,3,3,13
Kenrich Williams,https://www.basketball-reference.com/players/w/willike04.html,2021,2021-05-09,OKC,SAC,@,"L, 98-126",,,,,,,,,,,,,,,,,
Kenrich Williams,https://www.basketball-reference.com/players/w/willike04.html,2021,2021-05-11,OKC,SAC,@,"L, 106-122",,32:57,8,15,4,5,0,0,0,2,2,4,4,2,1,4,20
Kenrich Williams,https://www.basketball-reference.com/players/w/willike04.html,2021,2021-05-14,OKC,UTA,,"L, 93-109",,,,,,,,,,,,,,,,,
Kenrich Williams,https://www.basketball-reference.com/players/w/willike04.html,2021,2021-05-16,OKC,LAC,,"W, 117-112",,,,,,,,,,,,,,,,,
Cole Anthony,https://www.basketball-reference.com/players/a/anthoco01.html,2021,2020-12-23,ORL,MIA,,"W, 113-107",,19:11,3,5,0,1,0,0,0,2,2,6,2,0,3,1,6
Cole Anthony,https://www.basketball-reference.com/players/a/anthoco01.html,2021,2020-12-26,ORL,WAS,@,"W, 130-120",,16:55,4,11,1,4,0,0,1,4,5,5,0,0,0,2,9
Cole Anthony,https://www.basketball-reference.com/players/a/anthoco01.html,2021,2020-12-27,ORL,WAS,@,"W, 120-113",,18:57,3,9,0,2,6,6,4,3,7,3,0,0,0,1,12
Cole Anthony,https://www.basketball-reference.com/players/a/anthoco01.html,2021,2020-12-29,ORL,OKC,@,"W, 118-107",,16:20,1,5,1,2,4,4,1,3,4,3,1,0,0,2,7
Cole Anthony,https://www.basketball-reference.com/players/a/anthoco01.html,2021,2020-12-31,ORL,PHI,,"L, 92-116",,30:20,5,18,1,4,5,5,1,6,7,2,0,0,2,2,16
Cole Anthony,https://www.basketball-reference.com/players/a/anthoco01.html,2021,,,,,,,,,,,,,,,,,,,,,,
Cole Anthony,https://www.basketball-reference.com/players/a/anthoco01.html,2021,2021-01-02,ORL,OKC,,"L, 99-108",,17:07,1,7,0,2,0,0,2,3,5,1,0,0,0,2,2
Cole Anthony,https://www.basketball-reference.com/players/a/anthoco01.html,2021,2021-01-04,ORL,CLE,,"W, 103-83",,21:29,2,9,1,2,4,5,1,4,5,4,0,1,1,3,9
Cole Anthony,https://www.basketball-reference.com/players/a/anthoco01.html,2021,2021-01-06,ORL,CLE,,"W, 105-94",,32:06,4,12,0,4,0,0,0,4,4,3,0,1,3,1,8
Cole Anthony,https://www.basketball-reference.com/players/a/anthoco01.html,2021,2021-01-08,ORL,HOU,@,"L, 90-132",,28:06,6,14,0,3,3,4,1,1,2,3,2,0,4,1,15
Cole Anthony,https://www.basketball-reference.com/players/a/anthoco01.html,2021,2021-01-09,ORL,DAL,@,"L, 98-112",,32:06,2,8,1,5,3,4,0,2,2,3,0,0,2,2,8
Cole Anthony,https://www.basketball-reference.com/players/a/anthoco01.html,2021,2021-01-11,ORL,MIL,,"L, 99-121",,23:11,4,13,1,4,3,3,0,3,3,1,1,0,2,2,12
Cole Anthony,https://www.basketball-reference.com/players/a/anthoco01.html,2021,2021-01-15,ORL,BOS,@,"L, 97-124",,27:24,7,18,1,6,0,1,1,5,6,3,0,0,5,2,15
Cole Anthony,https://www.basketball-reference.com/players/a/anthoco01.html,2021,2021-01-16,ORL,BRK,@,"L, 115-122",,29:26,6,15,2,5,2,2,0,3,3,8,3,1,1,3,16
Cole Anthony,https://www.basketball-reference.com/players/a/anthoco01.html,2021,2021-01-18,ORL,NYK,@,"L, 84-91",,27:42,2,12,2,5,0,0,0,5,5,1,1,1,1,3,6
Cole Anthony,https://www.basketball-reference.com/players/a/anthoco01.html,2021,2021-01-20,ORL,MIN,@,"W, 97-96",,27:57,5,7,3,3,0,0,0,7,7,3,0,1,1,3,13
Cole Anthony,https://www.basketball-reference.com/players/a/anthoco01.html,2021,2021-01-22,ORL,IND,@,"L, 118-120 (OT)",,35:46,3,7,1,1,2,2,1,4,5,2,1,1,1,2,9
Cole Anthony,https://www.basketball-reference.com/players/a/anthoco01.html,2021,2021-01-24,ORL,CHO,,"L, 104-107",,32:37,6,13,2,4,0,0,2,3,5,6,1,1,2,2,14
Cole Anthony,https://www.basketball-reference.com/players/a/anthoco01.html,2021,2021-01-25,ORL,CHO,,"W, 117-108",,30:54,8,12,4,5,1,3,1,4,5,3,0,0,3,5,21
Cole Anthony,https://www.basketball-reference.com/players/a/anthoco01.html,2021,2021-01-27,ORL,SAC,,"L, 107-121",,30:29,2,9,1,2,2,2,0,3,3,6,0,2,2,3,7
Cole Anthony,https://www.basketball-reference.com/players/a/anthoco01.html,2021,2021-01-29,ORL,LAC,,"L, 90-116",,30:06,2,10,0,5,2,2,0,3,3,6,0,0,4,2,6
Cole Anthony,https://www.basketball-reference.com/players/a/anthoco01.html,2021,2021-01-31,ORL,TOR,@,"L, 102-115",,32:22,5,10,1,3,5,6,1,4,5,6,0,0,2,3,16
Cole Anthony,https://www.basketball-reference.com/players/a/anthoco01.html,2021,2021-02-02,ORL,TOR,,"L, 108-123",,30:35,7,12,1,3,1,1,1,6,7,2,1,0,4,1,16
Cole Anthony,https://www.basketball-reference.com/players/a/anthoco01.html,2021,2021-02-05,ORL,CHI,,"W, 123-119",,32:27,6,10,2,3,3,5,0,4,4,9,2,0,4,2,17
Cole Anthony,https://www.basketball-reference.com/players/a/anthoco01.html,2021,2021-02-06,ORL,CHI,,"L, 92-118",,29:19,5,16,1,3,0,0,2,1,3,5,2,2,2,1,11
Cole Anthony,https://www.basketball-reference.com/players/a/anthoco01.html,2021,2021-02-09,ORL,POR,@,"L, 97-106",,14:10,2,7,0,2,0,0,0,4,4,0,0,0,2,0,4
Cole Anthony,https://www.basketball-reference.com/players/a/anthoco01.html,2021,2021-02-11,ORL,GSW,@,"L, 105-111",,,,,,,,,,,,,,,,,
Cole Anthony,https://www.basketball-reference.com/players/a/anthoco01.html,2021,2021-02-12,ORL,SAC,@,"W, 123-112",,,,,,,,,,,,,,,,,
Cole Anthony,https://www.basketball-reference.com/players/a/anthoco01.html,2021,2021-02-14,ORL,PHO,@,"L, 90-109",,,,,,,,,,,,,,,,,
Cole Anthony,https://www.basketball-reference.com/players/a/anthoco01.html,2021,2021-02-17,ORL,NYK,,"W, 107-89",,,,,,,,,,,,,,,,,
Cole Anthony,https://www.basketball-reference.com/players/a/anthoco01.html,2021,2021-02-19,ORL,GSW,,"W, 124-120",,,,,,,,,,,,,,,,,
Cole Anthony,https://www.basketball-reference.com/players/a/anthoco01.html,2021,2021-02-21,ORL,DET,,"W, 105-96",,,,,,,,,,,,,,,,,
Cole Anthony,https://www.basketball-reference.com/players/a/anthoco01.html,2021,2021-02-23,ORL,DET,,"L, 93-105",,,,,,,,,,,,,,,,,
Cole Anthony,https://www.basketball-reference.com/players/a/anthoco01.html,2021,2021-02-25,ORL,BRK,@,"L, 92-129",,,,,,,,,,,,,,,,,
Cole Anthony,https://www.basketball-reference.com/players/a/anthoco01.html,2021,2021-02-27,ORL,UTA,,"L, 109-124",,,,,,,,,,,,,,,,,
Cole Anthony,https://www.basketball-reference.com/players/a/anthoco01.html,2021,2021-03-01,ORL,DAL,,"L, 124-130",,,,,,,,,,,,,,,,,
Cole Anthony,https://www.basketball-reference.com/players/a/anthoco01.html,2021,2021-03-03,ORL,ATL,,"L, 112-115",,,,,,,,,,,,,,,,,
Cole Anthony,https://www.basketball-reference.com/players/a/anthoco01.html,2021,2021-03-11,ORL,MIA,@,"L, 103-111",,,,,,,,,,,,,,,,,
Cole Anthony,https://www.basketball-reference.com/players/a/anthoco01.html,2021,2021-03-12,ORL,SAS,@,"L, 77-104",,,,,,,,,,,,,,,,,
Cole Anthony,https://www.basketball-reference.com/players/a/anthoco01.html,2021,2021-03-14,ORL,MIA,,"L, 97-102",,,,,,,,,,,,,,,,,
Cole Anthony,https://www.basketball-reference.com/players/a/anthoco01.html,2021,2021-03-18,ORL,NYK,@,"L, 93-94",,,,,,,,,,,,,,,,,
Cole Anthony,https://www.basketball-reference.com/players/a/anthoco01.html,2021,2021-03-19,ORL,BRK,,"W, 121-113",,,,,,,,,,,,,,,,,
Cole Anthony,https://www.basketball-reference.com/players/a/anthoco01.html,2021,2021-03-21,ORL,BOS,@,"L, 96-112",,,,,,,,,,,,,,,,,
Cole Anthony,https://www.basketball-reference.com/players/a/anthoco01.html,2021,2021-03-23,ORL,DEN,,"L, 99-110",,,,,,,,,,,,,,,,,
Cole Anthony,https://www.basketball-reference.com/players/a/anthoco01.html,2021,2021-03-24,ORL,PHO,,"W, 112-111",,,,,,,,,,,,,,,,,
Cole Anthony,https://www.basketball-reference.com/players/a/anthoco01.html,2021,2021-03-26,ORL,POR,,"L, 105-112",,,,,,,,,,,,,,,,,
Cole Anthony,https://www.basketball-reference.com/players/a/anthoco01.html,2021,2021-03-28,ORL,LAL,@,"L, 93-96",,,,,,,,,,,,,,,,,
Cole Anthony,https://www.basketball-reference.com/players/a/anthoco01.html,2021,2021-03-30,ORL,LAC,@,"W, 103-96",,,,,,,,,,,,,,,,,
Cole Anthony,https://www.basketball-reference.com/players/a/anthoco01.html,2021,2021-04-01,ORL,NOP,@,"W, 115-110 (OT)",,,,,,,,,,,,,,,,,
Cole Anthony,https://www.basketball-reference.com/players/a/anthoco01.html,2021,2021-04-03,ORL,UTA,@,"L, 91-137",,,,,,,,,,,,,,,,,
Cole Anthony,https://www.basketball-reference.com/players/a/anthoco01.html,2021,2021-04-04,ORL,DEN,@,"L, 109-119",,,,,,,,,,,,,,,,,
Cole Anthony,https://www.basketball-reference.com/players/a/anthoco01.html,2021,2021-04-07,ORL,WAS,,"L, 116-131",,25:39,5,14,2,4,1,2,1,0,1,7,0,0,1,1,13
Cole Anthony,https://www.basketball-reference.com/players/a/anthoco01.html,2021,2021-04-09,ORL,IND,,"L, 106-111",,25:32,3,12,0,2,2,2,4,5,9,5,0,1,1,4,8
Cole Anthony,https://www.basketball-reference.com/players/a/anthoco01.html,2021,2021-04-11,ORL,MIL,,"L, 87-124",,26:40,5,16,0,6,2,2,1,6,7,5,1,1,1,1,12
Cole Anthony,https://www.basketball-reference.com/players/a/anthoco01.html,2021,2021-04-12,ORL,SAS,,"L, 97-120",,21:14,5,8,0,2,2,2,0,3,3,3,1,0,2,3,12
Cole Anthony,https://www.basketball-reference.com/players/a/anthoco01.html,2021,2021-04-14,ORL,CHI,@,"W, 115-106",,20:55,5,7,0,1,0,0,0,3,3,5,0,0,1,1,10
Cole Anthony,https://www.basketball-reference.com/players/a/anthoco01.html,2021,2021-04-16,ORL,TOR,@,"L, 102-113",,29:06,6,12,3,5,4,5,1,6,7,5,0,0,2,3,19
Cole Anthony,https://www.basketball-reference.com/players/a/anthoco01.html,2021,2021-04-18,ORL,HOU,,"L, 110-114",,33:58,5,14,1,6,5,5,1,3,4,9,1,2,4,4,16
Cole Anthony,https://www.basketball-reference.com/players/a/anthoco01.html,2021,2021-04-20,ORL,ATL,@,"L, 96-112",,30:59,6,15,1,6,4,5,0,5,5,8,2,0,2,1,17
Cole Anthony,https://www.basketball-reference.com/players/a/anthoco01.html,2021,2021-04-22,ORL,NOP,,"L, 100-135",,25:08,6,13,2,4,0,2,1,1,2,3,1,0,0,1,14
Cole Anthony,https://www.basketball-reference.com/players/a/anthoco01.html,2021,2021-04-25,ORL,IND,,"L, 112-131",,29:06,5,14,1,3,3,4,1,6,7,7,0,1,1,2,14
Cole Anthony,https://www.basketball-reference.com/players/a/anthoco01.html,2021,2021-04-26,ORL,LAL,,"L, 103-114",,33:28,6,11,3,4,0,2,0,4,4,7,0,1,0,2,15
Cole Anthony,https://www.basketball-reference.com/players/a/anthoco01.html,2021,2021-04-28,ORL,CLE,@,"W, 109-104",,31:08,6,12,1,4,5,5,1,3,4,3,0,0,5,3,18
Cole Anthony,https://www.basketball-reference.com/players/a/anthoco01.html,2021,2021-04-30,ORL,MEM,@,"L, 75-92",,29:03,7,14,1,3,0,0,1,5,6,2,0,0,3,4,15
Cole Anthony,https://www.basketball-reference.com/players/a/anthoco01.html,2021,2021-05-01,ORL,MEM,,"W, 112-111",,35:32,6,15,4,6,10,11,1,7,8,6,3,0,5,2,26
Cole Anthony,https://www.basketball-reference.com/players/a/anthoco01.html,2021,2021-05-03,ORL,DET,@,"W, 119-112",,21:07,3,7,1,1,1,2,0,4,4,4,0,0,3,2,8
Cole Anthony,https://www.basketball-reference.com/players/a/anthoco01.html,2021,2021-05-05,ORL,BOS,,"L, 96-132",,21:48,2,10,0,2,0,0,0,3,3,4,0,0,3,1,4
Cole Anthony,https://www.basketball-reference.com/players/a/anthoco01.html,2021,2021-05-07,ORL,CHO,@,"L, 112-122",,29:19,6,14,2,5,6,6,2,3,5,1,1,1,2,5,20
Cole Anthony,https://www.basketball-reference.com/players/a/anthoco01.html,2021,2021-05-09,ORL,MIN,,"L, 96-128",,24:13,4,13,1,5,2,2,0,4,4,3,0,0,3,0,11
Cole Anthony,https://www.basketball-reference.com/players/a/anthoco01.html,2021,2021-05-11,ORL,MIL,@,"L, 102-114",,30:26,8,16,2,6,0,0,0,4,4,0,0,0,4,0,18
Cole Anthony,https://www.basketball-reference.com/players/a/anthoco01.html,2021,2021-05-13,ORL,ATL,@,"L, 93-116",,23:06,5,12,1,3,1,2,1,6,7,6,1,0,1,1,12
Cole Anthony,https://www.basketball-reference.com/players/a/anthoco01.html,2021,2021-05-14,ORL,PHI,@,"L, 97-122",,20:33,4,9,2,2,1,3,0,5,5,3,1,0,5,3,11
Cole Anthony,https://www.basketball-reference.com/players/a/anthoco01.html,2021,2021-05-16,ORL,PHI,@,"L, 117-128",,37:50,10,25,3,9,14,14,2,6,8,2,1,0,6,3,37
Dwayne Bacon,https://www.basketball-reference.com/players/b/bacondw01.html,2021,2020-12-23,ORL,MIA,,"W, 113-107",,18:59,0,5,0,1,0,0,0,3,3,3,0,0,0,2,0
Dwayne Bacon,https://www.basketball-reference.com/players/b/bacondw01.html,2021,2020-12-26,ORL,WAS,@,"W, 130-120",,20:21,2,3,2,2,0,0,0,1,1,1,1,0,1,1,6
Dwayne Bacon,https://www.basketball-reference.com/players/b/bacondw01.html,2021,2020-12-27,ORL,WAS,@,"W, 120-113",,17:16,2,4,0,1,2,2,0,3,3,0,0,1,1,1,6
Dwayne Bacon,https://www.basketball-reference.com/players/b/bacondw01.html,2021,2020-12-29,ORL,OKC,@,"W, 118-107",,23:06,9,10,0,0,0,0,1,7,8,0,0,0,0,2,18
Dwayne Bacon,https://www.basketball-reference.com/players/b/bacondw01.html,2021,2020-12-31,ORL,PHI,,"L, 92-116",,27:31,4,9,1,3,1,2,0,3,3,1,0,0,2,1,10
Dwayne Bacon,https://www.basketball-reference.com/players/b/bacondw01.html,2021,,,,,,,,,,,,,,,,,,,,,,
Dwayne Bacon,https://www.basketball-reference.com/players/b/bacondw01.html,2021,2021-01-02,ORL,OKC,,"L, 99-108",,29:57,2,11,0,4,1,1,0,4,4,1,1,0,0,3,5
Dwayne Bacon,https://www.basketball-reference.com/players/b/bacondw01.html,2021,2021-01-04,ORL,CLE,,"W, 103-83",,25:16,3,7,2,4,0,0,0,2,2,1,1,0,3,0,8
Dwayne Bacon,https://www.basketball-reference.com/players/b/bacondw01.html,2021,2021-01-06,ORL,CLE,,"W, 105-94",,31:31,8,14,2,5,1,1,0,2,2,1,0,0,0,0,19
Dwayne Bacon,https://www.basketball-reference.com/players/b/bacondw01.html,2021,2021-01-08,ORL,HOU,@,"L, 90-132",,27:55,4,10,0,1,2,3,0,1,1,1,0,0,1,2,10
Dwayne Bacon,https://www.basketball-reference.com/players/b/bacondw01.html,2021,2021-01-09,ORL,DAL,@,"L, 98-112",,27:22,4,13,0,1,1,2,2,1,3,1,1,0,0,4,9
Dwayne Bacon,https://www.basketball-reference.com/players/b/bacondw01.html,2021,2021-01-11,ORL,MIL,,"L, 99-121",,28:28,5,11,0,1,1,2,0,3,3,0,0,1,1,2,11
Dwayne Bacon,https://www.basketball-reference.com/players/b/bacondw01.html,2021,2021-01-15,ORL,BOS,@,"L, 97-124",,25:36,5,14,0,1,5,7,3,5,8,1,0,0,0,1,15
Dwayne Bacon,https://www.basketball-reference.com/players/b/bacondw01.html,2021,2021-01-16,ORL,BRK,@,"L, 115-122",,28:40,4,10,1,3,1,2,0,0,0,0,2,0,0,2,10
Dwayne Bacon,https://www.basketball-reference.com/players/b/bacondw01.html,2021,2021-01-18,ORL,NYK,@,"L, 84-91",,27:10,1,7,0,3,0,0,0,1,1,1,0,0,1,5,2
Dwayne Bacon,https://www.basketball-reference.com/players/b/bacondw01.html,2021,2021-01-20,ORL,MIN,@,"W, 97-96",,19:41,2,5,0,1,0,0,0,4,4,1,0,0,0,0,4
Dwayne Bacon,https://www.basketball-reference.com/players/b/bacondw01.html,2021,2021-01-22,ORL,IND,@,"L, 118-120 (OT)",,17:19,7,12,2,3,0,0,0,1,1,1,1,0,1,2,16
Dwayne Bacon,https://www.basketball-reference.com/players/b/bacondw01.html,2021,2021-01-24,ORL,CHO,,"L, 104-107",,18:15,1,7,0,3,0,0,0,3,3,2,0,0,3,4,2
Dwayne Bacon,https://www.basketball-reference.com/players/b/bacondw01.html,2021,2021-01-25,ORL,CHO,,"W, 117-108",,18:02,6,11,1,2,2,2,0,3,3,0,1,0,0,1,15
Dwayne Bacon,https://www.basketball-reference.com/players/b/bacondw01.html,2021,2021-01-27,ORL,SAC,,"L, 107-121",,17:50,4,12,0,1,4,4,1,3,4,0,3,0,0,4,12
Dwayne Bacon,https://www.basketball-reference.com/players/b/bacondw01.html,2021,2021-01-29,ORL,LAC,,"L, 90-116",,22:37,1,7,1,3,3,4,0,6,6,4,2,0,1,0,6
Dwayne Bacon,https://www.basketball-reference.com/players/b/bacondw01.html,2021,2021-01-31,ORL,TOR,@,"L, 102-115",,19:38,5,10,2,3,1,1,0,1,1,1,2,0,1,0,13
Dwayne Bacon,https://www.basketball-reference.com/players/b/bacondw01.html,2021,2021-02-02,ORL,TOR,,"L, 108-123",,21:18,5,10,4,6,1,1,1,4,5,1,0,0,0,0,15
Dwayne Bacon,https://www.basketball-reference.com/players/b/bacondw01.html,2021,2021-02-05,ORL,CHI,,"W, 123-119",,18:55,2,5,0,1,3,5,0,3,3,0,0,0,0,2,7
Dwayne Bacon,https://www.basketball-reference.com/players/b/bacondw01.html,2021,2021-02-06,ORL,CHI,,"L, 92-118",,30:33,6,14,2,3,2,2,1,2,3,0,1,0,0,1,16
Dwayne Bacon,https://www.basketball-reference.com/players/b/bacondw01.html,2021,2021-02-09,ORL,POR,@,"L, 97-106",,30:41,4,12,3,6,0,1,1,3,4,2,0,0,0,1,11
Dwayne Bacon,https://www.basketball-reference.com/players/b/bacondw01.html,2021,2021-02-11,ORL,GSW,@,"L, 105-111",,36:50,7,18,4,7,2,2,1,2,3,1,3,0,2,3,20
Dwayne Bacon,https://www.basketball-reference.com/players/b/bacondw01.html,2021,2021-02-12,ORL,SAC,@,"W, 123-112",,38:51,3,8,1,5,4,4,0,4,4,4,1,0,1,1,11
Dwayne Bacon,https://www.basketball-reference.com/players/b/bacondw01.html,2021,2021-02-14,ORL,PHO,@,"L, 90-109",,32:44,6,12,0,6,7,7,0,2,2,1,1,0,1,2,19
Dwayne Bacon,https://www.basketball-reference.com/players/b/bacondw01.html,2021,2021-02-17,ORL,NYK,,"W, 107-89",,18:22,6,8,3,3,0,0,1,2,3,0,1,1,0,1,15
Dwayne Bacon,https://www.basketball-reference.com/players/b/bacondw01.html,2021,2021-02-19,ORL,GSW,,"W, 124-120",,16:24,0,0,0,0,0,0,0,0,0,0,0,0,0,1,0
Dwayne Bacon,https://www.basketball-reference.com/players/b/bacondw01.html,2021,2021-02-21,ORL,DET,,"W, 105-96",,16:43,2,7,1,4,2,2,0,3,3,0,0,0,1,2,7
Dwayne Bacon,https://www.basketball-reference.com/players/b/bacondw01.html,2021,2021-02-23,ORL,DET,,"L, 93-105",,18:10,4,12,0,2,0,0,0,1,1,0,0,0,0,2,8
Dwayne Bacon,https://www.basketball-reference.com/players/b/bacondw01.html,2021,2021-02-25,ORL,BRK,@,"L, 92-129",,24:21,4,10,1,6,2,2,0,2,2,0,0,0,4,1,11
Dwayne Bacon,https://www.basketball-reference.com/players/b/bacondw01.html,2021,2021-02-27,ORL,UTA,,"L, 109-124",,29:10,5,8,1,3,2,2,0,3,3,0,0,0,0,0,13
Dwayne Bacon,https://www.basketball-reference.com/players/b/bacondw01.html,2021,2021-03-01,ORL,DAL,,"L, 124-130",,30:50,2,9,0,2,3,4,0,1,1,1,0,0,0,3,7
Dwayne Bacon,https://www.basketball-reference.com/players/b/bacondw01.html,2021,2021-03-03,ORL,ATL,,"L, 112-115",,29:39,1,4,0,2,4,4,0,2,2,4,1,0,1,0,6
Dwayne Bacon,https://www.basketball-reference.com/players/b/bacondw01.html,2021,2021-03-11,ORL,MIA,@,"L, 103-111",,31:41,6,15,3,5,6,6,0,3,3,2,0,0,1,3,21
Dwayne Bacon,https://www.basketball-reference.com/players/b/bacondw01.html,2021,2021-03-12,ORL,SAS,@,"L, 77-104",,33:14,5,16,3,8,2,2,0,2,2,3,0,0,1,1,15
Dwayne Bacon,https://www.basketball-reference.com/players/b/bacondw01.html,2021,2021-03-14,ORL,MIA,,"L, 97-102",,31:34,2,9,1,6,4,4,0,6,6,2,0,0,1,3,9
Dwayne Bacon,https://www.basketball-reference.com/players/b/bacondw01.html,2021,2021-03-18,ORL,NYK,@,"L, 93-94",,26:15,3,6,1,3,0,0,0,3,3,0,0,0,0,1,7
Dwayne Bacon,https://www.basketball-reference.com/players/b/bacondw01.html,2021,2021-03-19,ORL,BRK,,"W, 121-113",,27:57,2,7,1,4,0,0,0,2,2,4,0,0,0,2,5
Dwayne Bacon,https://www.basketball-reference.com/players/b/bacondw01.html,2021,2021-03-21,ORL,BOS,@,"L, 96-112",,18:19,1,7,1,3,2,2,0,2,2,0,0,0,0,1,5
Dwayne Bacon,https://www.basketball-reference.com/players/b/bacondw01.html,2021,2021-03-23,ORL,DEN,,"L, 99-110",,16:26,0,2,0,0,0,0,0,1,1,1,0,0,0,1,0
Dwayne Bacon,https://www.basketball-reference.com/players/b/bacondw01.html,2021,2021-03-24,ORL,PHO,,"W, 112-111",,23:42,4,7,0,1,3,4,0,3,3,2,0,0,1,2,11
Dwayne Bacon,https://www.basketball-reference.com/players/b/bacondw01.html,2021,2021-03-26,ORL,POR,,"L, 105-112",,34:21,7,19,1,3,2,4,0,3,3,6,1,0,1,2,17
Dwayne Bacon,https://www.basketball-reference.com/players/b/bacondw01.html,2021,2021-03-28,ORL,LAL,@,"L, 93-96",,33:10,9,19,2,6,6,6,1,7,8,1,0,0,1,2,26
Dwayne Bacon,https://www.basketball-reference.com/players/b/bacondw01.html,2021,2021-03-30,ORL,LAC,@,"W, 103-96",,20:51,4,9,0,1,0,0,1,2,3,0,1,0,0,1,8
Dwayne Bacon,https://www.basketball-reference.com/players/b/bacondw01.html,2021,2021-04-01,ORL,NOP,@,"W, 115-110 (OT)",,32:40,5,13,0,2,4,5,0,2,2,2,2,0,0,1,14
Dwayne Bacon,https://www.basketball-reference.com/players/b/bacondw01.html,2021,2021-04-03,ORL,UTA,@,"L, 91-137",,36:36,5,15,0,5,3,4,1,2,3,0,0,0,1,3,13
Dwayne Bacon,https://www.basketball-reference.com/players/b/bacondw01.html,2021,2021-04-04,ORL,DEN,@,"L, 109-119",,31:02,3,11,1,4,1,2,1,5,6,4,0,1,1,3,8
Dwayne Bacon,https://www.basketball-reference.com/players/b/bacondw01.html,2021,2021-04-07,ORL,WAS,,"L, 116-131",,18:22,3,9,0,1,0,0,0,2,2,1,0,0,0,0,6
Dwayne Bacon,https://www.basketball-reference.com/players/b/bacondw01.html,2021,2021-04-09,ORL,IND,,"L, 106-111",,18:12,3,9,0,2,1,2,2,2,4,0,0,0,0,1,7
Dwayne Bacon,https://www.basketball-reference.com/players/b/bacondw01.html,2021,2021-04-11,ORL,MIL,,"L, 87-124",,26:52,1,5,1,2,4,4,0,6,6,2,2,0,0,1,7
Dwayne Bacon,https://www.basketball-reference.com/players/b/bacondw01.html,2021,2021-04-12,ORL,SAS,,"L, 97-120",,28:56,6,14,0,3,2,2,0,3,3,2,0,0,1,0,14
Dwayne Bacon,https://www.basketball-reference.com/players/b/bacondw01.html,2021,2021-04-14,ORL,CHI,@,"W, 115-106",,04:41,2,2,1,1,0,0,0,0,0,0,0,0,0,0,5
Dwayne Bacon,https://www.basketball-reference.com/players/b/bacondw01.html,2021,2021-04-16,ORL,TOR,@,"L, 102-113",,17:13,6,9,0,0,0,0,0,3,3,1,0,0,1,0,12
Dwayne Bacon,https://www.basketball-reference.com/players/b/bacondw01.html,2021,2021-04-18,ORL,HOU,,"L, 110-114",,32:37,7,14,1,5,7,7,1,2,3,2,3,0,1,2,22
Dwayne Bacon,https://www.basketball-reference.com/players/b/bacondw01.html,2021,2021-04-20,ORL,ATL,@,"L, 96-112",,29:43,3,9,1,2,3,4,0,3,3,0,1,0,1,1,10
Dwayne Bacon,https://www.basketball-reference.com/players/b/bacondw01.html,2021,2021-04-22,ORL,NOP,,"L, 100-135",,21:04,3,11,2,6,0,0,0,3,3,0,0,0,0,0,8
Dwayne Bacon,https://www.basketball-reference.com/players/b/bacondw01.html,2021,2021-04-25,ORL,IND,,"L, 112-131",,31:58,6,15,1,3,7,8,2,3,5,1,2,0,0,2,20
Dwayne Bacon,https://www.basketball-reference.com/players/b/bacondw01.html,2021,2021-04-26,ORL,LAL,,"L, 103-114",,36:35,6,12,0,2,1,2,0,1,1,2,0,0,1,3,13
Dwayne Bacon,https://www.basketball-reference.com/players/b/bacondw01.html,2021,2021-04-28,ORL,CLE,@,"W, 109-104",,31:14,6,12,1,3,3,5,1,2,3,2,1,0,1,0,16
Dwayne Bacon,https://www.basketball-reference.com/players/b/bacondw01.html,2021,2021-04-30,ORL,MEM,@,"L, 75-92",,32:12,2,12,0,1,1,1,1,2,3,1,1,0,1,0,5
Dwayne Bacon,https://www.basketball-reference.com/players/b/bacondw01.html,2021,2021-05-01,ORL,MEM,,"W, 112-111",,35:51,9,15,0,4,5,5,0,2,2,2,3,0,0,0,23
Dwayne Bacon,https://www.basketball-reference.com/players/b/bacondw01.html,2021,2021-05-03,ORL,DET,@,"W, 119-112",,23:03,4,11,0,1,1,1,2,2,4,2,2,0,1,0,9
Dwayne Bacon,https://www.basketball-reference.com/players/b/bacondw01.html,2021,2021-05-05,ORL,BOS,,"L, 96-132",,29:09,10,18,0,1,0,0,0,4,4,0,0,1,1,0,20
Dwayne Bacon,https://www.basketball-reference.com/players/b/bacondw01.html,2021,2021-05-07,ORL,CHO,@,"L, 112-122",,33:58,9,19,2,7,8,10,0,4,4,2,0,0,0,2,28
Dwayne Bacon,https://www.basketball-reference.com/players/b/bacondw01.html,2021,2021-05-09,ORL,MIN,,"L, 96-128",,22:30,7,12,1,3,3,4,1,2,3,2,1,0,1,1,18
Dwayne Bacon,https://www.basketball-reference.com/players/b/bacondw01.html,2021,2021-05-11,ORL,MIL,@,"L, 102-114",,26:17,2,7,0,3,1,4,1,6,7,4,1,0,0,3,5
Dwayne Bacon,https://www.basketball-reference.com/players/b/bacondw01.html,2021,2021-05-13,ORL,ATL,@,"L, 93-116",,19:32,2,9,0,1,1,1,0,1,1,1,1,0,2,2,5
Dwayne Bacon,https://www.basketball-reference.com/players/b/bacondw01.html,2021,2021-05-14,ORL,PHI,@,"L, 97-122",,21:50,0,11,0,2,4,4,2,1,3,2,0,0,0,1,4
Dwayne Bacon,https://www.basketball-reference.com/players/b/bacondw01.html,2021,2021-05-16,ORL,PHI,@,"L, 117-128",,27:05,3,7,0,1,3,4,2,5,7,2,0,0,0,1,9
Devin Cannady,https://www.basketball-reference.com/players/c/cannade01.html,2021,2021-04-07,ORL,WAS,,"L, 116-131",,01:44,0,2,0,2,2,2,0,0,0,0,1,0,0,1,2
Devin Cannady,https://www.basketball-reference.com/players/c/cannade01.html,2021,2021-04-09,ORL,IND,,"L, 106-111",,,,,,,,,,,,,,,,,
Devin Cannady,https://www.basketball-reference.com/players/c/cannade01.html,2021,2021-04-11,ORL,MIL,,"L, 87-124",,06:56,1,2,0,1,2,2,0,0,0,0,0,0,0,1,4
Devin Cannady,https://www.basketball-reference.com/players/c/cannade01.html,2021,2021-04-12,ORL,SAS,,"L, 97-120",,04:41,2,3,2,2,2,3,0,0,0,0,0,1,0,0,8
Devin Cannady,https://www.basketball-reference.com/players/c/cannade01.html,2021,2021-04-16,ORL,TOR,@,"L, 102-113",,01:57,0,0,0,0,0,0,0,0,0,0,1,0,0,0,0
Devin Cannady,https://www.basketball-reference.com/players/c/cannade01.html,2021,2021-04-18,ORL,HOU,,"L, 110-114",,15:23,0,3,0,1,0,0,0,2,2,1,1,0,1,1,0
Devin Cannady,https://www.basketball-reference.com/players/c/cannade01.html,2021,2021-04-20,ORL,ATL,@,"L, 96-112",,18:17,1,7,1,5,0,0,0,0,0,0,0,0,1,3,3
Devin Cannady,https://www.basketball-reference.com/players/c/cannade01.html,2021,2021-04-22,ORL,NOP,,"L, 100-135",,24:29,7,11,3,5,0,0,0,3,3,0,2,0,0,2,17
Devin Cannady,https://www.basketball-reference.com/players/c/cannade01.html,2021,2021-04-25,ORL,IND,,"L, 112-131",,00:54,0,0,0,0,0,0,0,0,0,0,0,0,0,1,0
Devin Cannady,https://www.basketball-reference.com/players/c/cannade01.html,2021,2021-04-26,ORL,LAL,,"L, 103-114",,,,,,,,,,,,,,,,,
Devin Cannady,https://www.basketball-reference.com/players/c/cannade01.html,2021,2021-04-28,ORL,CLE,@,"W, 109-104",,,,,,,,,,,,,,,,,
Devin Cannady,https://www.basketball-reference.com/players/c/cannade01.html,2021,2021-04-30,ORL,MEM,@,"L, 75-92",,,,,,,,,,,,,,,,,
Devin Cannady,https://www.basketball-reference.com/players/c/cannade01.html,2021,,,,,,,,,,,,,,,,,,,,,,
Devin Cannady,https://www.basketball-reference.com/players/c/cannade01.html,2021,2021-05-01,ORL,MEM,,"W, 112-111",,,,,,,,,,,,,,,,,
Devin Cannady,https://www.basketball-reference.com/players/c/cannade01.html,2021,2021-05-03,ORL,DET,@,"W, 119-112",,,,,,,,,,,,,,,,,
Robert Franks,https://www.basketball-reference.com/players/f/frankro01.html,2021,2021-04-12,ORL,SAS,,"L, 97-120",,14:51,1,1,1,1,1,2,2,2,4,1,0,0,2,2,4
Robert Franks,https://www.basketball-reference.com/players/f/frankro01.html,2021,2021-04-14,ORL,CHI,@,"W, 115-106",,,,,,,,,,,,,,,,,
Robert Franks,https://www.basketball-reference.com/players/f/frankro01.html,2021,2021-04-16,ORL,TOR,@,"L, 102-113",,01:58,1,1,0,0,2,2,0,0,0,0,0,0,0,1,4
Robert Franks,https://www.basketball-reference.com/players/f/frankro01.html,2021,2021-04-18,ORL,HOU,,"L, 110-114",,15:05,2,4,1,3,0,0,0,0,0,1,0,1,0,1,5
Robert Franks,https://www.basketball-reference.com/players/f/frankro01.html,2021,2021-04-20,ORL,ATL,@,"L, 96-112",,15:12,2,6,1,3,2,2,1,2,3,0,1,1,0,0,7
Robert Franks,https://www.basketball-reference.com/players/f/frankro01.html,2021,2021-04-22,ORL,NOP,,"L, 100-135",,18:51,0,3,0,3,2,2,0,2,2,1,0,1,0,3,2
Robert Franks,https://www.basketball-reference.com/players/f/frankro01.html,2021,2021-04-25,ORL,IND,,"L, 112-131",,18:10,4,8,1,3,2,2,3,2,5,1,1,0,0,1,11
Robert Franks,https://www.basketball-reference.com/players/f/frankro01.html,2021,2021-04-26,ORL,LAL,,"L, 103-114",,16:36,3,5,1,2,3,3,0,0,0,1,1,0,0,0,10
Karim Mané,https://www.basketball-reference.com/players/m/maneka01.html,2021,2020-12-23,ORL,MIA,,"W, 113-107",,,,,,,,,,,,,,,,,
Karim Mané,https://www.basketball-reference.com/players/m/maneka01.html,2021,2020-12-26,ORL,WAS,@,"W, 130-120",,,,,,,,,,,,,,,,,
Karim Mané,https://www.basketball-reference.com/players/m/maneka01.html,2021,2020-12-27,ORL,WAS,@,"W, 120-113",,,,,,,,,,,,,,,,,
Karim Mané,https://www.basketball-reference.com/players/m/maneka01.html,2021,2020-12-29,ORL,OKC,@,"W, 118-107",,,,,,,,,,,,,,,,,
Karim Mané,https://www.basketball-reference.com/players/m/maneka01.html,2021,2020-12-31,ORL,PHI,,"L, 92-116",,18:45,0,3,0,0,0,0,0,4,4,0,0,0,0,1,0
Karim Mané,https://www.basketball-reference.com/players/m/maneka01.html,2021,,,,,,,,,,,,,,,,,,,,,,
Karim Mané,https://www.basketball-reference.com/players/m/maneka01.html,2021,2021-01-02,ORL,OKC,,"L, 99-108",,,,,,,,,,,,,,,,,
Karim Mané,https://www.basketball-reference.com/players/m/maneka01.html,2021,2021-01-04,ORL,CLE,,"W, 103-83",,02:53,0,0,0,0,0,0,0,0,0,0,0,0,0,0,0
Karim Mané,https://www.basketball-reference.com/players/m/maneka01.html,2021,2021-01-06,ORL,CLE,,"W, 105-94",,03:40,0,1,0,0,2,2,0,0,0,0,0,0,1,0,2
Karim Mané,https://www.basketball-reference.com/players/m/maneka01.html,2021,2021-01-08,ORL,HOU,@,"L, 90-132",,21:20,0,3,0,1,2,2,0,5,5,1,0,1,2,0,2
Karim Mané,https://www.basketball-reference.com/players/m/maneka01.html,2021,2021-01-09,ORL,DAL,@,"L, 98-112",,,,,,,,,,,,,,,,,
Karim Mané,https://www.basketball-reference.com/players/m/maneka01.html,2021,2021-01-11,ORL,MIL,,"L, 99-121",,03:02,0,0,0,0,0,0,0,1,1,0,0,0,0,0,0
Karim Mané,https://www.basketball-reference.com/players/m/maneka01.html,2021,2021-01-15,ORL,BOS,@,"L, 97-124",,06:12,1,2,1,1,0,0,0,0,0,0,0,0,0,2,3
Karim Mané,https://www.basketball-reference.com/players/m/maneka01.html,2021,2021-01-16,ORL,BRK,@,"L, 115-122",,,,,,,,,,,,,,,,,
Karim Mané,https://www.basketball-reference.com/players/m/maneka01.html,2021,2021-01-18,ORL,NYK,@,"L, 84-91",,,,,,,,,,,,,,,,,
Karim Mané,https://www.basketball-reference.com/players/m/maneka01.html,2021,2021-01-20,ORL,MIN,@,"W, 97-96",,,,,,,,,,,,,,,,,
Karim Mané,https://www.basketball-reference.com/players/m/maneka01.html,2021,2021-01-22,ORL,IND,@,"L, 118-120 (OT)",,,,,,,,,,,,,,,,,
Karim Mané,https://www.basketball-reference.com/players/m/maneka01.html,2021,2021-01-24,ORL,CHO,,"L, 104-107",,,,,,,,,,,,,,,,,
Karim Mané,https://www.basketball-reference.com/players/m/maneka01.html,2021,2021-01-25,ORL,CHO,,"W, 117-108",,,,,,,,,,,,,,,,,
Karim Mané,https://www.basketball-reference.com/players/m/maneka01.html,2021,2021-01-27,ORL,SAC,,"L, 107-121",,,,,,,,,,,,,,,,,
Karim Mané,https://www.basketball-reference.com/players/m/maneka01.html,2021,2021-01-29,ORL,LAC,,"L, 90-116",,,,,,,,,,,,,,,,,
Karim Mané,https://www.basketball-reference.com/players/m/maneka01.html,2021,2021-01-31,ORL,TOR,@,"L, 102-115",,,,,,,,,,,,,,,,,
Karim Mané,https://www.basketball-reference.com/players/m/maneka01.html,2021,2021-02-02,ORL,TOR,,"L, 108-123",,,,,,,,,,,,,,,,,
Karim Mané,https://www.basketball-reference.com/players/m/maneka01.html,2021,2021-02-05,ORL,CHI,,"W, 123-119",,,,,,,,,,,,,,,,,
Karim Mané,https://www.basketball-reference.com/players/m/maneka01.html,2021,2021-02-06,ORL,CHI,,"L, 92-118",,,,,,,,,,,,,,,,,
Karim Mané,https://www.basketball-reference.com/players/m/maneka01.html,2021,2021-02-09,ORL,POR,@,"L, 97-106",,,,,,,,,,,,,,,,,
Karim Mané,https://www.basketball-reference.com/players/m/maneka01.html,2021,2021-02-11,ORL,GSW,@,"L, 105-111",,,,,,,,,,,,,,,,,
Karim Mané,https://www.basketball-reference.com/players/m/maneka01.html,2021,2021-02-12,ORL,SAC,@,"W, 123-112",,,,,,,,,,,,,,,,,
Karim Mané,https://www.basketball-reference.com/players/m/maneka01.html,2021,2021-02-14,ORL,PHO,@,"L, 90-109",,,,,,,,,,,,,,,,,
Karim Mané,https://www.basketball-reference.com/players/m/maneka01.html,2021,2021-02-17,ORL,NYK,,"W, 107-89",,,,,,,,,,,,,,,,,
Karim Mané,https://www.basketball-reference.com/players/m/maneka01.html,2021,2021-02-19,ORL,GSW,,"W, 124-120",,,,,,,,,,,,,,,,,
Karim Mané,https://www.basketball-reference.com/players/m/maneka01.html,2021,2021-02-21,ORL,DET,,"W, 105-96",,,,,,,,,,,,,,,,,
Karim Mané,https://www.basketball-reference.com/players/m/maneka01.html,2021,2021-02-23,ORL,DET,,"L, 93-105",,,,,,,,,,,,,,,,,
Karim Mané,https://www.basketball-reference.com/players/m/maneka01.html,2021,2021-02-25,ORL,BRK,@,"L, 92-129",,,,,,,,,,,,,,,,,
Karim Mané,https://www.basketball-reference.com/players/m/maneka01.html,2021,2021-02-27,ORL,UTA,,"L, 109-124",,,,,,,,,,,,,,,,,
Karim Mané,https://www.basketball-reference.com/players/m/maneka01.html,2021,2021-03-01,ORL,DAL,,"L, 124-130",,,,,,,,,,,,,,,,,
Karim Mané,https://www.basketball-reference.com/players/m/maneka01.html,2021,2021-03-03,ORL,ATL,,"L, 112-115",,,,,,,,,,,,,,,,,
Karim Mané,https://www.basketball-reference.com/players/m/maneka01.html,2021,2021-03-11,ORL,MIA,@,"L, 103-111",,,,,,,,,,,,,,,,,
Karim Mané,https://www.basketball-reference.com/players/m/maneka01.html,2021,2021-03-12,ORL,SAS,@,"L, 77-104",,,,,,,,,,,,,,,,,
Karim Mané,https://www.basketball-reference.com/players/m/maneka01.html,2021,2021-03-14,ORL,MIA,,"L, 97-102",,,,,,,,,,,,,,,,,
Karim Mané,https://www.basketball-reference.com/players/m/maneka01.html,2021,2021-03-18,ORL,NYK,@,"L, 93-94",,,,,,,,,,,,,,,,,
Karim Mané,https://www.basketball-reference.com/players/m/maneka01.html,2021,2021-03-19,ORL,BRK,,"W, 121-113",,,,,,,,,,,,,,,,,
Karim Mané,https://www.basketball-reference.com/players/m/maneka01.html,2021,2021-03-21,ORL,BOS,@,"L, 96-112",,03:53,0,0,0,0,0,0,0,0,0,0,0,0,0,0,0
Karim Mané,https://www.basketball-reference.com/players/m/maneka01.html,2021,2021-03-23,ORL,DEN,,"L, 99-110",,,,,,,,,,,,,,,,,
Karim Mané,https://www.basketball-reference.com/players/m/maneka01.html,2021,2021-03-24,ORL,PHO,,"W, 112-111",,,,,,,,,,,,,,,,,
Karim Mané,https://www.basketball-reference.com/players/m/maneka01.html,2021,2021-03-26,ORL,POR,,"L, 105-112",,18:38,1,3,0,0,0,0,1,1,2,2,0,1,0,4,2
Karim Mané,https://www.basketball-reference.com/players/m/maneka01.html,2021,2021-03-28,ORL,LAL,@,"L, 93-96",,06:01,0,0,0,0,0,0,0,2,2,1,0,0,0,2,0
Karim Mané,https://www.basketball-reference.com/players/m/maneka01.html,2021,2021-03-30,ORL,LAC,@,"W, 103-96",,,,,,,,,,,,,,,,,
Karim Mané,https://www.basketball-reference.com/players/m/maneka01.html,2021,2021-04-01,ORL,NOP,@,"W, 115-110 (OT)",,,,,,,,,,,,,,,,,
Karim Mané,https://www.basketball-reference.com/players/m/maneka01.html,2021,2021-04-03,ORL,UTA,@,"L, 91-137",,,,,,,,,,,,,,,,,
Karim Mané,https://www.basketball-reference.com/players/m/maneka01.html,2021,2021-04-04,ORL,DEN,@,"L, 109-119",,,,,,,,,,,,,,,,,
Karim Mané,https://www.basketball-reference.com/players/m/maneka01.html,2021,2021-04-07,ORL,WAS,,"L, 116-131",,,,,,,,,,,,,,,,,
Karim Mané,https://www.basketball-reference.com/players/m/maneka01.html,2021,2021-04-09,ORL,IND,,"L, 106-111",,,,,,,,,,,,,,,,,
Karim Mané,https://www.basketball-reference.com/players/m/maneka01.html,2021,2021-04-11,ORL,MIL,,"L, 87-124",,,,,,,,,,,,,,,,,
Karim Mané,https://www.basketball-reference.com/players/m/maneka01.html,2021,2021-04-12,ORL,SAS,,"L, 97-120",,03:55,1,1,0,0,0,1,0,0,0,0,0,0,0,1,2
Chuma Okeke,https://www.basketball-reference.com/players/o/okekech01.html,2021,2020-12-23,ORL,MIA,,"W, 113-107",,22:00,1,3,0,1,1,2,2,3,5,2,1,0,1,0,3
Chuma Okeke,https://www.basketball-reference.com/players/o/okekech01.html,2021,2020-12-26,ORL,WAS,@,"W, 130-120",,18:21,1,4,0,1,1,2,1,2,3,2,0,0,0,1,3
Chuma Okeke,https://www.basketball-reference.com/players/o/okekech01.html,2021,2020-12-27,ORL,WAS,@,"W, 120-113",,16:12,0,0,0,0,0,0,1,0,1,2,0,0,1,0,0
Chuma Okeke,https://www.basketball-reference.com/players/o/okekech01.html,2021,2020-12-29,ORL,OKC,@,"W, 118-107",,17:39,1,3,0,1,1,2,1,2,3,1,2,1,0,0,3
Chuma Okeke,https://www.basketball-reference.com/players/o/okekech01.html,2021,2020-12-31,ORL,PHI,,"L, 92-116",,17:14,2,4,2,4,0,0,0,1,1,1,0,0,1,1,6
Chuma Okeke,https://www.basketball-reference.com/players/o/okekech01.html,2021,,,,,,,,,,,,,,,,,,,,,,
Chuma Okeke,https://www.basketball-reference.com/players/o/okekech01.html,2021,2021-01-02,ORL,OKC,,"L, 99-108",,,,,,,,,,,,,,,,,
Chuma Okeke,https://www.basketball-reference.com/players/o/okekech01.html,2021,2021-01-04,ORL,CLE,,"W, 103-83",,,,,,,,,,,,,,,,,
Chuma Okeke,https://www.basketball-reference.com/players/o/okekech01.html,2021,2021-01-06,ORL,CLE,,"W, 105-94",,,,,,,,,,,,,,,,,
Chuma Okeke,https://www.basketball-reference.com/players/o/okekech01.html,2021,2021-01-08,ORL,HOU,@,"L, 90-132",,,,,,,,,,,,,,,,,
Chuma Okeke,https://www.basketball-reference.com/players/o/okekech01.html,2021,2021-01-09,ORL,DAL,@,"L, 98-112",,,,,,,,,,,,,,,,,
Chuma Okeke,https://www.basketball-reference.com/players/o/okekech01.html,2021,2021-01-11,ORL,MIL,,"L, 99-121",,,,,,,,,,,,,,,,,
Chuma Okeke,https://www.basketball-reference.com/players/o/okekech01.html,2021,2021-01-15,ORL,BOS,@,"L, 97-124",,,,,,,,,,,,,,,,,
Chuma Okeke,https://www.basketball-reference.com/players/o/okekech01.html,2021,2021-01-16,ORL,BRK,@,"L, 115-122",,,,,,,,,,,,,,,,,
Chuma Okeke,https://www.basketball-reference.com/players/o/okekech01.html,2021,2021-01-18,ORL,NYK,@,"L, 84-91",,,,,,,,,,,,,,,,,
Chuma Okeke,https://www.basketball-reference.com/players/o/okekech01.html,2021,2021-01-20,ORL,MIN,@,"W, 97-96",,,,,,,,,,,,,,,,,
Chuma Okeke,https://www.basketball-reference.com/players/o/okekech01.html,2021,2021-01-22,ORL,IND,@,"L, 118-120 (OT)",,,,,,,,,,,,,,,,,
Chuma Okeke,https://www.basketball-reference.com/players/o/okekech01.html,2021,2021-01-24,ORL,CHO,,"L, 104-107",,,,,,,,,,,,,,,,,
Chuma Okeke,https://www.basketball-reference.com/players/o/okekech01.html,2021,2021-01-25,ORL,CHO,,"W, 117-108",,,,,,,,,,,,,,,,,
Chuma Okeke,https://www.basketball-reference.com/players/o/okekech01.html,2021,2021-01-27,ORL,SAC,,"L, 107-121",,,,,,,,,,,,,,,,,
Chuma Okeke,https://www.basketball-reference.com/players/o/okekech01.html,2021,2021-01-29,ORL,LAC,,"L, 90-116",,,,,,,,,,,,,,,,,
Chuma Okeke,https://www.basketball-reference.com/players/o/okekech01.html,2021,2021-01-31,ORL,TOR,@,"L, 102-115",,,,,,,,,,,,,,,,,
Chuma Okeke,https://www.basketball-reference.com/players/o/okekech01.html,2021,2021-02-02,ORL,TOR,,"L, 108-123",,17:59,4,5,2,2,0,0,0,0,0,3,1,0,1,4,10
Chuma Okeke,https://www.basketball-reference.com/players/o/okekech01.html,2021,2021-02-05,ORL,CHI,,"W, 123-119",,17:42,2,4,0,1,0,0,2,3,5,1,0,0,0,0,4
Chuma Okeke,https://www.basketball-reference.com/players/o/okekech01.html,2021,2021-02-06,ORL,CHI,,"L, 92-118",,22:03,1,5,0,2,0,0,1,4,5,3,1,2,1,0,2
Chuma Okeke,https://www.basketball-reference.com/players/o/okekech01.html,2021,2021-02-09,ORL,POR,@,"L, 97-106",,27:14,1,5,0,3,0,0,3,4,7,5,3,0,1,3,2
Chuma Okeke,https://www.basketball-reference.com/players/o/okekech01.html,2021,2021-02-11,ORL,GSW,@,"L, 105-111",,35:03,3,9,3,5,0,0,2,3,5,5,1,0,2,0,9
Chuma Okeke,https://www.basketball-reference.com/players/o/okekech01.html,2021,2021-02-12,ORL,SAC,@,"W, 123-112",,25:42,1,4,0,2,0,0,2,2,4,1,0,0,1,3,2
Chuma Okeke,https://www.basketball-reference.com/players/o/okekech01.html,2021,2021-02-14,ORL,PHO,@,"L, 90-109",,28:22,4,9,1,5,0,0,1,3,4,1,0,1,0,1,9
Chuma Okeke,https://www.basketball-reference.com/players/o/okekech01.html,2021,2021-02-17,ORL,NYK,,"W, 107-89",,16:35,1,3,1,2,0,0,0,1,1,0,2,0,0,0,3
Chuma Okeke,https://www.basketball-reference.com/players/o/okekech01.html,2021,2021-02-19,ORL,GSW,,"W, 124-120",,22:10,4,8,3,4,0,0,0,5,5,2,0,3,0,1,11
Chuma Okeke,https://www.basketball-reference.com/players/o/okekech01.html,2021,2021-02-21,ORL,DET,,"W, 105-96",,24:39,1,3,0,1,0,0,0,3,3,2,1,0,0,2,2
Chuma Okeke,https://www.basketball-reference.com/players/o/okekech01.html,2021,2021-02-23,ORL,DET,,"L, 93-105",,20:30,2,4,2,3,0,2,1,3,4,3,3,0,1,0,6
Chuma Okeke,https://www.basketball-reference.com/players/o/okekech01.html,2021,2021-02-25,ORL,BRK,@,"L, 92-129",,17:15,0,4,0,1,0,0,0,3,3,1,1,0,0,0,0
Chuma Okeke,https://www.basketball-reference.com/players/o/okekech01.html,2021,2021-02-27,ORL,UTA,,"L, 109-124",,22:22,2,3,1,1,0,0,1,1,2,2,0,0,0,0,5
Chuma Okeke,https://www.basketball-reference.com/players/o/okekech01.html,2021,2021-03-01,ORL,DAL,,"L, 124-130",,22:42,2,3,2,3,0,0,0,3,3,2,0,0,2,0,6
Chuma Okeke,https://www.basketball-reference.com/players/o/okekech01.html,2021,2021-03-03,ORL,ATL,,"L, 112-115",,25:05,0,3,0,2,2,2,0,6,6,0,0,0,1,3,2
Chuma Okeke,https://www.basketball-reference.com/players/o/okekech01.html,2021,2021-03-11,ORL,MIA,@,"L, 103-111",,25:34,3,6,1,2,0,0,2,3,5,2,0,1,0,1,7
Chuma Okeke,https://www.basketball-reference.com/players/o/okekech01.html,2021,2021-03-12,ORL,SAS,@,"L, 77-104",,27:12,2,9,1,7,3,3,0,3,3,2,1,1,2,0,8
Chuma Okeke,https://www.basketball-reference.com/players/o/okekech01.html,2021,2021-03-14,ORL,MIA,,"L, 97-102",,21:15,1,4,1,3,0,0,2,1,3,2,1,0,1,4,3
Chuma Okeke,https://www.basketball-reference.com/players/o/okekech01.html,2021,2021-03-18,ORL,NYK,@,"L, 93-94",,22:52,2,7,1,3,0,0,1,8,9,2,0,0,0,0,5
Chuma Okeke,https://www.basketball-reference.com/players/o/okekech01.html,2021,2021-03-19,ORL,BRK,,"W, 121-113",,18:28,1,3,1,1,0,0,0,1,1,1,1,0,1,3,3
Chuma Okeke,https://www.basketball-reference.com/players/o/okekech01.html,2021,2021-03-21,ORL,BOS,@,"L, 96-112",,20:01,2,5,0,3,1,1,0,2,2,2,1,1,0,1,5
Chuma Okeke,https://www.basketball-reference.com/players/o/okekech01.html,2021,2021-03-23,ORL,DEN,,"L, 99-110",,14:34,0,1,0,1,0,0,0,2,2,1,1,0,1,0,0
Chuma Okeke,https://www.basketball-reference.com/players/o/okekech01.html,2021,2021-03-24,ORL,PHO,,"W, 112-111",,20:22,6,6,4,4,1,2,0,3,3,0,0,0,0,1,17
Chuma Okeke,https://www.basketball-reference.com/players/o/okekech01.html,2021,2021-03-26,ORL,POR,,"L, 105-112",,37:03,9,15,4,6,0,0,0,6,6,4,2,0,1,1,22
Chuma Okeke,https://www.basketball-reference.com/players/o/okekech01.html,2021,2021-03-28,ORL,LAL,@,"L, 93-96",,29:57,5,11,3,6,1,1,2,4,6,3,0,1,2,0,14
Chuma Okeke,https://www.basketball-reference.com/players/o/okekech01.html,2021,2021-03-30,ORL,LAC,@,"W, 103-96",,28:09,7,11,1,3,3,3,2,2,4,2,3,0,3,2,18
Chuma Okeke,https://www.basketball-reference.com/players/o/okekech01.html,2021,2021-04-01,ORL,NOP,@,"W, 115-110 (OT)",,33:55,3,9,0,2,2,2,3,7,10,4,1,2,0,1,8
Chuma Okeke,https://www.basketball-reference.com/players/o/okekech01.html,2021,2021-04-03,ORL,UTA,@,"L, 91-137",,32:56,7,15,0,3,2,2,1,4,5,3,1,1,1,1,16
Chuma Okeke,https://www.basketball-reference.com/players/o/okekech01.html,2021,2021-04-04,ORL,DEN,@,"L, 109-119",,39:01,7,17,2,6,3,3,2,5,7,5,2,1,2,2,19
Chuma Okeke,https://www.basketball-reference.com/players/o/okekech01.html,2021,2021-04-07,ORL,WAS,,"L, 116-131",,31:38,3,8,0,4,0,0,0,3,3,1,1,0,1,2,6
Chuma Okeke,https://www.basketball-reference.com/players/o/okekech01.html,2021,2021-04-09,ORL,IND,,"L, 106-111",,28:32,3,5,0,2,2,2,1,5,6,7,0,1,1,1,8
Chuma Okeke,https://www.basketball-reference.com/players/o/okekech01.html,2021,2021-04-11,ORL,MIL,,"L, 87-124",,,,,,,,,,,,,,,,,
Chuma Okeke,https://www.basketball-reference.com/players/o/okekech01.html,2021,2021-04-12,ORL,SAS,,"L, 97-120",,26:36,3,11,0,3,1,2,1,4,5,2,0,1,0,1,7
Chuma Okeke,https://www.basketball-reference.com/players/o/okekech01.html,2021,2021-04-14,ORL,CHI,@,"W, 115-106",,29:22,4,10,1,3,0,0,1,3,4,2,1,3,0,0,9
Chuma Okeke,https://www.basketball-reference.com/players/o/okekech01.html,2021,2021-04-16,ORL,TOR,@,"L, 102-113",,25:49,5,10,2,4,2,4,0,2,2,3,1,0,2,1,14
Chuma Okeke,https://www.basketball-reference.com/players/o/okekech01.html,2021,2021-04-18,ORL,HOU,,"L, 110-114",,32:55,6,17,2,6,0,0,2,2,4,2,4,1,2,1,14
Chuma Okeke,https://www.basketball-reference.com/players/o/okekech01.html,2021,2021-04-20,ORL,ATL,@,"L, 96-112",,32:48,3,10,0,5,0,0,0,5,5,2,3,0,0,2,6
Chuma Okeke,https://www.basketball-reference.com/players/o/okekech01.html,2021,2021-04-22,ORL,NOP,,"L, 100-135",,29:09,1,12,0,4,2,2,2,3,5,2,0,0,0,1,4
Chuma Okeke,https://www.basketball-reference.com/players/o/okekech01.html,2021,2021-04-25,ORL,IND,,"L, 112-131",,29:30,5,12,2,5,0,0,1,2,3,3,3,0,1,0,12
Chuma Okeke,https://www.basketball-reference.com/players/o/okekech01.html,2021,2021-04-26,ORL,LAL,,"L, 103-114",,31:24,7,12,3,5,1,1,1,4,5,2,2,0,2,0,18
Chuma Okeke,https://www.basketball-reference.com/players/o/okekech01.html,2021,2021-04-28,ORL,CLE,@,"W, 109-104",,26:41,7,12,3,6,1,2,0,3,3,3,3,1,2,3,18
Chuma Okeke,https://www.basketball-reference.com/players/o/okekech01.html,2021,2021-04-30,ORL,MEM,@,"L, 75-92",,,,,,,,,,,,,,,,,
Chuma Okeke,https://www.basketball-reference.com/players/o/okekech01.html,2021,2021-05-01,ORL,MEM,,"W, 112-111",,,,,,,,,,,,,,,,,
Chuma Okeke,https://www.basketball-reference.com/players/o/okekech01.html,2021,2021-05-03,ORL,DET,@,"W, 119-112",,,,,,,,,,,,,,,,,
Chuma Okeke,https://www.basketball-reference.com/players/o/okekech01.html,2021,2021-05-05,ORL,BOS,,"L, 96-132",,,,,,,,,,,,,,,,,
Chuma Okeke,https://www.basketball-reference.com/players/o/okekech01.html,2021,2021-05-07,ORL,CHO,@,"L, 112-122",,,,,,,,,,,,,,,,,
Chuma Okeke,https://www.basketball-reference.com/players/o/okekech01.html,2021,2021-05-09,ORL,MIN,,"L, 96-128",,,,,,,,,,,,,,,,,
Chuma Okeke,https://www.basketball-reference.com/players/o/okekech01.html,2021,2021-05-11,ORL,MIL,@,"L, 102-114",,,,,,,,,,,,,,,,,
Chuma Okeke,https://www.basketball-reference.com/players/o/okekech01.html,2021,2021-05-13,ORL,ATL,@,"L, 93-116",,,,,,,,,,,,,,,,,
Chuma Okeke,https://www.basketball-reference.com/players/o/okekech01.html,2021,2021-05-14,ORL,PHI,@,"L, 97-122",,,,,,,,,,,,,,,,,
Chuma Okeke,https://www.basketball-reference.com/players/o/okekech01.html,2021,2021-05-16,ORL,PHI,@,"L, 117-128",,,,,,,,,,,,,,,,,
Isaiah Joe,https://www.basketball-reference.com/players/j/joeis01.html,2021,2020-12-23,PHI,WAS,,"W, 113-107",,,,,,,,,,,,,,,,,
Isaiah Joe,https://www.basketball-reference.com/players/j/joeis01.html,2021,2020-12-26,PHI,NYK,@,"W, 109-89",,,,,,,,,,,,,,,,,
Isaiah Joe,https://www.basketball-reference.com/players/j/joeis01.html,2021,2020-12-27,PHI,CLE,@,"L, 94-118",,07:04,1,2,0,1,0,0,0,1,1,1,1,0,0,0,2
Isaiah Joe,https://www.basketball-reference.com/players/j/joeis01.html,2021,2020-12-29,PHI,TOR,,"W, 100-93",,,,,,,,,,,,,,,,,
Isaiah Joe,https://www.basketball-reference.com/players/j/joeis01.html,2021,2020-12-31,PHI,ORL,@,"W, 116-92",,06:56,0,1,0,1,0,0,0,2,2,0,0,0,1,2,0
Isaiah Joe,https://www.basketball-reference.com/players/j/joeis01.html,2021,,,,,,,,,,,,,,,,,,,,,,
Isaiah Joe,https://www.basketball-reference.com/players/j/joeis01.html,2021,2021-01-02,PHI,CHO,,"W, 127-112",,,,,,,,,,,,,,,,,
Isaiah Joe,https://www.basketball-reference.com/players/j/joeis01.html,2021,2021-01-04,PHI,CHO,,"W, 118-101",,05:35,0,2,0,1,0,0,1,1,2,3,0,0,0,3,0
Isaiah Joe,https://www.basketball-reference.com/players/j/joeis01.html,2021,2021-01-06,PHI,WAS,,"W, 141-136",,,,,,,,,,,,,,,,,
Isaiah Joe,https://www.basketball-reference.com/players/j/joeis01.html,2021,2021-01-07,PHI,BRK,@,"L, 109-122",,07:50,0,2,0,2,0,0,0,0,0,0,0,1,0,0,0
Isaiah Joe,https://www.basketball-reference.com/players/j/joeis01.html,2021,2021-01-09,PHI,DEN,,"L, 103-115",,44:51,4,18,3,11,2,2,2,2,4,2,1,0,1,1,13
Isaiah Joe,https://www.basketball-reference.com/players/j/joeis01.html,2021,2021-01-11,PHI,ATL,@,"L, 94-112",,27:41,6,9,4,7,2,2,0,2,2,4,2,0,1,5,18
Isaiah Joe,https://www.basketball-reference.com/players/j/joeis01.html,2021,2021-01-12,PHI,MIA,,"W, 137-134 (OT)",,37:07,4,10,4,10,1,1,1,4,5,1,0,2,0,3,13
Isaiah Joe,https://www.basketball-reference.com/players/j/joeis01.html,2021,2021-01-14,PHI,MIA,,"W, 125-108",,19:22,4,8,4,8,0,0,0,0,0,0,0,1,0,1,12
Isaiah Joe,https://www.basketball-reference.com/players/j/joeis01.html,2021,2021-01-16,PHI,MEM,@,"L, 104-106",,15:42,2,4,2,3,0,0,0,0,0,1,0,0,1,2,6
Isaiah Joe,https://www.basketball-reference.com/players/j/joeis01.html,2021,2021-01-20,PHI,BOS,,"W, 117-109",,,,,,,,,,,,,,,,,
Isaiah Joe,https://www.basketball-reference.com/players/j/joeis01.html,2021,2021-01-22,PHI,BOS,,"W, 122-110",,,,,,,,,,,,,,,,,
Isaiah Joe,https://www.basketball-reference.com/players/j/joeis01.html,2021,2021-01-23,PHI,DET,@,"W, 114-110",,,,,,,,,,,,,,,,,
Isaiah Joe,https://www.basketball-reference.com/players/j/joeis01.html,2021,2021-01-25,PHI,DET,@,"L, 104-119",,09:40,0,2,0,2,0,0,0,0,0,1,0,0,0,1,0
Isaiah Joe,https://www.basketball-reference.com/players/j/joeis01.html,2021,2021-01-27,PHI,LAL,,"W, 107-106",,,,,,,,,,,,,,,,,
Isaiah Joe,https://www.basketball-reference.com/players/j/joeis01.html,2021,2021-01-29,PHI,MIN,@,"W, 118-94",,04:17,2,2,0,0,0,0,0,1,1,0,0,0,0,2,4
Isaiah Joe,https://www.basketball-reference.com/players/j/joeis01.html,2021,2021-01-31,PHI,IND,@,"W, 119-110",,,,,,,,,,,,,,,,,
Isaiah Joe,https://www.basketball-reference.com/players/j/joeis01.html,2021,2021-02-03,PHI,CHO,@,"W, 118-111",,,,,,,,,,,,,,,,,
Isaiah Joe,https://www.basketball-reference.com/players/j/joeis01.html,2021,2021-02-04,PHI,POR,,"L, 105-121",,08:14,2,3,2,3,0,0,0,1,1,0,0,0,1,0,6
Isaiah Joe,https://www.basketball-reference.com/players/j/joeis01.html,2021,2021-02-06,PHI,BRK,,"W, 124-108",,01:21,0,0,0,0,0,0,0,0,0,0,0,0,0,0,0
Isaiah Joe,https://www.basketball-reference.com/players/j/joeis01.html,2021,2021-02-09,PHI,SAC,@,"W, 119-111",,,,,,,,,,,,,,,,,
Isaiah Joe,https://www.basketball-reference.com/players/j/joeis01.html,2021,2021-02-11,PHI,POR,@,"L, 114-118",,,,,,,,,,,,,,,,,
Isaiah Joe,https://www.basketball-reference.com/players/j/joeis01.html,2021,2021-02-13,PHI,PHO,@,"L, 111-120",,01:51,1,1,1,1,0,0,0,0,0,1,0,0,0,0,3
Isaiah Joe,https://www.basketball-reference.com/players/j/joeis01.html,2021,2021-02-15,PHI,UTA,@,"L, 123-134",,02:32,0,1,0,1,0,0,0,1,1,0,0,0,0,0,0
Isaiah Joe,https://www.basketball-reference.com/players/j/joeis01.html,2021,2021-02-17,PHI,HOU,,"W, 118-113",,12:26,1,6,1,5,0,0,0,0,0,1,2,0,0,1,3
Isaiah Joe,https://www.basketball-reference.com/players/j/joeis01.html,2021,2021-02-19,PHI,CHI,,"W, 112-105",,06:25,0,2,0,1,0,0,1,0,1,0,1,0,0,0,0
Isaiah Joe,https://www.basketball-reference.com/players/j/joeis01.html,2021,2021-02-21,PHI,TOR,@,"L, 103-110",,12:28,1,2,1,2,0,0,0,2,2,0,0,0,0,0,3
Isaiah Joe,https://www.basketball-reference.com/players/j/joeis01.html,2021,2021-02-23,PHI,TOR,@,"W, 109-102",,03:37,0,2,0,0,0,0,1,0,1,0,0,0,0,0,0
Isaiah Joe,https://www.basketball-reference.com/players/j/joeis01.html,2021,2021-02-25,PHI,DAL,,"W, 111-97",,04:32,1,2,1,1,0,0,0,0,0,0,0,0,0,0,3
Isaiah Joe,https://www.basketball-reference.com/players/j/joeis01.html,2021,2021-02-27,PHI,CLE,,"L, 109-112 (OT)",,,,,,,,,,,,,,,,,
Isaiah Joe,https://www.basketball-reference.com/players/j/joeis01.html,2021,2021-03-01,PHI,IND,,"W, 130-114",,,,,,,,,,,,,,,,,
Isaiah Joe,https://www.basketball-reference.com/players/j/joeis01.html,2021,2021-03-03,PHI,UTA,,"W, 131-123 (OT)",,,,,,,,,,,,,,,,,
Isaiah Joe,https://www.basketball-reference.com/players/j/joeis01.html,2021,2021-03-11,PHI,CHI,@,"W, 127-105",,,,,,,,,,,,,,,,,
Isaiah Joe,https://www.basketball-reference.com/players/j/joeis01.html,2021,2021-03-12,PHI,WAS,@,"W, 127-101",,,,,,,,,,,,,,,,,
Isaiah Joe,https://www.basketball-reference.com/players/j/joeis01.html,2021,2021-03-14,PHI,SAS,,"W, 134-99",,07:28,2,5,1,4,0,0,0,1,1,0,0,0,0,0,5
Isaiah Joe,https://www.basketball-reference.com/players/j/joeis01.html,2021,2021-03-16,PHI,NYK,,"W, 99-96",,,,,,,,,,,,,,,,,
Isaiah Joe,https://www.basketball-reference.com/players/j/joeis01.html,2021,2021-03-17,PHI,MIL,,"L, 105-109 (OT)",,,,,,,,,,,,,,,,,
Isaiah Joe,https://www.basketball-reference.com/players/j/joeis01.html,2021,2021-03-20,PHI,SAC,,"W, 129-105",,05:41,0,2,0,2,0,0,0,2,2,0,0,0,0,1,0
Isaiah Joe,https://www.basketball-reference.com/players/j/joeis01.html,2021,2021-03-21,PHI,NYK,@,"W, 101-100 (OT)",,,,,,,,,,,,,,,,,
Isaiah Joe,https://www.basketball-reference.com/players/j/joeis01.html,2021,2021-03-23,PHI,GSW,@,"W, 108-98",,,,,,,,,,,,,,,,,
Isaiah Joe,https://www.basketball-reference.com/players/j/joeis01.html,2021,2021-03-25,PHI,LAL,@,"W, 109-101",,,,,,,,,,,,,,,,,
Isaiah Joe,https://www.basketball-reference.com/players/j/joeis01.html,2021,2021-03-27,PHI,LAC,@,"L, 112-122",,02:46,0,0,0,0,0,0,0,0,0,0,0,0,0,0,0
Isaiah Joe,https://www.basketball-reference.com/players/j/joeis01.html,2021,2021-03-30,PHI,DEN,@,"L, 95-104",,03:19,0,1,0,1,0,0,0,0,0,0,0,0,0,1,0
Isaiah Joe,https://www.basketball-reference.com/players/j/joeis01.html,2021,2021-04-01,PHI,CLE,@,"W, 114-94",,03:31,0,1,0,1,0,0,0,0,0,0,0,0,0,1,0
Isaiah Joe,https://www.basketball-reference.com/players/j/joeis01.html,2021,2021-04-03,PHI,MIN,,"W, 122-113",,,,,,,,,,,,,,,,,
Isaiah Joe,https://www.basketball-reference.com/players/j/joeis01.html,2021,2021-04-04,PHI,MEM,,"L, 100-116",,09:48,1,3,1,3,3,4,0,0,0,2,0,0,0,2,6
Isaiah Joe,https://www.basketball-reference.com/players/j/joeis01.html,2021,2021-04-06,PHI,BOS,@,"W, 106-96",,,,,,,,,,,,,,,,,
Isaiah Joe,https://www.basketball-reference.com/players/j/joeis01.html,2021,2021-04-09,PHI,NOP,@,"L, 94-101",,00:31,0,0,0,0,0,0,0,0,0,0,0,0,0,0,0
Isaiah Joe,https://www.basketball-reference.com/players/j/joeis01.html,2021,2021-04-10,PHI,OKC,@,"W, 117-93",,09:25,0,3,0,3,0,0,0,2,2,0,1,0,1,1,0
Isaiah Joe,https://www.basketball-reference.com/players/j/joeis01.html,2021,2021-04-12,PHI,DAL,@,"W, 113-95",,01:25,0,1,0,1,0,0,0,1,1,0,0,0,0,0,0
Isaiah Joe,https://www.basketball-reference.com/players/j/joeis01.html,2021,2021-04-14,PHI,BRK,,"W, 123-117",,,,,,,,,,,,,,,,,
Isaiah Joe,https://www.basketball-reference.com/players/j/joeis01.html,2021,2021-04-16,PHI,LAC,,"W, 106-103",,,,,,,,,,,,,,,,,
Isaiah Joe,https://www.basketball-reference.com/players/j/joeis01.html,2021,2021-04-19,PHI,GSW,,"L, 96-107",,00:29,0,0,0,0,0,0,0,0,0,0,0,0,0,0,0
Isaiah Joe,https://www.basketball-reference.com/players/j/joeis01.html,2021,2021-04-21,PHI,PHO,,"L, 113-116",,,,,,,,,,,,,,,,,
Isaiah Joe,https://www.basketball-reference.com/players/j/joeis01.html,2021,2021-04-22,PHI,MIL,@,"L, 117-124",,03:31,0,0,0,0,1,3,0,0,0,0,0,0,0,0,1
Isaiah Joe,https://www.basketball-reference.com/players/j/joeis01.html,2021,2021-04-24,PHI,MIL,@,"L, 94-132",,05:55,0,2,0,1,3,4,0,0,0,0,0,0,1,0,3
Isaiah Joe,https://www.basketball-reference.com/players/j/joeis01.html,2021,2021-04-26,PHI,OKC,,"W, 121-90",,10:05,1,6,1,4,0,0,0,0,0,0,0,0,1,0,3
Isaiah Joe,https://www.basketball-reference.com/players/j/joeis01.html,2021,2021-04-28,PHI,ATL,,"W, 127-83",,05:39,2,3,2,3,0,0,0,1,1,1,1,0,0,0,6
Isaiah Joe,https://www.basketball-reference.com/players/j/joeis01.html,2021,2021-04-30,PHI,ATL,,"W, 126-104",,03:23,0,0,0,0,1,2,0,1,1,0,0,0,1,0,1
Isaiah Joe,https://www.basketball-reference.com/players/j/joeis01.html,2021,2021-05-02,PHI,SAS,@,"W, 113-111 (OT)",,,,,,,,,,,,,,,,,
Isaiah Joe,https://www.basketball-reference.com/players/j/joeis01.html,2021,2021-05-03,PHI,CHI,@,"W, 106-94",,,,,,,,,,,,,,,,,
Isaiah Joe,https://www.basketball-reference.com/players/j/joeis01.html,2021,2021-05-05,PHI,HOU,@,"W, 135-115",,06:34,2,3,2,3,0,0,0,1,1,0,0,0,0,1,6
Isaiah Joe,https://www.basketball-reference.com/players/j/joeis01.html,2021,2021-05-07,PHI,NOP,,"W, 109-107",,,,,,,,,,,,,,,,,
Isaiah Joe,https://www.basketball-reference.com/players/j/joeis01.html,2021,2021-05-08,PHI,DET,,"W, 118-104",,06:36,0,1,0,1,0,0,0,0,0,0,0,0,0,0,0
Isaiah Joe,https://www.basketball-reference.com/players/j/joeis01.html,2021,2021-05-11,PHI,IND,@,"L, 94-103",,10:30,2,3,1,2,0,0,0,1,1,0,1,0,0,1,5
Isaiah Joe,https://www.basketball-reference.com/players/j/joeis01.html,2021,2021-05-13,PHI,MIA,@,"L, 94-106",,06:26,1,2,1,2,0,0,0,0,0,0,0,0,0,1,3
Isaiah Joe,https://www.basketball-reference.com/players/j/joeis01.html,2021,2021-05-14,PHI,ORL,,"W, 122-97",,06:58,4,6,3,5,0,0,0,0,0,0,0,0,1,1,11
Isaiah Joe,https://www.basketball-reference.com/players/j/joeis01.html,2021,2021-05-16,PHI,ORL,,"W, 128-117",,33:16,4,12,4,10,5,6,0,3,3,2,2,0,1,3,17
Dakota Mathias,https://www.basketball-reference.com/players/m/mathida01.html,2021,2020-12-23,PHI,WAS,,"W, 113-107",,,,,,,,,,,,,,,,,
Dakota Mathias,https://www.basketball-reference.com/players/m/mathida01.html,2021,2020-12-26,PHI,NYK,@,"W, 109-89",,,,,,,,,,,,,,,,,
Dakota Mathias,https://www.basketball-reference.com/players/m/mathida01.html,2021,2020-12-27,PHI,CLE,@,"L, 94-118",,07:04,3,6,2,4,0,0,0,1,1,2,0,0,0,0,8
Dakota Mathias,https://www.basketball-reference.com/players/m/mathida01.html,2021,2020-12-29,PHI,TOR,,"W, 100-93",,,,,,,,,,,,,,,,,
Dakota Mathias,https://www.basketball-reference.com/players/m/mathida01.html,2021,2020-12-31,PHI,ORL,@,"W, 116-92",,05:57,0,3,0,2,0,0,0,1,1,0,0,0,0,0,0
Dakota Mathias,https://www.basketball-reference.com/players/m/mathida01.html,2021,,,,,,,,,,,,,,,,,,,,,,
Dakota Mathias,https://www.basketball-reference.com/players/m/mathida01.html,2021,2021-01-02,PHI,CHO,,"W, 127-112",,,,,,,,,,,,,,,,,
Dakota Mathias,https://www.basketball-reference.com/players/m/mathida01.html,2021,2021-01-04,PHI,CHO,,"W, 118-101",,04:00,3,3,1,1,1,2,0,0,0,0,0,0,0,1,8
Dakota Mathias,https://www.basketball-reference.com/players/m/mathida01.html,2021,2021-01-06,PHI,WAS,,"W, 141-136",,,,,,,,,,,,,,,,,
Dakota Mathias,https://www.basketball-reference.com/players/m/mathida01.html,2021,2021-01-07,PHI,BRK,@,"L, 109-122",,12:51,1,3,0,2,1,1,0,1,1,1,0,0,0,0,3
Dakota Mathias,https://www.basketball-reference.com/players/m/mathida01.html,2021,2021-01-09,PHI,DEN,,"L, 103-115",,41:03,5,13,2,5,0,1,1,0,1,5,1,1,1,3,12
Dakota Mathias,https://www.basketball-reference.com/players/m/mathida01.html,2021,2021-01-11,PHI,ATL,@,"L, 94-112",,39:12,6,15,2,8,0,0,0,2,2,4,0,2,0,2,14
Dakota Mathias,https://www.basketball-reference.com/players/m/mathida01.html,2021,2021-01-12,PHI,MIA,,"W, 137-134 (OT)",,10:46,1,4,1,3,0,2,0,1,1,0,0,0,0,1,3
Dakota Mathias,https://www.basketball-reference.com/players/m/mathida01.html,2021,2021-01-14,PHI,MIA,,"W, 125-108",,02:34,0,1,0,1,0,0,0,0,0,1,0,0,0,0,0
Dakota Mathias,https://www.basketball-reference.com/players/m/mathida01.html,2021,2021-01-16,PHI,MEM,@,"L, 104-106",,,,,,,,,,,,,,,,,
Tyrese Maxey,https://www.basketball-reference.com/players/m/maxeyty01.html,2021,2020-12-23,PHI,WAS,,"W, 113-107",,10:51,3,6,0,1,0,0,0,2,2,2,0,0,1,0,6
Tyrese Maxey,https://www.basketball-reference.com/players/m/maxeyty01.html,2021,2020-12-26,PHI,NYK,@,"W, 109-89",,08:49,1,4,0,0,0,0,1,1,2,3,0,0,1,0,2
Tyrese Maxey,https://www.basketball-reference.com/players/m/maxeyty01.html,2021,2020-12-27,PHI,CLE,@,"L, 94-118",,21:40,3,8,0,2,0,0,0,0,0,1,1,0,1,1,6
Tyrese Maxey,https://www.basketball-reference.com/players/m/maxeyty01.html,2021,2020-12-29,PHI,TOR,,"W, 100-93",,08:01,0,3,0,2,0,0,0,0,0,1,0,0,0,0,0
Tyrese Maxey,https://www.basketball-reference.com/players/m/maxeyty01.html,2021,2020-12-31,PHI,ORL,@,"W, 116-92",,21:00,5,9,0,0,0,0,0,2,2,0,1,0,1,2,10
Tyrese Maxey,https://www.basketball-reference.com/players/m/maxeyty01.html,2021,,,,,,,,,,,,,,,,,,,,,,
Tyrese Maxey,https://www.basketball-reference.com/players/m/maxeyty01.html,2021,2021-01-02,PHI,CHO,,"W, 127-112",,17:55,4,8,1,2,0,0,0,2,2,2,1,0,1,1,9
Tyrese Maxey,https://www.basketball-reference.com/players/m/maxeyty01.html,2021,2021-01-04,PHI,CHO,,"W, 118-101",,21:13,4,10,2,3,1,1,0,2,2,2,1,0,0,2,11
Tyrese Maxey,https://www.basketball-reference.com/players/m/maxeyty01.html,2021,2021-01-06,PHI,WAS,,"W, 141-136",,10:59,1,1,0,0,0,0,0,2,2,1,0,0,0,1,2
Tyrese Maxey,https://www.basketball-reference.com/players/m/maxeyty01.html,2021,2021-01-07,PHI,BRK,@,"L, 109-122",,20:55,7,12,2,4,0,0,0,3,3,2,1,1,0,0,16
Tyrese Maxey,https://www.basketball-reference.com/players/m/maxeyty01.html,2021,2021-01-09,PHI,DEN,,"L, 103-115",,43:45,18,33,3,8,0,0,1,6,7,6,2,0,2,3,39
Tyrese Maxey,https://www.basketball-reference.com/players/m/maxeyty01.html,2021,2021-01-11,PHI,ATL,@,"L, 94-112",,30:56,7,14,0,1,1,1,0,6,6,4,0,2,2,1,15
Tyrese Maxey,https://www.basketball-reference.com/players/m/maxeyty01.html,2021,2021-01-12,PHI,MIA,,"W, 137-134 (OT)",,36:14,7,18,1,6,1,3,1,2,3,8,1,0,1,6,16
Tyrese Maxey,https://www.basketball-reference.com/players/m/maxeyty01.html,2021,2021-01-14,PHI,MIA,,"W, 125-108",,25:40,6,10,1,3,2,2,1,0,1,1,1,0,2,2,15
Tyrese Maxey,https://www.basketball-reference.com/players/m/maxeyty01.html,2021,2021-01-16,PHI,MEM,@,"L, 104-106",,24:36,5,13,0,4,2,2,2,1,3,0,0,0,0,1,12
Tyrese Maxey,https://www.basketball-reference.com/players/m/maxeyty01.html,2021,2021-01-20,PHI,BOS,,"W, 117-109",,20:34,0,4,0,1,0,0,0,2,2,2,0,0,0,2,0
Tyrese Maxey,https://www.basketball-reference.com/players/m/maxeyty01.html,2021,2021-01-22,PHI,BOS,,"W, 122-110",,06:12,1,1,0,0,0,0,0,3,3,0,0,0,0,0,2
Tyrese Maxey,https://www.basketball-reference.com/players/m/maxeyty01.html,2021,2021-01-23,PHI,DET,@,"W, 114-110",,12:34,1,4,0,1,0,0,0,2,2,0,2,0,0,0,2
Tyrese Maxey,https://www.basketball-reference.com/players/m/maxeyty01.html,2021,2021-01-25,PHI,DET,@,"L, 104-119",,20:58,6,12,2,3,3,3,0,2,2,2,3,0,1,2,17
Tyrese Maxey,https://www.basketball-reference.com/players/m/maxeyty01.html,2021,2021-01-27,PHI,LAL,,"W, 107-106",,05:55,2,5,0,0,0,0,0,0,0,0,0,0,0,0,4
Tyrese Maxey,https://www.basketball-reference.com/players/m/maxeyty01.html,2021,2021-01-29,PHI,MIN,@,"W, 118-94",,09:42,3,5,0,0,2,2,0,0,0,0,0,0,1,2,8
Tyrese Maxey,https://www.basketball-reference.com/players/m/maxeyty01.html,2021,2021-01-31,PHI,IND,@,"W, 119-110",,18:14,3,8,1,3,2,2,0,1,1,3,0,0,0,0,9
Tyrese Maxey,https://www.basketball-reference.com/players/m/maxeyty01.html,2021,2021-02-03,PHI,CHO,@,"W, 118-111",,04:35,0,1,0,0,0,0,0,2,2,1,0,0,0,1,0
Tyrese Maxey,https://www.basketball-reference.com/players/m/maxeyty01.html,2021,2021-02-04,PHI,POR,,"L, 105-121",,20:49,5,8,2,4,3,4,0,2,2,4,1,0,2,3,15
Tyrese Maxey,https://www.basketball-reference.com/players/m/maxeyty01.html,2021,2021-02-06,PHI,BRK,,"W, 124-108",,02:43,0,0,0,0,0,0,0,1,1,0,0,0,0,1,0
Tyrese Maxey,https://www.basketball-reference.com/players/m/maxeyty01.html,2021,2021-02-09,PHI,SAC,@,"W, 119-111",,,,,,,,,,,,,,,,,
Tyrese Maxey,https://www.basketball-reference.com/players/m/maxeyty01.html,2021,2021-02-11,PHI,POR,@,"L, 114-118",,12:35,2,8,0,3,1,1,0,1,1,0,0,0,0,1,5
Tyrese Maxey,https://www.basketball-reference.com/players/m/maxeyty01.html,2021,2021-02-13,PHI,PHO,@,"L, 111-120",,09:59,2,6,0,1,2,2,0,0,0,3,0,0,1,0,6
Tyrese Maxey,https://www.basketball-reference.com/players/m/maxeyty01.html,2021,2021-02-15,PHI,UTA,@,"L, 123-134",,12:46,3,8,0,2,0,0,0,0,0,0,0,0,0,1,6
Tyrese Maxey,https://www.basketball-reference.com/players/m/maxeyty01.html,2021,2021-02-17,PHI,HOU,,"W, 118-113",,11:42,4,7,0,0,2,2,0,2,2,0,0,0,1,0,10
Tyrese Maxey,https://www.basketball-reference.com/players/m/maxeyty01.html,2021,2021-02-19,PHI,CHI,,"W, 112-105",,17:00,3,11,0,0,0,0,2,1,3,3,0,0,3,2,6
Tyrese Maxey,https://www.basketball-reference.com/players/m/maxeyty01.html,2021,2021-02-21,PHI,TOR,@,"L, 103-110",,,,,,,,,,,,,,,,,
Tyrese Maxey,https://www.basketball-reference.com/players/m/maxeyty01.html,2021,2021-02-23,PHI,TOR,@,"W, 109-102",,,,,,,,,,,,,,,,,
Tyrese Maxey,https://www.basketball-reference.com/players/m/maxeyty01.html,2021,2021-02-25,PHI,DAL,,"W, 111-97",,04:32,1,2,0,0,0,0,0,1,1,1,0,0,0,2,2
Tyrese Maxey,https://www.basketball-reference.com/players/m/maxeyty01.html,2021,2021-02-27,PHI,CLE,,"L, 109-112 (OT)",,07:57,0,0,0,0,0,0,0,1,1,1,0,1,0,0,0
Tyrese Maxey,https://www.basketball-reference.com/players/m/maxeyty01.html,2021,2021-03-01,PHI,IND,,"W, 130-114",,17:10,2,3,0,1,0,0,0,2,2,5,0,1,1,3,4
Tyrese Maxey,https://www.basketball-reference.com/players/m/maxeyty01.html,2021,2021-03-03,PHI,UTA,,"W, 131-123 (OT)",,,,,,,,,,,,,,,,,
Tyrese Maxey,https://www.basketball-reference.com/players/m/maxeyty01.html,2021,2021-03-11,PHI,CHI,@,"W, 127-105",,04:32,2,4,0,1,0,0,0,0,0,0,0,0,0,0,4
Tyrese Maxey,https://www.basketball-reference.com/players/m/maxeyty01.html,2021,2021-03-12,PHI,WAS,@,"W, 127-101",,06:19,1,2,0,0,0,0,0,0,0,0,0,0,0,0,2
Tyrese Maxey,https://www.basketball-reference.com/players/m/maxeyty01.html,2021,2021-03-14,PHI,SAS,,"W, 134-99",,08:47,2,5,0,0,1,2,0,1,1,2,0,1,1,0,5
Tyrese Maxey,https://www.basketball-reference.com/players/m/maxeyty01.html,2021,2021-03-16,PHI,NYK,,"W, 99-96",,,,,,,,,,,,,,,,,
Tyrese Maxey,https://www.basketball-reference.com/players/m/maxeyty01.html,2021,2021-03-17,PHI,MIL,,"L, 105-109 (OT)",,,,,,,,,,,,,,,,,
Tyrese Maxey,https://www.basketball-reference.com/players/m/maxeyty01.html,2021,2021-03-20,PHI,SAC,,"W, 129-105",,14:46,4,7,1,1,0,0,1,0,1,1,0,0,1,3,9
Tyrese Maxey,https://www.basketball-reference.com/players/m/maxeyty01.html,2021,2021-03-21,PHI,NYK,@,"W, 101-100 (OT)",,14:58,3,4,0,0,0,0,0,3,3,1,0,0,1,2,6
Tyrese Maxey,https://www.basketball-reference.com/players/m/maxeyty01.html,2021,2021-03-23,PHI,GSW,@,"W, 108-98",,11:17,2,3,1,2,0,0,0,1,1,0,0,0,0,1,5
Tyrese Maxey,https://www.basketball-reference.com/players/m/maxeyty01.html,2021,2021-03-25,PHI,LAL,@,"W, 109-101",,00:04,0,0,0,0,0,0,0,0,0,0,0,0,0,0,0
Tyrese Maxey,https://www.basketball-reference.com/players/m/maxeyty01.html,2021,2021-03-27,PHI,LAC,@,"L, 112-122",,07:55,1,3,1,1,1,2,0,0,0,0,0,0,0,0,4
Tyrese Maxey,https://www.basketball-reference.com/players/m/maxeyty01.html,2021,2021-03-30,PHI,DEN,@,"L, 95-104",,15:45,4,9,1,3,4,4,0,2,2,1,0,0,0,1,13
Tyrese Maxey,https://www.basketball-reference.com/players/m/maxeyty01.html,2021,2021-04-01,PHI,CLE,@,"W, 114-94",,21:41,2,8,0,3,2,2,0,2,2,4,0,1,2,1,6
Tyrese Maxey,https://www.basketball-reference.com/players/m/maxeyty01.html,2021,2021-04-03,PHI,MIN,,"W, 122-113",,,,,,,,,,,,,,,,,
Tyrese Maxey,https://www.basketball-reference.com/players/m/maxeyty01.html,2021,2021-04-04,PHI,MEM,,"L, 100-116",,,,,,,,,,,,,,,,,
Tyrese Maxey,https://www.basketball-reference.com/players/m/maxeyty01.html,2021,2021-04-06,PHI,BOS,@,"W, 106-96",,01:13,0,1,0,0,0,0,0,0,0,0,0,0,0,1,0
Tyrese Maxey,https://www.basketball-reference.com/players/m/maxeyty01.html,2021,2021-04-09,PHI,NOP,@,"L, 94-101",,00:31,1,1,0,0,0,0,0,0,0,0,0,0,0,0,2
Tyrese Maxey,https://www.basketball-reference.com/players/m/maxeyty01.html,2021,2021-04-10,PHI,OKC,@,"W, 117-93",,19:46,2,8,0,2,3,3,0,0,0,5,1,0,1,3,7
Tyrese Maxey,https://www.basketball-reference.com/players/m/maxeyty01.html,2021,2021-04-12,PHI,DAL,@,"W, 113-95",,02:18,0,1,0,1,0,0,0,0,0,0,0,0,0,1,0
Tyrese Maxey,https://www.basketball-reference.com/players/m/maxeyty01.html,2021,2021-04-14,PHI,BRK,,"W, 123-117",,,,,,,,,,,,,,,,,
Tyrese Maxey,https://www.basketball-reference.com/players/m/maxeyty01.html,2021,2021-04-16,PHI,LAC,,"W, 106-103",,15:47,4,7,1,2,0,0,0,1,1,3,0,0,1,0,9
Tyrese Maxey,https://www.basketball-reference.com/players/m/maxeyty01.html,2021,2021-04-19,PHI,GSW,,"L, 96-107",,16:11,5,9,0,1,0,0,0,2,2,0,0,0,0,2,10
Tyrese Maxey,https://www.basketball-reference.com/players/m/maxeyty01.html,2021,2021-04-21,PHI,PHO,,"L, 113-116",,31:29,5,11,0,3,4,4,0,3,3,3,2,1,1,2,14
Tyrese Maxey,https://www.basketball-reference.com/players/m/maxeyty01.html,2021,2021-04-22,PHI,MIL,@,"L, 117-124",,19:19,4,11,2,4,1,2,0,0,0,5,1,0,2,4,11
Tyrese Maxey,https://www.basketball-reference.com/players/m/maxeyty01.html,2021,2021-04-24,PHI,MIL,@,"L, 94-132",,21:29,5,13,0,5,5,6,0,2,2,0,0,1,1,1,15
Tyrese Maxey,https://www.basketball-reference.com/players/m/maxeyty01.html,2021,2021-04-26,PHI,OKC,,"W, 121-90",,12:00,5,5,1,1,0,0,0,1,1,4,0,0,1,2,11
Tyrese Maxey,https://www.basketball-reference.com/players/m/maxeyty01.html,2021,2021-04-28,PHI,ATL,,"W, 127-83",,13:32,5,6,1,2,0,0,0,2,2,2,0,0,0,1,11
Tyrese Maxey,https://www.basketball-reference.com/players/m/maxeyty01.html,2021,2021-04-30,PHI,ATL,,"W, 126-104",,05:54,0,2,0,0,0,0,0,0,0,1,0,0,0,0,0
Tyrese Maxey,https://www.basketball-reference.com/players/m/maxeyty01.html,2021,2021-05-02,PHI,SAS,@,"W, 113-111 (OT)",,,,,,,,,,,,,,,,,
Tyrese Maxey,https://www.basketball-reference.com/players/m/maxeyty01.html,2021,2021-05-03,PHI,CHI,@,"W, 106-94",,02:23,0,2,0,1,0,0,0,0,0,0,0,0,0,0,0
Tyrese Maxey,https://www.basketball-reference.com/players/m/maxeyty01.html,2021,2021-05-05,PHI,HOU,@,"W, 135-115",,22:10,4,9,2,4,2,2,1,3,4,7,0,0,3,0,12
Tyrese Maxey,https://www.basketball-reference.com/players/m/maxeyty01.html,2021,2021-05-07,PHI,NOP,,"W, 109-107",,,,,,,,,,,,,,,,,
Tyrese Maxey,https://www.basketball-reference.com/players/m/maxeyty01.html,2021,2021-05-08,PHI,DET,,"W, 118-104",,35:13,7,11,2,3,6,7,0,5,5,4,2,1,1,2,22
Tyrese Maxey,https://www.basketball-reference.com/players/m/maxeyty01.html,2021,2021-05-11,PHI,IND,@,"L, 94-103",,16:34,4,9,0,1,3,4,1,1,2,3,1,2,1,2,11
Tyrese Maxey,https://www.basketball-reference.com/players/m/maxeyty01.html,2021,2021-05-13,PHI,MIA,@,"L, 94-106",,17:17,3,8,0,2,0,0,0,0,0,4,1,0,1,2,6
Tyrese Maxey,https://www.basketball-reference.com/players/m/maxeyty01.html,2021,2021-05-14,PHI,ORL,,"W, 122-97",,22:53,3,9,0,1,2,2,0,5,5,6,2,0,0,4,8
Tyrese Maxey,https://www.basketball-reference.com/players/m/maxeyty01.html,2021,2021-05-16,PHI,ORL,,"W, 128-117",,34:52,11,19,3,4,5,5,0,7,7,6,1,1,1,4,30
Paul Reed,https://www.basketball-reference.com/players/r/reedpa01.html,2021,2020-12-23,PHI,WAS,,"W, 113-107",,,,,,,,,,,,,,,,,
Paul Reed,https://www.basketball-reference.com/players/r/reedpa01.html,2021,2020-12-26,PHI,NYK,@,"W, 109-89",,,,,,,,,,,,,,,,,
Paul Reed,https://www.basketball-reference.com/players/r/reedpa01.html,2021,2020-12-27,PHI,CLE,@,"L, 94-118",,,,,,,,,,,,,,,,,
Paul Reed,https://www.basketball-reference.com/players/r/reedpa01.html,2021,2020-12-29,PHI,TOR,,"W, 100-93",,,,,,,,,,,,,,,,,
Paul Reed,https://www.basketball-reference.com/players/r/reedpa01.html,2021,2020-12-31,PHI,ORL,@,"W, 116-92",,,,,,,,,,,,,,,,,
Paul Reed,https://www.basketball-reference.com/players/r/reedpa01.html,2021,,,,,,,,,,,,,,,,,,,,,,
Paul Reed,https://www.basketball-reference.com/players/r/reedpa01.html,2021,2021-01-02,PHI,CHO,,"W, 127-112",,,,,,,,,,,,,,,,,
Paul Reed,https://www.basketball-reference.com/players/r/reedpa01.html,2021,2021-01-04,PHI,CHO,,"W, 118-101",,01:24,1,1,0,0,0,0,0,0,0,0,0,0,0,1,2
Paul Reed,https://www.basketball-reference.com/players/r/reedpa01.html,2021,2021-01-06,PHI,WAS,,"W, 141-136",,,,,,,,,,,,,,,,,
Paul Reed,https://www.basketball-reference.com/players/r/reedpa01.html,2021,2021-01-07,PHI,BRK,@,"L, 109-122",,,,,,,,,,,,,,,,,
Paul Reed,https://www.basketball-reference.com/players/r/reedpa01.html,2021,2021-01-09,PHI,DEN,,"L, 103-115",,26:11,3,9,0,1,0,0,6,1,7,2,1,1,4,1,6
Paul Reed,https://www.basketball-reference.com/players/r/reedpa01.html,2021,2021-01-11,PHI,ATL,@,"L, 94-112",,20:41,3,7,0,1,0,0,1,2,3,1,0,3,0,1,6
Paul Reed,https://www.basketball-reference.com/players/r/reedpa01.html,2021,2021-01-12,PHI,MIA,,"W, 137-134 (OT)",,,,,,,,,,,,,,,,,
Paul Reed,https://www.basketball-reference.com/players/r/reedpa01.html,2021,2021-01-14,PHI,MIA,,"W, 125-108",,02:22,1,2,0,1,0,0,0,0,0,0,0,0,1,1,2
Paul Reed,https://www.basketball-reference.com/players/r/reedpa01.html,2021,2021-01-16,PHI,MEM,@,"L, 104-106",,,,,,,,,,,,,,,,,
Paul Reed,https://www.basketball-reference.com/players/r/reedpa01.html,2021,2021-01-20,PHI,BOS,,"W, 117-109",,,,,,,,,,,,,,,,,
Paul Reed,https://www.basketball-reference.com/players/r/reedpa01.html,2021,2021-01-22,PHI,BOS,,"W, 122-110",,,,,,,,,,,,,,,,,
Paul Reed,https://www.basketball-reference.com/players/r/reedpa01.html,2021,2021-01-23,PHI,DET,@,"W, 114-110",,,,,,,,,,,,,,,,,
Paul Reed,https://www.basketball-reference.com/players/r/reedpa01.html,2021,2021-01-25,PHI,DET,@,"L, 104-119",,04:38,1,3,0,0,0,0,0,0,0,0,0,0,0,0,2
Paul Reed,https://www.basketball-reference.com/players/r/reedpa01.html,2021,2021-01-27,PHI,LAL,,"W, 107-106",,,,,,,,,,,,,,,,,
Paul Reed,https://www.basketball-reference.com/players/r/reedpa01.html,2021,2021-01-29,PHI,MIN,@,"W, 118-94",,,,,,,,,,,,,,,,,
Paul Reed,https://www.basketball-reference.com/players/r/reedpa01.html,2021,2021-01-31,PHI,IND,@,"W, 119-110",,,,,,,,,,,,,,,,,
Paul Reed,https://www.basketball-reference.com/players/r/reedpa01.html,2021,2021-02-03,PHI,CHO,@,"W, 118-111",,,,,,,,,,,,,,,,,
Paul Reed,https://www.basketball-reference.com/players/r/reedpa01.html,2021,2021-02-04,PHI,POR,,"L, 105-121",,,,,,,,,,,,,,,,,
Paul Reed,https://www.basketball-reference.com/players/r/reedpa01.html,2021,2021-02-06,PHI,BRK,,"W, 124-108",,,,,,,,,,,,,,,,,
Paul Reed,https://www.basketball-reference.com/players/r/reedpa01.html,2021,2021-02-09,PHI,SAC,@,"W, 119-111",,,,,,,,,,,,,,,,,
Paul Reed,https://www.basketball-reference.com/players/r/reedpa01.html,2021,2021-02-11,PHI,POR,@,"L, 114-118",,,,,,,,,,,,,,,,,
Paul Reed,https://www.basketball-reference.com/players/r/reedpa01.html,2021,2021-02-13,PHI,PHO,@,"L, 111-120",,,,,,,,,,,,,,,,,
Paul Reed,https://www.basketball-reference.com/players/r/reedpa01.html,2021,2021-02-15,PHI,UTA,@,"L, 123-134",,,,,,,,,,,,,,,,,
Paul Reed,https://www.basketball-reference.com/players/r/reedpa01.html,2021,2021-02-17,PHI,HOU,,"W, 118-113",,,,,,,,,,,,,,,,,
Paul Reed,https://www.basketball-reference.com/players/r/reedpa01.html,2021,2021-02-19,PHI,CHI,,"W, 112-105",,,,,,,,,,,,,,,,,
Paul Reed,https://www.basketball-reference.com/players/r/reedpa01.html,2021,2021-02-21,PHI,TOR,@,"L, 103-110",,,,,,,,,,,,,,,,,
Paul Reed,https://www.basketball-reference.com/players/r/reedpa01.html,2021,2021-02-23,PHI,TOR,@,"W, 109-102",,,,,,,,,,,,,,,,,
Paul Reed,https://www.basketball-reference.com/players/r/reedpa01.html,2021,2021-02-25,PHI,DAL,,"W, 111-97",,,,,,,,,,,,,,,,,
Paul Reed,https://www.basketball-reference.com/players/r/reedpa01.html,2021,2021-02-27,PHI,CLE,,"L, 109-112 (OT)",,,,,,,,,,,,,,,,,
Paul Reed,https://www.basketball-reference.com/players/r/reedpa01.html,2021,2021-03-01,PHI,IND,,"W, 130-114",,,,,,,,,,,,,,,,,
Paul Reed,https://www.basketball-reference.com/players/r/reedpa01.html,2021,2021-03-03,PHI,UTA,,"W, 131-123 (OT)",,,,,,,,,,,,,,,,,
Paul Reed,https://www.basketball-reference.com/players/r/reedpa01.html,2021,2021-03-11,PHI,CHI,@,"W, 127-105",,,,,,,,,,,,,,,,,
Paul Reed,https://www.basketball-reference.com/players/r/reedpa01.html,2021,2021-03-12,PHI,WAS,@,"W, 127-101",,,,,,,,,,,,,,,,,
Paul Reed,https://www.basketball-reference.com/players/r/reedpa01.html,2021,2021-03-14,PHI,SAS,,"W, 134-99",,06:22,1,1,0,0,0,0,0,2,2,0,0,1,0,0,2
Paul Reed,https://www.basketball-reference.com/players/r/reedpa01.html,2021,2021-03-16,PHI,NYK,,"W, 99-96",,,,,,,,,,,,,,,,,
Paul Reed,https://www.basketball-reference.com/players/r/reedpa01.html,2021,2021-03-17,PHI,MIL,,"L, 105-109 (OT)",,,,,,,,,,,,,,,,,
Paul Reed,https://www.basketball-reference.com/players/r/reedpa01.html,2021,2021-03-20,PHI,SAC,,"W, 129-105",,02:14,1,1,0,0,0,0,0,0,0,0,0,0,0,0,2
Paul Reed,https://www.basketball-reference.com/players/r/reedpa01.html,2021,2021-03-21,PHI,NYK,@,"W, 101-100 (OT)",,,,,,,,,,,,,,,,,
Paul Reed,https://www.basketball-reference.com/players/r/reedpa01.html,2021,2021-03-23,PHI,GSW,@,"W, 108-98",,,,,,,,,,,,,,,,,
Paul Reed,https://www.basketball-reference.com/players/r/reedpa01.html,2021,2021-03-25,PHI,LAL,@,"W, 109-101",,08:56,2,4,0,2,0,1,1,2,3,0,1,0,0,2,4
Paul Reed,https://www.basketball-reference.com/players/r/reedpa01.html,2021,2021-03-27,PHI,LAC,@,"L, 112-122",,03:50,1,2,0,0,0,0,1,1,2,0,0,0,1,2,2
Paul Reed,https://www.basketball-reference.com/players/r/reedpa01.html,2021,2021-03-30,PHI,DEN,@,"L, 95-104",,06:43,0,2,0,0,0,0,1,1,2,0,2,0,0,4,0
Paul Reed,https://www.basketball-reference.com/players/r/reedpa01.html,2021,2021-04-01,PHI,CLE,@,"W, 114-94",,03:31,1,3,0,0,0,0,0,2,2,0,0,0,0,2,2
Paul Reed,https://www.basketball-reference.com/players/r/reedpa01.html,2021,2021-04-03,PHI,MIN,,"W, 122-113",,,,,,,,,,,,,,,,,
Paul Reed,https://www.basketball-reference.com/players/r/reedpa01.html,2021,2021-04-04,PHI,MEM,,"L, 100-116",,13:02,5,7,0,1,0,1,2,4,6,2,1,1,1,1,10
Paul Reed,https://www.basketball-reference.com/players/r/reedpa01.html,2021,2021-04-06,PHI,BOS,@,"W, 106-96",,01:06,0,0,0,0,0,0,0,0,0,0,0,1,0,0,0
Paul Reed,https://www.basketball-reference.com/players/r/reedpa01.html,2021,2021-04-09,PHI,NOP,@,"L, 94-101",,00:31,0,0,0,0,0,0,0,0,0,0,0,0,0,0,0
Paul Reed,https://www.basketball-reference.com/players/r/reedpa01.html,2021,2021-04-10,PHI,OKC,@,"W, 117-93",,06:04,1,2,0,0,1,2,2,0,2,1,0,0,0,1,3
Paul Reed,https://www.basketball-reference.com/players/r/reedpa01.html,2021,2021-04-12,PHI,DAL,@,"W, 113-95",,01:25,0,0,0,0,0,0,0,0,0,0,0,0,0,0,0
Paul Reed,https://www.basketball-reference.com/players/r/reedpa01.html,2021,2021-04-14,PHI,BRK,,"W, 123-117",,,,,,,,,,,,,,,,,
Paul Reed,https://www.basketball-reference.com/players/r/reedpa01.html,2021,2021-04-16,PHI,LAC,,"W, 106-103",,02:43,0,0,0,0,0,0,0,2,2,0,0,0,1,0,0
Paul Reed,https://www.basketball-reference.com/players/r/reedpa01.html,2021,2021-04-19,PHI,GSW,,"L, 96-107",,,,,,,,,,,,,,,,,
Paul Reed,https://www.basketball-reference.com/players/r/reedpa01.html,2021,2021-04-21,PHI,PHO,,"L, 113-116",,,,,,,,,,,,,,,,,
Paul Reed,https://www.basketball-reference.com/players/r/reedpa01.html,2021,2021-04-22,PHI,MIL,@,"L, 117-124",,03:31,2,3,0,0,0,0,1,1,2,0,0,0,0,2,4
Paul Reed,https://www.basketball-reference.com/players/r/reedpa01.html,2021,2021-04-24,PHI,MIL,@,"L, 94-132",,,,,,,,,,,,,,,,,
Paul Reed,https://www.basketball-reference.com/players/r/reedpa01.html,2021,2021-04-26,PHI,OKC,,"W, 121-90",,10:23,5,7,0,0,0,0,5,4,9,1,1,2,1,0,10
Paul Reed,https://www.basketball-reference.com/players/r/reedpa01.html,2021,2021-04-28,PHI,ATL,,"W, 127-83",,06:33,1,1,0,0,0,0,0,0,0,0,0,2,0,3,2
Paul Reed,https://www.basketball-reference.com/players/r/reedpa01.html,2021,2021-04-30,PHI,ATL,,"W, 126-104",,03:23,1,1,0,0,0,0,0,1,1,0,1,1,1,1,2
Paul Reed,https://www.basketball-reference.com/players/r/reedpa01.html,2021,2021-05-02,PHI,SAS,@,"W, 113-111 (OT)",,,,,,,,,,,,,,,,,
Paul Reed,https://www.basketball-reference.com/players/r/reedpa01.html,2021,2021-05-03,PHI,CHI,@,"W, 106-94",,,,,,,,,,,,,,,,,
Paul Reed,https://www.basketball-reference.com/players/r/reedpa01.html,2021,2021-05-05,PHI,HOU,@,"W, 135-115",,04:39,0,1,0,0,0,0,0,1,1,0,1,0,0,0,0
Paul Reed,https://www.basketball-reference.com/players/r/reedpa01.html,2021,2021-05-07,PHI,NOP,,"W, 109-107",,,,,,,,,,,,,,,,,
Paul Reed,https://www.basketball-reference.com/players/r/reedpa01.html,2021,2021-05-08,PHI,DET,,"W, 118-104",,02:43,1,1,0,0,0,0,0,0,0,0,0,0,0,0,2
Paul Reed,https://www.basketball-reference.com/players/r/reedpa01.html,2021,2021-05-11,PHI,IND,@,"L, 94-103",,,,,,,,,,,,,,,,,
Paul Reed,https://www.basketball-reference.com/players/r/reedpa01.html,2021,2021-05-13,PHI,MIA,@,"L, 94-106",,03:52,2,2,0,0,0,0,1,2,3,0,0,0,0,1,4
Paul Reed,https://www.basketball-reference.com/players/r/reedpa01.html,2021,2021-05-14,PHI,ORL,,"W, 122-97",,06:58,2,5,0,0,0,0,2,0,2,2,1,0,0,3,4
Paul Reed,https://www.basketball-reference.com/players/r/reedpa01.html,2021,2021-05-16,PHI,ORL,,"W, 128-117",,23:32,7,13,0,0,3,4,7,5,12,3,1,1,2,3,17
Ty-Shon Alexander,https://www.basketball-reference.com/players/a/alexaty01.html,2021,2020-12-23,PHO,DAL,,"W, 106-102",,,,,,,,,,,,,,,,,
Ty-Shon Alexander,https://www.basketball-reference.com/players/a/alexaty01.html,2021,2020-12-26,PHO,SAC,@,"L, 103-106",,,,,,,,,,,,,,,,,
Ty-Shon Alexander,https://www.basketball-reference.com/players/a/alexaty01.html,2021,2020-12-27,PHO,SAC,@,"W, 116-100",,01:09,0,1,0,0,0,0,0,0,0,0,0,0,0,0,0
Ty-Shon Alexander,https://www.basketball-reference.com/players/a/alexaty01.html,2021,2020-12-29,PHO,NOP,,"W, 111-86",,03:54,0,2,0,1,0,0,0,1,1,1,0,0,0,1,0
Ty-Shon Alexander,https://www.basketball-reference.com/players/a/alexaty01.html,2021,2020-12-31,PHO,UTA,@,"W, 106-95",,,,,,,,,,,,,,,,,
Ty-Shon Alexander,https://www.basketball-reference.com/players/a/alexaty01.html,2021,,,,,,,,,,,,,,,,,,,,,,
Ty-Shon Alexander,https://www.basketball-reference.com/players/a/alexaty01.html,2021,2021-01-01,PHO,DEN,@,"W, 106-103",,,,,,,,,,,,,,,,,
Ty-Shon Alexander,https://www.basketball-reference.com/players/a/alexaty01.html,2021,2021-01-03,PHO,LAC,,"L, 107-112",,,,,,,,,,,,,,,,,
Ty-Shon Alexander,https://www.basketball-reference.com/players/a/alexaty01.html,2021,2021-01-06,PHO,TOR,,"W, 123-115",,,,,,,,,,,,,,,,,
Ty-Shon Alexander,https://www.basketball-reference.com/players/a/alexaty01.html,2021,2021-01-08,PHO,DET,@,"L, 105-110 (OT)",,,,,,,,,,,,,,,,,
Ty-Shon Alexander,https://www.basketball-reference.com/players/a/alexaty01.html,2021,2021-01-09,PHO,IND,@,"W, 125-117",,,,,,,,,,,,,,,,,
Ty-Shon Alexander,https://www.basketball-reference.com/players/a/alexaty01.html,2021,2021-01-11,PHO,WAS,@,"L, 107-128",,03:17,0,0,0,0,0,0,0,0,0,0,0,0,0,0,0
Ty-Shon Alexander,https://www.basketball-reference.com/players/a/alexaty01.html,2021,2021-01-18,PHO,MEM,@,"L, 104-108",,,,,,,,,,,,,,,,,
Ty-Shon Alexander,https://www.basketball-reference.com/players/a/alexaty01.html,2021,2021-01-20,PHO,HOU,@,"W, 109-103",,,,,,,,,,,,,,,,,
Ty-Shon Alexander,https://www.basketball-reference.com/players/a/alexaty01.html,2021,2021-01-22,PHO,DEN,,"L, 126-130 (OT)",,,,,,,,,,,,,,,,,
Ty-Shon Alexander,https://www.basketball-reference.com/players/a/alexaty01.html,2021,2021-01-23,PHO,DEN,,"L, 112-120 (2OT)",,,,,,,,,,,,,,,,,
Ty-Shon Alexander,https://www.basketball-reference.com/players/a/alexaty01.html,2021,2021-01-27,PHO,OKC,,"L, 97-102",,,,,,,,,,,,,,,,,
Ty-Shon Alexander,https://www.basketball-reference.com/players/a/alexaty01.html,2021,2021-01-28,PHO,GSW,,"W, 114-93",,,,,,,,,,,,,,,,,
Ty-Shon Alexander,https://www.basketball-reference.com/players/a/alexaty01.html,2021,2021-01-30,PHO,DAL,@,"W, 111-105",,,,,,,,,,,,,,,,,
Ty-Shon Alexander,https://www.basketball-reference.com/players/a/alexaty01.html,2021,2021-02-01,PHO,DAL,@,"W, 109-108",,,,,,,,,,,,,,,,,
Ty-Shon Alexander,https://www.basketball-reference.com/players/a/alexaty01.html,2021,2021-02-03,PHO,NOP,@,"L, 101-123",,,,,,,,,,,,,,,,,
Ty-Shon Alexander,https://www.basketball-reference.com/players/a/alexaty01.html,2021,2021-02-05,PHO,DET,,"W, 109-92",,,,,,,,,,,,,,,,,
Ty-Shon Alexander,https://www.basketball-reference.com/players/a/alexaty01.html,2021,2021-02-07,PHO,BOS,,"W, 100-91",,,,,,,,,,,,,,,,,
Ty-Shon Alexander,https://www.basketball-reference.com/players/a/alexaty01.html,2021,2021-02-08,PHO,CLE,,"W, 119-113",,,,,,,,,,,,,,,,,
Ty-Shon Alexander,https://www.basketball-reference.com/players/a/alexaty01.html,2021,2021-02-10,PHO,MIL,,"W, 125-124",,,,,,,,,,,,,,,,,
Ty-Shon Alexander,https://www.basketball-reference.com/players/a/alexaty01.html,2021,2021-02-13,PHO,PHI,,"W, 120-111",,,,,,,,,,,,,,,,,
Ty-Shon Alexander,https://www.basketball-reference.com/players/a/alexaty01.html,2021,2021-02-14,PHO,ORL,,"W, 109-90",,,,,,,,,,,,,,,,,
Ty-Shon Alexander,https://www.basketball-reference.com/players/a/alexaty01.html,2021,2021-02-16,PHO,BRK,,"L, 124-128",,,,,,,,,,,,,,,,,
Ty-Shon Alexander,https://www.basketball-reference.com/players/a/alexaty01.html,2021,2021-02-19,PHO,NOP,@,"W, 132-114",,,,,,,,,,,,,,,,,
Ty-Shon Alexander,https://www.basketball-reference.com/players/a/alexaty01.html,2021,2021-02-20,PHO,MEM,@,"W, 128-97",,,,,,,,,,,,,,,,,
Ty-Shon Alexander,https://www.basketball-reference.com/players/a/alexaty01.html,2021,2021-02-22,PHO,POR,,"W, 132-100",,,,,,,,,,,,,,,,,
Ty-Shon Alexander,https://www.basketball-reference.com/players/a/alexaty01.html,2021,2021-02-24,PHO,CHO,,"L, 121-124",,,,,,,,,,,,,,,,,
Ty-Shon Alexander,https://www.basketball-reference.com/players/a/alexaty01.html,2021,2021-02-26,PHO,CHI,@,"W, 106-97",,,,,,,,,,,,,,,,,
Ty-Shon Alexander,https://www.basketball-reference.com/players/a/alexaty01.html,2021,2021-02-28,PHO,MIN,@,"W, 118-99",,,,,,,,,,,,,,,,,
Ty-Shon Alexander,https://www.basketball-reference.com/players/a/alexaty01.html,2021,2021-03-02,PHO,LAL,@,"W, 114-104",,,,,,,,,,,,,,,,,
Ty-Shon Alexander,https://www.basketball-reference.com/players/a/alexaty01.html,2021,2021-03-04,PHO,GSW,,"W, 120-98",,,,,,,,,,,,,,,,,
Ty-Shon Alexander,https://www.basketball-reference.com/players/a/alexaty01.html,2021,2021-03-11,PHO,POR,@,"W, 127-121",,,,,,,,,,,,,,,,,
Ty-Shon Alexander,https://www.basketball-reference.com/players/a/alexaty01.html,2021,2021-03-13,PHO,IND,,"L, 111-122",,,,,,,,,,,,,,,,,
Ty-Shon Alexander,https://www.basketball-reference.com/players/a/alexaty01.html,2021,2021-03-15,PHO,MEM,,"W, 122-99",,,,,,,,,,,,,,,,,
Ty-Shon Alexander,https://www.basketball-reference.com/players/a/alexaty01.html,2021,2021-03-18,PHO,MIN,,"L, 119-123",,,,,,,,,,,,,,,,,
Ty-Shon Alexander,https://www.basketball-reference.com/players/a/alexaty01.html,2021,2021-03-19,PHO,MIN,,"W, 113-101",,,,,,,,,,,,,,,,,
Ty-Shon Alexander,https://www.basketball-reference.com/players/a/alexaty01.html,2021,2021-03-21,PHO,LAL,,"W, 111-94",,,,,,,,,,,,,,,,,
Ty-Shon Alexander,https://www.basketball-reference.com/players/a/alexaty01.html,2021,2021-03-23,PHO,MIA,@,"W, 110-100",,01:23,0,1,0,1,0,0,0,0,0,0,0,0,0,0,0
Ty-Shon Alexander,https://www.basketball-reference.com/players/a/alexaty01.html,2021,2021-03-24,PHO,ORL,@,"L, 111-112",,,,,,,,,,,,,,,,,
Ty-Shon Alexander,https://www.basketball-reference.com/players/a/alexaty01.html,2021,2021-03-26,PHO,TOR,@,"W, 104-100",,,,,,,,,,,,,,,,,
Ty-Shon Alexander,https://www.basketball-reference.com/players/a/alexaty01.html,2021,2021-03-28,PHO,CHO,@,"W, 101-97 (OT)",,,,,,,,,,,,,,,,,
Ty-Shon Alexander,https://www.basketball-reference.com/players/a/alexaty01.html,2021,2021-03-30,PHO,ATL,,"W, 117-110",,,,,,,,,,,,,,,,,
Ty-Shon Alexander,https://www.basketball-reference.com/players/a/alexaty01.html,2021,2021-03-31,PHO,CHI,,"W, 121-116",,,,,,,,,,,,,,,,,
Ty-Shon Alexander,https://www.basketball-reference.com/players/a/alexaty01.html,2021,2021-04-02,PHO,OKC,,"W, 140-103",,05:19,1,1,1,1,1,2,0,1,1,0,0,0,0,0,4
Ty-Shon Alexander,https://www.basketball-reference.com/players/a/alexaty01.html,2021,2021-04-05,PHO,HOU,@,"W, 133-130",,,,,,,,,,,,,,,,,
Ty-Shon Alexander,https://www.basketball-reference.com/players/a/alexaty01.html,2021,2021-04-07,PHO,UTA,,"W, 117-113 (OT)",,,,,,,,,,,,,,,,,
Ty-Shon Alexander,https://www.basketball-reference.com/players/a/alexaty01.html,2021,2021-04-08,PHO,LAC,@,"L, 103-113",,01:24,0,1,0,1,0,0,0,0,0,0,0,0,0,0,0
Ty-Shon Alexander,https://www.basketball-reference.com/players/a/alexaty01.html,2021,2021-04-10,PHO,WAS,,"W, 134-106",,04:15,0,1,0,1,0,0,0,1,1,0,0,0,0,0,0
Ty-Shon Alexander,https://www.basketball-reference.com/players/a/alexaty01.html,2021,2021-04-12,PHO,HOU,,"W, 126-120",,,,,,,,,,,,,,,,,
Ty-Shon Alexander,https://www.basketball-reference.com/players/a/alexaty01.html,2021,2021-04-13,PHO,MIA,,"W, 106-86",,02:16,0,1,0,1,0,0,0,0,0,0,0,0,0,0,0
Ty-Shon Alexander,https://www.basketball-reference.com/players/a/alexaty01.html,2021,2021-04-15,PHO,SAC,,"W, 122-114",,,,,,,,,,,,,,,,,
Ty-Shon Alexander,https://www.basketball-reference.com/players/a/alexaty01.html,2021,2021-04-17,PHO,SAS,,"L, 85-111",,05:46,1,2,0,1,0,0,1,1,2,0,0,1,1,0,2
Ty-Shon Alexander,https://www.basketball-reference.com/players/a/alexaty01.html,2021,2021-04-19,PHO,MIL,@,"W, 128-127 (OT)",,,,,,,,,,,,,,,,,
Ty-Shon Alexander,https://www.basketball-reference.com/players/a/alexaty01.html,2021,2021-04-21,PHO,PHI,@,"W, 116-113",,,,,,,,,,,,,,,,,
Ty-Shon Alexander,https://www.basketball-reference.com/players/a/alexaty01.html,2021,2021-04-22,PHO,BOS,@,"L, 86-99",,,,,,,,,,,,,,,,,
Ty-Shon Alexander,https://www.basketball-reference.com/players/a/alexaty01.html,2021,2021-04-25,PHO,BRK,@,"L, 119-128",,,,,,,,,,,,,,,,,
Ty-Shon Alexander,https://www.basketball-reference.com/players/a/alexaty01.html,2021,2021-04-26,PHO,NYK,@,"W, 118-110",,,,,,,,,,,,,,,,,
Ty-Shon Alexander,https://www.basketball-reference.com/players/a/alexaty01.html,2021,2021-04-28,PHO,LAC,,"W, 109-101",,00:28,0,0,0,0,0,0,0,0,0,0,0,0,0,0,0
Ty-Shon Alexander,https://www.basketball-reference.com/players/a/alexaty01.html,2021,2021-04-30,PHO,UTA,,"W, 121-100",,04:41,0,1,0,1,0,0,0,0,0,1,0,0,1,0,0
Ty-Shon Alexander,https://www.basketball-reference.com/players/a/alexaty01.html,2021,2021-05-02,PHO,OKC,@,"W, 123-120",,,,,,,,,,,,,,,,,
Ty-Shon Alexander,https://www.basketball-reference.com/players/a/alexaty01.html,2021,2021-05-04,PHO,CLE,@,"W, 134-118 (OT)",,00:58,0,0,0,0,0,0,0,0,0,1,0,0,0,0,0
Ty-Shon Alexander,https://www.basketball-reference.com/players/a/alexaty01.html,2021,2021-05-05,PHO,ATL,@,"L, 103-135",,05:59,0,0,0,0,0,0,0,1,1,1,0,0,0,1,0
Ty-Shon Alexander,https://www.basketball-reference.com/players/a/alexaty01.html,2021,2021-05-07,PHO,NYK,,"W, 128-105",,01:19,0,0,0,0,0,0,0,1,1,0,0,0,0,0,0
Ty-Shon Alexander,https://www.basketball-reference.com/players/a/alexaty01.html,2021,2021-05-09,PHO,LAL,@,"L, 110-123",,,,,,,,,,,,,,,,,
Ty-Shon Alexander,https://www.basketball-reference.com/players/a/alexaty01.html,2021,2021-05-11,PHO,GSW,@,"L, 116-122",,,,,,,,,,,,,,,,,
Ty-Shon Alexander,https://www.basketball-reference.com/players/a/alexaty01.html,2021,2021-05-13,PHO,POR,,"W, 118-117",,,,,,,,,,,,,,,,,
Ty-Shon Alexander,https://www.basketball-reference.com/players/a/alexaty01.html,2021,2021-05-15,PHO,SAS,@,"W, 140-103",,05:21,1,1,1,1,0,0,1,2,3,2,0,0,1,0,3
Ty-Shon Alexander,https://www.basketball-reference.com/players/a/alexaty01.html,2021,2021-05-16,PHO,SAS,@,"W, 123-121",,,,,,,,,,,,,,,,,
E'Twaun Moore,https://www.basketball-reference.com/players/m/mooreet01.html,2021,2020-12-23,PHO,DAL,,"W, 106-102",,,,,,,,,,,,,,,,,
E'Twaun Moore,https://www.basketball-reference.com/players/m/mooreet01.html,2021,2020-12-26,PHO,SAC,@,"L, 103-106",,,,,,,,,,,,,,,,,
E'Twaun Moore,https://www.basketball-reference.com/players/m/mooreet01.html,2021,2020-12-27,PHO,SAC,@,"W, 116-100",,,,,,,,,,,,,,,,,
E'Twaun Moore,https://www.basketball-reference.com/players/m/mooreet01.html,2021,2020-12-29,PHO,NOP,,"W, 111-86",,06:06,0,1,0,1,0,0,0,0,0,0,0,0,2,1,0
E'Twaun Moore,https://www.basketball-reference.com/players/m/mooreet01.html,2021,2020-12-31,PHO,UTA,@,"W, 106-95",,,,,,,,,,,,,,,,,
E'Twaun Moore,https://www.basketball-reference.com/players/m/mooreet01.html,2021,,,,,,,,,,,,,,,,,,,,,,
E'Twaun Moore,https://www.basketball-reference.com/players/m/mooreet01.html,2021,2021-01-01,PHO,DEN,@,"W, 106-103",,,,,,,,,,,,,,,,,
E'Twaun Moore,https://www.basketball-reference.com/players/m/mooreet01.html,2021,2021-01-03,PHO,LAC,,"L, 107-112",,,,,,,,,,,,,,,,,
E'Twaun Moore,https://www.basketball-reference.com/players/m/mooreet01.html,2021,2021-01-06,PHO,TOR,,"W, 123-115",,,,,,,,,,,,,,,,,
E'Twaun Moore,https://www.basketball-reference.com/players/m/mooreet01.html,2021,2021-01-08,PHO,DET,@,"L, 105-110 (OT)",,,,,,,,,,,,,,,,,
E'Twaun Moore,https://www.basketball-reference.com/players/m/mooreet01.html,2021,2021-01-09,PHO,IND,@,"W, 125-117",,,,,,,,,,,,,,,,,
E'Twaun Moore,https://www.basketball-reference.com/players/m/mooreet01.html,2021,2021-01-11,PHO,WAS,@,"L, 107-128",,03:17,1,3,0,0,0,0,1,0,1,0,0,0,0,1,2
E'Twaun Moore,https://www.basketball-reference.com/players/m/mooreet01.html,2021,2021-01-18,PHO,MEM,@,"L, 104-108",,,,,,,,,,,,,,,,,
E'Twaun Moore,https://www.basketball-reference.com/players/m/mooreet01.html,2021,2021-01-20,PHO,HOU,@,"W, 109-103",,,,,,,,,,,,,,,,,
E'Twaun Moore,https://www.basketball-reference.com/players/m/mooreet01.html,2021,2021-01-22,PHO,DEN,,"L, 126-130 (OT)",,,,,,,,,,,,,,,,,
E'Twaun Moore,https://www.basketball-reference.com/players/m/mooreet01.html,2021,2021-01-23,PHO,DEN,,"L, 112-120 (2OT)",,,,,,,,,,,,,,,,,
E'Twaun Moore,https://www.basketball-reference.com/players/m/mooreet01.html,2021,2021-01-27,PHO,OKC,,"L, 97-102",,14:34,1,5,0,2,0,0,0,1,1,1,0,0,1,0,2
E'Twaun Moore,https://www.basketball-reference.com/players/m/mooreet01.html,2021,2021-01-28,PHO,GSW,,"W, 114-93",,20:52,1,6,0,1,0,0,0,2,2,2,0,0,0,1,2
E'Twaun Moore,https://www.basketball-reference.com/players/m/mooreet01.html,2021,2021-01-30,PHO,DAL,@,"W, 111-105",,12:50,2,4,0,0,0,0,0,1,1,1,1,0,0,1,4
E'Twaun Moore,https://www.basketball-reference.com/players/m/mooreet01.html,2021,2021-02-01,PHO,DAL,@,"W, 109-108",,13:49,1,3,0,1,0,0,0,1,1,3,0,0,0,2,2
E'Twaun Moore,https://www.basketball-reference.com/players/m/mooreet01.html,2021,2021-02-03,PHO,NOP,@,"L, 101-123",,16:50,2,3,1,2,2,2,0,1,1,2,1,0,1,0,7
E'Twaun Moore,https://www.basketball-reference.com/players/m/mooreet01.html,2021,2021-02-05,PHO,DET,,"W, 109-92",,20:53,5,12,1,3,0,0,0,1,1,3,3,0,3,5,11
E'Twaun Moore,https://www.basketball-reference.com/players/m/mooreet01.html,2021,2021-02-07,PHO,BOS,,"W, 100-91",,24:18,3,10,0,3,0,0,3,1,4,3,2,0,2,1,6
E'Twaun Moore,https://www.basketball-reference.com/players/m/mooreet01.html,2021,2021-02-08,PHO,CLE,,"W, 119-113",,39:41,7,10,1,1,2,2,1,0,1,4,2,1,3,4,17
E'Twaun Moore,https://www.basketball-reference.com/players/m/mooreet01.html,2021,2021-02-10,PHO,MIL,,"W, 125-124",,18:43,3,5,0,1,0,2,0,2,2,1,2,0,0,0,6
E'Twaun Moore,https://www.basketball-reference.com/players/m/mooreet01.html,2021,2021-02-13,PHO,PHI,,"W, 120-111",,14:30,5,6,1,2,0,0,0,2,2,0,0,0,0,2,11
E'Twaun Moore,https://www.basketball-reference.com/players/m/mooreet01.html,2021,2021-02-14,PHO,ORL,,"W, 109-90",,09:25,0,3,0,0,2,2,0,3,3,1,0,0,0,3,2
E'Twaun Moore,https://www.basketball-reference.com/players/m/mooreet01.html,2021,2021-02-16,PHO,BRK,,"L, 124-128",,11:32,1,2,1,2,0,0,0,0,0,1,0,0,1,1,3
E'Twaun Moore,https://www.basketball-reference.com/players/m/mooreet01.html,2021,2021-02-19,PHO,NOP,@,"W, 132-114",,14:47,3,4,1,2,0,0,0,1,1,1,1,1,0,2,7
E'Twaun Moore,https://www.basketball-reference.com/players/m/mooreet01.html,2021,2021-02-20,PHO,MEM,@,"W, 128-97",,14:59,1,3,0,2,2,2,1,6,7,2,0,1,0,0,4
E'Twaun Moore,https://www.basketball-reference.com/players/m/mooreet01.html,2021,2021-02-22,PHO,POR,,"W, 132-100",,18:57,3,6,0,0,0,0,4,0,4,2,0,0,2,0,6
E'Twaun Moore,https://www.basketball-reference.com/players/m/mooreet01.html,2021,2021-02-24,PHO,CHO,,"L, 121-124",,10:12,0,1,0,1,0,0,0,1,1,1,0,0,0,3,0
E'Twaun Moore,https://www.basketball-reference.com/players/m/mooreet01.html,2021,2021-02-26,PHO,CHI,@,"W, 106-97",,17:16,1,3,0,1,0,0,0,2,2,2,0,0,1,2,2
E'Twaun Moore,https://www.basketball-reference.com/players/m/mooreet01.html,2021,2021-02-28,PHO,MIN,@,"W, 118-99",,18:34,0,4,0,0,0,0,1,2,3,3,2,0,2,0,0
E'Twaun Moore,https://www.basketball-reference.com/players/m/mooreet01.html,2021,2021-03-02,PHO,LAL,@,"W, 114-104",,05:25,0,0,0,0,0,0,0,0,0,1,0,1,0,1,0
E'Twaun Moore,https://www.basketball-reference.com/players/m/mooreet01.html,2021,2021-03-04,PHO,GSW,,"W, 120-98",,06:11,0,1,0,0,0,0,0,1,1,1,0,0,0,0,0
E'Twaun Moore,https://www.basketball-reference.com/players/m/mooreet01.html,2021,2021-03-11,PHO,POR,@,"W, 127-121",,05:20,0,2,0,1,0,0,0,0,0,0,0,0,0,0,0
E'Twaun Moore,https://www.basketball-reference.com/players/m/mooreet01.html,2021,2021-03-13,PHO,IND,,"L, 111-122",,09:10,3,5,2,3,0,0,2,1,3,0,0,0,0,1,8
E'Twaun Moore,https://www.basketball-reference.com/players/m/mooreet01.html,2021,2021-03-15,PHO,MEM,,"W, 122-99",,,,,,,,,,,,,,,,,
E'Twaun Moore,https://www.basketball-reference.com/players/m/mooreet01.html,2021,2021-03-18,PHO,MIN,,"L, 119-123",,,,,,,,,,,,,,,,,
E'Twaun Moore,https://www.basketball-reference.com/players/m/mooreet01.html,2021,2021-03-19,PHO,MIN,,"W, 113-101",,,,,,,,,,,,,,,,,
E'Twaun Moore,https://www.basketball-reference.com/players/m/mooreet01.html,2021,2021-03-21,PHO,LAL,,"W, 111-94",,,,,,,,,,,,,,,,,
E'Twaun Moore,https://www.basketball-reference.com/players/m/mooreet01.html,2021,2021-03-23,PHO,MIA,@,"W, 110-100",,,,,,,,,,,,,,,,,
E'Twaun Moore,https://www.basketball-reference.com/players/m/mooreet01.html,2021,2021-03-24,PHO,ORL,@,"L, 111-112",,,,,,,,,,,,,,,,,
E'Twaun Moore,https://www.basketball-reference.com/players/m/mooreet01.html,2021,2021-03-26,PHO,TOR,@,"W, 104-100",,,,,,,,,,,,,,,,,
E'Twaun Moore,https://www.basketball-reference.com/players/m/mooreet01.html,2021,2021-03-28,PHO,CHO,@,"W, 101-97 (OT)",,,,,,,,,,,,,,,,,
E'Twaun Moore,https://www.basketball-reference.com/players/m/mooreet01.html,2021,2021-03-30,PHO,ATL,,"W, 117-110",,,,,,,,,,,,,,,,,
E'Twaun Moore,https://www.basketball-reference.com/players/m/mooreet01.html,2021,2021-03-31,PHO,CHI,,"W, 121-116",,,,,,,,,,,,,,,,,
E'Twaun Moore,https://www.basketball-reference.com/players/m/mooreet01.html,2021,2021-04-02,PHO,OKC,,"W, 140-103",,,,,,,,,,,,,,,,,
E'Twaun Moore,https://www.basketball-reference.com/players/m/mooreet01.html,2021,2021-04-05,PHO,HOU,@,"W, 133-130",,,,,,,,,,,,,,,,,
E'Twaun Moore,https://www.basketball-reference.com/players/m/mooreet01.html,2021,2021-04-07,PHO,UTA,,"W, 117-113 (OT)",,,,,,,,,,,,,,,,,
E'Twaun Moore,https://www.basketball-reference.com/players/m/mooreet01.html,2021,2021-04-08,PHO,LAC,@,"L, 103-113",,,,,,,,,,,,,,,,,
E'Twaun Moore,https://www.basketball-reference.com/players/m/mooreet01.html,2021,2021-04-10,PHO,WAS,,"W, 134-106",,,,,,,,,,,,,,,,,
E'Twaun Moore,https://www.basketball-reference.com/players/m/mooreet01.html,2021,2021-04-12,PHO,HOU,,"W, 126-120",,,,,,,,,,,,,,,,,
E'Twaun Moore,https://www.basketball-reference.com/players/m/mooreet01.html,2021,2021-04-13,PHO,MIA,,"W, 106-86",,,,,,,,,,,,,,,,,
E'Twaun Moore,https://www.basketball-reference.com/players/m/mooreet01.html,2021,2021-04-15,PHO,SAC,,"W, 122-114",,,,,,,,,,,,,,,,,
E'Twaun Moore,https://www.basketball-reference.com/players/m/mooreet01.html,2021,2021-04-17,PHO,SAS,,"L, 85-111",,,,,,,,,,,,,,,,,
E'Twaun Moore,https://www.basketball-reference.com/players/m/mooreet01.html,2021,2021-04-19,PHO,MIL,@,"W, 128-127 (OT)",,,,,,,,,,,,,,,,,
E'Twaun Moore,https://www.basketball-reference.com/players/m/mooreet01.html,2021,2021-04-21,PHO,PHI,@,"W, 116-113",,,,,,,,,,,,,,,,,
E'Twaun Moore,https://www.basketball-reference.com/players/m/mooreet01.html,2021,2021-04-22,PHO,BOS,@,"L, 86-99",,,,,,,,,,,,,,,,,
E'Twaun Moore,https://www.basketball-reference.com/players/m/mooreet01.html,2021,2021-04-25,PHO,BRK,@,"L, 119-128",,,,,,,,,,,,,,,,,
E'Twaun Moore,https://www.basketball-reference.com/players/m/mooreet01.html,2021,2021-04-26,PHO,NYK,@,"W, 118-110",,,,,,,,,,,,,,,,,
E'Twaun Moore,https://www.basketball-reference.com/players/m/mooreet01.html,2021,2021-04-28,PHO,LAC,,"W, 109-101",,,,,,,,,,,,,,,,,
E'Twaun Moore,https://www.basketball-reference.com/players/m/mooreet01.html,2021,2021-04-30,PHO,UTA,,"W, 121-100",,,,,,,,,,,,,,,,,
E'Twaun Moore,https://www.basketball-reference.com/players/m/mooreet01.html,2021,2021-05-02,PHO,OKC,@,"W, 123-120",,,,,,,,,,,,,,,,,
E'Twaun Moore,https://www.basketball-reference.com/players/m/mooreet01.html,2021,2021-05-04,PHO,CLE,@,"W, 134-118 (OT)",,,,,,,,,,,,,,,,,
E'Twaun Moore,https://www.basketball-reference.com/players/m/mooreet01.html,2021,2021-05-05,PHO,ATL,@,"L, 103-135",,08:02,0,4,0,3,2,2,0,1,1,0,1,0,1,0,2
E'Twaun Moore,https://www.basketball-reference.com/players/m/mooreet01.html,2021,2021-05-07,PHO,NYK,,"W, 128-105",,,,,,,,,,,,,,,,,
E'Twaun Moore,https://www.basketball-reference.com/players/m/mooreet01.html,2021,2021-05-09,PHO,LAL,@,"L, 110-123",,,,,,,,,,,,,,,,,
E'Twaun Moore,https://www.basketball-reference.com/players/m/mooreet01.html,2021,2021-05-11,PHO,GSW,@,"L, 116-122",,,,,,,,,,,,,,,,,
E'Twaun Moore,https://www.basketball-reference.com/players/m/mooreet01.html,2021,2021-05-13,PHO,POR,,"W, 118-117",,,,,,,,,,,,,,,,,
E'Twaun Moore,https://www.basketball-reference.com/players/m/mooreet01.html,2021,2021-05-15,PHO,SAS,@,"W, 140-103",,12:00,3,5,1,1,0,0,0,0,0,3,0,0,2,1,7
E'Twaun Moore,https://www.basketball-reference.com/players/m/mooreet01.html,2021,2021-05-16,PHO,SAS,@,"W, 123-121",,20:32,9,10,2,2,2,2,1,1,2,2,0,1,2,0,22
Jalen Smith,https://www.basketball-reference.com/players/s/smithja04.html,2021,2020-12-23,PHO,DAL,,"W, 106-102",,16:13,2,3,0,0,0,2,1,2,3,1,0,1,1,1,4
Jalen Smith,https://www.basketball-reference.com/players/s/smithja04.html,2021,2020-12-26,PHO,SAC,@,"L, 103-106",,04:05,0,2,0,1,0,0,2,0,2,0,0,0,0,0,0
Jalen Smith,https://www.basketball-reference.com/players/s/smithja04.html,2021,2020-12-27,PHO,SAC,@,"W, 116-100",,,,,,,,,,,,,,,,,
Jalen Smith,https://www.basketball-reference.com/players/s/smithja04.html,2021,2020-12-29,PHO,NOP,,"W, 111-86",,,,,,,,,,,,,,,,,
Jalen Smith,https://www.basketball-reference.com/players/s/smithja04.html,2021,2020-12-31,PHO,UTA,@,"W, 106-95",,,,,,,,,,,,,,,,,
Jalen Smith,https://www.basketball-reference.com/players/s/smithja04.html,2021,,,,,,,,,,,,,,,,,,,,,,
Jalen Smith,https://www.basketball-reference.com/players/s/smithja04.html,2021,2021-01-01,PHO,DEN,@,"W, 106-103",,,,,,,,,,,,,,,,,
Jalen Smith,https://www.basketball-reference.com/players/s/smithja04.html,2021,2021-01-03,PHO,LAC,,"L, 107-112",,,,,,,,,,,,,,,,,
Jalen Smith,https://www.basketball-reference.com/players/s/smithja04.html,2021,2021-01-06,PHO,TOR,,"W, 123-115",,,,,,,,,,,,,,,,,
Jalen Smith,https://www.basketball-reference.com/players/s/smithja04.html,2021,2021-01-08,PHO,DET,@,"L, 105-110 (OT)",,,,,,,,,,,,,,,,,
Jalen Smith,https://www.basketball-reference.com/players/s/smithja04.html,2021,2021-01-09,PHO,IND,@,"W, 125-117",,,,,,,,,,,,,,,,,
Jalen Smith,https://www.basketball-reference.com/players/s/smithja04.html,2021,2021-01-11,PHO,WAS,@,"L, 107-128",,,,,,,,,,,,,,,,,
Jalen Smith,https://www.basketball-reference.com/players/s/smithja04.html,2021,2021-01-18,PHO,MEM,@,"L, 104-108",,,,,,,,,,,,,,,,,
Jalen Smith,https://www.basketball-reference.com/players/s/smithja04.html,2021,2021-01-20,PHO,HOU,@,"W, 109-103",,,,,,,,,,,,,,,,,
Jalen Smith,https://www.basketball-reference.com/players/s/smithja04.html,2021,2021-01-22,PHO,DEN,,"L, 126-130 (OT)",,,,,,,,,,,,,,,,,
Jalen Smith,https://www.basketball-reference.com/players/s/smithja04.html,2021,2021-01-23,PHO,DEN,,"L, 112-120 (2OT)",,08:46,2,3,1,2,0,0,1,1,2,0,0,1,0,2,5
Jalen Smith,https://www.basketball-reference.com/players/s/smithja04.html,2021,2021-01-27,PHO,OKC,,"L, 97-102",,05:06,1,4,1,2,0,0,1,0,1,0,0,0,0,0,3
Jalen Smith,https://www.basketball-reference.com/players/s/smithja04.html,2021,2021-01-28,PHO,GSW,,"W, 114-93",,05:04,1,2,0,0,0,0,0,0,0,0,0,0,0,0,2
Jalen Smith,https://www.basketball-reference.com/players/s/smithja04.html,2021,2021-01-30,PHO,DAL,@,"W, 111-105",,,,,,,,,,,,,,,,,
Jalen Smith,https://www.basketball-reference.com/players/s/smithja04.html,2021,2021-02-01,PHO,DAL,@,"W, 109-108",,,,,,,,,,,,,,,,,
Jalen Smith,https://www.basketball-reference.com/players/s/smithja04.html,2021,2021-02-03,PHO,NOP,@,"L, 101-123",,06:09,0,2,0,1,0,0,0,1,1,1,0,0,0,0,0
Jalen Smith,https://www.basketball-reference.com/players/s/smithja04.html,2021,2021-02-05,PHO,DET,,"W, 109-92",,02:57,0,1,0,1,0,0,0,1,1,0,0,0,0,0,0
Jalen Smith,https://www.basketball-reference.com/players/s/smithja04.html,2021,2021-02-07,PHO,BOS,,"W, 100-91",,,,,,,,,,,,,,,,,
Jalen Smith,https://www.basketball-reference.com/players/s/smithja04.html,2021,2021-02-08,PHO,CLE,,"W, 119-113",,,,,,,,,,,,,,,,,
Jalen Smith,https://www.basketball-reference.com/players/s/smithja04.html,2021,2021-02-10,PHO,MIL,,"W, 125-124",,,,,,,,,,,,,,,,,
Jalen Smith,https://www.basketball-reference.com/players/s/smithja04.html,2021,2021-02-13,PHO,PHI,,"W, 120-111",,01:22,0,0,0,0,0,0,0,0,0,0,0,0,0,0,0
Jalen Smith,https://www.basketball-reference.com/players/s/smithja04.html,2021,2021-02-14,PHO,ORL,,"W, 109-90",,,,,,,,,,,,,,,,,
Jalen Smith,https://www.basketball-reference.com/players/s/smithja04.html,2021,2021-02-16,PHO,BRK,,"L, 124-128",,,,,,,,,,,,,,,,,
Jalen Smith,https://www.basketball-reference.com/players/s/smithja04.html,2021,2021-02-19,PHO,NOP,@,"W, 132-114",,,,,,,,,,,,,,,,,
Jalen Smith,https://www.basketball-reference.com/players/s/smithja04.html,2021,2021-02-20,PHO,MEM,@,"W, 128-97",,,,,,,,,,,,,,,,,
Jalen Smith,https://www.basketball-reference.com/players/s/smithja04.html,2021,2021-02-22,PHO,POR,,"W, 132-100",,,,,,,,,,,,,,,,,
Jalen Smith,https://www.basketball-reference.com/players/s/smithja04.html,2021,2021-02-24,PHO,CHO,,"L, 121-124",,,,,,,,,,,,,,,,,
Jalen Smith,https://www.basketball-reference.com/players/s/smithja04.html,2021,2021-02-26,PHO,CHI,@,"W, 106-97",,01:02,0,0,0,0,0,0,0,0,0,0,0,0,0,0,0
Jalen Smith,https://www.basketball-reference.com/players/s/smithja04.html,2021,2021-02-28,PHO,MIN,@,"W, 118-99",,03:05,0,1,0,1,0,0,0,0,0,0,0,0,0,1,0
Jalen Smith,https://www.basketball-reference.com/players/s/smithja04.html,2021,2021-03-02,PHO,LAL,@,"W, 114-104",,,,,,,,,,,,,,,,,
Jalen Smith,https://www.basketball-reference.com/players/s/smithja04.html,2021,2021-03-04,PHO,GSW,,"W, 120-98",,03:39,1,1,0,0,0,0,0,1,1,0,0,0,0,0,2
Jalen Smith,https://www.basketball-reference.com/players/s/smithja04.html,2021,2021-03-11,PHO,POR,@,"W, 127-121",,,,,,,,,,,,,,,,,
Jalen Smith,https://www.basketball-reference.com/players/s/smithja04.html,2021,2021-03-13,PHO,IND,,"L, 111-122",,,,,,,,,,,,,,,,,
Jalen Smith,https://www.basketball-reference.com/players/s/smithja04.html,2021,2021-03-15,PHO,MEM,,"W, 122-99",,04:29,1,1,0,0,1,1,0,3,3,0,0,0,1,1,3
Jalen Smith,https://www.basketball-reference.com/players/s/smithja04.html,2021,2021-03-18,PHO,MIN,,"L, 119-123",,,,,,,,,,,,,,,,,
Jalen Smith,https://www.basketball-reference.com/players/s/smithja04.html,2021,2021-03-19,PHO,MIN,,"W, 113-101",,01:52,0,0,0,0,0,0,0,0,0,0,0,0,1,1,0
Jalen Smith,https://www.basketball-reference.com/players/s/smithja04.html,2021,2021-03-21,PHO,LAL,,"W, 111-94",,00:52,0,1,0,1,0,0,0,1,1,0,0,0,0,1,0
Jalen Smith,https://www.basketball-reference.com/players/s/smithja04.html,2021,2021-03-23,PHO,MIA,@,"W, 110-100",,01:23,0,0,0,0,0,0,0,0,0,0,0,0,0,0,0
Jalen Smith,https://www.basketball-reference.com/players/s/smithja04.html,2021,2021-03-24,PHO,ORL,@,"L, 111-112",,,,,,,,,,,,,,,,,
Jalen Smith,https://www.basketball-reference.com/players/s/smithja04.html,2021,2021-03-26,PHO,TOR,@,"W, 104-100",,,,,,,,,,,,,,,,,
Jalen Smith,https://www.basketball-reference.com/players/s/smithja04.html,2021,2021-03-28,PHO,CHO,@,"W, 101-97 (OT)",,,,,,,,,,,,,,,,,
Jalen Smith,https://www.basketball-reference.com/players/s/smithja04.html,2021,2021-03-30,PHO,ATL,,"W, 117-110",,,,,,,,,,,,,,,,,
Jalen Smith,https://www.basketball-reference.com/players/s/smithja04.html,2021,2021-03-31,PHO,CHI,,"W, 121-116",,,,,,,,,,,,,,,,,
Jalen Smith,https://www.basketball-reference.com/players/s/smithja04.html,2021,2021-04-02,PHO,OKC,,"W, 140-103",,06:56,1,4,0,1,0,0,0,1,1,0,0,0,1,2,2
Jalen Smith,https://www.basketball-reference.com/players/s/smithja04.html,2021,2021-04-05,PHO,HOU,@,"W, 133-130",,,,,,,,,,,,,,,,,
Jalen Smith,https://www.basketball-reference.com/players/s/smithja04.html,2021,2021-04-07,PHO,UTA,,"W, 117-113 (OT)",,,,,,,,,,,,,,,,,
Jalen Smith,https://www.basketball-reference.com/players/s/smithja04.html,2021,2021-04-08,PHO,LAC,@,"L, 103-113",,01:24,1,1,0,0,0,0,0,0,0,0,0,0,0,0,2
Jalen Smith,https://www.basketball-reference.com/players/s/smithja04.html,2021,2021-04-10,PHO,WAS,,"W, 134-106",,04:15,0,1,0,0,0,0,0,0,0,0,0,0,0,0,0
Jalen Smith,https://www.basketball-reference.com/players/s/smithja04.html,2021,2021-04-12,PHO,HOU,,"W, 126-120",,,,,,,,,,,,,,,,,
Jalen Smith,https://www.basketball-reference.com/players/s/smithja04.html,2021,2021-04-13,PHO,MIA,,"W, 106-86",,03:10,0,0,0,0,0,0,0,0,0,0,0,0,1,0,0
Jalen Smith,https://www.basketball-reference.com/players/s/smithja04.html,2021,2021-04-15,PHO,SAC,,"W, 122-114",,,,,,,,,,,,,,,,,
Jalen Smith,https://www.basketball-reference.com/players/s/smithja04.html,2021,2021-04-17,PHO,SAS,,"L, 85-111",,05:46,1,2,0,1,0,0,1,2,3,0,1,0,0,1,2
Jalen Smith,https://www.basketball-reference.com/players/s/smithja04.html,2021,2021-04-19,PHO,MIL,@,"W, 128-127 (OT)",,,,,,,,,,,,,,,,,
Jalen Smith,https://www.basketball-reference.com/players/s/smithja04.html,2021,2021-04-21,PHO,PHI,@,"W, 116-113",,,,,,,,,,,,,,,,,
Jalen Smith,https://www.basketball-reference.com/players/s/smithja04.html,2021,2021-04-22,PHO,BOS,@,"L, 86-99",,,,,,,,,,,,,,,,,
Jalen Smith,https://www.basketball-reference.com/players/s/smithja04.html,2021,2021-04-25,PHO,BRK,@,"L, 119-128",,01:00,0,1,0,0,0,0,0,0,0,0,0,0,0,0,0
Jalen Smith,https://www.basketball-reference.com/players/s/smithja04.html,2021,2021-04-26,PHO,NYK,@,"W, 118-110",,,,,,,,,,,,,,,,,
Jalen Smith,https://www.basketball-reference.com/players/s/smithja04.html,2021,2021-04-28,PHO,LAC,,"W, 109-101",,00:28,0,0,0,0,0,0,0,0,0,0,0,0,0,0,0
Jalen Smith,https://www.basketball-reference.com/players/s/smithja04.html,2021,2021-04-30,PHO,UTA,,"W, 121-100",,04:41,3,3,1,1,0,0,0,1,1,0,0,0,0,0,7
Jalen Smith,https://www.basketball-reference.com/players/s/smithja04.html,2021,2021-05-02,PHO,OKC,@,"W, 123-120",,,,,,,,,,,,,,,,,
Jalen Smith,https://www.basketball-reference.com/players/s/smithja04.html,2021,2021-05-04,PHO,CLE,@,"W, 134-118 (OT)",,00:58,0,0,0,0,0,0,0,0,0,0,0,0,0,1,0
Jalen Smith,https://www.basketball-reference.com/players/s/smithja04.html,2021,2021-05-05,PHO,ATL,@,"L, 103-135",,08:02,1,1,0,0,4,4,0,2,2,0,0,0,1,2,6
Jalen Smith,https://www.basketball-reference.com/players/s/smithja04.html,2021,2021-05-07,PHO,NYK,,"W, 128-105",,,,,,,,,,,,,,,,,
Jalen Smith,https://www.basketball-reference.com/players/s/smithja04.html,2021,2021-05-09,PHO,LAL,@,"L, 110-123",,,,,,,,,,,,,,,,,
Jalen Smith,https://www.basketball-reference.com/players/s/smithja04.html,2021,2021-05-11,PHO,GSW,@,"L, 116-122",,,,,,,,,,,,,,,,,
Jalen Smith,https://www.basketball-reference.com/players/s/smithja04.html,2021,2021-05-13,PHO,POR,,"W, 118-117",,,,,,,,,,,,,,,,,
Jalen Smith,https://www.basketball-reference.com/players/s/smithja04.html,2021,2021-05-15,PHO,SAS,@,"W, 140-103",,12:00,2,5,0,1,0,0,1,4,5,0,0,1,1,0,4
Jalen Smith,https://www.basketball-reference.com/players/s/smithja04.html,2021,2021-05-16,PHO,SAS,@,"W, 123-121",,40:58,5,11,1,4,0,0,0,10,10,2,0,2,0,3,11
Keljin Blevins,https://www.basketball-reference.com/players/b/blevike01.html,2021,2020-12-23,POR,UTA,,"L, 100-120",,04:27,0,2,0,1,0,0,0,0,0,1,0,0,1,1,0
Keljin Blevins,https://www.basketball-reference.com/players/b/blevike01.html,2021,2020-12-26,POR,HOU,,"W, 128-126 (OT)",,,,,,,,,,,,,,,,,
Keljin Blevins,https://www.basketball-reference.com/players/b/blevike01.html,2021,2020-12-28,POR,LAL,@,"W, 115-107",,,,,,,,,,,,,,,,,
Keljin Blevins,https://www.basketball-reference.com/players/b/blevike01.html,2021,2020-12-30,POR,LAC,@,"L, 105-128",,08:05,1,3,0,2,0,0,0,0,0,2,1,0,1,1,2
Keljin Blevins,https://www.basketball-reference.com/players/b/blevike01.html,2021,,,,,,,,,,,,,,,,,,,,,,
Keljin Blevins,https://www.basketball-reference.com/players/b/blevike01.html,2021,2021-01-01,POR,GSW,@,"W, 123-98",,03:59,0,1,0,0,0,0,0,0,0,0,0,0,1,0,0
Keljin Blevins,https://www.basketball-reference.com/players/b/blevike01.html,2021,2021-01-03,POR,GSW,@,"L, 122-137",,,,,,,,,,,,,,,,,
Keljin Blevins,https://www.basketball-reference.com/players/b/blevike01.html,2021,2021-01-05,POR,CHI,,"L, 108-111",,,,,,,,,,,,,,,,,
Keljin Blevins,https://www.basketball-reference.com/players/b/blevike01.html,2021,2021-01-07,POR,MIN,,"W, 135-117",,03:44,0,0,0,0,0,0,0,0,0,1,0,0,0,1,0
Keljin Blevins,https://www.basketball-reference.com/players/b/blevike01.html,2021,2021-01-09,POR,SAC,@,"W, 125-99",,,,,,,,,,,,,,,,,
Keljin Blevins,https://www.basketball-reference.com/players/b/blevike01.html,2021,2021-01-11,POR,TOR,,"W, 112-111",,,,,,,,,,,,,,,,,
Keljin Blevins,https://www.basketball-reference.com/players/b/blevike01.html,2021,2021-01-13,POR,SAC,@,"W, 132-126",,,,,,,,,,,,,,,,,
Keljin Blevins,https://www.basketball-reference.com/players/b/blevike01.html,2021,2021-01-14,POR,IND,,"L, 87-111",,,,,,,,,,,,,,,,,
Keljin Blevins,https://www.basketball-reference.com/players/b/blevike01.html,2021,2021-01-16,POR,ATL,,"W, 112-106",,,,,,,,,,,,,,,,,
Keljin Blevins,https://www.basketball-reference.com/players/b/blevike01.html,2021,2021-01-18,POR,SAS,,"L, 104-125",,03:30,0,0,0,0,0,0,0,0,0,0,0,0,0,0,0
Keljin Blevins,https://www.basketball-reference.com/players/b/blevike01.html,2021,2021-01-24,POR,NYK,,"W, 116-113",,,,,,,,,,,,,,,,,
Keljin Blevins,https://www.basketball-reference.com/players/b/blevike01.html,2021,2021-01-25,POR,OKC,,"L, 122-125",,,,,,,,,,,,,,,,,
Keljin Blevins,https://www.basketball-reference.com/players/b/blevike01.html,2021,2021-01-28,POR,HOU,@,"L, 101-104",,,,,,,,,,,,,,,,,
Keljin Blevins,https://www.basketball-reference.com/players/b/blevike01.html,2021,2021-01-30,POR,CHI,@,"W, 123-122",,,,,,,,,,,,,,,,,
Keljin Blevins,https://www.basketball-reference.com/players/b/blevike01.html,2021,2021-02-01,POR,MIL,@,"L, 106-134",,09:23,0,1,0,0,0,0,0,0,0,0,1,0,0,0,0
Keljin Blevins,https://www.basketball-reference.com/players/b/blevike01.html,2021,2021-02-02,POR,WAS,@,"W, 132-121",,01:12,0,0,0,0,0,0,0,0,0,0,0,0,0,0,0
Keljin Blevins,https://www.basketball-reference.com/players/b/blevike01.html,2021,2021-02-04,POR,PHI,@,"W, 121-105",,03:43,0,2,0,0,0,0,0,0,0,0,0,0,0,1,0
Keljin Blevins,https://www.basketball-reference.com/players/b/blevike01.html,2021,2021-02-06,POR,NYK,@,"L, 99-110",,,,,,,,,,,,,,,,,
Keljin Blevins,https://www.basketball-reference.com/players/b/blevike01.html,2021,2021-02-09,POR,ORL,,"W, 106-97",,,,,,,,,,,,,,,,,
Keljin Blevins,https://www.basketball-reference.com/players/b/blevike01.html,2021,2021-02-11,POR,PHI,,"W, 118-114",,,,,,,,,,,,,,,,,
Keljin Blevins,https://www.basketball-reference.com/players/b/blevike01.html,2021,2021-02-12,POR,CLE,,"W, 129-110",,,,,,,,,,,,,,,,,
Keljin Blevins,https://www.basketball-reference.com/players/b/blevike01.html,2021,2021-02-14,POR,DAL,@,"W, 121-118",,,,,,,,,,,,,,,,,
Keljin Blevins,https://www.basketball-reference.com/players/b/blevike01.html,2021,2021-02-16,POR,OKC,@,"W, 115-104",,,,,,,,,,,,,,,,,
Keljin Blevins,https://www.basketball-reference.com/players/b/blevike01.html,2021,2021-02-17,POR,NOP,@,"W, 126-124",,,,,,,,,,,,,,,,,
Keljin Blevins,https://www.basketball-reference.com/players/b/blevike01.html,2021,2021-02-20,POR,WAS,,"L, 111-118",,,,,,,,,,,,,,,,,
Keljin Blevins,https://www.basketball-reference.com/players/b/blevike01.html,2021,2021-02-22,POR,PHO,@,"L, 100-132",,08:51,1,2,0,1,0,0,0,2,2,0,0,0,0,0,2
Keljin Blevins,https://www.basketball-reference.com/players/b/blevike01.html,2021,2021-02-23,POR,DEN,@,"L, 106-111",,,,,,,,,,,,,,,,,
Keljin Blevins,https://www.basketball-reference.com/players/b/blevike01.html,2021,2021-02-26,POR,LAL,@,"L, 93-102",,,,,,,,,,,,,,,,,
Keljin Blevins,https://www.basketball-reference.com/players/b/blevike01.html,2021,2021-03-01,POR,CHO,,"W, 123-111",,,,,,,,,,,,,,,,,
Keljin Blevins,https://www.basketball-reference.com/players/b/blevike01.html,2021,2021-03-03,POR,GSW,,"W, 108-106",,,,,,,,,,,,,,,,,
Keljin Blevins,https://www.basketball-reference.com/players/b/blevike01.html,2021,2021-03-04,POR,SAC,,"W, 123-119",,,,,,,,,,,,,,,,,
Keljin Blevins,https://www.basketball-reference.com/players/b/blevike01.html,2021,2021-03-11,POR,PHO,,"L, 121-127",,,,,,,,,,,,,,,,,
Keljin Blevins,https://www.basketball-reference.com/players/b/blevike01.html,2021,2021-03-13,POR,MIN,@,"W, 125-121",,,,,,,,,,,,,,,,,
Keljin Blevins,https://www.basketball-reference.com/players/b/blevike01.html,2021,2021-03-14,POR,MIN,@,"L, 112-114",,,,,,,,,,,,,,,,,
Keljin Blevins,https://www.basketball-reference.com/players/b/blevike01.html,2021,2021-03-16,POR,NOP,,"W, 125-124",,,,,,,,,,,,,,,,,
Keljin Blevins,https://www.basketball-reference.com/players/b/blevike01.html,2021,2021-03-18,POR,NOP,,"W, 101-93",,,,,,,,,,,,,,,,,
Keljin Blevins,https://www.basketball-reference.com/players/b/blevike01.html,2021,2021-03-19,POR,DAL,,"W, 125-119",,,,,,,,,,,,,,,,,
Keljin Blevins,https://www.basketball-reference.com/players/b/blevike01.html,2021,2021-03-21,POR,DAL,,"L, 92-132",,,,,,,,,,,,,,,,,
Keljin Blevins,https://www.basketball-reference.com/players/b/blevike01.html,2021,2021-03-23,POR,BRK,,"L, 112-116",,,,,,,,,,,,,,,,,
Keljin Blevins,https://www.basketball-reference.com/players/b/blevike01.html,2021,2021-03-25,POR,MIA,@,"W, 125-122",,,,,,,,,,,,,,,,,
Keljin Blevins,https://www.basketball-reference.com/players/b/blevike01.html,2021,2021-03-26,POR,ORL,@,"W, 112-105",,,,,,,,,,,,,,,,,
Keljin Blevins,https://www.basketball-reference.com/players/b/blevike01.html,2021,2021-03-28,POR,TOR,@,"W, 122-117",,,,,,,,,,,,,,,,,
Keljin Blevins,https://www.basketball-reference.com/players/b/blevike01.html,2021,2021-03-31,POR,DET,@,"W, 124-101",,,,,,,,,,,,,,,,,
Keljin Blevins,https://www.basketball-reference.com/players/b/blevike01.html,2021,2021-04-02,POR,MIL,,"L, 109-127",,03:44,0,3,0,1,0,0,0,0,0,0,0,0,0,0,0
Keljin Blevins,https://www.basketball-reference.com/players/b/blevike01.html,2021,2021-04-03,POR,OKC,,"W, 133-85",,,,,,,,,,,,,,,,,
Keljin Blevins,https://www.basketball-reference.com/players/b/blevike01.html,2021,2021-04-06,POR,LAC,@,"L, 116-133",,,,,,,,,,,,,,,,,
Keljin Blevins,https://www.basketball-reference.com/players/b/blevike01.html,2021,2021-04-08,POR,UTA,@,"L, 103-122",,,,,,,,,,,,,,,,,
Keljin Blevins,https://www.basketball-reference.com/players/b/blevike01.html,2021,2021-04-10,POR,DET,,"W, 118-103",,,,,,,,,,,,,,,,,
Keljin Blevins,https://www.basketball-reference.com/players/b/blevike01.html,2021,2021-04-11,POR,MIA,,"L, 98-107",,,,,,,,,,,,,,,,,
Keljin Blevins,https://www.basketball-reference.com/players/b/blevike01.html,2021,2021-04-13,POR,BOS,,"L, 115-116",,,,,,,,,,,,,,,,,
Keljin Blevins,https://www.basketball-reference.com/players/b/blevike01.html,2021,2021-04-16,POR,SAS,@,"W, 107-106",,,,,,,,,,,,,,,,,
Keljin Blevins,https://www.basketball-reference.com/players/b/blevike01.html,2021,2021-04-18,POR,CHO,@,"L, 101-109",,,,,,,,,,,,,,,,,
Keljin Blevins,https://www.basketball-reference.com/players/b/blevike01.html,2021,2021-04-20,POR,LAC,,"L, 112-113",,,,,,,,,,,,,,,,,
Keljin Blevins,https://www.basketball-reference.com/players/b/blevike01.html,2021,2021-04-21,POR,DEN,,"L, 105-106",,,,,,,,,,,,,,,,,
Keljin Blevins,https://www.basketball-reference.com/players/b/blevike01.html,2021,2021-04-23,POR,MEM,,"L, 128-130",,,,,,,,,,,,,,,,,
Keljin Blevins,https://www.basketball-reference.com/players/b/blevike01.html,2021,2021-04-25,POR,MEM,,"L, 113-120",,,,,,,,,,,,,,,,,
Keljin Blevins,https://www.basketball-reference.com/players/b/blevike01.html,2021,2021-04-27,POR,IND,@,"W, 133-112",,07:10,0,2,0,0,0,0,1,1,2,0,0,0,0,2,0
Keljin Blevins,https://www.basketball-reference.com/players/b/blevike01.html,2021,2021-04-28,POR,MEM,@,"W, 130-109",,02:15,1,1,1,1,0,0,1,0,1,0,0,0,0,0,3
Keljin Blevins,https://www.basketball-reference.com/players/b/blevike01.html,2021,2021-04-30,POR,BRK,@,"W, 128-109",,03:07,1,1,1,1,0,0,0,1,1,0,0,0,0,1,3
Keljin Blevins,https://www.basketball-reference.com/players/b/blevike01.html,2021,2021-05-02,POR,BOS,@,"W, 129-119",,,,,,,,,,,,,,,,,
Keljin Blevins,https://www.basketball-reference.com/players/b/blevike01.html,2021,2021-05-03,POR,ATL,@,"L, 114-123",,,,,,,,,,,,,,,,,
Keljin Blevins,https://www.basketball-reference.com/players/b/blevike01.html,2021,2021-05-05,POR,CLE,@,"W, 141-105",,04:59,0,1,0,1,0,0,0,2,2,0,0,0,1,0,0
Keljin Blevins,https://www.basketball-reference.com/players/b/blevike01.html,2021,2021-05-07,POR,LAL,,"W, 106-101",,,,,,,,,,,,,,,,,
Keljin Blevins,https://www.basketball-reference.com/players/b/blevike01.html,2021,2021-05-08,POR,SAS,,"W, 124-102",,03:47,1,1,0,0,0,0,1,0,1,0,0,0,0,1,2
Keljin Blevins,https://www.basketball-reference.com/players/b/blevike01.html,2021,2021-05-10,POR,HOU,,"W, 140-129",,02:03,0,0,0,0,0,0,0,1,1,0,0,0,1,0,0
Keljin Blevins,https://www.basketball-reference.com/players/b/blevike01.html,2021,2021-05-12,POR,UTA,@,"W, 105-98",,00:55,0,0,0,0,0,0,0,0,0,0,0,0,0,0,0
Keljin Blevins,https://www.basketball-reference.com/players/b/blevike01.html,2021,2021-05-13,POR,PHO,@,"L, 117-118",,,,,,,,,,,,,,,,,
Keljin Blevins,https://www.basketball-reference.com/players/b/blevike01.html,2021,2021-05-16,POR,DEN,,"W, 132-116",,,,,,,,,,,,,,,,,
CJ Elleby,https://www.basketball-reference.com/players/e/ellebcj01.html,2021,2020-12-23,POR,UTA,,"L, 100-120",,04:27,1,2,0,1,0,0,1,1,2,1,0,0,0,2,2
CJ Elleby,https://www.basketball-reference.com/players/e/ellebcj01.html,2021,2020-12-26,POR,HOU,,"W, 128-126 (OT)",,,,,,,,,,,,,,,,,
CJ Elleby,https://www.basketball-reference.com/players/e/ellebcj01.html,2021,2020-12-28,POR,LAL,@,"W, 115-107",,,,,,,,,,,,,,,,,
CJ Elleby,https://www.basketball-reference.com/players/e/ellebcj01.html,2021,2020-12-30,POR,LAC,@,"L, 105-128",,08:05,1,3,0,2,0,1,0,0,0,0,0,0,0,1,2
CJ Elleby,https://www.basketball-reference.com/players/e/ellebcj01.html,2021,,,,,,,,,,,,,,,,,,,,,,
CJ Elleby,https://www.basketball-reference.com/players/e/ellebcj01.html,2021,2021-01-01,POR,GSW,@,"W, 123-98",,03:59,0,0,0,0,0,0,0,0,0,1,0,0,0,0,0
CJ Elleby,https://www.basketball-reference.com/players/e/ellebcj01.html,2021,2021-01-03,POR,GSW,@,"L, 122-137",,,,,,,,,,,,,,,,,
CJ Elleby,https://www.basketball-reference.com/players/e/ellebcj01.html,2021,2021-01-05,POR,CHI,,"L, 108-111",,,,,,,,,,,,,,,,,
CJ Elleby,https://www.basketball-reference.com/players/e/ellebcj01.html,2021,2021-01-07,POR,MIN,,"W, 135-117",,07:20,1,1,0,0,2,2,0,0,0,0,0,1,0,0,4
CJ Elleby,https://www.basketball-reference.com/players/e/ellebcj01.html,2021,2021-01-09,POR,SAC,@,"W, 125-99",,05:33,1,1,1,1,0,0,0,0,0,0,0,0,1,3,3
CJ Elleby,https://www.basketball-reference.com/players/e/ellebcj01.html,2021,2021-01-11,POR,TOR,,"W, 112-111",,,,,,,,,,,,,,,,,
CJ Elleby,https://www.basketball-reference.com/players/e/ellebcj01.html,2021,2021-01-13,POR,SAC,@,"W, 132-126",,,,,,,,,,,,,,,,,
CJ Elleby,https://www.basketball-reference.com/players/e/ellebcj01.html,2021,2021-01-14,POR,IND,,"L, 87-111",,04:10,1,1,1,1,0,0,0,0,0,0,0,0,0,1,3
CJ Elleby,https://www.basketball-reference.com/players/e/ellebcj01.html,2021,2021-01-16,POR,ATL,,"W, 112-106",,,,,,,,,,,,,,,,,
CJ Elleby,https://www.basketball-reference.com/players/e/ellebcj01.html,2021,2021-01-18,POR,SAS,,"L, 104-125",,,,,,,,,,,,,,,,,
CJ Elleby,https://www.basketball-reference.com/players/e/ellebcj01.html,2021,2021-01-24,POR,NYK,,"W, 116-113",,,,,,,,,,,,,,,,,
CJ Elleby,https://www.basketball-reference.com/players/e/ellebcj01.html,2021,2021-01-25,POR,OKC,,"L, 122-125",,,,,,,,,,,,,,,,,
CJ Elleby,https://www.basketball-reference.com/players/e/ellebcj01.html,2021,2021-01-28,POR,HOU,@,"L, 101-104",,,,,,,,,,,,,,,,,
CJ Elleby,https://www.basketball-reference.com/players/e/ellebcj01.html,2021,2021-01-30,POR,CHI,@,"W, 123-122",,,,,,,,,,,,,,,,,
CJ Elleby,https://www.basketball-reference.com/players/e/ellebcj01.html,2021,2021-02-01,POR,MIL,@,"L, 106-134",,09:23,2,5,1,3,0,0,0,3,3,0,1,0,0,0,5
CJ Elleby,https://www.basketball-reference.com/players/e/ellebcj01.html,2021,2021-02-02,POR,WAS,@,"W, 132-121",,00:43,0,0,0,0,0,0,0,0,0,0,0,0,1,1,0
CJ Elleby,https://www.basketball-reference.com/players/e/ellebcj01.html,2021,2021-02-04,POR,PHI,@,"W, 121-105",,31:11,5,9,1,5,4,6,3,4,7,1,1,2,0,4,15
CJ Elleby,https://www.basketball-reference.com/players/e/ellebcj01.html,2021,2021-02-06,POR,NYK,@,"L, 99-110",,,,,,,,,,,,,,,,,
CJ Elleby,https://www.basketball-reference.com/players/e/ellebcj01.html,2021,2021-02-09,POR,ORL,,"W, 106-97",,09:11,1,3,0,2,0,0,0,0,0,0,1,0,0,2,2
CJ Elleby,https://www.basketball-reference.com/players/e/ellebcj01.html,2021,2021-02-11,POR,PHI,,"W, 118-114",,,,,,,,,,,,,,,,,
CJ Elleby,https://www.basketball-reference.com/players/e/ellebcj01.html,2021,2021-02-12,POR,CLE,,"W, 129-110",,08:26,1,3,1,2,0,0,0,0,0,0,0,0,1,2,3
CJ Elleby,https://www.basketball-reference.com/players/e/ellebcj01.html,2021,2021-02-14,POR,DAL,@,"W, 121-118",,,,,,,,,,,,,,,,,
CJ Elleby,https://www.basketball-reference.com/players/e/ellebcj01.html,2021,2021-02-16,POR,OKC,@,"W, 115-104",,03:21,0,1,0,1,0,0,0,0,0,0,0,0,0,0,0
CJ Elleby,https://www.basketball-reference.com/players/e/ellebcj01.html,2021,2021-02-17,POR,NOP,@,"W, 126-124",,,,,,,,,,,,,,,,,
CJ Elleby,https://www.basketball-reference.com/players/e/ellebcj01.html,2021,2021-02-20,POR,WAS,,"L, 111-118",,,,,,,,,,,,,,,,,
CJ Elleby,https://www.basketball-reference.com/players/e/ellebcj01.html,2021,2021-02-22,POR,PHO,@,"L, 100-132",,08:51,0,2,0,1,0,0,0,2,2,0,1,0,0,2,0
CJ Elleby,https://www.basketball-reference.com/players/e/ellebcj01.html,2021,2021-02-23,POR,DEN,@,"L, 106-111",,,,,,,,,,,,,,,,,
CJ Elleby,https://www.basketball-reference.com/players/e/ellebcj01.html,2021,2021-02-26,POR,LAL,@,"L, 93-102",,,,,,,,,,,,,,,,,
CJ Elleby,https://www.basketball-reference.com/players/e/ellebcj01.html,2021,2021-03-01,POR,CHO,,"W, 123-111",,,,,,,,,,,,,,,,,
CJ Elleby,https://www.basketball-reference.com/players/e/ellebcj01.html,2021,2021-03-03,POR,GSW,,"W, 108-106",,,,,,,,,,,,,,,,,
CJ Elleby,https://www.basketball-reference.com/players/e/ellebcj01.html,2021,2021-03-04,POR,SAC,,"W, 123-119",,,,,,,,,,,,,,,,,
CJ Elleby,https://www.basketball-reference.com/players/e/ellebcj01.html,2021,2021-03-11,POR,PHO,,"L, 121-127",,,,,,,,,,,,,,,,,
CJ Elleby,https://www.basketball-reference.com/players/e/ellebcj01.html,2021,2021-03-13,POR,MIN,@,"W, 125-121",,,,,,,,,,,,,,,,,
CJ Elleby,https://www.basketball-reference.com/players/e/ellebcj01.html,2021,2021-03-14,POR,MIN,@,"L, 112-114",,,,,,,,,,,,,,,,,
CJ Elleby,https://www.basketball-reference.com/players/e/ellebcj01.html,2021,2021-03-16,POR,NOP,,"W, 125-124",,,,,,,,,,,,,,,,,
CJ Elleby,https://www.basketball-reference.com/players/e/ellebcj01.html,2021,2021-03-18,POR,NOP,,"W, 101-93",,,,,,,,,,,,,,,,,
CJ Elleby,https://www.basketball-reference.com/players/e/ellebcj01.html,2021,2021-03-19,POR,DAL,,"W, 125-119",,,,,,,,,,,,,,,,,
CJ Elleby,https://www.basketball-reference.com/players/e/ellebcj01.html,2021,2021-03-21,POR,DAL,,"L, 92-132",,12:00,0,3,0,2,0,0,1,0,1,0,0,0,0,0,0
CJ Elleby,https://www.basketball-reference.com/players/e/ellebcj01.html,2021,2021-03-23,POR,BRK,,"L, 112-116",,,,,,,,,,,,,,,,,
CJ Elleby,https://www.basketball-reference.com/players/e/ellebcj01.html,2021,2021-03-25,POR,MIA,@,"W, 125-122",,,,,,,,,,,,,,,,,
CJ Elleby,https://www.basketball-reference.com/players/e/ellebcj01.html,2021,2021-03-26,POR,ORL,@,"W, 112-105",,,,,,,,,,,,,,,,,
CJ Elleby,https://www.basketball-reference.com/players/e/ellebcj01.html,2021,2021-03-28,POR,TOR,@,"W, 122-117",,,,,,,,,,,,,,,,,
CJ Elleby,https://www.basketball-reference.com/players/e/ellebcj01.html,2021,2021-03-31,POR,DET,@,"W, 124-101",,01:17,0,0,0,0,0,0,0,1,1,0,0,0,0,0,0
CJ Elleby,https://www.basketball-reference.com/players/e/ellebcj01.html,2021,2021-04-02,POR,MIL,,"L, 109-127",,03:44,1,4,0,1,0,0,2,1,3,0,0,0,0,0,2
CJ Elleby,https://www.basketball-reference.com/players/e/ellebcj01.html,2021,2021-04-03,POR,OKC,,"W, 133-85",,15:50,2,8,0,4,1,2,1,2,3,0,2,0,0,1,5
CJ Elleby,https://www.basketball-reference.com/players/e/ellebcj01.html,2021,2021-04-06,POR,LAC,@,"L, 116-133",,03:55,0,0,0,0,0,0,0,0,0,1,0,0,0,1,0
CJ Elleby,https://www.basketball-reference.com/players/e/ellebcj01.html,2021,2021-04-08,POR,UTA,@,"L, 103-122",,04:45,0,0,0,0,0,0,0,0,0,0,0,0,0,0,0
CJ Elleby,https://www.basketball-reference.com/players/e/ellebcj01.html,2021,2021-04-10,POR,DET,,"W, 118-103",,01:52,0,1,0,0,0,0,0,0,0,0,0,0,0,0,0
CJ Elleby,https://www.basketball-reference.com/players/e/ellebcj01.html,2021,2021-04-11,POR,MIA,,"L, 98-107",,04:34,2,2,1,1,0,0,0,0,0,0,0,0,0,0,5
CJ Elleby,https://www.basketball-reference.com/players/e/ellebcj01.html,2021,2021-04-13,POR,BOS,,"L, 115-116",,,,,,,,,,,,,,,,,
CJ Elleby,https://www.basketball-reference.com/players/e/ellebcj01.html,2021,2021-04-16,POR,SAS,@,"W, 107-106",,,,,,,,,,,,,,,,,
CJ Elleby,https://www.basketball-reference.com/players/e/ellebcj01.html,2021,2021-04-18,POR,CHO,@,"L, 101-109",,,,,,,,,,,,,,,,,
CJ Elleby,https://www.basketball-reference.com/players/e/ellebcj01.html,2021,2021-04-20,POR,LAC,,"L, 112-113",,,,,,,,,,,,,,,,,
CJ Elleby,https://www.basketball-reference.com/players/e/ellebcj01.html,2021,2021-04-21,POR,DEN,,"L, 105-106",,,,,,,,,,,,,,,,,
CJ Elleby,https://www.basketball-reference.com/players/e/ellebcj01.html,2021,2021-04-23,POR,MEM,,"L, 128-130",,,,,,,,,,,,,,,,,
CJ Elleby,https://www.basketball-reference.com/players/e/ellebcj01.html,2021,2021-04-25,POR,MEM,,"L, 113-120",,,,,,,,,,,,,,,,,
CJ Elleby,https://www.basketball-reference.com/players/e/ellebcj01.html,2021,2021-04-27,POR,IND,@,"W, 133-112",,08:32,1,3,0,2,0,0,0,1,1,0,0,0,2,2,2
CJ Elleby,https://www.basketball-reference.com/players/e/ellebcj01.html,2021,2021-04-28,POR,MEM,@,"W, 130-109",,03:14,0,1,0,0,2,2,2,0,2,2,0,0,0,1,2
CJ Elleby,https://www.basketball-reference.com/players/e/ellebcj01.html,2021,2021-04-30,POR,BRK,@,"W, 128-109",,03:07,1,3,1,2,0,0,0,1,1,0,0,0,0,2,3
CJ Elleby,https://www.basketball-reference.com/players/e/ellebcj01.html,2021,2021-05-02,POR,BOS,@,"W, 129-119",,,,,,,,,,,,,,,,,
CJ Elleby,https://www.basketball-reference.com/players/e/ellebcj01.html,2021,2021-05-03,POR,ATL,@,"L, 114-123",,05:13,0,1,0,0,0,0,0,1,1,2,0,0,0,0,0
CJ Elleby,https://www.basketball-reference.com/players/e/ellebcj01.html,2021,2021-05-05,POR,CLE,@,"W, 141-105",,05:55,1,2,0,0,2,2,1,2,3,2,0,0,0,0,4
CJ Elleby,https://www.basketball-reference.com/players/e/ellebcj01.html,2021,2021-05-07,POR,LAL,,"W, 106-101",,,,,,,,,,,,,,,,,
CJ Elleby,https://www.basketball-reference.com/players/e/ellebcj01.html,2021,2021-05-08,POR,SAS,,"W, 124-102",,05:06,2,3,0,1,0,0,0,0,0,0,0,0,0,1,4
CJ Elleby,https://www.basketball-reference.com/players/e/ellebcj01.html,2021,2021-05-10,POR,HOU,,"W, 140-129",,02:03,0,1,0,0,0,0,0,1,1,0,0,0,0,0,0
CJ Elleby,https://www.basketball-reference.com/players/e/ellebcj01.html,2021,2021-05-12,POR,UTA,@,"W, 105-98",,01:07,0,0,0,0,0,0,0,0,0,0,0,0,0,0,0
CJ Elleby,https://www.basketball-reference.com/players/e/ellebcj01.html,2021,2021-05-13,POR,PHO,@,"L, 117-118",,,,,,,,,,,,,,,,,
CJ Elleby,https://www.basketball-reference.com/players/e/ellebcj01.html,2021,2021-05-16,POR,DEN,,"W, 132-116",,05:29,1,3,0,2,0,0,0,1,1,0,0,0,0,1,2
Tyrese Haliburton,https://www.basketball-reference.com/players/h/halibty01.html,2021,2020-12-23,SAC,DEN,@,"W, 124-122 (OT)",,30:00,3,7,2,5,4,4,1,1,2,4,0,1,0,0,12
Tyrese Haliburton,https://www.basketball-reference.com/players/h/halibty01.html,2021,2020-12-26,SAC,PHO,,"W, 106-103",,26:09,1,4,0,3,0,0,0,2,2,5,0,1,1,2,2
Tyrese Haliburton,https://www.basketball-reference.com/players/h/halibty01.html,2021,2020-12-27,SAC,PHO,,"L, 100-116",,26:32,5,7,3,4,2,2,1,0,1,6,0,0,0,2,15
Tyrese Haliburton,https://www.basketball-reference.com/players/h/halibty01.html,2021,2020-12-29,SAC,DEN,,"W, 125-115",,24:54,5,7,3,4,0,0,1,2,3,6,3,0,2,1,13
Tyrese Haliburton,https://www.basketball-reference.com/players/h/halibty01.html,2021,2020-12-31,SAC,HOU,@,"L, 119-122",,26:43,4,9,2,4,1,2,0,2,2,1,2,0,1,2,11
Tyrese Haliburton,https://www.basketball-reference.com/players/h/halibty01.html,2021,,,,,,,,,,,,,,,,,,,,,,
Tyrese Haliburton,https://www.basketball-reference.com/players/h/halibty01.html,2021,2021-01-02,SAC,HOU,@,"L, 94-102",,,,,,,,,,,,,,,,,
Tyrese Haliburton,https://www.basketball-reference.com/players/h/halibty01.html,2021,2021-01-04,SAC,GSW,@,"L, 106-137",,,,,,,,,,,,,,,,,
Tyrese Haliburton,https://www.basketball-reference.com/players/h/halibty01.html,2021,2021-01-06,SAC,CHI,,"W, 128-124",,34:30,7,15,3,7,0,0,4,3,7,6,3,1,0,2,17
Tyrese Haliburton,https://www.basketball-reference.com/players/h/halibty01.html,2021,2021-01-08,SAC,TOR,,"L, 123-144",,29:01,5,10,5,7,0,0,0,2,2,8,2,1,1,0,15
Tyrese Haliburton,https://www.basketball-reference.com/players/h/halibty01.html,2021,2021-01-09,SAC,POR,,"L, 99-125",,30:44,5,8,1,4,1,1,0,2,2,8,1,0,3,1,12
Tyrese Haliburton,https://www.basketball-reference.com/players/h/halibty01.html,2021,2021-01-11,SAC,IND,,"W, 127-122",,28:53,4,8,3,6,1,2,0,3,3,4,1,0,1,2,12
Tyrese Haliburton,https://www.basketball-reference.com/players/h/halibty01.html,2021,2021-01-13,SAC,POR,,"L, 126-132",,31:12,7,10,3,4,0,0,1,4,5,9,1,0,4,1,17
Tyrese Haliburton,https://www.basketball-reference.com/players/h/halibty01.html,2021,2021-01-15,SAC,LAC,,"L, 100-138",,24:27,2,7,1,2,0,0,0,2,2,5,1,0,0,1,5
Tyrese Haliburton,https://www.basketball-reference.com/players/h/halibty01.html,2021,2021-01-17,SAC,NOP,,"L, 123-128",,22:58,1,3,0,1,0,0,1,2,3,2,0,2,2,1,2
Tyrese Haliburton,https://www.basketball-reference.com/players/h/halibty01.html,2021,2021-01-20,SAC,LAC,@,"L, 96-115",,24:58,4,11,3,8,0,0,1,2,3,2,1,0,3,2,11
Tyrese Haliburton,https://www.basketball-reference.com/players/h/halibty01.html,2021,2021-01-22,SAC,NYK,,"W, 103-94",,31:10,7,13,2,7,0,0,1,4,5,2,2,4,3,1,16
Tyrese Haliburton,https://www.basketball-reference.com/players/h/halibty01.html,2021,2021-01-27,SAC,ORL,@,"W, 121-107",,30:04,3,11,1,4,0,0,1,1,2,7,0,1,2,1,7
Tyrese Haliburton,https://www.basketball-reference.com/players/h/halibty01.html,2021,2021-01-29,SAC,TOR,@,"W, 126-124",,33:22,4,10,1,7,1,1,1,5,6,11,1,1,2,3,10
Tyrese Haliburton,https://www.basketball-reference.com/players/h/halibty01.html,2021,2021-01-30,SAC,MIA,@,"L, 104-105",,30:59,4,10,2,7,0,0,3,4,7,6,1,0,3,1,10
Tyrese Haliburton,https://www.basketball-reference.com/players/h/halibty01.html,2021,2021-02-01,SAC,NOP,@,"W, 118-109",,32:26,2,7,1,4,0,0,3,8,11,6,1,0,1,0,5
Tyrese Haliburton,https://www.basketball-reference.com/players/h/halibty01.html,2021,2021-02-03,SAC,BOS,,"W, 116-111",,30:23,8,15,5,9,0,0,2,1,3,4,2,0,1,1,21
Tyrese Haliburton,https://www.basketball-reference.com/players/h/halibty01.html,2021,2021-02-06,SAC,DEN,,"W, 119-114",,35:05,8,12,4,7,3,3,0,4,4,6,2,1,0,1,23
Tyrese Haliburton,https://www.basketball-reference.com/players/h/halibty01.html,2021,2021-02-07,SAC,LAC,@,"W, 113-110",,27:29,5,9,3,4,0,0,0,2,2,6,1,0,2,1,13
Tyrese Haliburton,https://www.basketball-reference.com/players/h/halibty01.html,2021,2021-02-09,SAC,PHI,,"L, 111-119",,33:48,6,9,3,4,0,0,2,0,2,3,2,2,1,3,15
Tyrese Haliburton,https://www.basketball-reference.com/players/h/halibty01.html,2021,2021-02-12,SAC,ORL,,"L, 112-123",,26:56,6,12,2,6,0,0,1,2,3,7,1,0,4,2,14
Tyrese Haliburton,https://www.basketball-reference.com/players/h/halibty01.html,2021,2021-02-14,SAC,MEM,,"L, 110-124",,30:47,9,14,3,6,1,2,0,4,4,4,2,0,3,0,22
Tyrese Haliburton,https://www.basketball-reference.com/players/h/halibty01.html,2021,2021-02-15,SAC,BRK,,"L, 125-136",,30:07,4,11,2,7,0,0,1,2,3,3,0,0,1,0,10
Tyrese Haliburton,https://www.basketball-reference.com/players/h/halibty01.html,2021,2021-02-18,SAC,MIA,,"L, 110-118",,30:02,3,6,2,5,0,0,1,2,3,4,1,0,1,3,8
Tyrese Haliburton,https://www.basketball-reference.com/players/h/halibty01.html,2021,2021-02-20,SAC,CHI,@,"L, 114-122",,32:35,6,16,2,5,2,2,0,1,1,5,2,1,0,0,16
Tyrese Haliburton,https://www.basketball-reference.com/players/h/halibty01.html,2021,2021-02-21,SAC,MIL,@,"L, 115-128",,34:43,10,16,3,6,0,0,2,3,5,8,2,1,1,2,23
Tyrese Haliburton,https://www.basketball-reference.com/players/h/halibty01.html,2021,2021-02-23,SAC,BRK,@,"L, 118-127",,39:30,9,20,4,9,1,2,1,4,5,9,3,1,1,0,23
Tyrese Haliburton,https://www.basketball-reference.com/players/h/halibty01.html,2021,2021-02-25,SAC,NYK,@,"L, 121-140",,32:29,6,13,2,8,3,3,0,4,4,4,4,0,2,0,17
Tyrese Haliburton,https://www.basketball-reference.com/players/h/halibty01.html,2021,2021-02-26,SAC,DET,@,"W, 110-107",,,,,,,,,,,,,,,,,
Tyrese Haliburton,https://www.basketball-reference.com/players/h/halibty01.html,2021,2021-02-28,SAC,CHO,,"L, 126-127",,,,,,,,,,,,,,,,,
Tyrese Haliburton,https://www.basketball-reference.com/players/h/halibty01.html,2021,2021-03-03,SAC,LAL,,"W, 123-120",,,,,,,,,,,,,,,,,
Tyrese Haliburton,https://www.basketball-reference.com/players/h/halibty01.html,2021,2021-03-04,SAC,POR,@,"L, 119-123",,,,,,,,,,,,,,,,,
Tyrese Haliburton,https://www.basketball-reference.com/players/h/halibty01.html,2021,2021-03-11,SAC,HOU,,"W, 125-105",,18:29,2,7,1,2,0,0,1,2,3,2,0,1,2,1,5
Tyrese Haliburton,https://www.basketball-reference.com/players/h/halibty01.html,2021,2021-03-13,SAC,ATL,@,"L, 106-121",,24:04,3,10,2,6,0,0,0,3,3,4,2,0,1,3,8
Tyrese Haliburton,https://www.basketball-reference.com/players/h/halibty01.html,2021,2021-03-15,SAC,CHO,@,"L, 116-122",,28:06,2,6,0,3,0,0,0,4,4,3,1,1,1,4,4
Tyrese Haliburton,https://www.basketball-reference.com/players/h/halibty01.html,2021,2021-03-17,SAC,WAS,@,"W, 121-119",,32:30,5,12,3,6,4,5,1,1,2,4,0,0,1,2,17
Tyrese Haliburton,https://www.basketball-reference.com/players/h/halibty01.html,2021,2021-03-19,SAC,BOS,@,"W, 107-96",,33:40,1,6,0,3,2,2,1,4,5,7,2,1,3,3,4
Tyrese Haliburton,https://www.basketball-reference.com/players/h/halibty01.html,2021,2021-03-20,SAC,PHI,@,"L, 105-129",,26:46,5,12,0,4,1,1,0,1,1,3,1,0,1,1,11
Tyrese Haliburton,https://www.basketball-reference.com/players/h/halibty01.html,2021,2021-03-22,SAC,CLE,@,"W, 119-105",,36:22,11,15,4,5,2,2,0,1,1,2,1,1,1,2,28
Tyrese Haliburton,https://www.basketball-reference.com/players/h/halibty01.html,2021,2021-03-24,SAC,ATL,,"W, 110-108",,35:33,6,12,2,4,3,3,1,4,5,7,1,1,4,1,17
Tyrese Haliburton,https://www.basketball-reference.com/players/h/halibty01.html,2021,2021-03-25,SAC,GSW,,"W, 141-119",,33:52,7,11,6,7,1,1,0,0,0,1,0,0,1,0,21
Tyrese Haliburton,https://www.basketball-reference.com/players/h/halibty01.html,2021,2021-03-27,SAC,CLE,,"W, 100-98",,33:07,6,11,1,5,0,0,0,2,2,2,1,0,1,2,13
Tyrese Haliburton,https://www.basketball-reference.com/players/h/halibty01.html,2021,2021-03-29,SAC,SAS,@,"W, 132-115",,31:44,7,15,1,6,0,0,0,4,4,10,2,0,1,2,15
Tyrese Haliburton,https://www.basketball-reference.com/players/h/halibty01.html,2021,2021-03-31,SAC,SAS,@,"L, 106-120",,29:39,7,15,3,7,1,1,1,0,1,2,1,0,1,2,18
Tyrese Haliburton,https://www.basketball-reference.com/players/h/halibty01.html,2021,2021-04-02,SAC,LAL,,"L, 94-115",,29:12,4,9,1,3,0,0,0,2,2,2,0,1,2,0,9
Tyrese Haliburton,https://www.basketball-reference.com/players/h/halibty01.html,2021,2021-04-03,SAC,MIL,,"L, 128-129",,32:48,5,13,2,5,0,0,1,5,6,11,0,0,0,2,12
Tyrese Haliburton,https://www.basketball-reference.com/players/h/halibty01.html,2021,2021-04-05,SAC,MIN,@,"L, 106-116",,33:18,4,9,0,2,1,1,1,1,2,7,2,2,1,2,9
Tyrese Haliburton,https://www.basketball-reference.com/players/h/halibty01.html,2021,2021-04-08,SAC,DET,,"L, 101-113",,30:51,4,10,0,3,1,2,0,1,1,7,2,0,3,3,9
Tyrese Haliburton,https://www.basketball-reference.com/players/h/halibty01.html,2021,2021-04-10,SAC,UTA,@,"L, 112-128",,33:04,5,13,2,4,1,1,0,1,1,3,0,1,2,2,13
Tyrese Haliburton,https://www.basketball-reference.com/players/h/halibty01.html,2021,2021-04-12,SAC,NOP,@,"L, 110-117",,30:40,5,10,1,5,1,2,0,1,1,6,1,0,0,6,12
Tyrese Haliburton,https://www.basketball-reference.com/players/h/halibty01.html,2021,2021-04-14,SAC,WAS,,"L, 111-123",,28:51,3,13,2,6,0,0,0,2,2,6,6,0,0,1,8
Tyrese Haliburton,https://www.basketball-reference.com/players/h/halibty01.html,2021,2021-04-15,SAC,PHO,@,"L, 114-122",,23:56,5,7,2,3,0,0,0,1,1,1,2,0,3,4,12
Tyrese Haliburton,https://www.basketball-reference.com/players/h/halibty01.html,2021,2021-04-18,SAC,DAL,@,"W, 121-107",,15:51,0,2,0,0,3,4,0,1,1,2,0,0,0,2,3
Tyrese Haliburton,https://www.basketball-reference.com/players/h/halibty01.html,2021,2021-04-20,SAC,MIN,,"L, 120-134",,25:36,2,10,2,6,1,1,1,0,1,9,1,0,1,0,7
Tyrese Haliburton,https://www.basketball-reference.com/players/h/halibty01.html,2021,2021-04-21,SAC,MIN,,"W, 128-125",,29:26,6,9,4,6,0,0,0,3,3,6,1,0,2,1,16
Tyrese Haliburton,https://www.basketball-reference.com/players/h/halibty01.html,2021,2021-04-25,SAC,GSW,@,"L, 113-117",,37:29,10,20,2,7,2,2,1,2,3,8,1,0,1,1,24
Tyrese Haliburton,https://www.basketball-reference.com/players/h/halibty01.html,2021,2021-04-26,SAC,DAL,,"W, 113-106",,36:13,6,16,2,9,0,0,0,5,5,10,3,0,4,0,14
Tyrese Haliburton,https://www.basketball-reference.com/players/h/halibty01.html,2021,2021-04-28,SAC,UTA,,"L, 105-154",,30:01,6,14,1,3,0,0,0,0,0,8,1,0,3,0,13
Tyrese Haliburton,https://www.basketball-reference.com/players/h/halibty01.html,2021,2021-04-30,SAC,LAL,@,"W, 110-106",,38:35,8,14,4,8,3,3,1,3,4,10,2,1,4,0,23
Tyrese Haliburton,https://www.basketball-reference.com/players/h/halibty01.html,2021,2021-05-02,SAC,DAL,@,"W, 111-99",,23:01,4,8,2,4,1,1,0,2,2,5,1,0,2,0,11
Tyrese Haliburton,https://www.basketball-reference.com/players/h/halibty01.html,2021,2021-05-04,SAC,OKC,@,"W, 103-99",,,,,,,,,,,,,,,,,
Tyrese Haliburton,https://www.basketball-reference.com/players/h/halibty01.html,2021,2021-05-05,SAC,IND,@,"W, 104-93",,,,,,,,,,,,,,,,,
Tyrese Haliburton,https://www.basketball-reference.com/players/h/halibty01.html,2021,2021-05-07,SAC,SAS,,"L, 104-113",,,,,,,,,,,,,,,,,
Tyrese Haliburton,https://www.basketball-reference.com/players/h/halibty01.html,2021,2021-05-09,SAC,OKC,,"W, 126-98",,,,,,,,,,,,,,,,,
Tyrese Haliburton,https://www.basketball-reference.com/players/h/halibty01.html,2021,2021-05-11,SAC,OKC,,"W, 122-106",,,,,,,,,,,,,,,,,
Tyrese Haliburton,https://www.basketball-reference.com/players/h/halibty01.html,2021,2021-05-13,SAC,MEM,@,"L, 110-116",,,,,,,,,,,,,,,,,
Tyrese Haliburton,https://www.basketball-reference.com/players/h/halibty01.html,2021,2021-05-14,SAC,MEM,@,"L, 106-107",,,,,,,,,,,,,,,,,
Tyrese Haliburton,https://www.basketball-reference.com/players/h/halibty01.html,2021,2021-05-16,SAC,UTA,,"L, 99-121",,,,,,,,,,,,,,,,,
Jahmi'us Ramsey,https://www.basketball-reference.com/players/r/ramseja01.html,2021,2020-12-23,SAC,DEN,@,"W, 124-122 (OT)",,,,,,,,,,,,,,,,,
Jahmi'us Ramsey,https://www.basketball-reference.com/players/r/ramseja01.html,2021,2020-12-26,SAC,PHO,,"W, 106-103",,,,,,,,,,,,,,,,,
Jahmi'us Ramsey,https://www.basketball-reference.com/players/r/ramseja01.html,2021,2020-12-27,SAC,PHO,,"L, 100-116",,02:46,1,1,0,0,0,0,0,1,1,0,0,0,0,0,2
Jahmi'us Ramsey,https://www.basketball-reference.com/players/r/ramseja01.html,2021,2020-12-29,SAC,DEN,,"W, 125-115",,,,,,,,,,,,,,,,,
Jahmi'us Ramsey,https://www.basketball-reference.com/players/r/ramseja01.html,2021,2020-12-31,SAC,HOU,@,"L, 119-122",,,,,,,,,,,,,,,,,
Jahmi'us Ramsey,https://www.basketball-reference.com/players/r/ramseja01.html,2021,,,,,,,,,,,,,,,,,,,,,,
Jahmi'us Ramsey,https://www.basketball-reference.com/players/r/ramseja01.html,2021,2021-01-02,SAC,HOU,@,"L, 94-102",,,,,,,,,,,,,,,,,
Jahmi'us Ramsey,https://www.basketball-reference.com/players/r/ramseja01.html,2021,2021-01-04,SAC,GSW,@,"L, 106-137",,04:45,1,1,1,1,0,0,0,0,0,0,0,0,0,0,3
Jahmi'us Ramsey,https://www.basketball-reference.com/players/r/ramseja01.html,2021,2021-01-06,SAC,CHI,,"W, 128-124",,,,,,,,,,,,,,,,,
Jahmi'us Ramsey,https://www.basketball-reference.com/players/r/ramseja01.html,2021,2021-01-08,SAC,TOR,,"L, 123-144",,05:08,0,2,0,2,0,0,0,3,3,1,0,1,1,0,0
Jahmi'us Ramsey,https://www.basketball-reference.com/players/r/ramseja01.html,2021,2021-01-09,SAC,POR,,"L, 99-125",,03:00,0,0,0,0,0,0,0,0,0,0,0,0,0,0,0
Jahmi'us Ramsey,https://www.basketball-reference.com/players/r/ramseja01.html,2021,2021-01-11,SAC,IND,,"W, 127-122",,,,,,,,,,,,,,,,,
Jahmi'us Ramsey,https://www.basketball-reference.com/players/r/ramseja01.html,2021,2021-01-13,SAC,POR,,"L, 126-132",,,,,,,,,,,,,,,,,
Jahmi'us Ramsey,https://www.basketball-reference.com/players/r/ramseja01.html,2021,2021-01-15,SAC,LAC,,"L, 100-138",,,,,,,,,,,,,,,,,
Jahmi'us Ramsey,https://www.basketball-reference.com/players/r/ramseja01.html,2021,2021-01-17,SAC,NOP,,"L, 123-128",,,,,,,,,,,,,,,,,
Jahmi'us Ramsey,https://www.basketball-reference.com/players/r/ramseja01.html,2021,2021-01-20,SAC,LAC,@,"L, 96-115",,,,,,,,,,,,,,,,,
Jahmi'us Ramsey,https://www.basketball-reference.com/players/r/ramseja01.html,2021,2021-01-22,SAC,NYK,,"W, 103-94",,,,,,,,,,,,,,,,,
Jahmi'us Ramsey,https://www.basketball-reference.com/players/r/ramseja01.html,2021,2021-01-27,SAC,ORL,@,"W, 121-107",,,,,,,,,,,,,,,,,
Jahmi'us Ramsey,https://www.basketball-reference.com/players/r/ramseja01.html,2021,2021-01-29,SAC,TOR,@,"W, 126-124",,,,,,,,,,,,,,,,,
Jahmi'us Ramsey,https://www.basketball-reference.com/players/r/ramseja01.html,2021,2021-01-30,SAC,MIA,@,"L, 104-105",,,,,,,,,,,,,,,,,
Jahmi'us Ramsey,https://www.basketball-reference.com/players/r/ramseja01.html,2021,2021-02-01,SAC,NOP,@,"W, 118-109",,,,,,,,,,,,,,,,,
Jahmi'us Ramsey,https://www.basketball-reference.com/players/r/ramseja01.html,2021,2021-02-03,SAC,BOS,,"W, 116-111",,,,,,,,,,,,,,,,,
Jahmi'us Ramsey,https://www.basketball-reference.com/players/r/ramseja01.html,2021,2021-02-06,SAC,DEN,,"W, 119-114",,,,,,,,,,,,,,,,,
Jahmi'us Ramsey,https://www.basketball-reference.com/players/r/ramseja01.html,2021,2021-02-07,SAC,LAC,@,"W, 113-110",,,,,,,,,,,,,,,,,
Jahmi'us Ramsey,https://www.basketball-reference.com/players/r/ramseja01.html,2021,2021-02-09,SAC,PHI,,"L, 111-119",,,,,,,,,,,,,,,,,
Jahmi'us Ramsey,https://www.basketball-reference.com/players/r/ramseja01.html,2021,2021-02-12,SAC,ORL,,"L, 112-123",,,,,,,,,,,,,,,,,
Jahmi'us Ramsey,https://www.basketball-reference.com/players/r/ramseja01.html,2021,2021-02-14,SAC,MEM,,"L, 110-124",,,,,,,,,,,,,,,,,
Jahmi'us Ramsey,https://www.basketball-reference.com/players/r/ramseja01.html,2021,2021-02-15,SAC,BRK,,"L, 125-136",,,,,,,,,,,,,,,,,
Jahmi'us Ramsey,https://www.basketball-reference.com/players/r/ramseja01.html,2021,2021-02-18,SAC,MIA,,"L, 110-118",,,,,,,,,,,,,,,,,
Jahmi'us Ramsey,https://www.basketball-reference.com/players/r/ramseja01.html,2021,2021-02-20,SAC,CHI,@,"L, 114-122",,,,,,,,,,,,,,,,,
Jahmi'us Ramsey,https://www.basketball-reference.com/players/r/ramseja01.html,2021,2021-02-21,SAC,MIL,@,"L, 115-128",,,,,,,,,,,,,,,,,
Jahmi'us Ramsey,https://www.basketball-reference.com/players/r/ramseja01.html,2021,2021-02-23,SAC,BRK,@,"L, 118-127",,,,,,,,,,,,,,,,,
Jahmi'us Ramsey,https://www.basketball-reference.com/players/r/ramseja01.html,2021,2021-02-25,SAC,NYK,@,"L, 121-140",,,,,,,,,,,,,,,,,
Jahmi'us Ramsey,https://www.basketball-reference.com/players/r/ramseja01.html,2021,2021-02-26,SAC,DET,@,"W, 110-107",,,,,,,,,,,,,,,,,
Jahmi'us Ramsey,https://www.basketball-reference.com/players/r/ramseja01.html,2021,2021-02-28,SAC,CHO,,"L, 126-127",,,,,,,,,,,,,,,,,
Jahmi'us Ramsey,https://www.basketball-reference.com/players/r/ramseja01.html,2021,2021-03-03,SAC,LAL,,"W, 123-120",,,,,,,,,,,,,,,,,
Jahmi'us Ramsey,https://www.basketball-reference.com/players/r/ramseja01.html,2021,2021-03-04,SAC,POR,@,"L, 119-123",,,,,,,,,,,,,,,,,
Jahmi'us Ramsey,https://www.basketball-reference.com/players/r/ramseja01.html,2021,2021-03-11,SAC,HOU,,"W, 125-105",,,,,,,,,,,,,,,,,
Jahmi'us Ramsey,https://www.basketball-reference.com/players/r/ramseja01.html,2021,2021-03-13,SAC,ATL,@,"L, 106-121",,01:10,1,1,0,0,0,0,0,0,0,0,0,0,0,0,2
Jahmi'us Ramsey,https://www.basketball-reference.com/players/r/ramseja01.html,2021,2021-03-15,SAC,CHO,@,"L, 116-122",,,,,,,,,,,,,,,,,
Jahmi'us Ramsey,https://www.basketball-reference.com/players/r/ramseja01.html,2021,2021-03-17,SAC,WAS,@,"W, 121-119",,,,,,,,,,,,,,,,,
Jahmi'us Ramsey,https://www.basketball-reference.com/players/r/ramseja01.html,2021,2021-03-19,SAC,BOS,@,"W, 107-96",,,,,,,,,,,,,,,,,
Jahmi'us Ramsey,https://www.basketball-reference.com/players/r/ramseja01.html,2021,2021-03-20,SAC,PHI,@,"L, 105-129",,,,,,,,,,,,,,,,,
Jahmi'us Ramsey,https://www.basketball-reference.com/players/r/ramseja01.html,2021,2021-03-22,SAC,CLE,@,"W, 119-105",,,,,,,,,,,,,,,,,
Jahmi'us Ramsey,https://www.basketball-reference.com/players/r/ramseja01.html,2021,2021-03-24,SAC,ATL,,"W, 110-108",,,,,,,,,,,,,,,,,
Jahmi'us Ramsey,https://www.basketball-reference.com/players/r/ramseja01.html,2021,2021-03-25,SAC,GSW,,"W, 141-119",,,,,,,,,,,,,,,,,
Jahmi'us Ramsey,https://www.basketball-reference.com/players/r/ramseja01.html,2021,2021-03-27,SAC,CLE,,"W, 100-98",,,,,,,,,,,,,,,,,
Jahmi'us Ramsey,https://www.basketball-reference.com/players/r/ramseja01.html,2021,2021-03-29,SAC,SAS,@,"W, 132-115",,,,,,,,,,,,,,,,,
Jahmi'us Ramsey,https://www.basketball-reference.com/players/r/ramseja01.html,2021,2021-03-31,SAC,SAS,@,"L, 106-120",,,,,,,,,,,,,,,,,
Jahmi'us Ramsey,https://www.basketball-reference.com/players/r/ramseja01.html,2021,2021-04-02,SAC,LAL,,"L, 94-115",,,,,,,,,,,,,,,,,
Jahmi'us Ramsey,https://www.basketball-reference.com/players/r/ramseja01.html,2021,2021-04-03,SAC,MIL,,"L, 128-129",,,,,,,,,,,,,,,,,
Jahmi'us Ramsey,https://www.basketball-reference.com/players/r/ramseja01.html,2021,2021-04-05,SAC,MIN,@,"L, 106-116",,,,,,,,,,,,,,,,,
Jahmi'us Ramsey,https://www.basketball-reference.com/players/r/ramseja01.html,2021,2021-04-08,SAC,DET,,"L, 101-113",,,,,,,,,,,,,,,,,
Jahmi'us Ramsey,https://www.basketball-reference.com/players/r/ramseja01.html,2021,2021-04-10,SAC,UTA,@,"L, 112-128",,,,,,,,,,,,,,,,,
Jahmi'us Ramsey,https://www.basketball-reference.com/players/r/ramseja01.html,2021,2021-04-12,SAC,NOP,@,"L, 110-117",,,,,,,,,,,,,,,,,
Jahmi'us Ramsey,https://www.basketball-reference.com/players/r/ramseja01.html,2021,2021-04-14,SAC,WAS,,"L, 111-123",,,,,,,,,,,,,,,,,
Jahmi'us Ramsey,https://www.basketball-reference.com/players/r/ramseja01.html,2021,2021-04-15,SAC,PHO,@,"L, 114-122",,,,,,,,,,,,,,,,,
Jahmi'us Ramsey,https://www.basketball-reference.com/players/r/ramseja01.html,2021,2021-04-18,SAC,DAL,@,"W, 121-107",,,,,,,,,,,,,,,,,
Jahmi'us Ramsey,https://www.basketball-reference.com/players/r/ramseja01.html,2021,2021-04-20,SAC,MIN,,"L, 120-134",,,,,,,,,,,,,,,,,
Jahmi'us Ramsey,https://www.basketball-reference.com/players/r/ramseja01.html,2021,2021-04-21,SAC,MIN,,"W, 128-125",,,,,,,,,,,,,,,,,
Jahmi'us Ramsey,https://www.basketball-reference.com/players/r/ramseja01.html,2021,2021-04-25,SAC,GSW,@,"L, 113-117",,,,,,,,,,,,,,,,,
Jahmi'us Ramsey,https://www.basketball-reference.com/players/r/ramseja01.html,2021,2021-04-26,SAC,DAL,,"W, 113-106",,,,,,,,,,,,,,,,,
Jahmi'us Ramsey,https://www.basketball-reference.com/players/r/ramseja01.html,2021,2021-04-28,SAC,UTA,,"L, 105-154",,05:57,3,5,1,3,0,0,1,0,1,2,0,0,0,0,7
Jahmi'us Ramsey,https://www.basketball-reference.com/players/r/ramseja01.html,2021,2021-04-30,SAC,LAL,@,"W, 110-106",,,,,,,,,,,,,,,,,
Jahmi'us Ramsey,https://www.basketball-reference.com/players/r/ramseja01.html,2021,2021-05-02,SAC,DAL,@,"W, 111-99",,03:24,0,2,0,1,0,0,0,0,0,0,1,0,0,1,0
Jahmi'us Ramsey,https://www.basketball-reference.com/players/r/ramseja01.html,2021,2021-05-04,SAC,OKC,@,"W, 103-99",,03:04,0,0,0,0,0,0,0,0,0,0,0,0,0,0,0
Jahmi'us Ramsey,https://www.basketball-reference.com/players/r/ramseja01.html,2021,2021-05-05,SAC,IND,@,"W, 104-93",,06:06,1,2,0,1,0,0,0,1,1,0,1,0,1,0,2
Jahmi'us Ramsey,https://www.basketball-reference.com/players/r/ramseja01.html,2021,2021-05-07,SAC,SAS,,"L, 104-113",,,,,,,,,,,,,,,,,
Jahmi'us Ramsey,https://www.basketball-reference.com/players/r/ramseja01.html,2021,2021-05-09,SAC,OKC,,"W, 126-98",,05:19,0,2,0,1,2,2,0,0,0,0,1,0,0,0,2
Jahmi'us Ramsey,https://www.basketball-reference.com/players/r/ramseja01.html,2021,2021-05-11,SAC,OKC,,"W, 122-106",,02:49,0,1,0,0,0,0,0,0,0,0,0,0,0,0,0
Jahmi'us Ramsey,https://www.basketball-reference.com/players/r/ramseja01.html,2021,2021-05-13,SAC,MEM,@,"L, 110-116",,,,,,,,,,,,,,,,,
Jahmi'us Ramsey,https://www.basketball-reference.com/players/r/ramseja01.html,2021,2021-05-14,SAC,MEM,@,"L, 106-107",,29:48,3,12,2,7,2,2,1,2,3,2,1,0,0,3,10
Jahmi'us Ramsey,https://www.basketball-reference.com/players/r/ramseja01.html,2021,2021-05-16,SAC,UTA,,"L, 99-121",,21:12,5,9,1,3,1,1,0,1,1,1,0,0,1,4,12
Robert Woodard II,https://www.basketball-reference.com/players/w/woodaro01.html,2021,2020-12-23,SAC,DEN,@,"W, 124-122 (OT)",,,,,,,,,,,,,,,,,
Robert Woodard II,https://www.basketball-reference.com/players/w/woodaro01.html,2021,2020-12-26,SAC,PHO,,"W, 106-103",,,,,,,,,,,,,,,,,
Robert Woodard II,https://www.basketball-reference.com/players/w/woodaro01.html,2021,2020-12-27,SAC,PHO,,"L, 100-116",,02:46,1,2,0,1,0,2,0,1,1,0,0,0,1,0,2
Robert Woodard II,https://www.basketball-reference.com/players/w/woodaro01.html,2021,2020-12-29,SAC,DEN,,"W, 125-115",,,,,,,,,,,,,,,,,
Robert Woodard II,https://www.basketball-reference.com/players/w/woodaro01.html,2021,2020-12-31,SAC,HOU,@,"L, 119-122",,,,,,,,,,,,,,,,,
Robert Woodard II,https://www.basketball-reference.com/players/w/woodaro01.html,2021,,,,,,,,,,,,,,,,,,,,,,
Robert Woodard II,https://www.basketball-reference.com/players/w/woodaro01.html,2021,2021-01-02,SAC,HOU,@,"L, 94-102",,,,,,,,,,,,,,,,,
Robert Woodard II,https://www.basketball-reference.com/players/w/woodaro01.html,2021,2021-01-04,SAC,GSW,@,"L, 106-137",,04:45,2,6,0,1,0,0,3,3,6,0,0,0,0,0,4
Robert Woodard II,https://www.basketball-reference.com/players/w/woodaro01.html,2021,2021-01-06,SAC,CHI,,"W, 128-124",,,,,,,,,,,,,,,,,
Robert Woodard II,https://www.basketball-reference.com/players/w/woodaro01.html,2021,2021-01-08,SAC,TOR,,"L, 123-144",,03:50,1,1,0,0,0,0,0,1,1,0,0,0,0,0,2
Robert Woodard II,https://www.basketball-reference.com/players/w/woodaro01.html,2021,2021-01-09,SAC,POR,,"L, 99-125",,02:14,1,1,1,1,0,0,0,0,0,0,0,0,0,0,3
Robert Woodard II,https://www.basketball-reference.com/players/w/woodaro01.html,2021,2021-01-11,SAC,IND,,"W, 127-122",,,,,,,,,,,,,,,,,
Robert Woodard II,https://www.basketball-reference.com/players/w/woodaro01.html,2021,2021-01-13,SAC,POR,,"L, 126-132",,,,,,,,,,,,,,,,,
Robert Woodard II,https://www.basketball-reference.com/players/w/woodaro01.html,2021,2021-01-15,SAC,LAC,,"L, 100-138",,02:51,1,1,0,0,0,0,0,0,0,0,0,0,0,0,2
Robert Woodard II,https://www.basketball-reference.com/players/w/woodaro01.html,2021,2021-01-17,SAC,NOP,,"L, 123-128",,,,,,,,,,,,,,,,,
Robert Woodard II,https://www.basketball-reference.com/players/w/woodaro01.html,2021,2021-01-20,SAC,LAC,@,"L, 96-115",,,,,,,,,,,,,,,,,
Robert Woodard II,https://www.basketball-reference.com/players/w/woodaro01.html,2021,2021-01-22,SAC,NYK,,"W, 103-94",,,,,,,,,,,,,,,,,
Robert Woodard II,https://www.basketball-reference.com/players/w/woodaro01.html,2021,2021-01-27,SAC,ORL,@,"W, 121-107",,00:39,0,0,0,0,0,0,0,0,0,0,0,0,0,0,0
Robert Woodard II,https://www.basketball-reference.com/players/w/woodaro01.html,2021,2021-01-29,SAC,TOR,@,"W, 126-124",,,,,,,,,,,,,,,,,
Robert Woodard II,https://www.basketball-reference.com/players/w/woodaro01.html,2021,2021-01-30,SAC,MIA,@,"L, 104-105",,,,,,,,,,,,,,,,,
Robert Woodard II,https://www.basketball-reference.com/players/w/woodaro01.html,2021,2021-02-01,SAC,NOP,@,"W, 118-109",,,,,,,,,,,,,,,,,
Robert Woodard II,https://www.basketball-reference.com/players/w/woodaro01.html,2021,2021-02-03,SAC,BOS,,"W, 116-111",,,,,,,,,,,,,,,,,
Robert Woodard II,https://www.basketball-reference.com/players/w/woodaro01.html,2021,2021-02-06,SAC,DEN,,"W, 119-114",,,,,,,,,,,,,,,,,
Robert Woodard II,https://www.basketball-reference.com/players/w/woodaro01.html,2021,2021-02-07,SAC,LAC,@,"W, 113-110",,,,,,,,,,,,,,,,,
Robert Woodard II,https://www.basketball-reference.com/players/w/woodaro01.html,2021,2021-02-09,SAC,PHI,,"L, 111-119",,,,,,,,,,,,,,,,,
Robert Woodard II,https://www.basketball-reference.com/players/w/woodaro01.html,2021,2021-02-12,SAC,ORL,,"L, 112-123",,,,,,,,,,,,,,,,,
Robert Woodard II,https://www.basketball-reference.com/players/w/woodaro01.html,2021,2021-02-14,SAC,MEM,,"L, 110-124",,,,,,,,,,,,,,,,,
Robert Woodard II,https://www.basketball-reference.com/players/w/woodaro01.html,2021,2021-02-15,SAC,BRK,,"L, 125-136",,,,,,,,,,,,,,,,,
Robert Woodard II,https://www.basketball-reference.com/players/w/woodaro01.html,2021,2021-02-18,SAC,MIA,,"L, 110-118",,,,,,,,,,,,,,,,,
Robert Woodard II,https://www.basketball-reference.com/players/w/woodaro01.html,2021,2021-02-20,SAC,CHI,@,"L, 114-122",,,,,,,,,,,,,,,,,
Robert Woodard II,https://www.basketball-reference.com/players/w/woodaro01.html,2021,2021-02-21,SAC,MIL,@,"L, 115-128",,,,,,,,,,,,,,,,,
Robert Woodard II,https://www.basketball-reference.com/players/w/woodaro01.html,2021,2021-02-23,SAC,BRK,@,"L, 118-127",,,,,,,,,,,,,,,,,
Robert Woodard II,https://www.basketball-reference.com/players/w/woodaro01.html,2021,2021-02-25,SAC,NYK,@,"L, 121-140",,,,,,,,,,,,,,,,,
Robert Woodard II,https://www.basketball-reference.com/players/w/woodaro01.html,2021,2021-02-26,SAC,DET,@,"W, 110-107",,,,,,,,,,,,,,,,,
Robert Woodard II,https://www.basketball-reference.com/players/w/woodaro01.html,2021,2021-02-28,SAC,CHO,,"L, 126-127",,,,,,,,,,,,,,,,,
Robert Woodard II,https://www.basketball-reference.com/players/w/woodaro01.html,2021,2021-03-03,SAC,LAL,,"W, 123-120",,,,,,,,,,,,,,,,,
Robert Woodard II,https://www.basketball-reference.com/players/w/woodaro01.html,2021,2021-03-04,SAC,POR,@,"L, 119-123",,,,,,,,,,,,,,,,,
Robert Woodard II,https://www.basketball-reference.com/players/w/woodaro01.html,2021,2021-03-11,SAC,HOU,,"W, 125-105",,,,,,,,,,,,,,,,,
Robert Woodard II,https://www.basketball-reference.com/players/w/woodaro01.html,2021,2021-03-13,SAC,ATL,@,"L, 106-121",,,,,,,,,,,,,,,,,
Robert Woodard II,https://www.basketball-reference.com/players/w/woodaro01.html,2021,2021-03-15,SAC,CHO,@,"L, 116-122",,,,,,,,,,,,,,,,,
Robert Woodard II,https://www.basketball-reference.com/players/w/woodaro01.html,2021,2021-03-17,SAC,WAS,@,"W, 121-119",,,,,,,,,,,,,,,,,
Robert Woodard II,https://www.basketball-reference.com/players/w/woodaro01.html,2021,2021-03-19,SAC,BOS,@,"W, 107-96",,,,,,,,,,,,,,,,,
Robert Woodard II,https://www.basketball-reference.com/players/w/woodaro01.html,2021,2021-03-20,SAC,PHI,@,"L, 105-129",,03:28,0,1,0,1,3,6,0,0,0,0,0,0,0,1,3
Robert Woodard II,https://www.basketball-reference.com/players/w/woodaro01.html,2021,2021-03-22,SAC,CLE,@,"W, 119-105",,,,,,,,,,,,,,,,,
Robert Woodard II,https://www.basketball-reference.com/players/w/woodaro01.html,2021,2021-03-24,SAC,ATL,,"W, 110-108",,,,,,,,,,,,,,,,,
Robert Woodard II,https://www.basketball-reference.com/players/w/woodaro01.html,2021,2021-03-25,SAC,GSW,,"W, 141-119",,01:00,0,1,0,0,0,0,0,0,0,0,0,0,0,0,0
Robert Woodard II,https://www.basketball-reference.com/players/w/woodaro01.html,2021,2021-03-27,SAC,CLE,,"W, 100-98",,,,,,,,,,,,,,,,,
Robert Woodard II,https://www.basketball-reference.com/players/w/woodaro01.html,2021,2021-03-29,SAC,SAS,@,"W, 132-115",,01:11,0,0,0,0,0,0,0,1,1,0,0,1,0,0,0
Robert Woodard II,https://www.basketball-reference.com/players/w/woodaro01.html,2021,2021-03-31,SAC,SAS,@,"L, 106-120",,02:46,0,0,0,0,0,0,0,2,2,0,0,0,0,0,0
Robert Woodard II,https://www.basketball-reference.com/players/w/woodaro01.html,2021,2021-04-02,SAC,LAL,,"L, 94-115",,03:11,1,1,0,0,0,0,0,0,0,0,0,1,0,1,2
Robert Woodard II,https://www.basketball-reference.com/players/w/woodaro01.html,2021,2021-04-03,SAC,MIL,,"L, 128-129",,,,,,,,,,,,,,,,,
Robert Woodard II,https://www.basketball-reference.com/players/w/woodaro01.html,2021,2021-04-05,SAC,MIN,@,"L, 106-116",,,,,,,,,,,,,,,,,
Robert Woodard II,https://www.basketball-reference.com/players/w/woodaro01.html,2021,2021-04-08,SAC,DET,,"L, 101-113",,,,,,,,,,,,,,,,,
Robert Woodard II,https://www.basketball-reference.com/players/w/woodaro01.html,2021,2021-04-10,SAC,UTA,@,"L, 112-128",,,,,,,,,,,,,,,,,
Robert Woodard II,https://www.basketball-reference.com/players/w/woodaro01.html,2021,2021-04-12,SAC,NOP,@,"L, 110-117",,,,,,,,,,,,,,,,,
Robert Woodard II,https://www.basketball-reference.com/players/w/woodaro01.html,2021,2021-04-14,SAC,WAS,,"L, 111-123",,,,,,,,,,,,,,,,,
Robert Woodard II,https://www.basketball-reference.com/players/w/woodaro01.html,2021,2021-04-15,SAC,PHO,@,"L, 114-122",,,,,,,,,,,,,,,,,
Robert Woodard II,https://www.basketball-reference.com/players/w/woodaro01.html,2021,2021-04-18,SAC,DAL,@,"W, 121-107",,,,,,,,,,,,,,,,,
Robert Woodard II,https://www.basketball-reference.com/players/w/woodaro01.html,2021,2021-04-20,SAC,MIN,,"L, 120-134",,,,,,,,,,,,,,,,,
Robert Woodard II,https://www.basketball-reference.com/players/w/woodaro01.html,2021,2021-04-21,SAC,MIN,,"W, 128-125",,,,,,,,,,,,,,,,,
Robert Woodard II,https://www.basketball-reference.com/players/w/woodaro01.html,2021,2021-04-25,SAC,GSW,@,"L, 113-117",,,,,,,,,,,,,,,,,
Robert Woodard II,https://www.basketball-reference.com/players/w/woodaro01.html,2021,2021-04-26,SAC,DAL,,"W, 113-106",,,,,,,,,,,,,,,,,
Robert Woodard II,https://www.basketball-reference.com/players/w/woodaro01.html,2021,2021-04-28,SAC,UTA,,"L, 105-154",,,,,,,,,,,,,,,,,
Robert Woodard II,https://www.basketball-reference.com/players/w/woodaro01.html,2021,2021-04-30,SAC,LAL,@,"W, 110-106",,,,,,,,,,,,,,,,,
Robert Woodard II,https://www.basketball-reference.com/players/w/woodaro01.html,2021,2021-05-02,SAC,DAL,@,"W, 111-99",,,,,,,,,,,,,,,,,
Robert Woodard II,https://www.basketball-reference.com/players/w/woodaro01.html,2021,2021-05-04,SAC,OKC,@,"W, 103-99",,,,,,,,,,,,,,,,,
Robert Woodard II,https://www.basketball-reference.com/players/w/woodaro01.html,2021,2021-05-05,SAC,IND,@,"W, 104-93",,,,,,,,,,,,,,,,,
Robert Woodard II,https://www.basketball-reference.com/players/w/woodaro01.html,2021,2021-05-07,SAC,SAS,,"L, 104-113",,,,,,,,,,,,,,,,,
Robert Woodard II,https://www.basketball-reference.com/players/w/woodaro01.html,2021,2021-05-09,SAC,OKC,,"W, 126-98",,,,,,,,,,,,,,,,,
Robert Woodard II,https://www.basketball-reference.com/players/w/woodaro01.html,2021,2021-05-11,SAC,OKC,,"W, 122-106",,,,,,,,,,,,,,,,,
Robert Woodard II,https://www.basketball-reference.com/players/w/woodaro01.html,2021,2021-05-13,SAC,MEM,@,"L, 110-116",,,,,,,,,,,,,,,,,
Robert Woodard II,https://www.basketball-reference.com/players/w/woodaro01.html,2021,2021-05-14,SAC,MEM,@,"L, 106-107",,05:32,0,2,0,2,0,0,0,2,2,1,0,0,0,1,0
Robert Woodard II,https://www.basketball-reference.com/players/w/woodaro01.html,2021,2021-05-16,SAC,UTA,,"L, 99-121",,11:09,1,4,0,0,0,0,1,2,3,1,0,1,0,1,2
Tre Jones,https://www.basketball-reference.com/players/j/jonestr01.html,2021,2020-12-23,SAS,MEM,@,"W, 131-119",,,,,,,,,,,,,,,,,
Tre Jones,https://www.basketball-reference.com/players/j/jonestr01.html,2021,2020-12-26,SAS,TOR,,"W, 119-114",,,,,,,,,,,,,,,,,
Tre Jones,https://www.basketball-reference.com/players/j/jonestr01.html,2021,2020-12-27,SAS,NOP,@,"L, 95-98",,,,,,,,,,,,,,,,,
Tre Jones,https://www.basketball-reference.com/players/j/jonestr01.html,2021,2020-12-30,SAS,LAL,,"L, 107-121",,01:02,1,2,0,0,0,0,0,0,0,0,0,0,0,0,2
Tre Jones,https://www.basketball-reference.com/players/j/jonestr01.html,2021,,,,,,,,,,,,,,,,,,,,,,
Tre Jones,https://www.basketball-reference.com/players/j/jonestr01.html,2021,2021-01-01,SAS,LAL,,"L, 103-109",,,,,,,,,,,,,,,,,
Tre Jones,https://www.basketball-reference.com/players/j/jonestr01.html,2021,2021-01-03,SAS,UTA,,"L, 109-130",,08:28,3,5,0,0,3,3,3,0,3,1,0,0,0,0,9
Tre Jones,https://www.basketball-reference.com/players/j/jonestr01.html,2021,2021-01-05,SAS,LAC,@,"W, 116-113",,,,,,,,,,,,,,,,,
Tre Jones,https://www.basketball-reference.com/players/j/jonestr01.html,2021,2021-01-07,SAS,LAL,@,"W, 118-109",,00:57,0,0,0,0,0,0,0,0,0,0,0,0,0,0,0
Tre Jones,https://www.basketball-reference.com/players/j/jonestr01.html,2021,2021-01-09,SAS,MIN,@,"W, 125-122 (OT)",,,,,,,,,,,,,,,,,
Tre Jones,https://www.basketball-reference.com/players/j/jonestr01.html,2021,2021-01-10,SAS,MIN,@,"L, 88-96",,,,,,,,,,,,,,,,,
Tre Jones,https://www.basketball-reference.com/players/j/jonestr01.html,2021,2021-01-12,SAS,OKC,@,"W, 112-102",,,,,,,,,,,,,,,,,
Tre Jones,https://www.basketball-reference.com/players/j/jonestr01.html,2021,2021-01-14,SAS,HOU,,"L, 105-109",,,,,,,,,,,,,,,,,
Tre Jones,https://www.basketball-reference.com/players/j/jonestr01.html,2021,2021-01-16,SAS,HOU,,"W, 103-91",,,,,,,,,,,,,,,,,
Tre Jones,https://www.basketball-reference.com/players/j/jonestr01.html,2021,2021-01-18,SAS,POR,@,"W, 125-104",,02:13,0,0,0,0,0,0,0,0,0,0,0,0,0,0,0
Tre Jones,https://www.basketball-reference.com/players/j/jonestr01.html,2021,2021-01-20,SAS,GSW,@,"L, 99-121",,04:58,1,2,1,1,0,0,0,0,0,0,0,0,1,0,3
Tre Jones,https://www.basketball-reference.com/players/j/jonestr01.html,2021,2021-01-22,SAS,DAL,,"L, 117-122",,02:25,0,0,0,0,0,0,0,0,0,0,0,0,0,1,0
Tre Jones,https://www.basketball-reference.com/players/j/jonestr01.html,2021,2021-01-24,SAS,WAS,,"W, 121-101",,02:55,1,1,0,0,0,0,0,0,0,0,0,0,1,1,2
Tre Jones,https://www.basketball-reference.com/players/j/jonestr01.html,2021,2021-01-27,SAS,BOS,,"W, 110-106",,,,,,,,,,,,,,,,,
Tre Jones,https://www.basketball-reference.com/players/j/jonestr01.html,2021,2021-01-29,SAS,DEN,,"W, 119-109",,00:34,0,0,0,0,0,0,0,0,0,0,0,0,0,0,0
Tre Jones,https://www.basketball-reference.com/players/j/jonestr01.html,2021,2021-01-30,SAS,MEM,,"L, 112-129",,03:00,0,2,0,0,2,2,1,0,1,0,0,0,0,0,2
Tre Jones,https://www.basketball-reference.com/players/j/jonestr01.html,2021,2021-02-01,SAS,MEM,,"L, 102-133",,,,,,,,,,,,,,,,,
Tre Jones,https://www.basketball-reference.com/players/j/jonestr01.html,2021,2021-02-03,SAS,MIN,,"W, 111-108",,,,,,,,,,,,,,,,,
Tre Jones,https://www.basketball-reference.com/players/j/jonestr01.html,2021,2021-02-06,SAS,HOU,@,"W, 111-106",,,,,,,,,,,,,,,,,
Tre Jones,https://www.basketball-reference.com/players/j/jonestr01.html,2021,2021-02-08,SAS,GSW,,"W, 105-100",,,,,,,,,,,,,,,,,
Tre Jones,https://www.basketball-reference.com/players/j/jonestr01.html,2021,2021-02-09,SAS,GSW,,"L, 91-114",,,,,,,,,,,,,,,,,
Tre Jones,https://www.basketball-reference.com/players/j/jonestr01.html,2021,2021-02-12,SAS,ATL,@,"W, 125-114",,,,,,,,,,,,,,,,,
Tre Jones,https://www.basketball-reference.com/players/j/jonestr01.html,2021,2021-02-14,SAS,CHO,@,"W, 122-110",,,,,,,,,,,,,,,,,
Tre Jones,https://www.basketball-reference.com/players/j/jonestr01.html,2021,2021-02-24,SAS,OKC,@,"L, 99-102",,12:13,2,2,0,0,0,0,0,0,0,1,0,0,1,1,4
Tre Jones,https://www.basketball-reference.com/players/j/jonestr01.html,2021,2021-02-27,SAS,NOP,,"W, 117-114",,,,,,,,,,,,,,,,,
Tre Jones,https://www.basketball-reference.com/players/j/jonestr01.html,2021,2021-03-01,SAS,BRK,,"L, 113-124 (OT)",,01:26,0,0,0,0,0,0,0,0,0,0,0,0,0,0,0
Tre Jones,https://www.basketball-reference.com/players/j/jonestr01.html,2021,2021-03-02,SAS,NYK,,"W, 119-93",,03:03,1,1,0,0,0,0,0,0,0,1,0,0,1,1,2
Tre Jones,https://www.basketball-reference.com/players/j/jonestr01.html,2021,2021-03-04,SAS,OKC,,"L, 102-107",,,,,,,,,,,,,,,,,
Tre Jones,https://www.basketball-reference.com/players/j/jonestr01.html,2021,2021-03-10,SAS,DAL,@,"L, 104-115",,00:35,0,1,0,0,0,0,0,0,0,0,0,0,0,0,0
Tre Jones,https://www.basketball-reference.com/players/j/jonestr01.html,2021,2021-03-12,SAS,ORL,,"W, 104-77",,04:31,1,2,0,0,0,0,0,0,0,0,0,0,0,0,2
Tre Jones,https://www.basketball-reference.com/players/j/jonestr01.html,2021,2021-03-14,SAS,PHI,@,"L, 99-134",,16:36,4,8,0,0,0,0,0,0,0,3,0,0,0,0,8
Tre Jones,https://www.basketball-reference.com/players/j/jonestr01.html,2021,2021-03-15,SAS,DET,@,"W, 109-99",,04:14,1,2,0,0,0,0,0,0,0,0,1,0,1,1,2
Tre Jones,https://www.basketball-reference.com/players/j/jonestr01.html,2021,2021-03-17,SAS,CHI,@,"W, 106-99",,,,,,,,,,,,,,,,,
Tre Jones,https://www.basketball-reference.com/players/j/jonestr01.html,2021,2021-03-19,SAS,CLE,@,"W, 116-110",,01:30,0,0,0,0,0,0,0,0,0,0,0,0,0,0,0
Tre Jones,https://www.basketball-reference.com/players/j/jonestr01.html,2021,2021-03-20,SAS,MIL,@,"L, 113-120",,07:35,0,1,0,0,0,0,1,2,3,2,1,0,1,0,0
Tre Jones,https://www.basketball-reference.com/players/j/jonestr01.html,2021,2021-03-22,SAS,CHO,,"L, 97-100",,,,,,,,,,,,,,,,,
Tre Jones,https://www.basketball-reference.com/players/j/jonestr01.html,2021,2021-03-24,SAS,LAC,,"L, 101-134",,08:12,0,1,0,0,0,0,0,2,2,0,0,0,1,0,0
Tre Jones,https://www.basketball-reference.com/players/j/jonestr01.html,2021,2021-03-25,SAS,LAC,,"L, 85-98",,,,,,,,,,,,,,,,,
Tre Jones,https://www.basketball-reference.com/players/j/jonestr01.html,2021,2021-03-27,SAS,CHI,,"W, 120-104",,01:46,0,0,0,0,0,0,0,0,0,1,0,0,0,0,0
Tre Jones,https://www.basketball-reference.com/players/j/jonestr01.html,2021,2021-03-29,SAS,SAC,,"L, 115-132",,02:22,0,1,0,0,0,0,0,0,0,1,0,0,0,0,0
Tre Jones,https://www.basketball-reference.com/players/j/jonestr01.html,2021,2021-03-31,SAS,SAC,,"W, 120-106",,02:32,1,2,0,0,0,0,0,0,0,0,0,0,0,0,2
Tre Jones,https://www.basketball-reference.com/players/j/jonestr01.html,2021,2021-04-01,SAS,ATL,,"L, 129-134 (2OT)",,,,,,,,,,,,,,,,,
Tre Jones,https://www.basketball-reference.com/players/j/jonestr01.html,2021,2021-04-03,SAS,IND,,"L, 133-139 (OT)",,,,,,,,,,,,,,,,,
Tre Jones,https://www.basketball-reference.com/players/j/jonestr01.html,2021,2021-04-05,SAS,CLE,,"L, 101-125",,11:37,2,3,0,0,0,0,0,0,0,1,1,0,2,0,4
Tre Jones,https://www.basketball-reference.com/players/j/jonestr01.html,2021,2021-04-07,SAS,DEN,@,"L, 96-106",,05:25,0,3,0,0,0,0,0,1,1,1,0,0,0,0,0
Tre Jones,https://www.basketball-reference.com/players/j/jonestr01.html,2021,2021-04-09,SAS,DEN,@,"L, 119-121",,,,,,,,,,,,,,,,,
Tre Jones,https://www.basketball-reference.com/players/j/jonestr01.html,2021,2021-04-11,SAS,DAL,@,"W, 119-117",,,,,,,,,,,,,,,,,
Tre Jones,https://www.basketball-reference.com/players/j/jonestr01.html,2021,2021-04-12,SAS,ORL,@,"W, 120-97",,07:45,1,1,0,0,0,0,0,1,1,2,1,0,1,0,2
Tre Jones,https://www.basketball-reference.com/players/j/jonestr01.html,2021,2021-04-14,SAS,TOR,@,"L, 112-117",,,,,,,,,,,,,,,,,
Tre Jones,https://www.basketball-reference.com/players/j/jonestr01.html,2021,2021-04-16,SAS,POR,,"L, 106-107",,,,,,,,,,,,,,,,,
Tre Jones,https://www.basketball-reference.com/players/j/jonestr01.html,2021,2021-04-17,SAS,PHO,@,"W, 111-85",,10:54,1,4,0,0,0,0,0,1,1,0,2,0,1,1,2
Tre Jones,https://www.basketball-reference.com/players/j/jonestr01.html,2021,2021-04-19,SAS,IND,@,"W, 109-94",,03:27,0,1,0,1,2,2,0,0,0,0,0,0,1,0,2
Tre Jones,https://www.basketball-reference.com/players/j/jonestr01.html,2021,2021-04-21,SAS,MIA,,"L, 87-107",,04:06,0,1,0,0,2,2,0,0,0,0,0,0,0,0,2
Tre Jones,https://www.basketball-reference.com/players/j/jonestr01.html,2021,2021-04-22,SAS,DET,,"W, 106-91",,19:23,2,2,1,1,0,0,0,1,1,5,0,0,0,2,5
Tre Jones,https://www.basketball-reference.com/players/j/jonestr01.html,2021,2021-04-24,SAS,NOP,@,"W, 110-108",,,,,,,,,,,,,,,,,
Tre Jones,https://www.basketball-reference.com/players/j/jonestr01.html,2021,2021-04-26,SAS,WAS,@,"W, 146-143 (OT)",,,,,,,,,,,,,,,,,
Tre Jones,https://www.basketball-reference.com/players/j/jonestr01.html,2021,2021-04-28,SAS,MIA,@,"L, 111-116",,,,,,,,,,,,,,,,,
Tre Jones,https://www.basketball-reference.com/players/j/jonestr01.html,2021,2021-04-30,SAS,BOS,@,"L, 140-143 (OT)",,,,,,,,,,,,,,,,,
Tre Jones,https://www.basketball-reference.com/players/j/jonestr01.html,2021,2021-05-02,SAS,PHI,,"L, 111-113 (OT)",,21:40,2,6,0,0,0,0,0,2,2,3,0,0,0,2,4
Tre Jones,https://www.basketball-reference.com/players/j/jonestr01.html,2021,2021-05-03,SAS,UTA,@,"L, 99-110",,02:02,0,0,0,0,0,0,0,0,0,0,0,0,0,0,0
Tre Jones,https://www.basketball-reference.com/players/j/jonestr01.html,2021,2021-05-05,SAS,UTA,@,"L, 94-126",,23:46,5,8,1,1,0,0,1,1,2,3,0,0,0,1,11
Tre Jones,https://www.basketball-reference.com/players/j/jonestr01.html,2021,2021-05-07,SAS,SAC,@,"W, 113-104",,,,,,,,,,,,,,,,,
Tre Jones,https://www.basketball-reference.com/players/j/jonestr01.html,2021,2021-05-08,SAS,POR,@,"L, 102-124",,06:09,1,3,0,0,0,0,1,0,1,0,1,0,0,0,2
Tre Jones,https://www.basketball-reference.com/players/j/jonestr01.html,2021,2021-05-10,SAS,MIL,,"W, 146-125",,04:13,0,0,0,0,0,0,0,0,0,1,0,0,0,0,0
Tre Jones,https://www.basketball-reference.com/players/j/jonestr01.html,2021,2021-05-12,SAS,BRK,@,"L, 116-128",,08:18,1,2,0,0,2,2,1,0,1,1,0,0,0,0,4
Tre Jones,https://www.basketball-reference.com/players/j/jonestr01.html,2021,2021-05-13,SAS,NYK,@,"L, 98-102",,,,,,,,,,,,,,,,,
Tre Jones,https://www.basketball-reference.com/players/j/jonestr01.html,2021,2021-05-15,SAS,PHO,,"L, 103-140",,28:36,3,6,0,0,3,4,0,2,2,5,0,0,1,1,9
Tre Jones,https://www.basketball-reference.com/players/j/jonestr01.html,2021,2021-05-16,SAS,PHO,,"L, 121-123",,18:08,3,5,0,1,3,4,0,0,0,7,1,0,0,1,9
Devin Vassell,https://www.basketball-reference.com/players/v/vassede01.html,2021,2020-12-23,SAS,MEM,@,"W, 131-119",,19:40,1,4,1,2,0,0,1,2,3,0,0,1,0,1,3
Devin Vassell,https://www.basketball-reference.com/players/v/vassede01.html,2021,2020-12-26,SAS,TOR,,"W, 119-114",,11:53,3,5,1,1,0,0,0,5,5,1,1,1,2,3,7
Devin Vassell,https://www.basketball-reference.com/players/v/vassede01.html,2021,2020-12-27,SAS,NOP,@,"L, 95-98",,12:09,0,4,0,2,0,0,0,2,2,1,0,0,0,1,0
Devin Vassell,https://www.basketball-reference.com/players/v/vassede01.html,2021,2020-12-30,SAS,LAL,,"L, 107-121",,13:04,1,3,1,2,0,0,0,2,2,0,1,0,0,0,3
Devin Vassell,https://www.basketball-reference.com/players/v/vassede01.html,2021,,,,,,,,,,,,,,,,,,,,,,
Devin Vassell,https://www.basketball-reference.com/players/v/vassede01.html,2021,2021-01-01,SAS,LAL,,"L, 103-109",,,,,,,,,,,,,,,,,
Devin Vassell,https://www.basketball-reference.com/players/v/vassede01.html,2021,2021-01-03,SAS,UTA,,"L, 109-130",,22:51,2,5,0,0,0,0,0,3,3,3,3,0,1,0,4
Devin Vassell,https://www.basketball-reference.com/players/v/vassede01.html,2021,2021-01-05,SAS,LAC,@,"W, 116-113",,16:31,4,5,3,4,1,1,0,2,2,0,1,0,0,2,12
Devin Vassell,https://www.basketball-reference.com/players/v/vassede01.html,2021,2021-01-07,SAS,LAL,@,"W, 118-109",,14:21,2,4,2,4,0,0,0,1,1,2,1,1,0,1,6
Devin Vassell,https://www.basketball-reference.com/players/v/vassede01.html,2021,2021-01-09,SAS,MIN,@,"W, 125-122 (OT)",,14:33,0,3,0,2,0,0,2,2,4,3,1,0,0,1,0
Devin Vassell,https://www.basketball-reference.com/players/v/vassede01.html,2021,2021-01-10,SAS,MIN,@,"L, 88-96",,09:47,0,2,0,0,0,0,0,2,2,0,1,0,0,0,0
Devin Vassell,https://www.basketball-reference.com/players/v/vassede01.html,2021,2021-01-12,SAS,OKC,@,"W, 112-102",,21:38,0,5,0,2,2,2,2,5,7,2,1,0,0,1,2
Devin Vassell,https://www.basketball-reference.com/players/v/vassede01.html,2021,2021-01-14,SAS,HOU,,"L, 105-109",,22:56,4,6,1,3,3,3,0,3,3,1,3,0,0,2,12
Devin Vassell,https://www.basketball-reference.com/players/v/vassede01.html,2021,2021-01-16,SAS,HOU,,"W, 103-91",,19:43,3,7,0,3,3,3,2,5,7,0,2,0,0,1,9
Devin Vassell,https://www.basketball-reference.com/players/v/vassede01.html,2021,2021-01-18,SAS,POR,@,"W, 125-104",,26:22,2,7,2,5,0,0,2,5,7,4,2,1,0,2,6
Devin Vassell,https://www.basketball-reference.com/players/v/vassede01.html,2021,2021-01-20,SAS,GSW,@,"L, 99-121",,26:54,2,8,1,4,3,4,2,1,3,2,2,1,0,3,8
Devin Vassell,https://www.basketball-reference.com/players/v/vassede01.html,2021,2021-01-22,SAS,DAL,,"L, 117-122",,20:53,1,2,1,1,2,2,0,3,3,2,1,0,0,1,5
Devin Vassell,https://www.basketball-reference.com/players/v/vassede01.html,2021,2021-01-24,SAS,WAS,,"W, 121-101",,24:03,5,11,4,6,0,0,0,4,4,1,2,1,0,0,14
Devin Vassell,https://www.basketball-reference.com/players/v/vassede01.html,2021,2021-01-27,SAS,BOS,,"W, 110-106",,15:07,1,5,1,4,0,0,1,2,3,0,0,0,3,1,3
Devin Vassell,https://www.basketball-reference.com/players/v/vassede01.html,2021,2021-01-29,SAS,DEN,,"W, 119-109",,17:39,3,4,1,2,2,3,0,2,2,0,1,0,0,1,9
Devin Vassell,https://www.basketball-reference.com/players/v/vassede01.html,2021,2021-01-30,SAS,MEM,,"L, 112-129",,09:31,1,2,0,1,0,0,0,2,2,0,0,0,0,0,2
Devin Vassell,https://www.basketball-reference.com/players/v/vassede01.html,2021,2021-02-01,SAS,MEM,,"L, 102-133",,11:44,1,4,1,2,0,0,0,2,2,1,0,0,1,1,3
Devin Vassell,https://www.basketball-reference.com/players/v/vassede01.html,2021,2021-02-03,SAS,MIN,,"W, 111-108",,19:44,3,6,0,1,1,1,1,3,4,1,1,0,1,2,7
Devin Vassell,https://www.basketball-reference.com/players/v/vassede01.html,2021,2021-02-06,SAS,HOU,@,"W, 111-106",,15:28,4,7,1,3,0,0,1,1,2,1,3,1,2,4,9
Devin Vassell,https://www.basketball-reference.com/players/v/vassede01.html,2021,2021-02-08,SAS,GSW,,"W, 105-100",,20:53,4,4,2,2,0,0,0,2,2,0,1,0,1,2,10
Devin Vassell,https://www.basketball-reference.com/players/v/vassede01.html,2021,2021-02-09,SAS,GSW,,"L, 91-114",,24:17,2,7,1,3,1,2,1,5,6,0,0,1,1,1,6
Devin Vassell,https://www.basketball-reference.com/players/v/vassede01.html,2021,2021-02-12,SAS,ATL,@,"W, 125-114",,12:16,1,5,1,3,0,0,1,0,1,2,0,1,0,0,3
Devin Vassell,https://www.basketball-reference.com/players/v/vassede01.html,2021,2021-02-14,SAS,CHO,@,"W, 122-110",,07:00,0,1,0,1,0,0,0,1,1,1,1,0,0,1,0
Devin Vassell,https://www.basketball-reference.com/players/v/vassede01.html,2021,2021-02-24,SAS,OKC,@,"L, 99-102",,,,,,,,,,,,,,,,,
Devin Vassell,https://www.basketball-reference.com/players/v/vassede01.html,2021,2021-02-27,SAS,NOP,,"W, 117-114",,,,,,,,,,,,,,,,,
Devin Vassell,https://www.basketball-reference.com/players/v/vassede01.html,2021,2021-03-01,SAS,BRK,,"L, 113-124 (OT)",,,,,,,,,,,,,,,,,
Devin Vassell,https://www.basketball-reference.com/players/v/vassede01.html,2021,2021-03-02,SAS,NYK,,"W, 119-93",,,,,,,,,,,,,,,,,
Devin Vassell,https://www.basketball-reference.com/players/v/vassede01.html,2021,2021-03-04,SAS,OKC,,"L, 102-107",,,,,,,,,,,,,,,,,
Devin Vassell,https://www.basketball-reference.com/players/v/vassede01.html,2021,2021-03-10,SAS,DAL,@,"L, 104-115",,,,,,,,,,,,,,,,,
Devin Vassell,https://www.basketball-reference.com/players/v/vassede01.html,2021,2021-03-12,SAS,ORL,,"W, 104-77",,17:55,3,6,2,4,0,0,0,3,3,2,0,0,0,4,8
Devin Vassell,https://www.basketball-reference.com/players/v/vassede01.html,2021,2021-03-14,SAS,PHI,@,"L, 99-134",,11:47,0,1,0,0,0,0,1,0,1,0,1,0,0,1,0
Devin Vassell,https://www.basketball-reference.com/players/v/vassede01.html,2021,2021-03-15,SAS,DET,@,"W, 109-99",,21:19,5,7,3,4,0,0,0,3,3,3,0,0,1,5,13
Devin Vassell,https://www.basketball-reference.com/players/v/vassede01.html,2021,2021-03-17,SAS,CHI,@,"W, 106-99",,20:38,1,3,1,3,1,2,0,6,6,2,1,0,0,1,4
Devin Vassell,https://www.basketball-reference.com/players/v/vassede01.html,2021,2021-03-19,SAS,CLE,@,"W, 116-110",,11:45,0,1,0,1,0,0,0,2,2,0,1,0,2,0,0
Devin Vassell,https://www.basketball-reference.com/players/v/vassede01.html,2021,2021-03-20,SAS,MIL,@,"L, 113-120",,24:04,3,6,1,3,0,0,0,2,2,0,0,0,0,3,7
Devin Vassell,https://www.basketball-reference.com/players/v/vassede01.html,2021,2021-03-22,SAS,CHO,,"L, 97-100",,10:07,0,2,0,1,2,2,0,4,4,1,0,0,0,1,2
Devin Vassell,https://www.basketball-reference.com/players/v/vassede01.html,2021,2021-03-24,SAS,LAC,,"L, 101-134",,21:31,2,4,1,1,3,3,0,2,2,1,0,1,0,3,8
Devin Vassell,https://www.basketball-reference.com/players/v/vassede01.html,2021,2021-03-25,SAS,LAC,,"L, 85-98",,21:03,2,4,1,2,2,2,0,4,4,0,0,0,0,0,7
Devin Vassell,https://www.basketball-reference.com/players/v/vassede01.html,2021,2021-03-27,SAS,CHI,,"W, 120-104",,06:29,1,1,0,0,0,0,0,0,0,0,0,1,0,0,2
Devin Vassell,https://www.basketball-reference.com/players/v/vassede01.html,2021,2021-03-29,SAS,SAC,,"L, 115-132",,15:21,1,4,1,3,0,0,0,3,3,0,1,0,0,1,3
Devin Vassell,https://www.basketball-reference.com/players/v/vassede01.html,2021,2021-03-31,SAS,SAC,,"W, 120-106",,15:49,1,2,0,1,0,0,0,2,2,0,1,0,1,2,2
Devin Vassell,https://www.basketball-reference.com/players/v/vassede01.html,2021,2021-04-01,SAS,ATL,,"L, 129-134 (2OT)",,11:33,2,6,1,3,1,1,0,1,1,0,1,1,0,3,6
Devin Vassell,https://www.basketball-reference.com/players/v/vassede01.html,2021,2021-04-03,SAS,IND,,"L, 133-139 (OT)",,18:57,1,5,1,3,0,0,0,3,3,0,1,0,1,1,3
Devin Vassell,https://www.basketball-reference.com/players/v/vassede01.html,2021,2021-04-05,SAS,CLE,,"L, 101-125",,17:27,3,8,0,2,0,0,0,0,0,2,0,0,0,1,6
Devin Vassell,https://www.basketball-reference.com/players/v/vassede01.html,2021,2021-04-07,SAS,DEN,@,"L, 96-106",,15:53,1,3,1,1,0,0,0,1,1,0,1,0,0,1,3
Devin Vassell,https://www.basketball-reference.com/players/v/vassede01.html,2021,2021-04-09,SAS,DEN,@,"L, 119-121",,03:37,0,1,0,1,0,0,1,0,1,1,0,0,0,1,0
Devin Vassell,https://www.basketball-reference.com/players/v/vassede01.html,2021,2021-04-11,SAS,DAL,@,"W, 119-117",,,,,,,,,,,,,,,,,
Devin Vassell,https://www.basketball-reference.com/players/v/vassede01.html,2021,2021-04-12,SAS,ORL,@,"W, 120-97",,10:26,1,4,0,1,2,2,0,0,0,0,0,0,0,2,4
Devin Vassell,https://www.basketball-reference.com/players/v/vassede01.html,2021,2021-04-14,SAS,TOR,@,"L, 112-117",,,,,,,,,,,,,,,,,
Devin Vassell,https://www.basketball-reference.com/players/v/vassede01.html,2021,2021-04-16,SAS,POR,,"L, 106-107",,,,,,,,,,,,,,,,,
Devin Vassell,https://www.basketball-reference.com/players/v/vassede01.html,2021,2021-04-17,SAS,PHO,@,"W, 111-85",,24:54,7,9,4,6,0,0,0,3,3,2,0,2,1,2,18
Devin Vassell,https://www.basketball-reference.com/players/v/vassede01.html,2021,2021-04-19,SAS,IND,@,"W, 109-94",,03:36,1,2,0,1,0,0,0,1,1,0,0,0,0,0,2
Devin Vassell,https://www.basketball-reference.com/players/v/vassede01.html,2021,2021-04-21,SAS,MIA,,"L, 87-107",,04:06,0,2,0,1,0,0,0,0,0,1,0,0,0,0,0
Devin Vassell,https://www.basketball-reference.com/players/v/vassede01.html,2021,2021-04-22,SAS,DET,,"W, 106-91",,23:40,1,5,0,2,0,0,1,1,2,1,2,0,0,2,2
Devin Vassell,https://www.basketball-reference.com/players/v/vassede01.html,2021,2021-04-24,SAS,NOP,@,"W, 110-108",,05:53,1,2,1,2,0,0,0,1,1,0,0,0,0,2,3
Devin Vassell,https://www.basketball-reference.com/players/v/vassede01.html,2021,2021-04-26,SAS,WAS,@,"W, 146-143 (OT)",,00:28,0,0,0,0,0,0,0,0,0,0,0,0,0,0,0
Devin Vassell,https://www.basketball-reference.com/players/v/vassede01.html,2021,2021-04-28,SAS,MIA,@,"L, 111-116",,25:06,4,10,2,6,1,3,0,2,2,1,0,1,0,0,11
Devin Vassell,https://www.basketball-reference.com/players/v/vassede01.html,2021,2021-04-30,SAS,BOS,@,"L, 140-143 (OT)",,15:28,0,4,0,2,2,2,0,2,2,1,0,0,0,5,2
Devin Vassell,https://www.basketball-reference.com/players/v/vassede01.html,2021,2021-05-02,SAS,PHI,,"L, 111-113 (OT)",,22:44,1,6,0,3,2,2,0,6,6,0,0,0,0,0,4
Devin Vassell,https://www.basketball-reference.com/players/v/vassede01.html,2021,2021-05-03,SAS,UTA,@,"L, 99-110",,24:23,4,8,1,2,2,2,2,4,6,0,1,0,0,1,11
Devin Vassell,https://www.basketball-reference.com/players/v/vassede01.html,2021,2021-05-05,SAS,UTA,@,"L, 94-126",,30:36,6,10,1,3,1,2,1,3,4,2,0,1,0,0,14
Devin Vassell,https://www.basketball-reference.com/players/v/vassede01.html,2021,2021-05-07,SAS,SAC,@,"W, 113-104",,15:09,2,5,1,4,0,0,0,2,2,0,2,0,1,1,5
Devin Vassell,https://www.basketball-reference.com/players/v/vassede01.html,2021,2021-05-08,SAS,POR,@,"L, 102-124",,21:09,4,5,1,2,0,0,1,6,7,0,0,0,0,3,9
Devin Vassell,https://www.basketball-reference.com/players/v/vassede01.html,2021,2021-05-10,SAS,MIL,,"W, 146-125",,18:30,4,6,2,3,0,0,0,3,3,2,0,0,1,1,10
Devin Vassell,https://www.basketball-reference.com/players/v/vassede01.html,2021,2021-05-12,SAS,BRK,@,"L, 116-128",,20:36,2,9,0,6,4,5,0,2,2,0,0,0,0,3,8
Devin Vassell,https://www.basketball-reference.com/players/v/vassede01.html,2021,2021-05-13,SAS,NYK,@,"L, 98-102",,13:21,1,2,0,1,0,0,0,3,3,0,0,0,0,0,2
Devin Vassell,https://www.basketball-reference.com/players/v/vassede01.html,2021,2021-05-15,SAS,PHO,,"L, 103-140",,33:39,6,15,0,4,2,2,1,6,7,4,1,1,0,5,14
Devin Vassell,https://www.basketball-reference.com/players/v/vassede01.html,2021,2021-05-16,SAS,PHO,,"L, 121-123",,26:01,2,9,1,5,0,0,0,2,2,2,0,1,2,1,5
Malachi Flynn,https://www.basketball-reference.com/players/f/flynnma01.html,2021,2020-12-23,TOR,NOP,,"L, 99-113",,01:16,0,1,0,1,0,0,0,0,0,0,0,0,0,0,0
Malachi Flynn,https://www.basketball-reference.com/players/f/flynnma01.html,2021,2020-12-26,TOR,SAS,@,"L, 114-119",,,,,,,,,,,,,,,,,
Malachi Flynn,https://www.basketball-reference.com/players/f/flynnma01.html,2021,2020-12-29,TOR,PHI,@,"L, 93-100",,,,,,,,,,,,,,,,,
Malachi Flynn,https://www.basketball-reference.com/players/f/flynnma01.html,2021,2020-12-31,TOR,NYK,,"W, 100-83",,02:48,0,1,0,1,0,0,0,0,0,0,0,0,0,0,0
Malachi Flynn,https://www.basketball-reference.com/players/f/flynnma01.html,2021,,,,,,,,,,,,,,,,,,,,,,
Malachi Flynn,https://www.basketball-reference.com/players/f/flynnma01.html,2021,2021-01-02,TOR,NOP,@,"L, 116-120",,,,,,,,,,,,,,,,,
Malachi Flynn,https://www.basketball-reference.com/players/f/flynnma01.html,2021,2021-01-04,TOR,BOS,,"L, 114-126",,15:45,0,6,0,4,0,0,0,0,0,1,1,0,0,1,0
Malachi Flynn,https://www.basketball-reference.com/players/f/flynnma01.html,2021,2021-01-06,TOR,PHO,@,"L, 115-123",,03:47,0,3,0,1,0,0,0,0,0,0,0,0,0,0,0
Malachi Flynn,https://www.basketball-reference.com/players/f/flynnma01.html,2021,2021-01-08,TOR,SAC,@,"W, 144-123",,16:48,5,6,2,3,0,0,0,5,5,2,0,0,1,3,12
Malachi Flynn,https://www.basketball-reference.com/players/f/flynnma01.html,2021,2021-01-10,TOR,GSW,@,"L, 105-106",,12:34,0,3,0,1,0,0,0,1,1,3,0,0,0,1,0
Malachi Flynn,https://www.basketball-reference.com/players/f/flynnma01.html,2021,2021-01-11,TOR,POR,@,"L, 111-112",,,,,,,,,,,,,,,,,
Malachi Flynn,https://www.basketball-reference.com/players/f/flynnma01.html,2021,2021-01-14,TOR,CHO,,"W, 111-108",,06:28,1,2,1,2,0,0,0,0,0,1,1,0,0,1,3
Malachi Flynn,https://www.basketball-reference.com/players/f/flynnma01.html,2021,2021-01-16,TOR,CHO,,"W, 116-113",,18:12,2,7,1,3,0,0,0,1,1,3,1,0,1,1,5
Malachi Flynn,https://www.basketball-reference.com/players/f/flynnma01.html,2021,2021-01-18,TOR,DAL,,"W, 116-93",,02:04,0,0,0,0,0,0,0,0,0,1,0,0,0,0,0
Malachi Flynn,https://www.basketball-reference.com/players/f/flynnma01.html,2021,2021-01-20,TOR,MIA,,"L, 102-111",,,,,,,,,,,,,,,,,
Malachi Flynn,https://www.basketball-reference.com/players/f/flynnma01.html,2021,2021-01-22,TOR,MIA,,"W, 101-81",,14:08,1,5,1,4,0,0,0,1,1,3,0,0,1,2,3
Malachi Flynn,https://www.basketball-reference.com/players/f/flynnma01.html,2021,2021-01-24,TOR,IND,@,"W, 107-102",,07:17,1,3,0,2,0,2,0,0,0,2,1,0,0,1,2
Malachi Flynn,https://www.basketball-reference.com/players/f/flynnma01.html,2021,2021-01-25,TOR,IND,@,"L, 114-129",,,,,,,,,,,,,,,,,
Malachi Flynn,https://www.basketball-reference.com/players/f/flynnma01.html,2021,2021-01-27,TOR,MIL,,"L, 108-115",,,,,,,,,,,,,,,,,
Malachi Flynn,https://www.basketball-reference.com/players/f/flynnma01.html,2021,2021-01-29,TOR,SAC,,"L, 124-126",,,,,,,,,,,,,,,,,
Malachi Flynn,https://www.basketball-reference.com/players/f/flynnma01.html,2021,2021-01-31,TOR,ORL,,"W, 115-102",,02:02,1,1,0,0,2,2,0,0,0,0,0,0,1,0,4
Malachi Flynn,https://www.basketball-reference.com/players/f/flynnma01.html,2021,2021-02-02,TOR,ORL,@,"W, 123-108",,02:37,0,1,0,1,0,0,1,0,1,0,0,0,0,0,0
Malachi Flynn,https://www.basketball-reference.com/players/f/flynnma01.html,2021,2021-02-05,TOR,BRK,@,"W, 123-117",,,,,,,,,,,,,,,,,
Malachi Flynn,https://www.basketball-reference.com/players/f/flynnma01.html,2021,2021-02-06,TOR,ATL,@,"L, 121-132",,,,,,,,,,,,,,,,,
Malachi Flynn,https://www.basketball-reference.com/players/f/flynnma01.html,2021,2021-02-08,TOR,MEM,@,"W, 128-113",,,,,,,,,,,,,,,,,
Malachi Flynn,https://www.basketball-reference.com/players/f/flynnma01.html,2021,2021-02-10,TOR,WAS,@,"W, 137-115",,,,,,,,,,,,,,,,,
Malachi Flynn,https://www.basketball-reference.com/players/f/flynnma01.html,2021,2021-02-11,TOR,BOS,@,"L, 106-120",,,,,,,,,,,,,,,,,
Malachi Flynn,https://www.basketball-reference.com/players/f/flynnma01.html,2021,2021-02-14,TOR,MIN,,"L, 112-116",,,,,,,,,,,,,,,,,
Malachi Flynn,https://www.basketball-reference.com/players/f/flynnma01.html,2021,2021-02-16,TOR,MIL,@,"W, 124-113",,,,,,,,,,,,,,,,,
Malachi Flynn,https://www.basketball-reference.com/players/f/flynnma01.html,2021,2021-02-18,TOR,MIL,@,"W, 110-96",,04:39,0,0,0,0,0,0,0,0,0,0,0,0,0,1,0
Malachi Flynn,https://www.basketball-reference.com/players/f/flynnma01.html,2021,2021-02-19,TOR,MIN,@,"W, 86-81",,14:57,1,6,0,3,2,2,0,2,2,0,0,0,0,1,4
Malachi Flynn,https://www.basketball-reference.com/players/f/flynnma01.html,2021,2021-02-21,TOR,PHI,,"W, 110-103",,,,,,,,,,,,,,,,,
Malachi Flynn,https://www.basketball-reference.com/players/f/flynnma01.html,2021,2021-02-23,TOR,PHI,,"L, 102-109",,,,,,,,,,,,,,,,,
Malachi Flynn,https://www.basketball-reference.com/players/f/flynnma01.html,2021,2021-02-24,TOR,MIA,@,"L, 108-116",,,,,,,,,,,,,,,,,
Malachi Flynn,https://www.basketball-reference.com/players/f/flynnma01.html,2021,2021-02-26,TOR,HOU,,"W, 122-111",,,,,,,,,,,,,,,,,
Malachi Flynn,https://www.basketball-reference.com/players/f/flynnma01.html,2021,2021-03-03,TOR,DET,,"L, 105-129",,,,,,,,,,,,,,,,,
Malachi Flynn,https://www.basketball-reference.com/players/f/flynnma01.html,2021,2021-03-04,TOR,BOS,@,"L, 125-132",,,,,,,,,,,,,,,,,
Malachi Flynn,https://www.basketball-reference.com/players/f/flynnma01.html,2021,2021-03-11,TOR,ATL,,"L, 120-121",,,,,,,,,,,,,,,,,
Malachi Flynn,https://www.basketball-reference.com/players/f/flynnma01.html,2021,2021-03-13,TOR,CHO,@,"L, 104-114",,,,,,,,,,,,,,,,,
Malachi Flynn,https://www.basketball-reference.com/players/f/flynnma01.html,2021,2021-03-14,TOR,CHI,@,"L, 95-118",,,,,,,,,,,,,,,,,
Malachi Flynn,https://www.basketball-reference.com/players/f/flynnma01.html,2021,2021-03-17,TOR,DET,@,"L, 112-116",,,,,,,,,,,,,,,,,
Malachi Flynn,https://www.basketball-reference.com/players/f/flynnma01.html,2021,2021-03-19,TOR,UTA,,"L, 112-115",,17:39,1,4,1,3,0,0,0,1,1,2,1,0,0,1,3
Malachi Flynn,https://www.basketball-reference.com/players/f/flynnma01.html,2021,2021-03-21,TOR,CLE,@,"L, 105-116",,12:22,2,3,0,0,0,0,0,0,0,2,0,0,0,1,4
Malachi Flynn,https://www.basketball-reference.com/players/f/flynnma01.html,2021,2021-03-22,TOR,HOU,@,"L, 99-117",,14:03,0,2,0,1,0,0,0,1,1,3,0,0,1,0,0
Malachi Flynn,https://www.basketball-reference.com/players/f/flynnma01.html,2021,2021-03-24,TOR,DEN,,"W, 135-111",,05:43,0,4,0,3,0,0,0,0,0,1,0,0,0,1,0
Malachi Flynn,https://www.basketball-reference.com/players/f/flynnma01.html,2021,2021-03-26,TOR,PHO,,"L, 100-104",,14:13,2,5,1,3,0,0,0,3,3,0,0,0,1,0,5
Malachi Flynn,https://www.basketball-reference.com/players/f/flynnma01.html,2021,2021-03-28,TOR,POR,,"L, 117-122",,10:29,0,2,0,2,0,0,0,1,1,2,0,0,0,0,0
Malachi Flynn,https://www.basketball-reference.com/players/f/flynnma01.html,2021,2021-03-29,TOR,DET,@,"L, 104-118",,18:21,2,4,0,0,1,2,0,4,4,2,0,0,2,0,5
Malachi Flynn,https://www.basketball-reference.com/players/f/flynnma01.html,2021,2021-03-31,TOR,OKC,@,"L, 103-113",,19:32,1,4,0,2,0,0,0,0,0,2,2,0,0,3,2
Malachi Flynn,https://www.basketball-reference.com/players/f/flynnma01.html,2021,2021-04-02,TOR,GSW,,"W, 130-77",,30:36,7,12,1,4,1,1,0,5,5,5,2,0,2,3,16
Malachi Flynn,https://www.basketball-reference.com/players/f/flynnma01.html,2021,2021-04-05,TOR,WAS,,"W, 103-101",,33:49,6,13,2,4,2,2,0,6,6,4,4,3,3,3,16
Malachi Flynn,https://www.basketball-reference.com/players/f/flynnma01.html,2021,2021-04-06,TOR,LAL,,"L, 101-110",,33:15,4,11,2,4,1,1,2,6,8,4,2,1,2,1,11
Malachi Flynn,https://www.basketball-reference.com/players/f/flynnma01.html,2021,2021-04-08,TOR,CHI,,"L, 113-122",,35:19,3,11,3,7,0,0,0,3,3,8,2,0,2,2,9
Malachi Flynn,https://www.basketball-reference.com/players/f/flynnma01.html,2021,2021-04-10,TOR,CLE,@,"W, 135-115",,39:11,8,14,2,3,2,3,0,2,2,11,2,0,3,3,20
Malachi Flynn,https://www.basketball-reference.com/players/f/flynnma01.html,2021,2021-04-11,TOR,NYK,@,"L, 96-102",,26:57,2,9,1,4,1,2,0,5,5,4,0,1,3,3,6
Malachi Flynn,https://www.basketball-reference.com/players/f/flynnma01.html,2021,2021-04-13,TOR,ATL,,"L, 103-108",,35:23,8,18,6,13,0,0,1,4,5,3,2,0,0,1,22
Malachi Flynn,https://www.basketball-reference.com/players/f/flynnma01.html,2021,2021-04-14,TOR,SAS,,"W, 117-112",,32:12,4,14,3,7,5,6,1,3,4,7,2,0,0,2,16
Malachi Flynn,https://www.basketball-reference.com/players/f/flynnma01.html,2021,2021-04-16,TOR,ORL,,"W, 113-102",,34:11,3,12,0,4,0,0,1,2,3,8,1,0,1,2,6
Malachi Flynn,https://www.basketball-reference.com/players/f/flynnma01.html,2021,2021-04-18,TOR,OKC,,"W, 112-106",,30:51,6,14,3,5,0,0,1,6,7,5,0,0,1,1,15
Malachi Flynn,https://www.basketball-reference.com/players/f/flynnma01.html,2021,2021-04-21,TOR,BRK,,"W, 114-103",,11:03,2,5,1,3,0,0,0,0,0,1,1,0,1,1,5
Malachi Flynn,https://www.basketball-reference.com/players/f/flynnma01.html,2021,2021-04-24,TOR,NYK,@,"L, 103-120",,05:31,0,0,0,0,2,3,0,0,0,0,0,0,1,0,2
Malachi Flynn,https://www.basketball-reference.com/players/f/flynnma01.html,2021,2021-04-26,TOR,CLE,,"W, 112-96",,24:07,4,6,2,4,8,8,1,4,5,5,2,0,1,2,18
Malachi Flynn,https://www.basketball-reference.com/players/f/flynnma01.html,2021,2021-04-27,TOR,BRK,,"L, 103-116",,20:33,4,8,1,5,4,4,0,2,2,3,1,0,0,2,13
Malachi Flynn,https://www.basketball-reference.com/players/f/flynnma01.html,2021,2021-04-29,TOR,DEN,@,"L, 111-121",,32:12,6,9,2,4,2,2,0,6,6,4,1,0,6,3,16
Malachi Flynn,https://www.basketball-reference.com/players/f/flynnma01.html,2021,2021-05-01,TOR,UTA,@,"L, 102-106",,36:29,4,11,2,5,0,0,0,5,5,6,1,0,1,5,10
Malachi Flynn,https://www.basketball-reference.com/players/f/flynnma01.html,2021,2021-05-02,TOR,LAL,@,"W, 121-114",,19:41,0,7,0,5,0,0,0,1,1,1,0,0,1,2,0
Malachi Flynn,https://www.basketball-reference.com/players/f/flynnma01.html,2021,2021-05-04,TOR,LAC,@,"L, 100-105",,13:15,0,3,0,1,1,2,0,2,2,1,0,0,1,1,1
Malachi Flynn,https://www.basketball-reference.com/players/f/flynnma01.html,2021,2021-05-06,TOR,WAS,,"L, 129-131 (OT)",,15:53,2,7,0,0,0,0,0,2,2,3,0,0,1,0,4
Malachi Flynn,https://www.basketball-reference.com/players/f/flynnma01.html,2021,2021-05-08,TOR,MEM,,"L, 99-109",,25:48,6,11,3,6,0,0,1,6,7,3,1,0,1,4,15
Malachi Flynn,https://www.basketball-reference.com/players/f/flynnma01.html,2021,2021-05-11,TOR,LAC,,"L, 96-115",,29:05,4,10,3,9,0,0,0,3,3,4,2,1,0,2,11
Malachi Flynn,https://www.basketball-reference.com/players/f/flynnma01.html,2021,2021-05-13,TOR,CHI,@,"L, 102-114",,41:27,5,19,2,10,4,6,0,4,4,7,1,0,2,3,16
Malachi Flynn,https://www.basketball-reference.com/players/f/flynnma01.html,2021,2021-05-14,TOR,DAL,@,"L, 110-114",,37:22,11,21,3,8,1,2,1,5,6,5,2,0,0,2,26
Malachi Flynn,https://www.basketball-reference.com/players/f/flynnma01.html,2021,2021-05-16,TOR,IND,,"L, 113-125",,45:37,8,22,5,13,6,6,0,4,4,5,2,1,2,2,27
Freddie Gillespie,https://www.basketball-reference.com/players/g/gillefr01.html,2021,2021-04-10,TOR,CLE,@,"W, 135-115",,18:16,3,4,0,0,0,0,2,2,4,1,3,1,1,0,6
Freddie Gillespie,https://www.basketball-reference.com/players/g/gillefr01.html,2021,2021-04-11,TOR,NYK,@,"L, 96-102",,08:50,0,1,0,0,0,0,0,1,1,0,0,0,0,1,0
Freddie Gillespie,https://www.basketball-reference.com/players/g/gillefr01.html,2021,2021-04-13,TOR,ATL,,"L, 103-108",,11:48,2,3,0,0,0,0,0,1,1,0,0,1,0,3,4
Freddie Gillespie,https://www.basketball-reference.com/players/g/gillefr01.html,2021,2021-04-14,TOR,SAS,,"W, 117-112",,18:55,3,5,0,0,3,4,5,3,8,1,0,2,1,2,9
Freddie Gillespie,https://www.basketball-reference.com/players/g/gillefr01.html,2021,2021-04-16,TOR,ORL,,"W, 113-102",,21:47,5,8,0,0,0,0,1,6,7,0,0,0,1,4,10
Freddie Gillespie,https://www.basketball-reference.com/players/g/gillefr01.html,2021,2021-04-18,TOR,OKC,,"W, 112-106",,19:02,4,4,0,0,2,2,2,0,2,1,0,1,0,1,10
Freddie Gillespie,https://www.basketball-reference.com/players/g/gillefr01.html,2021,2021-04-21,TOR,BRK,,"W, 114-103",,23:38,1,4,0,0,2,2,2,3,5,1,1,5,0,3,4
Freddie Gillespie,https://www.basketball-reference.com/players/g/gillefr01.html,2021,2021-04-24,TOR,NYK,@,"L, 103-120",,12:39,1,2,0,0,0,0,1,0,1,1,0,0,1,1,2
Freddie Gillespie,https://www.basketball-reference.com/players/g/gillefr01.html,2021,2021-04-26,TOR,CLE,,"W, 112-96",,13:39,1,2,0,0,4,4,1,1,2,0,0,0,2,5,6
Freddie Gillespie,https://www.basketball-reference.com/players/g/gillefr01.html,2021,2021-04-27,TOR,BRK,,"L, 103-116",,11:44,1,2,0,0,0,0,2,3,5,0,0,0,0,3,2
Freddie Gillespie,https://www.basketball-reference.com/players/g/gillefr01.html,2021,2021-04-29,TOR,DEN,@,"L, 111-121",,12:02,1,1,0,0,2,2,0,2,2,0,0,1,0,0,4
Freddie Gillespie,https://www.basketball-reference.com/players/g/gillefr01.html,2021,,,,,,,,,,,,,,,,,,,,,,
Freddie Gillespie,https://www.basketball-reference.com/players/g/gillefr01.html,2021,2021-05-01,TOR,UTA,@,"L, 102-106",,12:41,2,4,0,0,0,2,1,3,4,0,1,1,0,0,4
Freddie Gillespie,https://www.basketball-reference.com/players/g/gillefr01.html,2021,2021-05-02,TOR,LAL,@,"W, 121-114",,19:58,5,11,0,0,1,2,5,2,7,0,1,0,0,4,11
Freddie Gillespie,https://www.basketball-reference.com/players/g/gillefr01.html,2021,2021-05-04,TOR,LAC,@,"L, 100-105",,15:09,3,4,0,0,1,2,2,2,4,1,1,1,0,1,7
Freddie Gillespie,https://www.basketball-reference.com/players/g/gillefr01.html,2021,2021-05-06,TOR,WAS,,"L, 129-131 (OT)",,16:54,1,4,0,0,1,2,4,3,7,0,1,1,1,2,3
Freddie Gillespie,https://www.basketball-reference.com/players/g/gillefr01.html,2021,2021-05-08,TOR,MEM,,"L, 99-109",,21:48,2,4,0,0,2,2,2,6,8,0,0,1,1,3,6
Freddie Gillespie,https://www.basketball-reference.com/players/g/gillefr01.html,2021,2021-05-11,TOR,LAC,,"L, 96-115",,25:05,4,6,0,0,2,2,4,3,7,1,1,3,1,2,10
Freddie Gillespie,https://www.basketball-reference.com/players/g/gillefr01.html,2021,2021-05-13,TOR,CHI,@,"L, 102-114",,30:50,1,4,0,0,0,1,2,3,5,0,3,0,1,3,2
Freddie Gillespie,https://www.basketball-reference.com/players/g/gillefr01.html,2021,2021-05-14,TOR,DAL,@,"L, 110-114",,36:00,1,2,0,0,2,2,1,6,7,1,1,1,2,3,4
Freddie Gillespie,https://www.basketball-reference.com/players/g/gillefr01.html,2021,2021-05-16,TOR,IND,,"L, 113-125",,41:09,3,9,0,0,1,4,5,5,10,1,0,1,0,2,7
Jalen Harris,https://www.basketball-reference.com/players/h/harrija01.html,2021,2020-12-23,TOR,NOP,,"L, 99-113",,,,,,,,,,,,,,,,,
Jalen Harris,https://www.basketball-reference.com/players/h/harrija01.html,2021,2020-12-26,TOR,SAS,@,"L, 114-119",,,,,,,,,,,,,,,,,
Jalen Harris,https://www.basketball-reference.com/players/h/harrija01.html,2021,2020-12-29,TOR,PHI,@,"L, 93-100",,,,,,,,,,,,,,,,,
Jalen Harris,https://www.basketball-reference.com/players/h/harrija01.html,2021,2020-12-31,TOR,NYK,,"W, 100-83",,,,,,,,,,,,,,,,,
Jalen Harris,https://www.basketball-reference.com/players/h/harrija01.html,2021,,,,,,,,,,,,,,,,,,,,,,
Jalen Harris,https://www.basketball-reference.com/players/h/harrija01.html,2021,2021-01-02,TOR,NOP,@,"L, 116-120",,,,,,,,,,,,,,,,,
Jalen Harris,https://www.basketball-reference.com/players/h/harrija01.html,2021,2021-01-04,TOR,BOS,,"L, 114-126",,,,,,,,,,,,,,,,,
Jalen Harris,https://www.basketball-reference.com/players/h/harrija01.html,2021,2021-01-06,TOR,PHO,@,"L, 115-123",,,,,,,,,,,,,,,,,
Jalen Harris,https://www.basketball-reference.com/players/h/harrija01.html,2021,2021-01-08,TOR,SAC,@,"W, 144-123",,02:17,0,0,0,0,0,0,0,0,0,0,0,0,0,1,0
Jalen Harris,https://www.basketball-reference.com/players/h/harrija01.html,2021,2021-01-10,TOR,GSW,@,"L, 105-106",,,,,,,,,,,,,,,,,
Jalen Harris,https://www.basketball-reference.com/players/h/harrija01.html,2021,2021-01-11,TOR,POR,@,"L, 111-112",,,,,,,,,,,,,,,,,
Jalen Harris,https://www.basketball-reference.com/players/h/harrija01.html,2021,2021-01-14,TOR,CHO,,"W, 111-108",,,,,,,,,,,,,,,,,
Jalen Harris,https://www.basketball-reference.com/players/h/harrija01.html,2021,2021-01-16,TOR,CHO,,"W, 116-113",,,,,,,,,,,,,,,,,
Jalen Harris,https://www.basketball-reference.com/players/h/harrija01.html,2021,2021-01-18,TOR,DAL,,"W, 116-93",,,,,,,,,,,,,,,,,
Jalen Harris,https://www.basketball-reference.com/players/h/harrija01.html,2021,2021-01-20,TOR,MIA,,"L, 102-111",,,,,,,,,,,,,,,,,
Jalen Harris,https://www.basketball-reference.com/players/h/harrija01.html,2021,2021-01-22,TOR,MIA,,"W, 101-81",,02:05,0,0,0,0,0,0,1,0,1,0,0,0,1,1,0
Jalen Harris,https://www.basketball-reference.com/players/h/harrija01.html,2021,2021-01-24,TOR,IND,@,"W, 107-102",,,,,,,,,,,,,,,,,
Jalen Harris,https://www.basketball-reference.com/players/h/harrija01.html,2021,2021-01-25,TOR,IND,@,"L, 114-129",,,,,,,,,,,,,,,,,
Jalen Harris,https://www.basketball-reference.com/players/h/harrija01.html,2021,2021-01-27,TOR,MIL,,"L, 108-115",,,,,,,,,,,,,,,,,
Jalen Harris,https://www.basketball-reference.com/players/h/harrija01.html,2021,2021-01-29,TOR,SAC,,"L, 124-126",,,,,,,,,,,,,,,,,
Jalen Harris,https://www.basketball-reference.com/players/h/harrija01.html,2021,2021-01-31,TOR,ORL,,"W, 115-102",,,,,,,,,,,,,,,,,
Jalen Harris,https://www.basketball-reference.com/players/h/harrija01.html,2021,2021-02-02,TOR,ORL,@,"W, 123-108",,,,,,,,,,,,,,,,,
Jalen Harris,https://www.basketball-reference.com/players/h/harrija01.html,2021,2021-02-05,TOR,BRK,@,"W, 123-117",,,,,,,,,,,,,,,,,
Jalen Harris,https://www.basketball-reference.com/players/h/harrija01.html,2021,2021-02-06,TOR,ATL,@,"L, 121-132",,,,,,,,,,,,,,,,,
Jalen Harris,https://www.basketball-reference.com/players/h/harrija01.html,2021,2021-02-08,TOR,MEM,@,"W, 128-113",,,,,,,,,,,,,,,,,
Jalen Harris,https://www.basketball-reference.com/players/h/harrija01.html,2021,2021-02-10,TOR,WAS,@,"W, 137-115",,,,,,,,,,,,,,,,,
Jalen Harris,https://www.basketball-reference.com/players/h/harrija01.html,2021,2021-02-11,TOR,BOS,@,"L, 106-120",,,,,,,,,,,,,,,,,
Jalen Harris,https://www.basketball-reference.com/players/h/harrija01.html,2021,2021-02-14,TOR,MIN,,"L, 112-116",,,,,,,,,,,,,,,,,
Jalen Harris,https://www.basketball-reference.com/players/h/harrija01.html,2021,2021-02-16,TOR,MIL,@,"W, 124-113",,,,,,,,,,,,,,,,,
Jalen Harris,https://www.basketball-reference.com/players/h/harrija01.html,2021,2021-02-18,TOR,MIL,@,"W, 110-96",,,,,,,,,,,,,,,,,
Jalen Harris,https://www.basketball-reference.com/players/h/harrija01.html,2021,2021-02-19,TOR,MIN,@,"W, 86-81",,,,,,,,,,,,,,,,,
Jalen Harris,https://www.basketball-reference.com/players/h/harrija01.html,2021,2021-02-21,TOR,PHI,,"W, 110-103",,,,,,,,,,,,,,,,,
Jalen Harris,https://www.basketball-reference.com/players/h/harrija01.html,2021,2021-02-23,TOR,PHI,,"L, 102-109",,,,,,,,,,,,,,,,,
Jalen Harris,https://www.basketball-reference.com/players/h/harrija01.html,2021,2021-02-24,TOR,MIA,@,"L, 108-116",,,,,,,,,,,,,,,,,
Jalen Harris,https://www.basketball-reference.com/players/h/harrija01.html,2021,2021-02-26,TOR,HOU,,"W, 122-111",,,,,,,,,,,,,,,,,
Jalen Harris,https://www.basketball-reference.com/players/h/harrija01.html,2021,2021-03-03,TOR,DET,,"L, 105-129",,,,,,,,,,,,,,,,,
Jalen Harris,https://www.basketball-reference.com/players/h/harrija01.html,2021,2021-03-04,TOR,BOS,@,"L, 125-132",,,,,,,,,,,,,,,,,
Jalen Harris,https://www.basketball-reference.com/players/h/harrija01.html,2021,2021-03-11,TOR,ATL,,"L, 120-121",,,,,,,,,,,,,,,,,
Jalen Harris,https://www.basketball-reference.com/players/h/harrija01.html,2021,2021-03-13,TOR,CHO,@,"L, 104-114",,05:04,1,2,1,1,0,0,0,1,1,1,1,0,0,0,3
Jalen Harris,https://www.basketball-reference.com/players/h/harrija01.html,2021,2021-03-14,TOR,CHI,@,"L, 95-118",,04:42,0,2,0,1,0,0,0,1,1,1,0,0,0,0,0
Jalen Harris,https://www.basketball-reference.com/players/h/harrija01.html,2021,2021-03-17,TOR,DET,@,"L, 112-116",,,,,,,,,,,,,,,,,
Jalen Harris,https://www.basketball-reference.com/players/h/harrija01.html,2021,2021-03-19,TOR,UTA,,"L, 112-115",,,,,,,,,,,,,,,,,
Jalen Harris,https://www.basketball-reference.com/players/h/harrija01.html,2021,2021-03-21,TOR,CLE,@,"L, 105-116",,,,,,,,,,,,,,,,,
Jalen Harris,https://www.basketball-reference.com/players/h/harrija01.html,2021,2021-03-22,TOR,HOU,@,"L, 99-117",,,,,,,,,,,,,,,,,
Jalen Harris,https://www.basketball-reference.com/players/h/harrija01.html,2021,2021-03-24,TOR,DEN,,"W, 135-111",,,,,,,,,,,,,,,,,
Jalen Harris,https://www.basketball-reference.com/players/h/harrija01.html,2021,2021-03-26,TOR,PHO,,"L, 100-104",,,,,,,,,,,,,,,,,
Jalen Harris,https://www.basketball-reference.com/players/h/harrija01.html,2021,2021-03-28,TOR,POR,,"L, 117-122",,,,,,,,,,,,,,,,,
Jalen Harris,https://www.basketball-reference.com/players/h/harrija01.html,2021,2021-03-29,TOR,DET,@,"L, 104-118",,,,,,,,,,,,,,,,,
Jalen Harris,https://www.basketball-reference.com/players/h/harrija01.html,2021,2021-03-31,TOR,OKC,@,"L, 103-113",,,,,,,,,,,,,,,,,
Jalen Harris,https://www.basketball-reference.com/players/h/harrija01.html,2021,2021-04-02,TOR,GSW,,"W, 130-77",,,,,,,,,,,,,,,,,
Jalen Harris,https://www.basketball-reference.com/players/h/harrija01.html,2021,2021-04-05,TOR,WAS,,"W, 103-101",,,,,,,,,,,,,,,,,
Jalen Harris,https://www.basketball-reference.com/players/h/harrija01.html,2021,2021-04-06,TOR,LAL,,"L, 101-110",,,,,,,,,,,,,,,,,
Jalen Harris,https://www.basketball-reference.com/players/h/harrija01.html,2021,2021-04-08,TOR,CHI,,"L, 113-122",,,,,,,,,,,,,,,,,
Jalen Harris,https://www.basketball-reference.com/players/h/harrija01.html,2021,2021-04-10,TOR,CLE,@,"W, 135-115",,,,,,,,,,,,,,,,,
Jalen Harris,https://www.basketball-reference.com/players/h/harrija01.html,2021,2021-04-11,TOR,NYK,@,"L, 96-102",,,,,,,,,,,,,,,,,
Jalen Harris,https://www.basketball-reference.com/players/h/harrija01.html,2021,2021-04-13,TOR,ATL,,"L, 103-108",,,,,,,,,,,,,,,,,
Jalen Harris,https://www.basketball-reference.com/players/h/harrija01.html,2021,2021-04-14,TOR,SAS,,"W, 117-112",,,,,,,,,,,,,,,,,
Jalen Harris,https://www.basketball-reference.com/players/h/harrija01.html,2021,2021-04-16,TOR,ORL,,"W, 113-102",,,,,,,,,,,,,,,,,
Jalen Harris,https://www.basketball-reference.com/players/h/harrija01.html,2021,2021-04-18,TOR,OKC,,"W, 112-106",,,,,,,,,,,,,,,,,
Jalen Harris,https://www.basketball-reference.com/players/h/harrija01.html,2021,2021-04-21,TOR,BRK,,"W, 114-103",,,,,,,,,,,,,,,,,
Jalen Harris,https://www.basketball-reference.com/players/h/harrija01.html,2021,2021-04-24,TOR,NYK,@,"L, 103-120",,,,,,,,,,,,,,,,,
Jalen Harris,https://www.basketball-reference.com/players/h/harrija01.html,2021,2021-04-26,TOR,CLE,,"W, 112-96",,,,,,,,,,,,,,,,,
Jalen Harris,https://www.basketball-reference.com/players/h/harrija01.html,2021,2021-04-27,TOR,BRK,,"L, 103-116",,,,,,,,,,,,,,,,,
Jalen Harris,https://www.basketball-reference.com/players/h/harrija01.html,2021,2021-04-29,TOR,DEN,@,"L, 111-121",,05:00,0,1,0,0,0,0,1,1,2,1,0,0,1,0,0
Jalen Harris,https://www.basketball-reference.com/players/h/harrija01.html,2021,2021-05-01,TOR,UTA,@,"L, 102-106",,03:45,1,1,1,1,0,0,0,0,0,0,1,0,0,3,3
Jalen Harris,https://www.basketball-reference.com/players/h/harrija01.html,2021,2021-05-02,TOR,LAL,@,"W, 121-114",,09:04,1,5,1,2,0,0,0,0,0,1,1,0,0,0,3
Jalen Harris,https://www.basketball-reference.com/players/h/harrija01.html,2021,2021-05-04,TOR,LAC,@,"L, 100-105",,13:18,4,4,3,3,0,0,0,1,1,1,0,0,1,0,11
Jalen Harris,https://www.basketball-reference.com/players/h/harrija01.html,2021,2021-05-06,TOR,WAS,,"L, 129-131 (OT)",,08:28,1,3,0,1,0,0,0,0,0,0,0,0,0,1,2
Jalen Harris,https://www.basketball-reference.com/players/h/harrija01.html,2021,2021-05-08,TOR,MEM,,"L, 99-109",,29:27,5,12,2,6,4,4,1,5,6,4,1,0,1,3,16
Jalen Harris,https://www.basketball-reference.com/players/h/harrija01.html,2021,2021-05-11,TOR,LAC,,"L, 96-115",,25:20,4,9,1,3,1,2,0,3,3,4,2,0,5,2,10
Jalen Harris,https://www.basketball-reference.com/players/h/harrija01.html,2021,2021-05-13,TOR,CHI,@,"L, 102-114",,27:08,7,12,3,6,0,0,0,1,1,0,1,0,3,3,17
Jalen Harris,https://www.basketball-reference.com/players/h/harrija01.html,2021,2021-05-14,TOR,DAL,@,"L, 110-114",,36:29,12,21,5,12,2,3,0,2,2,4,1,0,2,1,31
Jalen Harris,https://www.basketball-reference.com/players/h/harrija01.html,2021,2021-05-16,TOR,IND,,"L, 113-125",,,,,,,,,,,,,,,,,
Udoka Azubuike,https://www.basketball-reference.com/players/a/azubuud01.html,2021,2020-12-23,UTA,POR,@,"W, 120-100",,03:35,1,1,0,0,0,0,1,0,1,0,0,0,0,0,2
Udoka Azubuike,https://www.basketball-reference.com/players/a/azubuud01.html,2021,2020-12-26,UTA,MIN,,"L, 111-116",,,,,,,,,,,,,,,,,
Udoka Azubuike,https://www.basketball-reference.com/players/a/azubuud01.html,2021,2020-12-28,UTA,OKC,@,"W, 110-109",,,,,,,,,,,,,,,,,
Udoka Azubuike,https://www.basketball-reference.com/players/a/azubuud01.html,2021,2020-12-31,UTA,PHO,,"L, 95-106",,,,,,,,,,,,,,,,,
Udoka Azubuike,https://www.basketball-reference.com/players/a/azubuud01.html,2021,,,,,,,,,,,,,,,,,,,,,,
Udoka Azubuike,https://www.basketball-reference.com/players/a/azubuud01.html,2021,2021-01-01,UTA,LAC,,"W, 106-100",,,,,,,,,,,,,,,,,
Udoka Azubuike,https://www.basketball-reference.com/players/a/azubuud01.html,2021,2021-01-03,UTA,SAS,@,"W, 130-109",,05:35,1,2,0,0,0,0,0,0,0,0,0,1,0,1,2
Udoka Azubuike,https://www.basketball-reference.com/players/a/azubuud01.html,2021,2021-01-05,UTA,BRK,@,"L, 96-130",,07:34,0,0,0,0,2,4,0,2,2,0,1,0,0,1,2
Udoka Azubuike,https://www.basketball-reference.com/players/a/azubuud01.html,2021,2021-01-06,UTA,NYK,@,"L, 100-112",,,,,,,,,,,,,,,,,
Udoka Azubuike,https://www.basketball-reference.com/players/a/azubuud01.html,2021,2021-01-08,UTA,MIL,@,"W, 131-118",,01:15,1,1,0,0,0,0,0,0,0,0,0,0,0,0,2
Udoka Azubuike,https://www.basketball-reference.com/players/a/azubuud01.html,2021,2021-01-10,UTA,DET,@,"W, 96-86",,,,,,,,,,,,,,,,,
Udoka Azubuike,https://www.basketball-reference.com/players/a/azubuud01.html,2021,2021-01-12,UTA,CLE,@,"W, 117-87",,05:39,0,0,0,0,0,0,0,2,2,0,0,0,0,0,0
Udoka Azubuike,https://www.basketball-reference.com/players/a/azubuud01.html,2021,2021-01-15,UTA,ATL,,"W, 116-92",,06:36,0,1,0,0,0,0,1,0,1,0,0,0,2,2,0
Udoka Azubuike,https://www.basketball-reference.com/players/a/azubuud01.html,2021,2021-01-17,UTA,DEN,@,"W, 109-105",,,,,,,,,,,,,,,,,
Udoka Azubuike,https://www.basketball-reference.com/players/a/azubuud01.html,2021,2021-01-19,UTA,NOP,,"W, 118-102",,01:49,0,0,0,0,0,0,0,1,1,0,0,1,0,0,0
Udoka Azubuike,https://www.basketball-reference.com/players/a/azubuud01.html,2021,2021-01-21,UTA,NOP,,"W, 129-118",,01:59,0,0,0,0,0,0,0,0,0,0,0,0,0,0,0
Udoka Azubuike,https://www.basketball-reference.com/players/a/azubuud01.html,2021,2021-01-23,UTA,GSW,,"W, 127-108",,09:37,1,2,0,0,2,2,2,2,4,0,0,1,1,3,4
Udoka Azubuike,https://www.basketball-reference.com/players/a/azubuud01.html,2021,2021-01-26,UTA,NYK,,"W, 108-94",,01:04,0,0,0,0,0,0,0,0,0,0,0,0,0,0,0
Udoka Azubuike,https://www.basketball-reference.com/players/a/azubuud01.html,2021,2021-01-27,UTA,DAL,,"W, 116-104",,01:34,0,0,0,0,0,0,0,0,0,0,0,1,0,0,0
Udoka Azubuike,https://www.basketball-reference.com/players/a/azubuud01.html,2021,2021-01-29,UTA,DAL,,"W, 120-101",,02:43,0,0,0,0,0,0,0,2,2,0,0,0,0,1,0
Udoka Azubuike,https://www.basketball-reference.com/players/a/azubuud01.html,2021,2021-01-31,UTA,DEN,@,"L, 117-128",,,,,,,,,,,,,,,,,
Udoka Azubuike,https://www.basketball-reference.com/players/a/azubuud01.html,2021,2021-02-02,UTA,DET,,"W, 117-105",,,,,,,,,,,,,,,,,
Udoka Azubuike,https://www.basketball-reference.com/players/a/azubuud01.html,2021,2021-02-04,UTA,ATL,@,"W, 112-91",,,,,,,,,,,,,,,,,
Udoka Azubuike,https://www.basketball-reference.com/players/a/azubuud01.html,2021,2021-02-05,UTA,CHO,@,"W, 138-121",,,,,,,,,,,,,,,,,
Udoka Azubuike,https://www.basketball-reference.com/players/a/azubuud01.html,2021,2021-02-07,UTA,IND,@,"W, 103-95",,,,,,,,,,,,,,,,,
Udoka Azubuike,https://www.basketball-reference.com/players/a/azubuud01.html,2021,2021-02-09,UTA,BOS,,"W, 122-108",,,,,,,,,,,,,,,,,
Udoka Azubuike,https://www.basketball-reference.com/players/a/azubuud01.html,2021,2021-02-12,UTA,MIL,,"W, 129-115",,,,,,,,,,,,,,,,,
Udoka Azubuike,https://www.basketball-reference.com/players/a/azubuud01.html,2021,2021-02-13,UTA,MIA,,"W, 112-94",,,,,,,,,,,,,,,,,
Udoka Azubuike,https://www.basketball-reference.com/players/a/azubuud01.html,2021,2021-02-15,UTA,PHI,,"W, 134-123",,,,,,,,,,,,,,,,,
Udoka Azubuike,https://www.basketball-reference.com/players/a/azubuud01.html,2021,2021-02-17,UTA,LAC,@,"W, 114-96",,,,,,,,,,,,,,,,,
Udoka Azubuike,https://www.basketball-reference.com/players/a/azubuud01.html,2021,2021-02-19,UTA,LAC,@,"L, 112-116",,,,,,,,,,,,,,,,,
Udoka Azubuike,https://www.basketball-reference.com/players/a/azubuud01.html,2021,2021-02-22,UTA,CHO,,"W, 132-110",,,,,,,,,,,,,,,,,
Udoka Azubuike,https://www.basketball-reference.com/players/a/azubuud01.html,2021,2021-02-24,UTA,LAL,,"W, 114-89",,,,,,,,,,,,,,,,,
Udoka Azubuike,https://www.basketball-reference.com/players/a/azubuud01.html,2021,2021-02-26,UTA,MIA,@,"L, 116-124",,,,,,,,,,,,,,,,,
Udoka Azubuike,https://www.basketball-reference.com/players/a/azubuud01.html,2021,2021-02-27,UTA,ORL,@,"W, 124-109",,,,,,,,,,,,,,,,,
Udoka Azubuike,https://www.basketball-reference.com/players/a/azubuud01.html,2021,2021-03-01,UTA,NOP,@,"L, 124-129",,,,,,,,,,,,,,,,,
Udoka Azubuike,https://www.basketball-reference.com/players/a/azubuud01.html,2021,2021-03-03,UTA,PHI,@,"L, 123-131 (OT)",,,,,,,,,,,,,,,,,
Udoka Azubuike,https://www.basketball-reference.com/players/a/azubuud01.html,2021,2021-03-12,UTA,HOU,,"W, 114-99",,,,,,,,,,,,,,,,,
Udoka Azubuike,https://www.basketball-reference.com/players/a/azubuud01.html,2021,2021-03-14,UTA,GSW,@,"L, 119-131",,,,,,,,,,,,,,,,,
Udoka Azubuike,https://www.basketball-reference.com/players/a/azubuud01.html,2021,2021-03-16,UTA,BOS,@,"W, 117-109",,,,,,,,,,,,,,,,,
Udoka Azubuike,https://www.basketball-reference.com/players/a/azubuud01.html,2021,2021-03-18,UTA,WAS,@,"L, 122-131",,,,,,,,,,,,,,,,,
Udoka Azubuike,https://www.basketball-reference.com/players/a/azubuud01.html,2021,2021-03-19,UTA,TOR,@,"W, 115-112",,,,,,,,,,,,,,,,,
Udoka Azubuike,https://www.basketball-reference.com/players/a/azubuud01.html,2021,2021-03-22,UTA,CHI,@,"W, 120-95",,,,,,,,,,,,,,,,,
Udoka Azubuike,https://www.basketball-reference.com/players/a/azubuud01.html,2021,2021-03-24,UTA,BRK,,"W, 118-88",,,,,,,,,,,,,,,,,
Udoka Azubuike,https://www.basketball-reference.com/players/a/azubuud01.html,2021,2021-03-26,UTA,MEM,,"W, 117-114",,,,,,,,,,,,,,,,,
Udoka Azubuike,https://www.basketball-reference.com/players/a/azubuud01.html,2021,2021-03-27,UTA,MEM,,"W, 126-110",,,,,,,,,,,,,,,,,
Udoka Azubuike,https://www.basketball-reference.com/players/a/azubuud01.html,2021,2021-03-29,UTA,CLE,,"W, 114-75",,,,,,,,,,,,,,,,,
Udoka Azubuike,https://www.basketball-reference.com/players/a/azubuud01.html,2021,2021-03-31,UTA,MEM,@,"W, 111-107",,,,,,,,,,,,,,,,,
Udoka Azubuike,https://www.basketball-reference.com/players/a/azubuud01.html,2021,2021-04-02,UTA,CHI,,"W, 113-106",,,,,,,,,,,,,,,,,
Udoka Azubuike,https://www.basketball-reference.com/players/a/azubuud01.html,2021,2021-04-03,UTA,ORL,,"W, 137-91",,,,,,,,,,,,,,,,,
Udoka Azubuike,https://www.basketball-reference.com/players/a/azubuud01.html,2021,2021-04-05,UTA,DAL,@,"L, 103-111",,,,,,,,,,,,,,,,,
Udoka Azubuike,https://www.basketball-reference.com/players/a/azubuud01.html,2021,2021-04-07,UTA,PHO,@,"L, 113-117 (OT)",,,,,,,,,,,,,,,,,
Udoka Azubuike,https://www.basketball-reference.com/players/a/azubuud01.html,2021,2021-04-08,UTA,POR,,"W, 122-103",,,,,,,,,,,,,,,,,
Udoka Azubuike,https://www.basketball-reference.com/players/a/azubuud01.html,2021,2021-04-10,UTA,SAC,,"W, 128-112",,,,,,,,,,,,,,,,,
Udoka Azubuike,https://www.basketball-reference.com/players/a/azubuud01.html,2021,2021-04-12,UTA,WAS,,"L, 121-125",,,,,,,,,,,,,,,,,
Udoka Azubuike,https://www.basketball-reference.com/players/a/azubuud01.html,2021,2021-04-13,UTA,OKC,,"W, 106-96",,,,,,,,,,,,,,,,,
Udoka Azubuike,https://www.basketball-reference.com/players/a/azubuud01.html,2021,2021-04-16,UTA,IND,,"W, 119-111",,,,,,,,,,,,,,,,,
Udoka Azubuike,https://www.basketball-reference.com/players/a/azubuud01.html,2021,2021-04-17,UTA,LAL,@,"L, 115-127 (OT)",,,,,,,,,,,,,,,,,
Udoka Azubuike,https://www.basketball-reference.com/players/a/azubuud01.html,2021,2021-04-19,UTA,LAL,@,"W, 111-97",,,,,,,,,,,,,,,,,
Udoka Azubuike,https://www.basketball-reference.com/players/a/azubuud01.html,2021,2021-04-21,UTA,HOU,@,"W, 112-89",,,,,,,,,,,,,,,,,
Udoka Azubuike,https://www.basketball-reference.com/players/a/azubuud01.html,2021,2021-04-24,UTA,MIN,,"L, 96-101",,,,,,,,,,,,,,,,,
Udoka Azubuike,https://www.basketball-reference.com/players/a/azubuud01.html,2021,2021-04-26,UTA,MIN,@,"L, 104-105",,,,,,,,,,,,,,,,,
Udoka Azubuike,https://www.basketball-reference.com/players/a/azubuud01.html,2021,2021-04-28,UTA,SAC,@,"W, 154-105",,,,,,,,,,,,,,,,,
Udoka Azubuike,https://www.basketball-reference.com/players/a/azubuud01.html,2021,2021-04-30,UTA,PHO,@,"L, 100-121",,,,,,,,,,,,,,,,,
Udoka Azubuike,https://www.basketball-reference.com/players/a/azubuud01.html,2021,2021-05-01,UTA,TOR,,"W, 106-102",,,,,,,,,,,,,,,,,
Udoka Azubuike,https://www.basketball-reference.com/players/a/azubuud01.html,2021,2021-05-03,UTA,SAS,,"W, 110-99",,,,,,,,,,,,,,,,,
Udoka Azubuike,https://www.basketball-reference.com/players/a/azubuud01.html,2021,2021-05-05,UTA,SAS,,"W, 126-94",,,,,,,,,,,,,,,,,
Udoka Azubuike,https://www.basketball-reference.com/players/a/azubuud01.html,2021,2021-05-07,UTA,DEN,,"W, 127-120",,,,,,,,,,,,,,,,,
Udoka Azubuike,https://www.basketball-reference.com/players/a/azubuud01.html,2021,2021-05-08,UTA,HOU,,"W, 124-116",,,,,,,,,,,,,,,,,
Udoka Azubuike,https://www.basketball-reference.com/players/a/azubuud01.html,2021,2021-05-10,UTA,GSW,@,"L, 116-119",,,,,,,,,,,,,,,,,
Udoka Azubuike,https://www.basketball-reference.com/players/a/azubuud01.html,2021,2021-05-12,UTA,POR,,"L, 98-105",,02:18,0,0,0,0,0,0,0,0,0,0,0,0,0,0,0
Udoka Azubuike,https://www.basketball-reference.com/players/a/azubuud01.html,2021,2021-05-14,UTA,OKC,@,"W, 109-93",,03:01,0,2,0,0,0,0,0,0,0,0,0,0,0,1,0
Udoka Azubuike,https://www.basketball-reference.com/players/a/azubuud01.html,2021,2021-05-16,UTA,SAC,@,"W, 121-99",,02:53,0,0,0,0,4,4,0,0,0,0,0,0,0,0,4
Trent Forrest,https://www.basketball-reference.com/players/f/forretr01.html,2021,2020-12-23,UTA,POR,@,"W, 120-100",,,,,,,,,,,,,,,,,
Trent Forrest,https://www.basketball-reference.com/players/f/forretr01.html,2021,2020-12-26,UTA,MIN,,"L, 111-116",,,,,,,,,,,,,,,,,
Trent Forrest,https://www.basketball-reference.com/players/f/forretr01.html,2021,2020-12-28,UTA,OKC,@,"W, 110-109",,,,,,,,,,,,,,,,,
Trent Forrest,https://www.basketball-reference.com/players/f/forretr01.html,2021,2020-12-31,UTA,PHO,,"L, 95-106",,,,,,,,,,,,,,,,,
Trent Forrest,https://www.basketball-reference.com/players/f/forretr01.html,2021,,,,,,,,,,,,,,,,,,,,,,
Trent Forrest,https://www.basketball-reference.com/players/f/forretr01.html,2021,2021-01-01,UTA,LAC,,"W, 106-100",,,,,,,,,,,,,,,,,
Trent Forrest,https://www.basketball-reference.com/players/f/forretr01.html,2021,2021-01-03,UTA,SAS,@,"W, 130-109",,,,,,,,,,,,,,,,,
Trent Forrest,https://www.basketball-reference.com/players/f/forretr01.html,2021,2021-01-05,UTA,BRK,@,"L, 96-130",,07:34,0,0,0,0,2,2,0,0,0,1,1,0,0,1,2
Trent Forrest,https://www.basketball-reference.com/players/f/forretr01.html,2021,2021-01-06,UTA,NYK,@,"L, 100-112",,,,,,,,,,,,,,,,,
Trent Forrest,https://www.basketball-reference.com/players/f/forretr01.html,2021,2021-01-08,UTA,MIL,@,"W, 131-118",,01:15,0,0,0,0,0,0,0,0,0,0,0,0,0,1,0
Trent Forrest,https://www.basketball-reference.com/players/f/forretr01.html,2021,2021-01-10,UTA,DET,@,"W, 96-86",,,,,,,,,,,,,,,,,
Trent Forrest,https://www.basketball-reference.com/players/f/forretr01.html,2021,2021-01-12,UTA,CLE,@,"W, 117-87",,,,,,,,,,,,,,,,,
Trent Forrest,https://www.basketball-reference.com/players/f/forretr01.html,2021,2021-01-15,UTA,ATL,,"W, 116-92",,,,,,,,,,,,,,,,,
Trent Forrest,https://www.basketball-reference.com/players/f/forretr01.html,2021,2021-01-17,UTA,DEN,@,"W, 109-105",,,,,,,,,,,,,,,,,
Trent Forrest,https://www.basketball-reference.com/players/f/forretr01.html,2021,2021-01-19,UTA,NOP,,"W, 118-102",,,,,,,,,,,,,,,,,
Trent Forrest,https://www.basketball-reference.com/players/f/forretr01.html,2021,2021-01-21,UTA,NOP,,"W, 129-118",,,,,,,,,,,,,,,,,
Trent Forrest,https://www.basketball-reference.com/players/f/forretr01.html,2021,2021-01-23,UTA,GSW,,"W, 127-108",,,,,,,,,,,,,,,,,
Trent Forrest,https://www.basketball-reference.com/players/f/forretr01.html,2021,2021-01-26,UTA,NYK,,"W, 108-94",,,,,,,,,,,,,,,,,
Trent Forrest,https://www.basketball-reference.com/players/f/forretr01.html,2021,2021-01-27,UTA,DAL,,"W, 116-104",,,,,,,,,,,,,,,,,
Trent Forrest,https://www.basketball-reference.com/players/f/forretr01.html,2021,2021-01-29,UTA,DAL,,"W, 120-101",,,,,,,,,,,,,,,,,
Trent Forrest,https://www.basketball-reference.com/players/f/forretr01.html,2021,2021-01-31,UTA,DEN,@,"L, 117-128",,,,,,,,,,,,,,,,,
Trent Forrest,https://www.basketball-reference.com/players/f/forretr01.html,2021,2021-02-02,UTA,DET,,"W, 117-105",,,,,,,,,,,,,,,,,
Trent Forrest,https://www.basketball-reference.com/players/f/forretr01.html,2021,2021-02-04,UTA,ATL,@,"W, 112-91",,,,,,,,,,,,,,,,,
Trent Forrest,https://www.basketball-reference.com/players/f/forretr01.html,2021,2021-02-05,UTA,CHO,@,"W, 138-121",,,,,,,,,,,,,,,,,
Trent Forrest,https://www.basketball-reference.com/players/f/forretr01.html,2021,2021-02-07,UTA,IND,@,"W, 103-95",,,,,,,,,,,,,,,,,
Trent Forrest,https://www.basketball-reference.com/players/f/forretr01.html,2021,2021-02-09,UTA,BOS,,"W, 122-108",,,,,,,,,,,,,,,,,
Trent Forrest,https://www.basketball-reference.com/players/f/forretr01.html,2021,2021-02-12,UTA,MIL,,"W, 129-115",,,,,,,,,,,,,,,,,
Trent Forrest,https://www.basketball-reference.com/players/f/forretr01.html,2021,2021-02-13,UTA,MIA,,"W, 112-94",,01:29,0,1,0,1,0,0,0,0,0,0,1,0,0,0,0
Trent Forrest,https://www.basketball-reference.com/players/f/forretr01.html,2021,2021-02-15,UTA,PHI,,"W, 134-123",,,,,,,,,,,,,,,,,
Trent Forrest,https://www.basketball-reference.com/players/f/forretr01.html,2021,2021-02-17,UTA,LAC,@,"W, 114-96",,02:19,0,1,0,1,0,0,0,1,1,0,0,0,0,0,0
Trent Forrest,https://www.basketball-reference.com/players/f/forretr01.html,2021,2021-02-19,UTA,LAC,@,"L, 112-116",,,,,,,,,,,,,,,,,
Trent Forrest,https://www.basketball-reference.com/players/f/forretr01.html,2021,2021-02-22,UTA,CHO,,"W, 132-110",,01:18,0,0,0,0,0,0,0,1,1,0,0,0,0,0,0
Trent Forrest,https://www.basketball-reference.com/players/f/forretr01.html,2021,2021-02-24,UTA,LAL,,"W, 114-89",,04:35,0,1,0,0,0,0,0,0,0,3,0,0,1,0,0
Trent Forrest,https://www.basketball-reference.com/players/f/forretr01.html,2021,2021-02-26,UTA,MIA,@,"L, 116-124",,,,,,,,,,,,,,,,,
Trent Forrest,https://www.basketball-reference.com/players/f/forretr01.html,2021,2021-02-27,UTA,ORL,@,"W, 124-109",,01:17,0,0,0,0,0,0,0,0,0,0,0,0,0,0,0
Trent Forrest,https://www.basketball-reference.com/players/f/forretr01.html,2021,2021-03-01,UTA,NOP,@,"L, 124-129",,,,,,,,,,,,,,,,,
Trent Forrest,https://www.basketball-reference.com/players/f/forretr01.html,2021,2021-03-03,UTA,PHI,@,"L, 123-131 (OT)",,,,,,,,,,,,,,,,,
Trent Forrest,https://www.basketball-reference.com/players/f/forretr01.html,2021,2021-03-12,UTA,HOU,,"W, 114-99",,,,,,,,,,,,,,,,,
Trent Forrest,https://www.basketball-reference.com/players/f/forretr01.html,2021,2021-03-14,UTA,GSW,@,"L, 119-131",,,,,,,,,,,,,,,,,
Trent Forrest,https://www.basketball-reference.com/players/f/forretr01.html,2021,2021-03-16,UTA,BOS,@,"W, 117-109",,,,,,,,,,,,,,,,,
Trent Forrest,https://www.basketball-reference.com/players/f/forretr01.html,2021,2021-03-18,UTA,WAS,@,"L, 122-131",,00:57,0,0,0,0,0,0,0,1,1,0,0,0,0,0,0
Trent Forrest,https://www.basketball-reference.com/players/f/forretr01.html,2021,2021-03-19,UTA,TOR,@,"W, 115-112",,,,,,,,,,,,,,,,,
Trent Forrest,https://www.basketball-reference.com/players/f/forretr01.html,2021,2021-03-22,UTA,CHI,@,"W, 120-95",,03:40,1,1,0,0,0,0,0,1,1,1,0,0,0,0,2
Trent Forrest,https://www.basketball-reference.com/players/f/forretr01.html,2021,2021-03-24,UTA,BRK,,"W, 118-88",,09:10,0,1,0,0,0,0,0,1,1,2,0,0,2,0,0
Trent Forrest,https://www.basketball-reference.com/players/f/forretr01.html,2021,2021-03-26,UTA,MEM,,"W, 117-114",,,,,,,,,,,,,,,,,
Trent Forrest,https://www.basketball-reference.com/players/f/forretr01.html,2021,2021-03-27,UTA,MEM,,"W, 126-110",,06:32,2,3,0,0,0,0,0,1,1,0,0,0,1,0,4
Trent Forrest,https://www.basketball-reference.com/players/f/forretr01.html,2021,2021-03-29,UTA,CLE,,"W, 114-75",,12:00,0,1,0,0,0,0,0,0,0,3,0,0,1,1,0
Trent Forrest,https://www.basketball-reference.com/players/f/forretr01.html,2021,2021-03-31,UTA,MEM,@,"W, 111-107",,,,,,,,,,,,,,,,,
Trent Forrest,https://www.basketball-reference.com/players/f/forretr01.html,2021,2021-04-02,UTA,CHI,,"W, 113-106",,,,,,,,,,,,,,,,,
Trent Forrest,https://www.basketball-reference.com/players/f/forretr01.html,2021,2021-04-03,UTA,ORL,,"W, 137-91",,20:03,4,6,0,1,0,0,0,1,1,6,2,0,0,2,8
Trent Forrest,https://www.basketball-reference.com/players/f/forretr01.html,2021,2021-04-05,UTA,DAL,@,"L, 103-111",,,,,,,,,,,,,,,,,
Trent Forrest,https://www.basketball-reference.com/players/f/forretr01.html,2021,2021-04-07,UTA,PHO,@,"L, 113-117 (OT)",,,,,,,,,,,,,,,,,
Trent Forrest,https://www.basketball-reference.com/players/f/forretr01.html,2021,2021-04-08,UTA,POR,,"W, 122-103",,02:15,0,0,0,0,0,0,0,0,0,1,0,1,0,0,0
Trent Forrest,https://www.basketball-reference.com/players/f/forretr01.html,2021,2021-04-10,UTA,SAC,,"W, 128-112",,,,,,,,,,,,,,,,,
Trent Forrest,https://www.basketball-reference.com/players/f/forretr01.html,2021,2021-04-12,UTA,WAS,,"L, 121-125",,12:07,0,1,0,0,0,0,0,0,0,1,0,0,2,0,0
Trent Forrest,https://www.basketball-reference.com/players/f/forretr01.html,2021,2021-04-13,UTA,OKC,,"W, 106-96",,,,,,,,,,,,,,,,,
Trent Forrest,https://www.basketball-reference.com/players/f/forretr01.html,2021,2021-04-16,UTA,IND,,"W, 119-111",,,,,,,,,,,,,,,,,
Trent Forrest,https://www.basketball-reference.com/players/f/forretr01.html,2021,2021-04-17,UTA,LAL,@,"L, 115-127 (OT)",,11:47,0,1,0,0,0,0,0,1,1,2,0,0,0,0,0
Trent Forrest,https://www.basketball-reference.com/players/f/forretr01.html,2021,2021-04-19,UTA,LAL,@,"W, 111-97",,02:08,0,1,0,0,0,0,0,0,0,0,0,0,1,0,0
Trent Forrest,https://www.basketball-reference.com/players/f/forretr01.html,2021,2021-04-21,UTA,HOU,@,"W, 112-89",,06:59,1,2,0,0,0,0,0,0,0,0,0,0,0,0,2
Trent Forrest,https://www.basketball-reference.com/players/f/forretr01.html,2021,2021-04-24,UTA,MIN,,"L, 96-101",,,,,,,,,,,,,,,,,
Trent Forrest,https://www.basketball-reference.com/players/f/forretr01.html,2021,2021-04-26,UTA,MIN,@,"L, 104-105",,01:35,0,0,0,0,0,0,0,0,0,0,0,0,0,1,0
Trent Forrest,https://www.basketball-reference.com/players/f/forretr01.html,2021,2021-04-28,UTA,SAC,@,"W, 154-105",,21:16,3,4,1,2,2,2,0,2,2,6,0,0,1,1,9
Trent Forrest,https://www.basketball-reference.com/players/f/forretr01.html,2021,2021-04-30,UTA,PHO,@,"L, 100-121",,14:08,1,4,0,2,0,0,0,1,1,3,0,1,1,2,2
Trent Forrest,https://www.basketball-reference.com/players/f/forretr01.html,2021,2021-05-01,UTA,TOR,,"W, 106-102",,15:24,2,4,1,3,2,2,0,2,2,3,0,1,2,1,7
Trent Forrest,https://www.basketball-reference.com/players/f/forretr01.html,2021,2021-05-03,UTA,SAS,,"W, 110-99",,21:02,3,5,1,2,2,2,1,3,4,0,1,0,0,2,9
Trent Forrest,https://www.basketball-reference.com/players/f/forretr01.html,2021,2021-05-05,UTA,SAS,,"W, 126-94",,21:26,3,4,0,1,0,0,0,6,6,2,0,0,1,2,6
Trent Forrest,https://www.basketball-reference.com/players/f/forretr01.html,2021,2021-05-07,UTA,DEN,,"W, 127-120",,16:21,3,6,0,3,0,0,1,2,3,3,0,1,0,0,6
Trent Forrest,https://www.basketball-reference.com/players/f/forretr01.html,2021,2021-05-08,UTA,HOU,,"W, 124-116",,20:31,1,4,0,3,6,6,2,4,6,3,1,0,2,0,8
Trent Forrest,https://www.basketball-reference.com/players/f/forretr01.html,2021,2021-05-10,UTA,GSW,@,"L, 116-119",,18:38,3,4,0,1,3,3,1,1,2,2,1,0,2,3,9
Trent Forrest,https://www.basketball-reference.com/players/f/forretr01.html,2021,2021-05-12,UTA,POR,,"L, 98-105",,19:30,1,9,1,4,2,2,2,2,4,1,1,0,2,4,5
Trent Forrest,https://www.basketball-reference.com/players/f/forretr01.html,2021,2021-05-14,UTA,OKC,@,"W, 109-93",,17:26,4,6,1,2,0,0,3,1,4,2,0,0,0,1,9
Trent Forrest,https://www.basketball-reference.com/players/f/forretr01.html,2021,2021-05-16,UTA,SAC,@,"W, 121-99",,07:18,0,1,0,0,0,0,1,1,2,0,1,0,2,0,0
Elijah Hughes,https://www.basketball-reference.com/players/h/hugheel01.html,2021,2020-12-23,UTA,POR,@,"W, 120-100",,03:09,0,1,0,0,3,4,0,1,1,1,0,0,0,0,3
Elijah Hughes,https://www.basketball-reference.com/players/h/hugheel01.html,2021,2020-12-26,UTA,MIN,,"L, 111-116",,,,,,,,,,,,,,,,,
Elijah Hughes,https://www.basketball-reference.com/players/h/hugheel01.html,2021,2020-12-28,UTA,OKC,@,"W, 110-109",,,,,,,,,,,,,,,,,
Elijah Hughes,https://www.basketball-reference.com/players/h/hugheel01.html,2021,2020-12-31,UTA,PHO,,"L, 95-106",,,,,,,,,,,,,,,,,
Elijah Hughes,https://www.basketball-reference.com/players/h/hugheel01.html,2021,,,,,,,,,,,,,,,,,,,,,,
Elijah Hughes,https://www.basketball-reference.com/players/h/hugheel01.html,2021,2021-01-01,UTA,LAC,,"W, 106-100",,,,,,,,,,,,,,,,,
Elijah Hughes,https://www.basketball-reference.com/players/h/hugheel01.html,2021,2021-01-03,UTA,SAS,@,"W, 130-109",,05:35,0,2,0,1,0,0,0,0,0,0,0,1,0,0,0
Elijah Hughes,https://www.basketball-reference.com/players/h/hugheel01.html,2021,2021-01-05,UTA,BRK,@,"L, 96-130",,07:34,2,6,1,4,0,0,0,2,2,0,0,0,2,0,5
Elijah Hughes,https://www.basketball-reference.com/players/h/hugheel01.html,2021,2021-01-06,UTA,NYK,@,"L, 100-112",,,,,,,,,,,,,,,,,
Elijah Hughes,https://www.basketball-reference.com/players/h/hugheel01.html,2021,2021-01-08,UTA,MIL,@,"W, 131-118",,00:53,0,1,0,1,0,0,0,0,0,1,1,0,0,0,0
Elijah Hughes,https://www.basketball-reference.com/players/h/hugheel01.html,2021,2021-01-10,UTA,DET,@,"W, 96-86",,,,,,,,,,,,,,,,,
Elijah Hughes,https://www.basketball-reference.com/players/h/hugheel01.html,2021,2021-01-12,UTA,CLE,@,"W, 117-87",,04:53,2,4,2,4,0,0,0,1,1,0,0,0,1,0,6
Elijah Hughes,https://www.basketball-reference.com/players/h/hugheel01.html,2021,2021-01-15,UTA,ATL,,"W, 116-92",,04:55,1,1,0,0,0,0,0,0,0,1,0,0,1,0,2
Elijah Hughes,https://www.basketball-reference.com/players/h/hugheel01.html,2021,2021-01-17,UTA,DEN,@,"W, 109-105",,,,,,,,,,,,,,,,,
Elijah Hughes,https://www.basketball-reference.com/players/h/hugheel01.html,2021,2021-01-19,UTA,NOP,,"W, 118-102",,,,,,,,,,,,,,,,,
Elijah Hughes,https://www.basketball-reference.com/players/h/hugheel01.html,2021,2021-01-21,UTA,NOP,,"W, 129-118",,,,,,,,,,,,,,,,,
Elijah Hughes,https://www.basketball-reference.com/players/h/hugheel01.html,2021,2021-01-23,UTA,GSW,,"W, 127-108",,,,,,,,,,,,,,,,,
Elijah Hughes,https://www.basketball-reference.com/players/h/hugheel01.html,2021,2021-01-26,UTA,NYK,,"W, 108-94",,,,,,,,,,,,,,,,,
Elijah Hughes,https://www.basketball-reference.com/players/h/hugheel01.html,2021,2021-01-27,UTA,DAL,,"W, 116-104",,,,,,,,,,,,,,,,,
Elijah Hughes,https://www.basketball-reference.com/players/h/hugheel01.html,2021,2021-01-29,UTA,DAL,,"W, 120-101",,,,,,,,,,,,,,,,,
Elijah Hughes,https://www.basketball-reference.com/players/h/hugheel01.html,2021,2021-01-31,UTA,DEN,@,"L, 117-128",,,,,,,,,,,,,,,,,
Elijah Hughes,https://www.basketball-reference.com/players/h/hugheel01.html,2021,2021-02-02,UTA,DET,,"W, 117-105",,,,,,,,,,,,,,,,,
Elijah Hughes,https://www.basketball-reference.com/players/h/hugheel01.html,2021,2021-02-04,UTA,ATL,@,"W, 112-91",,,,,,,,,,,,,,,,,
Elijah Hughes,https://www.basketball-reference.com/players/h/hugheel01.html,2021,2021-02-05,UTA,CHO,@,"W, 138-121",,,,,,,,,,,,,,,,,
Elijah Hughes,https://www.basketball-reference.com/players/h/hugheel01.html,2021,2021-02-07,UTA,IND,@,"W, 103-95",,,,,,,,,,,,,,,,,
Elijah Hughes,https://www.basketball-reference.com/players/h/hugheel01.html,2021,2021-02-09,UTA,BOS,,"W, 122-108",,,,,,,,,,,,,,,,,
Elijah Hughes,https://www.basketball-reference.com/players/h/hugheel01.html,2021,2021-02-12,UTA,MIL,,"W, 129-115",,,,,,,,,,,,,,,,,
Elijah Hughes,https://www.basketball-reference.com/players/h/hugheel01.html,2021,2021-02-13,UTA,MIA,,"W, 112-94",,,,,,,,,,,,,,,,,
Elijah Hughes,https://www.basketball-reference.com/players/h/hugheel01.html,2021,2021-02-15,UTA,PHI,,"W, 134-123",,,,,,,,,,,,,,,,,
Elijah Hughes,https://www.basketball-reference.com/players/h/hugheel01.html,2021,2021-02-17,UTA,LAC,@,"W, 114-96",,,,,,,,,,,,,,,,,
Elijah Hughes,https://www.basketball-reference.com/players/h/hugheel01.html,2021,2021-02-19,UTA,LAC,@,"L, 112-116",,,,,,,,,,,,,,,,,
Elijah Hughes,https://www.basketball-reference.com/players/h/hugheel01.html,2021,2021-02-22,UTA,CHO,,"W, 132-110",,,,,,,,,,,,,,,,,
Elijah Hughes,https://www.basketball-reference.com/players/h/hugheel01.html,2021,2021-02-24,UTA,LAL,,"W, 114-89",,,,,,,,,,,,,,,,,
Elijah Hughes,https://www.basketball-reference.com/players/h/hugheel01.html,2021,2021-02-26,UTA,MIA,@,"L, 116-124",,,,,,,,,,,,,,,,,
Elijah Hughes,https://www.basketball-reference.com/players/h/hugheel01.html,2021,2021-02-27,UTA,ORL,@,"W, 124-109",,,,,,,,,,,,,,,,,
Elijah Hughes,https://www.basketball-reference.com/players/h/hugheel01.html,2021,2021-03-01,UTA,NOP,@,"L, 124-129",,,,,,,,,,,,,,,,,
Elijah Hughes,https://www.basketball-reference.com/players/h/hugheel01.html,2021,2021-03-03,UTA,PHI,@,"L, 123-131 (OT)",,,,,,,,,,,,,,,,,
Elijah Hughes,https://www.basketball-reference.com/players/h/hugheel01.html,2021,2021-03-12,UTA,HOU,,"W, 114-99",,,,,,,,,,,,,,,,,
Elijah Hughes,https://www.basketball-reference.com/players/h/hugheel01.html,2021,2021-03-14,UTA,GSW,@,"L, 119-131",,,,,,,,,,,,,,,,,
Elijah Hughes,https://www.basketball-reference.com/players/h/hugheel01.html,2021,2021-03-16,UTA,BOS,@,"W, 117-109",,,,,,,,,,,,,,,,,
Elijah Hughes,https://www.basketball-reference.com/players/h/hugheel01.html,2021,2021-03-18,UTA,WAS,@,"L, 122-131",,00:57,0,0,0,0,0,0,0,0,0,0,0,0,0,0,0
Elijah Hughes,https://www.basketball-reference.com/players/h/hugheel01.html,2021,2021-03-19,UTA,TOR,@,"W, 115-112",,,,,,,,,,,,,,,,,
Elijah Hughes,https://www.basketball-reference.com/players/h/hugheel01.html,2021,2021-03-22,UTA,CHI,@,"W, 120-95",,,,,,,,,,,,,,,,,
Elijah Hughes,https://www.basketball-reference.com/players/h/hugheel01.html,2021,2021-03-24,UTA,BRK,,"W, 118-88",,04:29,1,2,1,2,0,0,0,2,2,1,0,0,0,0,3
Elijah Hughes,https://www.basketball-reference.com/players/h/hugheel01.html,2021,2021-03-26,UTA,MEM,,"W, 117-114",,,,,,,,,,,,,,,,,
Elijah Hughes,https://www.basketball-reference.com/players/h/hugheel01.html,2021,2021-03-27,UTA,MEM,,"W, 126-110",,02:10,0,0,0,0,0,0,0,0,0,0,0,0,0,0,0
Elijah Hughes,https://www.basketball-reference.com/players/h/hugheel01.html,2021,2021-03-29,UTA,CLE,,"W, 114-75",,03:37,1,1,1,1,0,0,0,0,0,0,0,0,1,0,3
Elijah Hughes,https://www.basketball-reference.com/players/h/hugheel01.html,2021,2021-03-31,UTA,MEM,@,"W, 111-107",,,,,,,,,,,,,,,,,
Elijah Hughes,https://www.basketball-reference.com/players/h/hugheel01.html,2021,2021-04-02,UTA,CHI,,"W, 113-106",,,,,,,,,,,,,,,,,
Elijah Hughes,https://www.basketball-reference.com/players/h/hugheel01.html,2021,2021-04-03,UTA,ORL,,"W, 137-91",,,,,,,,,,,,,,,,,
Elijah Hughes,https://www.basketball-reference.com/players/h/hugheel01.html,2021,2021-04-05,UTA,DAL,@,"L, 103-111",,,,,,,,,,,,,,,,,
Elijah Hughes,https://www.basketball-reference.com/players/h/hugheel01.html,2021,2021-04-07,UTA,PHO,@,"L, 113-117 (OT)",,,,,,,,,,,,,,,,,
Elijah Hughes,https://www.basketball-reference.com/players/h/hugheel01.html,2021,2021-04-08,UTA,POR,,"W, 122-103",,01:17,1,1,1,1,0,0,0,1,1,0,0,0,0,0,3
Elijah Hughes,https://www.basketball-reference.com/players/h/hugheel01.html,2021,2021-04-10,UTA,SAC,,"W, 128-112",,,,,,,,,,,,,,,,,
Elijah Hughes,https://www.basketball-reference.com/players/h/hugheel01.html,2021,2021-04-12,UTA,WAS,,"L, 121-125",,,,,,,,,,,,,,,,,
Elijah Hughes,https://www.basketball-reference.com/players/h/hugheel01.html,2021,2021-04-13,UTA,OKC,,"W, 106-96",,,,,,,,,,,,,,,,,
Elijah Hughes,https://www.basketball-reference.com/players/h/hugheel01.html,2021,2021-04-16,UTA,IND,,"W, 119-111",,,,,,,,,,,,,,,,,
Elijah Hughes,https://www.basketball-reference.com/players/h/hugheel01.html,2021,2021-04-17,UTA,LAL,@,"L, 115-127 (OT)",,,,,,,,,,,,,,,,,
Elijah Hughes,https://www.basketball-reference.com/players/h/hugheel01.html,2021,2021-04-19,UTA,LAL,@,"W, 111-97",,02:08,0,1,0,1,0,0,0,0,0,0,0,0,0,1,0
Elijah Hughes,https://www.basketball-reference.com/players/h/hugheel01.html,2021,2021-04-21,UTA,HOU,@,"W, 112-89",,04:45,0,2,0,2,0,0,0,0,0,0,0,0,1,0,0
Elijah Hughes,https://www.basketball-reference.com/players/h/hugheel01.html,2021,2021-04-24,UTA,MIN,,"L, 96-101",,,,,,,,,,,,,,,,,
Elijah Hughes,https://www.basketball-reference.com/players/h/hugheel01.html,2021,2021-04-26,UTA,MIN,@,"L, 104-105",,,,,,,,,,,,,,,,,
Elijah Hughes,https://www.basketball-reference.com/players/h/hugheel01.html,2021,2021-04-28,UTA,SAC,@,"W, 154-105",,03:52,0,1,0,1,0,0,0,0,0,1,0,0,0,0,0
Elijah Hughes,https://www.basketball-reference.com/players/h/hugheel01.html,2021,2021-04-30,UTA,PHO,@,"L, 100-121",,04:41,0,3,0,2,0,0,0,0,0,0,0,0,0,0,0
Elijah Hughes,https://www.basketball-reference.com/players/h/hugheel01.html,2021,2021-05-01,UTA,TOR,,"W, 106-102",,,,,,,,,,,,,,,,,
Elijah Hughes,https://www.basketball-reference.com/players/h/hugheel01.html,2021,2021-05-03,UTA,SAS,,"W, 110-99",,01:16,0,1,0,1,0,0,0,0,0,0,0,0,0,0,0
Elijah Hughes,https://www.basketball-reference.com/players/h/hugheel01.html,2021,2021-05-05,UTA,SAS,,"W, 126-94",,05:42,2,3,2,2,0,0,0,0,0,1,0,0,0,0,6
Elijah Hughes,https://www.basketball-reference.com/players/h/hugheel01.html,2021,2021-05-07,UTA,DEN,,"W, 127-120",,,,,,,,,,,,,,,,,
Elijah Hughes,https://www.basketball-reference.com/players/h/hugheel01.html,2021,2021-05-08,UTA,HOU,,"W, 124-116",,,,,,,,,,,,,,,,,
Elijah Hughes,https://www.basketball-reference.com/players/h/hugheel01.html,2021,2021-05-10,UTA,GSW,@,"L, 116-119",,,,,,,,,,,,,,,,,
Elijah Hughes,https://www.basketball-reference.com/players/h/hugheel01.html,2021,2021-05-12,UTA,POR,,"L, 98-105",,01:49,0,0,0,0,0,0,1,1,2,0,0,0,0,0,0
Elijah Hughes,https://www.basketball-reference.com/players/h/hugheel01.html,2021,2021-05-14,UTA,OKC,@,"W, 109-93",,,,,,,,,,,,,,,,,
Elijah Hughes,https://www.basketball-reference.com/players/h/hugheel01.html,2021,2021-05-16,UTA,SAC,@,"W, 121-99",,,,,,,,,,,,,,,,,
Deni Avdija,https://www.basketball-reference.com/players/a/avdijde01.html,2021,2020-12-23,WAS,PHI,@,"L, 107-113",,28:06,2,2,2,2,1,2,0,4,4,1,1,0,1,3,7
Deni Avdija,https://www.basketball-reference.com/players/a/avdijde01.html,2021,2020-12-26,WAS,ORL,,"L, 120-130",,14:40,2,2,1,1,0,1,0,3,3,2,0,0,0,4,5
Deni Avdija,https://www.basketball-reference.com/players/a/avdijde01.html,2021,2020-12-27,WAS,ORL,,"L, 113-120",,36:11,4,11,1,5,0,0,2,7,9,3,2,0,1,1,9
Deni Avdija,https://www.basketball-reference.com/players/a/avdijde01.html,2021,2020-12-29,WAS,CHI,,"L, 107-115",,26:19,3,6,3,5,0,0,0,4,4,4,2,1,1,5,9
Deni Avdija,https://www.basketball-reference.com/players/a/avdijde01.html,2021,2020-12-31,WAS,CHI,,"L, 130-133",,24:32,2,5,0,3,2,2,1,3,4,3,0,0,0,1,6
Deni Avdija,https://www.basketball-reference.com/players/a/avdijde01.html,2021,,,,,,,,,,,,,,,,,,,,,,
Deni Avdija,https://www.basketball-reference.com/players/a/avdijde01.html,2021,2021-01-01,WAS,MIN,@,"W, 130-109",,27:14,4,7,3,5,0,0,0,7,7,3,3,0,1,3,11
Deni Avdija,https://www.basketball-reference.com/players/a/avdijde01.html,2021,2021-01-03,WAS,BRK,@,"W, 123-122",,16:23,1,4,1,2,0,0,0,1,1,1,1,1,1,2,3
Deni Avdija,https://www.basketball-reference.com/players/a/avdijde01.html,2021,2021-01-06,WAS,PHI,@,"L, 136-141",,15:31,0,1,0,1,1,2,0,0,0,0,0,1,0,3,1
Deni Avdija,https://www.basketball-reference.com/players/a/avdijde01.html,2021,2021-01-08,WAS,BOS,@,"L, 107-116",,14:25,0,3,0,2,0,0,0,2,2,1,0,0,0,2,0
Deni Avdija,https://www.basketball-reference.com/players/a/avdijde01.html,2021,2021-01-09,WAS,MIA,,"L, 124-128",,31:38,7,15,5,9,1,1,0,5,5,5,2,0,0,2,20
Deni Avdija,https://www.basketball-reference.com/players/a/avdijde01.html,2021,2021-01-11,WAS,PHO,,"W, 128-107",,19:48,3,6,0,0,0,0,1,4,5,1,0,0,2,3,6
Deni Avdija,https://www.basketball-reference.com/players/a/avdijde01.html,2021,2021-01-24,WAS,SAS,@,"L, 101-121",,,,,,,,,,,,,,,,,
Deni Avdija,https://www.basketball-reference.com/players/a/avdijde01.html,2021,2021-01-26,WAS,HOU,@,"L, 88-107",,,,,,,,,,,,,,,,,
Deni Avdija,https://www.basketball-reference.com/players/a/avdijde01.html,2021,2021-01-27,WAS,NOP,@,"L, 106-124",,,,,,,,,,,,,,,,,
Deni Avdija,https://www.basketball-reference.com/players/a/avdijde01.html,2021,2021-01-29,WAS,ATL,,"L, 100-116",,,,,,,,,,,,,,,,,
Deni Avdija,https://www.basketball-reference.com/players/a/avdijde01.html,2021,2021-01-31,WAS,BRK,,"W, 149-146",,15:41,1,4,0,2,0,0,1,1,2,0,0,0,0,2,2
Deni Avdija,https://www.basketball-reference.com/players/a/avdijde01.html,2021,2021-02-02,WAS,POR,,"L, 121-132",,23:04,5,6,2,3,1,1,3,4,7,3,0,0,0,3,13
Deni Avdija,https://www.basketball-reference.com/players/a/avdijde01.html,2021,2021-02-03,WAS,MIA,@,"W, 103-100",,32:55,5,9,3,5,0,0,0,4,4,0,1,0,2,2,13
Deni Avdija,https://www.basketball-reference.com/players/a/avdijde01.html,2021,2021-02-05,WAS,MIA,@,"L, 95-122",,16:06,2,5,0,2,0,0,0,6,6,0,1,1,0,3,4
Deni Avdija,https://www.basketball-reference.com/players/a/avdijde01.html,2021,2021-02-07,WAS,CHO,@,"L, 97-119",,15:25,2,5,0,2,0,0,0,2,2,2,0,0,1,1,4
Deni Avdija,https://www.basketball-reference.com/players/a/avdijde01.html,2021,2021-02-08,WAS,CHI,@,"W, 105-101",,28:27,2,9,0,5,0,2,0,10,10,1,3,0,1,4,4
Deni Avdija,https://www.basketball-reference.com/players/a/avdijde01.html,2021,2021-02-10,WAS,TOR,,"L, 115-137",,26:40,3,7,2,6,1,2,1,6,7,3,0,0,2,3,9
Deni Avdija,https://www.basketball-reference.com/players/a/avdijde01.html,2021,2021-02-12,WAS,NYK,,"L, 91-109",,21:30,3,9,1,5,1,2,2,4,6,0,0,0,2,3,8
Deni Avdija,https://www.basketball-reference.com/players/a/avdijde01.html,2021,2021-02-14,WAS,BOS,,"W, 104-91",,27:59,2,9,1,5,3,4,1,9,10,0,0,0,2,4,8
Deni Avdija,https://www.basketball-reference.com/players/a/avdijde01.html,2021,2021-02-15,WAS,HOU,,"W, 131-119",,19:39,2,4,1,3,0,0,0,3,3,0,0,0,0,5,5
Deni Avdija,https://www.basketball-reference.com/players/a/avdijde01.html,2021,2021-02-17,WAS,DEN,,"W, 130-128",,20:40,1,3,1,3,0,0,0,7,7,2,1,0,1,2,3
Deni Avdija,https://www.basketball-reference.com/players/a/avdijde01.html,2021,2021-02-20,WAS,POR,@,"W, 118-111",,11:05,1,1,0,0,0,0,0,3,3,0,0,0,0,2,2
Deni Avdija,https://www.basketball-reference.com/players/a/avdijde01.html,2021,2021-02-22,WAS,LAL,@,"W, 127-124 (OT)",,22:32,3,5,2,3,0,0,0,9,9,2,1,0,1,1,8
Deni Avdija,https://www.basketball-reference.com/players/a/avdijde01.html,2021,2021-02-23,WAS,LAC,@,"L, 116-135",,11:31,0,2,0,1,0,0,0,1,1,0,0,0,2,3,0
Deni Avdija,https://www.basketball-reference.com/players/a/avdijde01.html,2021,2021-02-25,WAS,DEN,@,"W, 112-110",,19:31,1,1,0,0,0,0,0,2,2,1,0,0,0,0,2
Deni Avdija,https://www.basketball-reference.com/players/a/avdijde01.html,2021,2021-02-27,WAS,MIN,,"W, 128-112",,20:49,1,6,0,2,0,0,0,2,2,0,0,1,1,4,2
Deni Avdija,https://www.basketball-reference.com/players/a/avdijde01.html,2021,2021-02-28,WAS,BOS,@,"L, 110-111",,06:46,0,1,0,1,0,0,0,1,1,0,1,0,0,3,0
Deni Avdija,https://www.basketball-reference.com/players/a/avdijde01.html,2021,2021-03-02,WAS,MEM,,"L, 111-125",,25:41,4,7,2,4,0,0,0,7,7,1,0,0,2,0,10
Deni Avdija,https://www.basketball-reference.com/players/a/avdijde01.html,2021,2021-03-04,WAS,LAC,,"W, 119-117",,24:53,2,2,0,0,0,0,1,6,7,0,1,1,0,1,4
Deni Avdija,https://www.basketball-reference.com/players/a/avdijde01.html,2021,2021-03-10,WAS,MEM,@,"L, 112-127",,24:13,5,8,3,5,0,0,0,6,6,1,1,0,0,2,13
Deni Avdija,https://www.basketball-reference.com/players/a/avdijde01.html,2021,2021-03-12,WAS,PHI,,"L, 101-127",,28:16,2,6,0,3,0,0,0,5,5,1,0,0,1,5,4
Deni Avdija,https://www.basketball-reference.com/players/a/avdijde01.html,2021,2021-03-13,WAS,MIL,,"L, 119-125",,35:00,4,10,1,6,0,0,1,3,4,1,1,1,1,5,9
Deni Avdija,https://www.basketball-reference.com/players/a/avdijde01.html,2021,2021-03-15,WAS,MIL,,"L, 122-133",,31:19,5,9,1,4,0,0,0,6,6,2,0,0,1,3,11
Deni Avdija,https://www.basketball-reference.com/players/a/avdijde01.html,2021,2021-03-17,WAS,SAC,,"L, 119-121",,17:44,3,5,0,2,0,0,0,2,2,1,0,1,1,2,6
Deni Avdija,https://www.basketball-reference.com/players/a/avdijde01.html,2021,2021-03-18,WAS,UTA,,"W, 131-122",,20:23,0,3,0,3,2,2,0,4,4,1,0,0,0,3,2
Deni Avdija,https://www.basketball-reference.com/players/a/avdijde01.html,2021,2021-03-21,WAS,BRK,@,"L, 106-113",,11:07,0,2,0,1,0,0,0,1,1,0,0,0,0,1,0
Deni Avdija,https://www.basketball-reference.com/players/a/avdijde01.html,2021,2021-03-23,WAS,NYK,@,"L, 113-131",,21:47,5,7,2,4,2,3,1,3,4,0,0,0,0,6,14
Deni Avdija,https://www.basketball-reference.com/players/a/avdijde01.html,2021,2021-03-25,WAS,NYK,@,"L, 102-106",,10:55,0,4,0,1,0,0,0,2,2,0,0,1,0,4,0
Deni Avdija,https://www.basketball-reference.com/players/a/avdijde01.html,2021,2021-03-27,WAS,DET,,"W, 106-92",,26:51,2,6,1,3,0,0,1,4,5,2,2,0,0,0,5
Deni Avdija,https://www.basketball-reference.com/players/a/avdijde01.html,2021,2021-03-29,WAS,IND,,"W, 132-124",,31:31,4,6,2,3,2,2,0,8,8,1,0,0,0,2,12
Deni Avdija,https://www.basketball-reference.com/players/a/avdijde01.html,2021,2021-03-30,WAS,CHO,,"L, 104-114",,32:10,1,10,1,7,0,0,0,8,8,0,0,1,1,6,3
Deni Avdija,https://www.basketball-reference.com/players/a/avdijde01.html,2021,2021-04-01,WAS,DET,@,"L, 91-120",,33:58,4,10,1,4,2,5,0,10,10,1,1,0,1,3,11
Deni Avdija,https://www.basketball-reference.com/players/a/avdijde01.html,2021,2021-04-03,WAS,DAL,,"L, 87-109",,39:21,4,11,0,4,1,1,1,7,8,1,0,0,0,3,9
Deni Avdija,https://www.basketball-reference.com/players/a/avdijde01.html,2021,2021-04-05,WAS,TOR,@,"L, 101-103",,39:39,4,10,2,6,2,2,2,8,10,1,0,1,0,1,12
Deni Avdija,https://www.basketball-reference.com/players/a/avdijde01.html,2021,2021-04-07,WAS,ORL,@,"W, 131-116",,29:31,6,10,4,7,0,0,0,5,5,2,0,0,0,2,16
Deni Avdija,https://www.basketball-reference.com/players/a/avdijde01.html,2021,2021-04-09,WAS,GSW,@,"W, 110-107",,21:24,0,6,0,3,2,4,1,3,4,3,2,0,0,1,2
Deni Avdija,https://www.basketball-reference.com/players/a/avdijde01.html,2021,2021-04-10,WAS,PHO,@,"L, 106-134",,31:17,2,6,2,4,3,4,0,6,6,2,0,0,1,4,9
Deni Avdija,https://www.basketball-reference.com/players/a/avdijde01.html,2021,2021-04-12,WAS,UTA,@,"W, 125-121",,09:51,0,0,0,0,0,0,0,2,2,0,0,1,0,4,0
Deni Avdija,https://www.basketball-reference.com/players/a/avdijde01.html,2021,2021-04-14,WAS,SAC,@,"W, 123-111",,31:07,5,7,1,2,0,0,0,4,4,0,1,1,0,2,11
Deni Avdija,https://www.basketball-reference.com/players/a/avdijde01.html,2021,2021-04-16,WAS,NOP,,"W, 117-115 (OT)",,20:10,0,2,0,2,0,0,0,4,4,2,1,1,0,3,0
Deni Avdija,https://www.basketball-reference.com/players/a/avdijde01.html,2021,2021-04-17,WAS,DET,,"W, 121-100",,23:34,1,1,1,1,0,0,0,5,5,2,2,1,1,1,3
Deni Avdija,https://www.basketball-reference.com/players/a/avdijde01.html,2021,2021-04-19,WAS,OKC,,"W, 119-107",,26:12,3,11,0,6,0,1,1,5,6,0,0,0,0,2,6
Deni Avdija,https://www.basketball-reference.com/players/a/avdijde01.html,2021,2021-04-21,WAS,GSW,,"W, 118-114",,13:51,2,5,0,0,2,2,1,2,3,0,1,0,1,0,6
Deni Avdija,https://www.basketball-reference.com/players/a/avdijde01.html,2021,2021-04-23,WAS,OKC,@,"W, 129-109",,,,,,,,,,,,,,,,,
Deni Avdija,https://www.basketball-reference.com/players/a/avdijde01.html,2021,2021-04-25,WAS,CLE,,"W, 119-110",,,,,,,,,,,,,,,,,
Deni Avdija,https://www.basketball-reference.com/players/a/avdijde01.html,2021,2021-04-26,WAS,SAS,,"L, 143-146 (OT)",,,,,,,,,,,,,,,,,
Deni Avdija,https://www.basketball-reference.com/players/a/avdijde01.html,2021,2021-04-28,WAS,LAL,,"W, 116-107",,,,,,,,,,,,,,,,,
Deni Avdija,https://www.basketball-reference.com/players/a/avdijde01.html,2021,2021-04-30,WAS,CLE,@,"W, 122-93",,,,,,,,,,,,,,,,,
Deni Avdija,https://www.basketball-reference.com/players/a/avdijde01.html,2021,2021-05-01,WAS,DAL,@,"L, 124-125",,,,,,,,,,,,,,,,,
Deni Avdija,https://www.basketball-reference.com/players/a/avdijde01.html,2021,2021-05-03,WAS,IND,,"W, 154-141",,,,,,,,,,,,,,,,,
Deni Avdija,https://www.basketball-reference.com/players/a/avdijde01.html,2021,2021-05-05,WAS,MIL,@,"L, 134-135",,,,,,,,,,,,,,,,,
Deni Avdija,https://www.basketball-reference.com/players/a/avdijde01.html,2021,2021-05-06,WAS,TOR,@,"W, 131-129 (OT)",,,,,,,,,,,,,,,,,
Deni Avdija,https://www.basketball-reference.com/players/a/avdijde01.html,2021,2021-05-08,WAS,IND,@,"W, 133-132 (OT)",,,,,,,,,,,,,,,,,
Deni Avdija,https://www.basketball-reference.com/players/a/avdijde01.html,2021,2021-05-10,WAS,ATL,@,"L, 124-125",,,,,,,,,,,,,,,,,
Deni Avdija,https://www.basketball-reference.com/players/a/avdijde01.html,2021,2021-05-12,WAS,ATL,@,"L, 116-120",,,,,,,,,,,,,,,,,
Deni Avdija,https://www.basketball-reference.com/players/a/avdijde01.html,2021,2021-05-14,WAS,CLE,,"W, 120-105",,,,,,,,,,,,,,,,,
Deni Avdija,https://www.basketball-reference.com/players/a/avdijde01.html,2021,2021-05-16,WAS,CHO,,"W, 115-110",,,,,,,,,,,,,,,,,
Anthony Gill,https://www.basketball-reference.com/players/g/gillan01.html,2021,2020-12-23,WAS,PHI,@,"L, 107-113",,,,,,,,,,,,,,,,,
Anthony Gill,https://www.basketball-reference.com/players/g/gillan01.html,2021,2020-12-26,WAS,ORL,,"L, 120-130",,,,,,,,,,,,,,,,,
Anthony Gill,https://www.basketball-reference.com/players/g/gillan01.html,2021,2020-12-27,WAS,ORL,,"L, 113-120",,,,,,,,,,,,,,,,,
Anthony Gill,https://www.basketball-reference.com/players/g/gillan01.html,2021,2020-12-29,WAS,CHI,,"L, 107-115",,03:25,1,1,1,1,0,0,0,0,0,0,0,0,0,0,3
Anthony Gill,https://www.basketball-reference.com/players/g/gillan01.html,2021,2020-12-31,WAS,CHI,,"L, 130-133",,,,,,,,,,,,,,,,,
Anthony Gill,https://www.basketball-reference.com/players/g/gillan01.html,2021,,,,,,,,,,,,,,,,,,,,,,
Anthony Gill,https://www.basketball-reference.com/players/g/gillan01.html,2021,2021-01-01,WAS,MIN,@,"W, 130-109",,04:44,0,0,0,0,0,0,0,0,0,0,1,0,0,0,0
Anthony Gill,https://www.basketball-reference.com/players/g/gillan01.html,2021,2021-01-03,WAS,BRK,@,"W, 123-122",,,,,,,,,,,,,,,,,
Anthony Gill,https://www.basketball-reference.com/players/g/gillan01.html,2021,2021-01-06,WAS,PHI,@,"L, 136-141",,02:25,0,0,0,0,0,0,0,1,1,0,0,0,0,1,0
Anthony Gill,https://www.basketball-reference.com/players/g/gillan01.html,2021,2021-01-08,WAS,BOS,@,"L, 107-116",,,,,,,,,,,,,,,,,
Anthony Gill,https://www.basketball-reference.com/players/g/gillan01.html,2021,2021-01-09,WAS,MIA,,"L, 124-128",,,,,,,,,,,,,,,,,
Anthony Gill,https://www.basketball-reference.com/players/g/gillan01.html,2021,2021-01-11,WAS,PHO,,"W, 128-107",,03:17,1,2,0,1,2,2,0,2,2,0,0,0,0,1,4
Anthony Gill,https://www.basketball-reference.com/players/g/gillan01.html,2021,2021-01-24,WAS,SAS,@,"L, 101-121",,10:04,0,1,0,1,0,0,0,2,2,0,0,0,0,0,0
Anthony Gill,https://www.basketball-reference.com/players/g/gillan01.html,2021,2021-01-26,WAS,HOU,@,"L, 88-107",,22:15,1,4,0,3,0,0,2,6,8,2,1,0,2,1,2
Anthony Gill,https://www.basketball-reference.com/players/g/gillan01.html,2021,2021-01-27,WAS,NOP,@,"L, 106-124",,11:35,0,2,0,1,0,0,0,3,3,1,1,0,1,0,0
Anthony Gill,https://www.basketball-reference.com/players/g/gillan01.html,2021,2021-01-29,WAS,ATL,,"L, 100-116",,01:49,0,0,0,0,0,0,0,1,1,0,0,0,0,0,0
Anthony Gill,https://www.basketball-reference.com/players/g/gillan01.html,2021,2021-01-31,WAS,BRK,,"W, 149-146",,,,,,,,,,,,,,,,,
Anthony Gill,https://www.basketball-reference.com/players/g/gillan01.html,2021,2021-02-02,WAS,POR,,"L, 121-132",,,,,,,,,,,,,,,,,
Anthony Gill,https://www.basketball-reference.com/players/g/gillan01.html,2021,2021-02-03,WAS,MIA,@,"W, 103-100",,,,,,,,,,,,,,,,,
Anthony Gill,https://www.basketball-reference.com/players/g/gillan01.html,2021,2021-02-05,WAS,MIA,@,"L, 95-122",,,,,,,,,,,,,,,,,
Anthony Gill,https://www.basketball-reference.com/players/g/gillan01.html,2021,2021-02-07,WAS,CHO,@,"L, 97-119",,03:07,0,0,0,0,0,0,0,1,1,0,0,1,0,0,0
Anthony Gill,https://www.basketball-reference.com/players/g/gillan01.html,2021,2021-02-08,WAS,CHI,@,"W, 105-101",,,,,,,,,,,,,,,,,
Anthony Gill,https://www.basketball-reference.com/players/g/gillan01.html,2021,2021-02-10,WAS,TOR,,"L, 115-137",,02:27,0,0,0,0,1,2,1,0,1,0,0,1,0,0,1
Anthony Gill,https://www.basketball-reference.com/players/g/gillan01.html,2021,2021-02-12,WAS,NYK,,"L, 91-109",,,,,,,,,,,,,,,,,
Anthony Gill,https://www.basketball-reference.com/players/g/gillan01.html,2021,2021-02-14,WAS,BOS,,"W, 104-91",,,,,,,,,,,,,,,,,
Anthony Gill,https://www.basketball-reference.com/players/g/gillan01.html,2021,2021-02-15,WAS,HOU,,"W, 131-119",,,,,,,,,,,,,,,,,
Anthony Gill,https://www.basketball-reference.com/players/g/gillan01.html,2021,2021-02-17,WAS,DEN,,"W, 130-128",,,,,,,,,,,,,,,,,
Anthony Gill,https://www.basketball-reference.com/players/g/gillan01.html,2021,2021-02-20,WAS,POR,@,"W, 118-111",,,,,,,,,,,,,,,,,
Anthony Gill,https://www.basketball-reference.com/players/g/gillan01.html,2021,2021-02-22,WAS,LAL,@,"W, 127-124 (OT)",,,,,,,,,,,,,,,,,
Anthony Gill,https://www.basketball-reference.com/players/g/gillan01.html,2021,2021-02-23,WAS,LAC,@,"L, 116-135",,,,,,,,,,,,,,,,,
Anthony Gill,https://www.basketball-reference.com/players/g/gillan01.html,2021,2021-02-25,WAS,DEN,@,"W, 112-110",,,,,,,,,,,,,,,,,
Anthony Gill,https://www.basketball-reference.com/players/g/gillan01.html,2021,2021-02-27,WAS,MIN,,"W, 128-112",,00:49,0,0,0,0,0,0,0,0,0,0,0,0,0,0,0
Anthony Gill,https://www.basketball-reference.com/players/g/gillan01.html,2021,2021-02-28,WAS,BOS,@,"L, 110-111",,,,,,,,,,,,,,,,,
Anthony Gill,https://www.basketball-reference.com/players/g/gillan01.html,2021,2021-03-02,WAS,MEM,,"L, 111-125",,01:15,0,0,0,0,0,0,0,0,0,1,0,0,0,0,0
Anthony Gill,https://www.basketball-reference.com/players/g/gillan01.html,2021,2021-03-04,WAS,LAC,,"W, 119-117",,,,,,,,,,,,,,,,,
Anthony Gill,https://www.basketball-reference.com/players/g/gillan01.html,2021,2021-03-10,WAS,MEM,@,"L, 112-127",,,,,,,,,,,,,,,,,
Anthony Gill,https://www.basketball-reference.com/players/g/gillan01.html,2021,2021-03-12,WAS,PHI,,"L, 101-127",,,,,,,,,,,,,,,,,
Anthony Gill,https://www.basketball-reference.com/players/g/gillan01.html,2021,2021-03-13,WAS,MIL,,"L, 119-125",,,,,,,,,,,,,,,,,
Anthony Gill,https://www.basketball-reference.com/players/g/gillan01.html,2021,2021-03-15,WAS,MIL,,"L, 122-133",,,,,,,,,,,,,,,,,
Anthony Gill,https://www.basketball-reference.com/players/g/gillan01.html,2021,2021-03-17,WAS,SAC,,"L, 119-121",,,,,,,,,,,,,,,,,
Anthony Gill,https://www.basketball-reference.com/players/g/gillan01.html,2021,2021-03-18,WAS,UTA,,"W, 131-122",,,,,,,,,,,,,,,,,
Anthony Gill,https://www.basketball-reference.com/players/g/gillan01.html,2021,2021-03-21,WAS,BRK,@,"L, 106-113",,,,,,,,,,,,,,,,,
Anthony Gill,https://www.basketball-reference.com/players/g/gillan01.html,2021,2021-03-23,WAS,NYK,@,"L, 113-131",,04:53,1,2,0,1,0,0,0,0,0,0,0,0,0,0,2
Anthony Gill,https://www.basketball-reference.com/players/g/gillan01.html,2021,2021-03-25,WAS,NYK,@,"L, 102-106",,,,,,,,,,,,,,,,,
Anthony Gill,https://www.basketball-reference.com/players/g/gillan01.html,2021,2021-03-27,WAS,DET,,"W, 106-92",,,,,,,,,,,,,,,,,
Anthony Gill,https://www.basketball-reference.com/players/g/gillan01.html,2021,2021-03-29,WAS,IND,,"W, 132-124",,,,,,,,,,,,,,,,,
Anthony Gill,https://www.basketball-reference.com/players/g/gillan01.html,2021,2021-03-30,WAS,CHO,,"L, 104-114",,,,,,,,,,,,,,,,,
Anthony Gill,https://www.basketball-reference.com/players/g/gillan01.html,2021,2021-04-01,WAS,DET,@,"L, 91-120",,,,,,,,,,,,,,,,,
Anthony Gill,https://www.basketball-reference.com/players/g/gillan01.html,2021,2021-04-03,WAS,DAL,,"L, 87-109",,02:37,0,1,0,1,0,0,0,0,0,0,0,0,0,1,0
Anthony Gill,https://www.basketball-reference.com/players/g/gillan01.html,2021,2021-04-05,WAS,TOR,@,"L, 101-103",,09:54,1,5,0,2,0,0,5,1,6,0,1,0,1,2,2
Anthony Gill,https://www.basketball-reference.com/players/g/gillan01.html,2021,2021-04-07,WAS,ORL,@,"W, 131-116",,03:35,0,0,0,0,0,0,0,1,1,0,0,0,0,4,0
Anthony Gill,https://www.basketball-reference.com/players/g/gillan01.html,2021,2021-04-09,WAS,GSW,@,"W, 110-107",,,,,,,,,,,,,,,,,
Anthony Gill,https://www.basketball-reference.com/players/g/gillan01.html,2021,2021-04-10,WAS,PHO,@,"L, 106-134",,04:15,2,2,1,1,1,1,1,0,1,0,0,0,0,0,6
Anthony Gill,https://www.basketball-reference.com/players/g/gillan01.html,2021,2021-04-12,WAS,UTA,@,"W, 125-121",,,,,,,,,,,,,,,,,
Anthony Gill,https://www.basketball-reference.com/players/g/gillan01.html,2021,2021-04-14,WAS,SAC,@,"W, 123-111",,,,,,,,,,,,,,,,,
Anthony Gill,https://www.basketball-reference.com/players/g/gillan01.html,2021,2021-04-16,WAS,NOP,,"W, 117-115 (OT)",,,,,,,,,,,,,,,,,
Anthony Gill,https://www.basketball-reference.com/players/g/gillan01.html,2021,2021-04-17,WAS,DET,,"W, 121-100",,02:53,0,1,0,0,0,0,0,0,0,0,0,0,0,1,0
Anthony Gill,https://www.basketball-reference.com/players/g/gillan01.html,2021,2021-04-19,WAS,OKC,,"W, 119-107",,,,,,,,,,,,,,,,,
Anthony Gill,https://www.basketball-reference.com/players/g/gillan01.html,2021,2021-04-21,WAS,GSW,,"W, 118-114",,,,,,,,,,,,,,,,,
Anthony Gill,https://www.basketball-reference.com/players/g/gillan01.html,2021,2021-04-23,WAS,OKC,@,"W, 129-109",,20:18,4,5,1,2,0,0,3,7,10,1,1,0,1,1,9
Anthony Gill,https://www.basketball-reference.com/players/g/gillan01.html,2021,2021-04-25,WAS,CLE,,"W, 119-110",,13:59,2,4,1,3,0,0,0,1,1,1,0,0,1,3,5
Anthony Gill,https://www.basketball-reference.com/players/g/gillan01.html,2021,2021-04-26,WAS,SAS,,"L, 143-146 (OT)",,13:55,6,7,1,1,0,1,1,2,3,0,1,1,0,2,13
Anthony Gill,https://www.basketball-reference.com/players/g/gillan01.html,2021,2021-04-28,WAS,LAL,,"W, 116-107",,,,,,,,,,,,,,,,,
Anthony Gill,https://www.basketball-reference.com/players/g/gillan01.html,2021,2021-04-30,WAS,CLE,@,"W, 122-93",,18:48,4,5,1,2,1,2,1,0,1,4,2,0,0,4,10
Anthony Gill,https://www.basketball-reference.com/players/g/gillan01.html,2021,2021-05-01,WAS,DAL,@,"L, 124-125",,,,,,,,,,,,,,,,,
Anthony Gill,https://www.basketball-reference.com/players/g/gillan01.html,2021,2021-05-03,WAS,IND,,"W, 154-141",,,,,,,,,,,,,,,,,
Anthony Gill,https://www.basketball-reference.com/players/g/gillan01.html,2021,2021-05-05,WAS,MIL,@,"L, 134-135",,18:15,5,10,1,2,0,0,0,1,1,0,0,0,0,3,11
Anthony Gill,https://www.basketball-reference.com/players/g/gillan01.html,2021,2021-05-06,WAS,TOR,@,"W, 131-129 (OT)",,08:52,0,4,0,2,0,0,0,1,1,0,0,0,0,1,0
Anthony Gill,https://www.basketball-reference.com/players/g/gillan01.html,2021,2021-05-08,WAS,IND,@,"W, 133-132 (OT)",,,,,,,,,,,,,,,,,
Anthony Gill,https://www.basketball-reference.com/players/g/gillan01.html,2021,2021-05-10,WAS,ATL,@,"L, 124-125",,,,,,,,,,,,,,,,,
Anthony Gill,https://www.basketball-reference.com/players/g/gillan01.html,2021,2021-05-12,WAS,ATL,@,"L, 116-120",,,,,,,,,,,,,,,,,
Anthony Gill,https://www.basketball-reference.com/players/g/gillan01.html,2021,2021-05-14,WAS,CLE,,"W, 120-105",,21:35,2,4,0,0,8,8,2,3,5,1,2,1,1,2,12
Anthony Gill,https://www.basketball-reference.com/players/g/gillan01.html,2021,2021-05-16,WAS,CHO,,"W, 115-110",,06:56,0,0,0,0,0,0,0,2,2,0,0,0,1,0,0
Cassius Winston,https://www.basketball-reference.com/players/w/winstca01.html,2021,2020-12-23,WAS,PHI,@,"L, 107-113",,,,,,,,,,,,,,,,,
Cassius Winston,https://www.basketball-reference.com/players/w/winstca01.html,2021,2020-12-26,WAS,ORL,,"L, 120-130",,,,,,,,,,,,,,,,,
Cassius Winston,https://www.basketball-reference.com/players/w/winstca01.html,2021,2020-12-27,WAS,ORL,,"L, 113-120",,,,,,,,,,,,,,,,,
Cassius Winston,https://www.basketball-reference.com/players/w/winstca01.html,2021,2020-12-29,WAS,CHI,,"L, 107-115",,,,,,,,,,,,,,,,,
Cassius Winston,https://www.basketball-reference.com/players/w/winstca01.html,2021,2020-12-31,WAS,CHI,,"L, 130-133",,,,,,,,,,,,,,,,,
Cassius Winston,https://www.basketball-reference.com/players/w/winstca01.html,2021,,,,,,,,,,,,,,,,,,,,,,
Cassius Winston,https://www.basketball-reference.com/players/w/winstca01.html,2021,2021-01-01,WAS,MIN,@,"W, 130-109",,,,,,,,,,,,,,,,,
Cassius Winston,https://www.basketball-reference.com/players/w/winstca01.html,2021,2021-01-03,WAS,BRK,@,"W, 123-122",,,,,,,,,,,,,,,,,
Cassius Winston,https://www.basketball-reference.com/players/w/winstca01.html,2021,2021-01-06,WAS,PHI,@,"L, 136-141",,,,,,,,,,,,,,,,,
Cassius Winston,https://www.basketball-reference.com/players/w/winstca01.html,2021,2021-01-08,WAS,BOS,@,"L, 107-116",,,,,,,,,,,,,,,,,
Cassius Winston,https://www.basketball-reference.com/players/w/winstca01.html,2021,2021-01-09,WAS,MIA,,"L, 124-128",,,,,,,,,,,,,,,,,
Cassius Winston,https://www.basketball-reference.com/players/w/winstca01.html,2021,2021-01-11,WAS,PHO,,"W, 128-107",,02:10,0,1,0,1,0,0,0,0,0,1,0,0,0,1,0
Cassius Winston,https://www.basketball-reference.com/players/w/winstca01.html,2021,2021-01-24,WAS,SAS,@,"L, 101-121",,21:44,3,7,2,5,0,0,0,4,4,2,0,1,1,2,8
Cassius Winston,https://www.basketball-reference.com/players/w/winstca01.html,2021,2021-01-26,WAS,HOU,@,"L, 88-107",,01:13,0,0,0,0,0,0,0,0,0,0,0,0,0,0,0
Cassius Winston,https://www.basketball-reference.com/players/w/winstca01.html,2021,2021-01-27,WAS,NOP,@,"L, 106-124",,15:40,1,2,1,1,0,0,0,0,0,3,0,0,0,1,3
Cassius Winston,https://www.basketball-reference.com/players/w/winstca01.html,2021,2021-01-29,WAS,ATL,,"L, 100-116",,01:49,0,0,0,0,2,2,0,0,0,0,0,0,0,0,2
Cassius Winston,https://www.basketball-reference.com/players/w/winstca01.html,2021,2021-01-31,WAS,BRK,,"W, 149-146",,,,,,,,,,,,,,,,,
Cassius Winston,https://www.basketball-reference.com/players/w/winstca01.html,2021,2021-02-02,WAS,POR,,"L, 121-132",,01:12,0,0,0,0,0,0,0,0,0,0,0,0,0,0,0
Cassius Winston,https://www.basketball-reference.com/players/w/winstca01.html,2021,2021-02-03,WAS,MIA,@,"W, 103-100",,,,,,,,,,,,,,,,,
Cassius Winston,https://www.basketball-reference.com/players/w/winstca01.html,2021,2021-02-05,WAS,MIA,@,"L, 95-122",,,,,,,,,,,,,,,,,
Cassius Winston,https://www.basketball-reference.com/players/w/winstca01.html,2021,2021-02-07,WAS,CHO,@,"L, 97-119",,,,,,,,,,,,,,,,,
Cassius Winston,https://www.basketball-reference.com/players/w/winstca01.html,2021,2021-02-08,WAS,CHI,@,"W, 105-101",,,,,,,,,,,,,,,,,
Cassius Winston,https://www.basketball-reference.com/players/w/winstca01.html,2021,2021-02-10,WAS,TOR,,"L, 115-137",,,,,,,,,,,,,,,,,
Cassius Winston,https://www.basketball-reference.com/players/w/winstca01.html,2021,2021-02-12,WAS,NYK,,"L, 91-109",,,,,,,,,,,,,,,,,
Cassius Winston,https://www.basketball-reference.com/players/w/winstca01.html,2021,2021-02-14,WAS,BOS,,"W, 104-91",,,,,,,,,,,,,,,,,
Cassius Winston,https://www.basketball-reference.com/players/w/winstca01.html,2021,2021-02-15,WAS,HOU,,"W, 131-119",,,,,,,,,,,,,,,,,
Cassius Winston,https://www.basketball-reference.com/players/w/winstca01.html,2021,2021-02-17,WAS,DEN,,"W, 130-128",,,,,,,,,,,,,,,,,
Cassius Winston,https://www.basketball-reference.com/players/w/winstca01.html,2021,2021-02-20,WAS,POR,@,"W, 118-111",,,,,,,,,,,,,,,,,
Cassius Winston,https://www.basketball-reference.com/players/w/winstca01.html,2021,2021-02-22,WAS,LAL,@,"W, 127-124 (OT)",,,,,,,,,,,,,,,,,
Cassius Winston,https://www.basketball-reference.com/players/w/winstca01.html,2021,2021-02-23,WAS,LAC,@,"L, 116-135",,,,,,,,,,,,,,,,,
Cassius Winston,https://www.basketball-reference.com/players/w/winstca01.html,2021,2021-02-25,WAS,DEN,@,"W, 112-110",,,,,,,,,,,,,,,,,
Cassius Winston,https://www.basketball-reference.com/players/w/winstca01.html,2021,2021-02-27,WAS,MIN,,"W, 128-112",,,,,,,,,,,,,,,,,
Cassius Winston,https://www.basketball-reference.com/players/w/winstca01.html,2021,2021-02-28,WAS,BOS,@,"L, 110-111",,,,,,,,,,,,,,,,,
Cassius Winston,https://www.basketball-reference.com/players/w/winstca01.html,2021,2021-03-02,WAS,MEM,,"L, 111-125",,,,,,,,,,,,,,,,,
Cassius Winston,https://www.basketball-reference.com/players/w/winstca01.html,2021,2021-03-04,WAS,LAC,,"W, 119-117",,,,,,,,,,,,,,,,,
Cassius Winston,https://www.basketball-reference.com/players/w/winstca01.html,2021,2021-03-10,WAS,MEM,@,"L, 112-127",,,,,,,,,,,,,,,,,
Cassius Winston,https://www.basketball-reference.com/players/w/winstca01.html,2021,2021-03-12,WAS,PHI,,"L, 101-127",,06:19,1,1,1,1,0,0,0,1,1,1,0,0,0,0,3
Cassius Winston,https://www.basketball-reference.com/players/w/winstca01.html,2021,2021-03-13,WAS,MIL,,"L, 119-125",,,,,,,,,,,,,,,,,
Cassius Winston,https://www.basketball-reference.com/players/w/winstca01.html,2021,2021-03-15,WAS,MIL,,"L, 122-133",,01:10,0,1,0,1,0,0,0,0,0,1,0,0,0,0,0
Cassius Winston,https://www.basketball-reference.com/players/w/winstca01.html,2021,2021-03-17,WAS,SAC,,"L, 119-121",,,,,,,,,,,,,,,,,
Cassius Winston,https://www.basketball-reference.com/players/w/winstca01.html,2021,2021-03-18,WAS,UTA,,"W, 131-122",,,,,,,,,,,,,,,,,
Cassius Winston,https://www.basketball-reference.com/players/w/winstca01.html,2021,2021-03-21,WAS,BRK,@,"L, 106-113",,,,,,,,,,,,,,,,,
Cassius Winston,https://www.basketball-reference.com/players/w/winstca01.html,2021,2021-03-23,WAS,NYK,@,"L, 113-131",,05:03,1,2,1,1,0,0,0,2,2,2,0,0,0,0,3
Cassius Winston,https://www.basketball-reference.com/players/w/winstca01.html,2021,2021-03-25,WAS,NYK,@,"L, 102-106",,,,,,,,,,,,,,,,,
Cassius Winston,https://www.basketball-reference.com/players/w/winstca01.html,2021,2021-03-27,WAS,DET,,"W, 106-92",,00:52,0,1,0,0,0,0,0,0,0,0,0,0,0,1,0
Cassius Winston,https://www.basketball-reference.com/players/w/winstca01.html,2021,2021-03-29,WAS,IND,,"W, 132-124",,,,,,,,,,,,,,,,,
Cassius Winston,https://www.basketball-reference.com/players/w/winstca01.html,2021,2021-03-30,WAS,CHO,,"L, 104-114",,10:42,1,3,1,2,0,0,0,0,0,0,2,0,0,0,3
Cassius Winston,https://www.basketball-reference.com/players/w/winstca01.html,2021,2021-04-01,WAS,DET,@,"L, 91-120",,06:05,2,4,1,1,0,0,0,0,0,0,0,0,0,2,5
Cassius Winston,https://www.basketball-reference.com/players/w/winstca01.html,2021,2021-04-03,WAS,DAL,,"L, 87-109",,02:37,0,0,0,0,2,2,0,0,0,0,0,0,0,0,2
Cassius Winston,https://www.basketball-reference.com/players/w/winstca01.html,2021,2021-04-05,WAS,TOR,@,"L, 101-103",,,,,,,,,,,,,,,,,
Cassius Winston,https://www.basketball-reference.com/players/w/winstca01.html,2021,2021-04-07,WAS,ORL,@,"W, 131-116",,01:44,0,0,0,0,0,0,0,0,0,0,0,0,0,0,0
Cassius Winston,https://www.basketball-reference.com/players/w/winstca01.html,2021,2021-04-09,WAS,GSW,@,"W, 110-107",,,,,,,,,,,,,,,,,
Cassius Winston,https://www.basketball-reference.com/players/w/winstca01.html,2021,2021-04-10,WAS,PHO,@,"L, 106-134",,07:13,1,4,0,2,1,2,0,2,2,0,0,0,0,1,3
Cassius Winston,https://www.basketball-reference.com/players/w/winstca01.html,2021,2021-04-12,WAS,UTA,@,"W, 125-121",,,,,,,,,,,,,,,,,
Cassius Winston,https://www.basketball-reference.com/players/w/winstca01.html,2021,2021-04-14,WAS,SAC,@,"W, 123-111",,,,,,,,,,,,,,,,,
Cassius Winston,https://www.basketball-reference.com/players/w/winstca01.html,2021,2021-04-16,WAS,NOP,,"W, 117-115 (OT)",,,,,,,,,,,,,,,,,
Cassius Winston,https://www.basketball-reference.com/players/w/winstca01.html,2021,2021-04-17,WAS,DET,,"W, 121-100",,02:53,2,3,0,0,0,0,0,0,0,0,0,0,0,0,4
Cassius Winston,https://www.basketball-reference.com/players/w/winstca01.html,2021,2021-04-19,WAS,OKC,,"W, 119-107",,00:50,0,0,0,0,0,0,0,0,0,0,0,0,0,0,0
Cassius Winston,https://www.basketball-reference.com/players/w/winstca01.html,2021,2021-04-21,WAS,GSW,,"W, 118-114",,,,,,,,,,,,,,,,,
Cassius Winston,https://www.basketball-reference.com/players/w/winstca01.html,2021,2021-04-23,WAS,OKC,@,"W, 129-109",,02:15,1,2,1,1,0,0,0,0,0,1,0,0,0,0,3
Cassius Winston,https://www.basketball-reference.com/players/w/winstca01.html,2021,2021-04-25,WAS,CLE,,"W, 119-110",,,,,,,,,,,,,,,,,
Cassius Winston,https://www.basketball-reference.com/players/w/winstca01.html,2021,2021-04-26,WAS,SAS,,"L, 143-146 (OT)",,,,,,,,,,,,,,,,,
Cassius Winston,https://www.basketball-reference.com/players/w/winstca01.html,2021,2021-04-28,WAS,LAL,,"W, 116-107",,01:09,0,0,0,0,0,0,0,0,0,0,0,0,1,0,0
Cassius Winston,https://www.basketball-reference.com/players/w/winstca01.html,2021,2021-04-30,WAS,CLE,@,"W, 122-93",,04:20,1,2,0,1,0,0,0,0,0,1,0,0,3,0,2
Cassius Winston,https://www.basketball-reference.com/players/w/winstca01.html,2021,2021-05-01,WAS,DAL,@,"L, 124-125",,,,,,,,,,,,,,,,,
Cassius Winston,https://www.basketball-reference.com/players/w/winstca01.html,2021,2021-05-03,WAS,IND,,"W, 154-141",,00:12,0,0,0,0,0,0,0,0,0,0,0,0,0,0,0
Cassius Winston,https://www.basketball-reference.com/players/w/winstca01.html,2021,2021-05-05,WAS,MIL,@,"L, 134-135",,,,,,,,,,,,,,,,,
Cassius Winston,https://www.basketball-reference.com/players/w/winstca01.html,2021,2021-05-06,WAS,TOR,@,"W, 131-129 (OT)",,,,,,,,,,,,,,,,,
Cassius Winston,https://www.basketball-reference.com/players/w/winstca01.html,2021,2021-05-08,WAS,IND,@,"W, 133-132 (OT)",,,,,,,,,,,,,,,,,
Cassius Winston,https://www.basketball-reference.com/players/w/winstca01.html,2021,2021-05-10,WAS,ATL,@,"L, 124-125",,,,,,,,,,,,,,,,,
Cassius Winston,https://www.basketball-reference.com/players/w/winstca01.html,2021,2021-05-12,WAS,ATL,@,"L, 116-120",,,,,,,,,,,,,,,,,
Cassius Winston,https://www.basketball-reference.com/players/w/winstca01.html,2021,2021-05-14,WAS,CLE,,"W, 120-105",,00:59,0,0,0,0,0,0,0,0,0,0,0,0,0,0,0
Cassius Winston,https://www.basketball-reference.com/players/w/winstca01.html,2021,2021-05-16,WAS,CHO,,"W, 115-110",,,,,,,,,,,,,,,,,
