player,href,season,date,team,opp,home_away,result,gs,mp,fg,fga,fg3,fg3a,ft,fta,orb,drb,trb,ast,stl,blk,tov,pf,pts
AJ Griffin,https://www.basketball-reference.com/players/g/griffaj01.html,2023,2022-10-19,ATL,HOU,,"W, 117-107",,,,,,,,,,,,,,,,,
AJ Griffin,https://www.basketball-reference.com/players/g/griffaj01.html,2023,2022-10-21,ATL,ORL,,"W, 108-98",,,,,,,,,,,,,,,,,
AJ Griffin,https://www.basketball-reference.com/players/g/griffaj01.html,2023,2022-10-23,ATL,CHO,,"L, 109-126",,06:27,3,4,2,3,0,0,0,0,0,0,2,0,0,0,8
AJ Griffin,https://www.basketball-reference.com/players/g/griffaj01.html,2023,2022-10-26,ATL,DET,@,"W, 118-113",,,,,,,,,,,,,,,,,
AJ Griffin,https://www.basketball-reference.com/players/g/griffaj01.html,2023,2022-10-28,ATL,DET,@,"W, 136-112",,05:43,4,6,2,3,0,0,0,0,0,0,0,0,0,2,10
AJ Griffin,https://www.basketball-reference.com/players/g/griffaj01.html,2023,2022-10-29,ATL,MIL,@,"L, 115-123",,05:05,0,2,0,0,0,0,2,0,2,0,0,0,0,0,0
AJ Griffin,https://www.basketball-reference.com/players/g/griffaj01.html,2023,2022-10-31,ATL,TOR,@,"L, 109-139",,14:28,1,3,0,2,0,0,0,2,2,1,0,0,0,1,2
AJ Griffin,https://www.basketball-reference.com/players/g/griffaj01.html,2023,,,,,,,,,,,,,,,,,,,,,,
AJ Griffin,https://www.basketball-reference.com/players/g/griffaj01.html,2023,2022-11-02,ATL,NYK,@,"W, 112-99",,09:16,1,2,1,2,0,0,0,0,0,2,0,0,0,0,3
AJ Griffin,https://www.basketball-reference.com/players/g/griffaj01.html,2023,2022-11-05,ATL,NOP,,"W, 124-121 (OT)",,,,,,,,,,,,,,,,,
AJ Griffin,https://www.basketball-reference.com/players/g/griffaj01.html,2023,2022-11-07,ATL,MIL,,"W, 117-98",,31:23,10,15,2,6,2,2,1,3,4,1,3,0,1,2,24
AJ Griffin,https://www.basketball-reference.com/players/g/griffaj01.html,2023,2022-11-09,ATL,UTA,,"L, 119-125",,10:29,1,5,1,4,0,0,1,2,3,0,0,0,0,1,3
AJ Griffin,https://www.basketball-reference.com/players/g/griffaj01.html,2023,2022-11-10,ATL,PHI,,"W, 104-95",,14:19,1,3,1,2,0,0,0,2,2,1,1,0,1,2,3
AJ Griffin,https://www.basketball-reference.com/players/g/griffaj01.html,2023,2022-11-12,ATL,PHI,@,"L, 109-121",,12:00,3,7,2,2,1,1,0,1,1,0,0,0,1,0,9
AJ Griffin,https://www.basketball-reference.com/players/g/griffaj01.html,2023,2022-11-14,ATL,MIL,@,"W, 121-106",,17:06,3,6,1,2,0,0,1,1,2,1,0,0,2,1,7
AJ Griffin,https://www.basketball-reference.com/players/g/griffaj01.html,2023,2022-11-16,ATL,BOS,,"L, 101-126",,20:51,3,9,0,4,0,0,3,0,3,1,1,0,2,1,6
AJ Griffin,https://www.basketball-reference.com/players/g/griffaj01.html,2023,2022-11-19,ATL,TOR,,"W, 124-122 (OT)",,30:00,8,15,1,6,0,0,3,2,5,1,1,1,0,2,17
AJ Griffin,https://www.basketball-reference.com/players/g/griffaj01.html,2023,2022-11-21,ATL,CLE,@,"L, 102-114",,35:55,7,11,3,6,0,0,1,1,2,1,3,0,2,3,17
AJ Griffin,https://www.basketball-reference.com/players/g/griffaj01.html,2023,2022-11-23,ATL,SAC,,"W, 115-106",,24:06,4,8,2,4,2,2,1,2,3,2,1,0,1,0,12
AJ Griffin,https://www.basketball-reference.com/players/g/griffaj01.html,2023,2022-11-25,ATL,HOU,@,"L, 122-128",,23:58,3,5,3,4,2,2,0,1,1,1,2,0,1,2,11
AJ Griffin,https://www.basketball-reference.com/players/g/griffaj01.html,2023,2022-11-27,ATL,MIA,,"L, 98-106",,21:21,3,13,2,9,0,0,0,2,2,0,1,0,0,1,8
AJ Griffin,https://www.basketball-reference.com/players/g/griffaj01.html,2023,2022-11-28,ATL,PHI,@,"L, 101-104",,15:40,1,6,1,6,0,0,1,1,2,0,1,0,1,2,3
AJ Griffin,https://www.basketball-reference.com/players/g/griffaj01.html,2023,2022-11-30,ATL,ORL,@,"W, 125-108",,23:07,6,12,3,6,0,0,0,1,1,1,1,0,0,0,15
AJ Griffin,https://www.basketball-reference.com/players/g/griffaj01.html,2023,2022-12-02,ATL,DEN,,"W, 117-109",,34:40,11,16,2,5,0,0,1,2,3,1,3,0,2,0,24
AJ Griffin,https://www.basketball-reference.com/players/g/griffaj01.html,2023,2022-12-05,ATL,OKC,,"L, 114-121",,30:19,4,15,3,9,0,0,1,3,4,2,3,0,1,2,11
AJ Griffin,https://www.basketball-reference.com/players/g/griffaj01.html,2023,2022-12-07,ATL,NYK,@,"L, 89-113",,28:59,3,13,1,8,2,2,0,1,1,2,1,0,1,2,9
AJ Griffin,https://www.basketball-reference.com/players/g/griffaj01.html,2023,2022-12-09,ATL,BRK,@,"L, 116-120",,20:01,4,11,1,5,1,2,1,1,2,2,1,0,3,0,10
AJ Griffin,https://www.basketball-reference.com/players/g/griffaj01.html,2023,2022-12-11,ATL,CHI,,"W, 123-122 (OT)",,40:11,7,17,2,11,1,1,0,2,2,2,0,1,1,2,17
AJ Griffin,https://www.basketball-reference.com/players/g/griffaj01.html,2023,2022-12-12,ATL,MEM,@,"L, 103-128",,24:40,5,12,2,5,1,2,2,1,3,1,1,0,2,1,13
AJ Griffin,https://www.basketball-reference.com/players/g/griffaj01.html,2023,2022-12-14,ATL,ORL,@,"L, 124-135",,27:23,6,9,3,4,0,0,1,1,2,0,0,1,0,2,15
AJ Griffin,https://www.basketball-reference.com/players/g/griffaj01.html,2023,2022-12-16,ATL,CHO,@,"W, 125-106",,27:52,5,8,3,6,0,0,0,2,2,2,0,0,0,3,13
AJ Griffin,https://www.basketball-reference.com/players/g/griffaj01.html,2023,2022-12-19,ATL,ORL,,"W, 126-125",,25:04,8,13,3,4,0,0,0,7,7,2,1,0,1,2,19
AJ Griffin,https://www.basketball-reference.com/players/g/griffaj01.html,2023,2022-12-21,ATL,CHI,,"L, 108-110",,21:23,5,7,4,6,0,0,0,3,3,0,3,0,0,1,14
AJ Griffin,https://www.basketball-reference.com/players/g/griffaj01.html,2023,2022-12-23,ATL,DET,,"W, 130-105",,20:44,3,6,0,1,2,2,0,4,4,2,1,0,1,2,8
AJ Griffin,https://www.basketball-reference.com/players/g/griffaj01.html,2023,2022-12-27,ATL,IND,@,"L, 114-129",,27:20,4,10,1,4,0,0,0,1,1,1,0,0,1,0,9
AJ Griffin,https://www.basketball-reference.com/players/g/griffaj01.html,2023,2022-12-28,ATL,BRK,,"L, 107-108",,24:27,2,10,0,3,0,0,1,3,4,2,2,0,1,2,4
AJ Griffin,https://www.basketball-reference.com/players/g/griffaj01.html,2023,2022-12-30,ATL,LAL,,"L, 121-130",,24:30,5,10,3,6,0,0,0,1,1,2,0,0,0,2,13
AJ Griffin,https://www.basketball-reference.com/players/g/griffaj01.html,2023,2023-01-02,ATL,GSW,@,"L, 141-143 (2OT)",,15:25,1,2,0,1,0,0,0,1,1,0,0,0,0,0,2
AJ Griffin,https://www.basketball-reference.com/players/g/griffaj01.html,2023,2023-01-04,ATL,SAC,@,"W, 120-117",,16:50,2,6,1,5,0,0,0,1,1,2,0,1,0,1,5
AJ Griffin,https://www.basketball-reference.com/players/g/griffaj01.html,2023,2023-01-06,ATL,LAL,@,"L, 114-130",,14:46,2,3,1,2,0,0,0,2,2,0,0,0,1,1,5
AJ Griffin,https://www.basketball-reference.com/players/g/griffaj01.html,2023,2023-01-08,ATL,LAC,@,"W, 112-108",,10:53,3,3,1,1,0,0,0,0,0,0,0,1,0,0,7
AJ Griffin,https://www.basketball-reference.com/players/g/griffaj01.html,2023,2023-01-11,ATL,MIL,,"L, 105-114",,16:27,3,6,1,3,0,0,0,2,2,1,0,0,0,1,7
AJ Griffin,https://www.basketball-reference.com/players/g/griffaj01.html,2023,2023-01-13,ATL,IND,@,"W, 113-111",,14:11,4,8,0,2,0,0,1,0,1,1,0,1,2,0,8
AJ Griffin,https://www.basketball-reference.com/players/g/griffaj01.html,2023,2023-01-14,ATL,TOR,@,"W, 114-103",,22:39,5,7,3,5,0,0,0,4,4,0,0,0,0,3,13
AJ Griffin,https://www.basketball-reference.com/players/g/griffaj01.html,2023,2023-01-16,ATL,MIA,,"W, 121-113",,20:16,5,6,2,3,0,0,0,3,3,2,0,0,0,1,12
AJ Griffin,https://www.basketball-reference.com/players/g/griffaj01.html,2023,2023-01-18,ATL,DAL,@,"W, 130-122",,22:24,3,4,2,2,2,2,0,2,2,0,0,0,0,2,10
AJ Griffin,https://www.basketball-reference.com/players/g/griffaj01.html,2023,2023-01-20,ATL,NYK,,"W, 139-124",,17:09,1,4,1,2,0,0,0,0,0,0,0,0,0,0,3
AJ Griffin,https://www.basketball-reference.com/players/g/griffaj01.html,2023,2023-01-21,ATL,CHO,,"L, 118-122",,23:27,5,7,3,3,0,0,0,2,2,3,1,0,0,2,13
AJ Griffin,https://www.basketball-reference.com/players/g/griffaj01.html,2023,2023-01-23,ATL,CHI,@,"L, 100-111",,30:42,4,7,3,5,0,0,0,3,3,2,0,0,0,0,11
AJ Griffin,https://www.basketball-reference.com/players/g/griffaj01.html,2023,2023-01-25,ATL,OKC,@,"W, 137-132",,23:12,2,4,1,3,4,4,0,4,4,3,2,0,1,0,9
AJ Griffin,https://www.basketball-reference.com/players/g/griffaj01.html,2023,2023-01-28,ATL,LAC,,"L, 113-120",,11:53,1,3,1,2,0,0,0,0,0,0,1,0,0,2,3
AJ Griffin,https://www.basketball-reference.com/players/g/griffaj01.html,2023,2023-01-30,ATL,POR,@,"L, 125-129",,21:12,4,9,3,4,2,2,0,1,1,0,0,0,0,2,13
AJ Griffin,https://www.basketball-reference.com/players/g/griffaj01.html,2023,2023-02-01,ATL,PHO,@,"W, 132-100",,18:39,2,3,1,1,0,0,0,2,2,2,1,0,1,2,5
AJ Griffin,https://www.basketball-reference.com/players/g/griffaj01.html,2023,2023-02-03,ATL,UTA,@,"W, 115-108",,13:54,2,6,1,3,0,0,0,0,0,0,0,0,0,2,5
AJ Griffin,https://www.basketball-reference.com/players/g/griffaj01.html,2023,2023-02-04,ATL,DEN,@,"L, 108-128",,26:01,6,11,1,3,2,2,1,1,2,4,0,0,1,1,15
AJ Griffin,https://www.basketball-reference.com/players/g/griffaj01.html,2023,2023-02-07,ATL,NOP,@,"L, 107-116",,18:24,2,5,1,3,0,0,0,1,1,0,0,1,0,1,5
AJ Griffin,https://www.basketball-reference.com/players/g/griffaj01.html,2023,2023-02-09,ATL,PHO,,"W, 116-107",,15:15,3,7,0,1,0,2,0,0,0,0,0,0,0,2,6
AJ Griffin,https://www.basketball-reference.com/players/g/griffaj01.html,2023,2023-02-11,ATL,SAS,,"W, 125-106",,16:53,1,7,0,3,0,0,0,3,3,0,0,0,1,2,2
AJ Griffin,https://www.basketball-reference.com/players/g/griffaj01.html,2023,2023-02-13,ATL,CHO,@,"L, 138-144",,17:23,2,7,0,1,2,2,1,3,4,1,0,0,0,1,6
AJ Griffin,https://www.basketball-reference.com/players/g/griffaj01.html,2023,2023-02-15,ATL,NYK,,"L, 101-122",,15:25,6,12,0,2,0,0,1,1,2,0,0,0,0,0,12
AJ Griffin,https://www.basketball-reference.com/players/g/griffaj01.html,2023,2023-02-24,ATL,CLE,,"W, 136-119",,17:38,4,7,1,2,0,0,1,0,1,2,0,0,0,2,9
AJ Griffin,https://www.basketball-reference.com/players/g/griffaj01.html,2023,2023-02-26,ATL,BRK,,"W, 129-127",,12:36,0,3,0,2,2,2,0,2,2,0,0,0,0,1,2
AJ Griffin,https://www.basketball-reference.com/players/g/griffaj01.html,2023,2023-02-28,ATL,WAS,,"L, 116-119",,16:27,1,4,0,3,0,0,0,2,2,2,0,0,0,3,2
AJ Griffin,https://www.basketball-reference.com/players/g/griffaj01.html,2023,2023-03-03,ATL,POR,,"W, 129-111",,02:17,0,1,0,1,0,0,0,0,0,1,1,0,1,0,0
AJ Griffin,https://www.basketball-reference.com/players/g/griffaj01.html,2023,2023-03-04,ATL,MIA,@,"L, 109-117",,,,,,,,,,,,,,,,,
AJ Griffin,https://www.basketball-reference.com/players/g/griffaj01.html,2023,2023-03-06,ATL,MIA,@,"L, 128-130",,,,,,,,,,,,,,,,,
AJ Griffin,https://www.basketball-reference.com/players/g/griffaj01.html,2023,2023-03-08,ATL,WAS,@,"W, 122-120",,,,,,,,,,,,,,,,,
AJ Griffin,https://www.basketball-reference.com/players/g/griffaj01.html,2023,2023-03-10,ATL,WAS,@,"W, 114-107",,,,,,,,,,,,,,,,,
AJ Griffin,https://www.basketball-reference.com/players/g/griffaj01.html,2023,2023-03-11,ATL,BOS,,"L, 125-134",,08:42,0,4,0,2,2,2,1,2,3,0,0,0,0,1,2
AJ Griffin,https://www.basketball-reference.com/players/g/griffaj01.html,2023,2023-03-13,ATL,MIN,,"L, 115-136",,01:48,1,1,1,1,2,2,0,1,1,0,0,0,0,0,5
AJ Griffin,https://www.basketball-reference.com/players/g/griffaj01.html,2023,2023-03-17,ATL,GSW,,"W, 127-119",,20:50,4,11,2,7,2,2,2,1,3,0,1,0,1,2,12
AJ Griffin,https://www.basketball-reference.com/players/g/griffaj01.html,2023,2023-03-19,ATL,SAS,@,"L, 118-126",,19:57,6,10,1,3,2,2,2,5,7,0,0,2,0,1,15
AJ Griffin,https://www.basketball-reference.com/players/g/griffaj01.html,2023,2023-03-21,ATL,DET,,"W, 129-107",,17:52,4,8,1,2,2,2,0,2,2,1,0,0,1,1,11
AJ Griffin,https://www.basketball-reference.com/players/g/griffaj01.html,2023,2023-03-22,ATL,MIN,@,"L, 124-125",,18:13,2,4,0,1,0,0,0,2,2,2,0,1,0,1,4
AJ Griffin,https://www.basketball-reference.com/players/g/griffaj01.html,2023,2023-03-25,ATL,IND,,"W, 143-130",,23:20,4,9,3,6,0,0,2,0,2,3,0,2,1,1,11
AJ Griffin,https://www.basketball-reference.com/players/g/griffaj01.html,2023,2023-03-26,ATL,MEM,,"L, 119-123",,13:05,1,5,0,1,0,0,0,1,1,1,0,0,0,1,2
AJ Griffin,https://www.basketball-reference.com/players/g/griffaj01.html,2023,2023-03-28,ATL,CLE,,"W, 120-118",,,,,,,,,,,,,,,,,
AJ Griffin,https://www.basketball-reference.com/players/g/griffaj01.html,2023,2023-03-31,ATL,BRK,@,"L, 107-124",,16:33,4,8,3,4,0,0,0,2,2,1,0,0,1,0,11
AJ Griffin,https://www.basketball-reference.com/players/g/griffaj01.html,2023,2023-04-02,ATL,DAL,,"W, 132-130 (OT)",,13:05,1,3,1,3,0,0,2,1,3,1,0,0,1,1,3
AJ Griffin,https://www.basketball-reference.com/players/g/griffaj01.html,2023,2023-04-04,ATL,CHI,@,"W, 123-105",,24:48,2,7,1,2,2,2,0,2,2,1,0,0,3,5,7
AJ Griffin,https://www.basketball-reference.com/players/g/griffaj01.html,2023,2023-04-05,ATL,WAS,,"W, 134-116",,22:38,6,9,4,6,0,0,1,2,3,1,0,0,0,0,16
AJ Griffin,https://www.basketball-reference.com/players/g/griffaj01.html,2023,2023-04-07,ATL,PHI,,"L, 131-136 (OT)",,,,,,,,,,,,,,,,,
AJ Griffin,https://www.basketball-reference.com/players/g/griffaj01.html,2023,2023-04-09,ATL,BOS,@,"L, 114-120",,29:20,5,13,1,5,2,3,1,2,3,2,2,0,0,0,13
Tyrese Martin,https://www.basketball-reference.com/players/m/martity01.html,2023,2022-10-19,ATL,HOU,,"W, 117-107",,,,,,,,,,,,,,,,,
Tyrese Martin,https://www.basketball-reference.com/players/m/martity01.html,2023,2022-10-21,ATL,ORL,,"W, 108-98",,,,,,,,,,,,,,,,,
Tyrese Martin,https://www.basketball-reference.com/players/m/martity01.html,2023,2022-10-23,ATL,CHO,,"L, 109-126",,01:40,1,1,0,0,0,0,0,0,0,0,0,0,0,0,2
Tyrese Martin,https://www.basketball-reference.com/players/m/martity01.html,2023,2022-10-26,ATL,DET,@,"W, 118-113",,,,,,,,,,,,,,,,,
Tyrese Martin,https://www.basketball-reference.com/players/m/martity01.html,2023,2022-10-28,ATL,DET,@,"W, 136-112",,02:54,1,1,0,0,0,0,0,0,0,0,1,0,0,0,2
Tyrese Martin,https://www.basketball-reference.com/players/m/martity01.html,2023,2022-10-29,ATL,MIL,@,"L, 115-123",,,,,,,,,,,,,,,,,
Tyrese Martin,https://www.basketball-reference.com/players/m/martity01.html,2023,2022-10-31,ATL,TOR,@,"L, 109-139",,06:20,1,2,1,1,0,0,0,0,0,0,0,0,0,0,3
Tyrese Martin,https://www.basketball-reference.com/players/m/martity01.html,2023,,,,,,,,,,,,,,,,,,,,,,
Tyrese Martin,https://www.basketball-reference.com/players/m/martity01.html,2023,2022-11-02,ATL,NYK,@,"W, 112-99",,01:07,0,1,0,1,0,0,1,0,1,0,0,0,0,1,0
Tyrese Martin,https://www.basketball-reference.com/players/m/martity01.html,2023,2022-11-05,ATL,NOP,,"W, 124-121 (OT)",,,,,,,,,,,,,,,,,
Tyrese Martin,https://www.basketball-reference.com/players/m/martity01.html,2023,2022-11-07,ATL,MIL,,"W, 117-98",,02:32,0,0,0,0,0,0,0,0,0,0,0,0,0,0,0
Tyrese Martin,https://www.basketball-reference.com/players/m/martity01.html,2023,2022-11-09,ATL,UTA,,"L, 119-125",,,,,,,,,,,,,,,,,
Tyrese Martin,https://www.basketball-reference.com/players/m/martity01.html,2023,2022-11-10,ATL,PHI,,"W, 104-95",,,,,,,,,,,,,,,,,
Tyrese Martin,https://www.basketball-reference.com/players/m/martity01.html,2023,2022-11-12,ATL,PHI,@,"L, 109-121",,,,,,,,,,,,,,,,,
Tyrese Martin,https://www.basketball-reference.com/players/m/martity01.html,2023,2022-11-14,ATL,MIL,@,"W, 121-106",,00:52,0,0,0,0,0,0,0,0,0,0,0,0,0,0,0
Tyrese Martin,https://www.basketball-reference.com/players/m/martity01.html,2023,2022-11-16,ATL,BOS,,"L, 101-126",,05:22,0,1,0,1,0,0,1,2,3,0,0,0,0,0,0
Tyrese Martin,https://www.basketball-reference.com/players/m/martity01.html,2023,2022-11-19,ATL,TOR,,"W, 124-122 (OT)",,,,,,,,,,,,,,,,,
Tyrese Martin,https://www.basketball-reference.com/players/m/martity01.html,2023,2022-11-21,ATL,CLE,@,"L, 102-114",,,,,,,,,,,,,,,,,
Tyrese Martin,https://www.basketball-reference.com/players/m/martity01.html,2023,2022-11-23,ATL,SAC,,"W, 115-106",,,,,,,,,,,,,,,,,
Tyrese Martin,https://www.basketball-reference.com/players/m/martity01.html,2023,2022-11-25,ATL,HOU,@,"L, 122-128",,,,,,,,,,,,,,,,,
Tyrese Martin,https://www.basketball-reference.com/players/m/martity01.html,2023,2022-11-27,ATL,MIA,,"L, 98-106",,,,,,,,,,,,,,,,,
Tyrese Martin,https://www.basketball-reference.com/players/m/martity01.html,2023,2022-11-28,ATL,PHI,@,"L, 101-104",,,,,,,,,,,,,,,,,
Tyrese Martin,https://www.basketball-reference.com/players/m/martity01.html,2023,2022-11-30,ATL,ORL,@,"W, 125-108",,,,,,,,,,,,,,,,,
Tyrese Martin,https://www.basketball-reference.com/players/m/martity01.html,2023,2022-12-02,ATL,DEN,,"W, 117-109",,,,,,,,,,,,,,,,,
Tyrese Martin,https://www.basketball-reference.com/players/m/martity01.html,2023,2022-12-05,ATL,OKC,,"L, 114-121",,,,,,,,,,,,,,,,,
Tyrese Martin,https://www.basketball-reference.com/players/m/martity01.html,2023,2022-12-07,ATL,NYK,@,"L, 89-113",,,,,,,,,,,,,,,,,
Tyrese Martin,https://www.basketball-reference.com/players/m/martity01.html,2023,2022-12-09,ATL,BRK,@,"L, 116-120",,,,,,,,,,,,,,,,,
Tyrese Martin,https://www.basketball-reference.com/players/m/martity01.html,2023,2022-12-11,ATL,CHI,,"W, 123-122 (OT)",,,,,,,,,,,,,,,,,
Tyrese Martin,https://www.basketball-reference.com/players/m/martity01.html,2023,2022-12-12,ATL,MEM,@,"L, 103-128",,12:00,1,7,0,2,0,0,0,0,0,0,0,0,0,0,2
Tyrese Martin,https://www.basketball-reference.com/players/m/martity01.html,2023,2022-12-14,ATL,ORL,@,"L, 124-135",,,,,,,,,,,,,,,,,
Tyrese Martin,https://www.basketball-reference.com/players/m/martity01.html,2023,2022-12-16,ATL,CHO,@,"W, 125-106",,02:42,1,1,0,0,0,0,0,1,1,0,0,0,0,0,2
Tyrese Martin,https://www.basketball-reference.com/players/m/martity01.html,2023,2022-12-19,ATL,ORL,,"W, 126-125",,,,,,,,,,,,,,,,,
Tyrese Martin,https://www.basketball-reference.com/players/m/martity01.html,2023,2022-12-21,ATL,CHI,,"L, 108-110",,,,,,,,,,,,,,,,,
Tyrese Martin,https://www.basketball-reference.com/players/m/martity01.html,2023,2022-12-23,ATL,DET,,"W, 130-105",,02:37,1,1,0,0,2,2,0,0,0,0,0,0,1,1,4
Tyrese Martin,https://www.basketball-reference.com/players/m/martity01.html,2023,2022-12-27,ATL,IND,@,"L, 114-129",,04:15,0,1,0,0,0,0,0,1,1,0,0,0,0,0,0
Tyrese Martin,https://www.basketball-reference.com/players/m/martity01.html,2023,2022-12-28,ATL,BRK,,"L, 107-108",,,,,,,,,,,,,,,,,
Tyrese Martin,https://www.basketball-reference.com/players/m/martity01.html,2023,2022-12-30,ATL,LAL,,"L, 121-130",,,,,,,,,,,,,,,,,
Tyrese Martin,https://www.basketball-reference.com/players/m/martity01.html,2023,2023-01-02,ATL,GSW,@,"L, 141-143 (2OT)",,,,,,,,,,,,,,,,,
Tyrese Martin,https://www.basketball-reference.com/players/m/martity01.html,2023,2023-01-04,ATL,SAC,@,"W, 120-117",,,,,,,,,,,,,,,,,
Tyrese Martin,https://www.basketball-reference.com/players/m/martity01.html,2023,2023-01-06,ATL,LAL,@,"L, 114-130",,,,,,,,,,,,,,,,,
Tyrese Martin,https://www.basketball-reference.com/players/m/martity01.html,2023,2023-01-08,ATL,LAC,@,"W, 112-108",,,,,,,,,,,,,,,,,
Tyrese Martin,https://www.basketball-reference.com/players/m/martity01.html,2023,2023-01-11,ATL,MIL,,"L, 105-114",,,,,,,,,,,,,,,,,
Tyrese Martin,https://www.basketball-reference.com/players/m/martity01.html,2023,2023-01-13,ATL,IND,@,"W, 113-111",,,,,,,,,,,,,,,,,
Tyrese Martin,https://www.basketball-reference.com/players/m/martity01.html,2023,2023-01-14,ATL,TOR,@,"W, 114-103",,,,,,,,,,,,,,,,,
Tyrese Martin,https://www.basketball-reference.com/players/m/martity01.html,2023,2023-01-16,ATL,MIA,,"W, 121-113",,,,,,,,,,,,,,,,,
Tyrese Martin,https://www.basketball-reference.com/players/m/martity01.html,2023,2023-01-18,ATL,DAL,@,"W, 130-122",,,,,,,,,,,,,,,,,
Tyrese Martin,https://www.basketball-reference.com/players/m/martity01.html,2023,2023-01-20,ATL,NYK,,"W, 139-124",,01:19,0,0,0,0,0,0,0,0,0,0,0,0,0,0,0
Tyrese Martin,https://www.basketball-reference.com/players/m/martity01.html,2023,2023-01-21,ATL,CHO,,"L, 118-122",,,,,,,,,,,,,,,,,
Tyrese Martin,https://www.basketball-reference.com/players/m/martity01.html,2023,2023-01-23,ATL,CHI,@,"L, 100-111",,,,,,,,,,,,,,,,,
Tyrese Martin,https://www.basketball-reference.com/players/m/martity01.html,2023,2023-01-25,ATL,OKC,@,"W, 137-132",,,,,,,,,,,,,,,,,
Tyrese Martin,https://www.basketball-reference.com/players/m/martity01.html,2023,2023-01-28,ATL,LAC,,"L, 113-120",,,,,,,,,,,,,,,,,
Tyrese Martin,https://www.basketball-reference.com/players/m/martity01.html,2023,2023-01-30,ATL,POR,@,"L, 125-129",,,,,,,,,,,,,,,,,
Tyrese Martin,https://www.basketball-reference.com/players/m/martity01.html,2023,2023-02-01,ATL,PHO,@,"W, 132-100",,,,,,,,,,,,,,,,,
Tyrese Martin,https://www.basketball-reference.com/players/m/martity01.html,2023,2023-02-03,ATL,UTA,@,"W, 115-108",,,,,,,,,,,,,,,,,
Tyrese Martin,https://www.basketball-reference.com/players/m/martity01.html,2023,2023-02-04,ATL,DEN,@,"L, 108-128",,,,,,,,,,,,,,,,,
Tyrese Martin,https://www.basketball-reference.com/players/m/martity01.html,2023,2023-02-07,ATL,NOP,@,"L, 107-116",,,,,,,,,,,,,,,,,
Tyrese Martin,https://www.basketball-reference.com/players/m/martity01.html,2023,2023-02-09,ATL,PHO,,"W, 116-107",,,,,,,,,,,,,,,,,
Tyrese Martin,https://www.basketball-reference.com/players/m/martity01.html,2023,2023-02-11,ATL,SAS,,"W, 125-106",,01:43,0,0,0,0,0,0,0,0,0,0,0,0,0,0,0
Tyrese Martin,https://www.basketball-reference.com/players/m/martity01.html,2023,2023-02-13,ATL,CHO,@,"L, 138-144",,,,,,,,,,,,,,,,,
Tyrese Martin,https://www.basketball-reference.com/players/m/martity01.html,2023,2023-02-15,ATL,NYK,,"L, 101-122",,,,,,,,,,,,,,,,,
Tyrese Martin,https://www.basketball-reference.com/players/m/martity01.html,2023,2023-02-24,ATL,CLE,,"W, 136-119",,,,,,,,,,,,,,,,,
Tyrese Martin,https://www.basketball-reference.com/players/m/martity01.html,2023,2023-02-26,ATL,BRK,,"W, 129-127",,,,,,,,,,,,,,,,,
Tyrese Martin,https://www.basketball-reference.com/players/m/martity01.html,2023,2023-02-28,ATL,WAS,,"L, 116-119",,,,,,,,,,,,,,,,,
Tyrese Martin,https://www.basketball-reference.com/players/m/martity01.html,2023,2023-03-03,ATL,POR,,"W, 129-111",,,,,,,,,,,,,,,,,
Tyrese Martin,https://www.basketball-reference.com/players/m/martity01.html,2023,2023-03-04,ATL,MIA,@,"L, 109-117",,,,,,,,,,,,,,,,,
Tyrese Martin,https://www.basketball-reference.com/players/m/martity01.html,2023,2023-03-06,ATL,MIA,@,"L, 128-130",,,,,,,,,,,,,,,,,
Tyrese Martin,https://www.basketball-reference.com/players/m/martity01.html,2023,2023-03-08,ATL,WAS,@,"W, 122-120",,,,,,,,,,,,,,,,,
Tyrese Martin,https://www.basketball-reference.com/players/m/martity01.html,2023,2023-03-10,ATL,WAS,@,"W, 114-107",,,,,,,,,,,,,,,,,
Tyrese Martin,https://www.basketball-reference.com/players/m/martity01.html,2023,2023-03-11,ATL,BOS,,"L, 125-134",,,,,,,,,,,,,,,,,
Tyrese Martin,https://www.basketball-reference.com/players/m/martity01.html,2023,2023-03-13,ATL,MIN,,"L, 115-136",,,,,,,,,,,,,,,,,
Tyrese Martin,https://www.basketball-reference.com/players/m/martity01.html,2023,2023-03-17,ATL,GSW,,"W, 127-119",,,,,,,,,,,,,,,,,
Tyrese Martin,https://www.basketball-reference.com/players/m/martity01.html,2023,2023-03-19,ATL,SAS,@,"L, 118-126",,,,,,,,,,,,,,,,,
Tyrese Martin,https://www.basketball-reference.com/players/m/martity01.html,2023,2023-03-21,ATL,DET,,"W, 129-107",,,,,,,,,,,,,,,,,
Tyrese Martin,https://www.basketball-reference.com/players/m/martity01.html,2023,2023-03-22,ATL,MIN,@,"L, 124-125",,,,,,,,,,,,,,,,,
Tyrese Martin,https://www.basketball-reference.com/players/m/martity01.html,2023,2023-03-25,ATL,IND,,"W, 143-130",,,,,,,,,,,,,,,,,
Tyrese Martin,https://www.basketball-reference.com/players/m/martity01.html,2023,2023-03-26,ATL,MEM,,"L, 119-123",,,,,,,,,,,,,,,,,
Tyrese Martin,https://www.basketball-reference.com/players/m/martity01.html,2023,2023-03-28,ATL,CLE,,"W, 120-118",,,,,,,,,,,,,,,,,
Tyrese Martin,https://www.basketball-reference.com/players/m/martity01.html,2023,2023-03-31,ATL,BRK,@,"L, 107-124",,,,,,,,,,,,,,,,,
Tyrese Martin,https://www.basketball-reference.com/players/m/martity01.html,2023,2023-04-02,ATL,DAL,,"W, 132-130 (OT)",,,,,,,,,,,,,,,,,
Tyrese Martin,https://www.basketball-reference.com/players/m/martity01.html,2023,2023-04-04,ATL,CHI,@,"W, 123-105",,01:41,0,0,0,0,0,0,0,0,0,1,0,0,0,0,0
Tyrese Martin,https://www.basketball-reference.com/players/m/martity01.html,2023,2023-04-05,ATL,WAS,,"W, 134-116",,02:27,1,1,0,0,0,0,0,0,0,0,0,0,0,0,2
Tyrese Martin,https://www.basketball-reference.com/players/m/martity01.html,2023,2023-04-07,ATL,PHI,,"L, 131-136 (OT)",,,,,,,,,,,,,,,,,
Tyrese Martin,https://www.basketball-reference.com/players/m/martity01.html,2023,2023-04-09,ATL,BOS,@,"L, 114-120",,16:01,2,6,0,2,0,0,3,3,6,1,0,0,1,0,4
Donovan Williams,https://www.basketball-reference.com/players/w/willido02.html,2023,2023-01-28,ATL,LAC,,"L, 113-120",,,,,,,,,,,,,,,,,
Donovan Williams,https://www.basketball-reference.com/players/w/willido02.html,2023,2023-01-30,ATL,POR,@,"L, 125-129",,,,,,,,,,,,,,,,,
Donovan Williams,https://www.basketball-reference.com/players/w/willido02.html,2023,,,,,,,,,,,,,,,,,,,,,,
Donovan Williams,https://www.basketball-reference.com/players/w/willido02.html,2023,2023-02-01,ATL,PHO,@,"W, 132-100",,,,,,,,,,,,,,,,,
Donovan Williams,https://www.basketball-reference.com/players/w/willido02.html,2023,2023-02-03,ATL,UTA,@,"W, 115-108",,,,,,,,,,,,,,,,,
Donovan Williams,https://www.basketball-reference.com/players/w/willido02.html,2023,2023-02-04,ATL,DEN,@,"L, 108-128",,,,,,,,,,,,,,,,,
Donovan Williams,https://www.basketball-reference.com/players/w/willido02.html,2023,2023-02-07,ATL,NOP,@,"L, 107-116",,,,,,,,,,,,,,,,,
Donovan Williams,https://www.basketball-reference.com/players/w/willido02.html,2023,2023-02-09,ATL,PHO,,"W, 116-107",,,,,,,,,,,,,,,,,
Donovan Williams,https://www.basketball-reference.com/players/w/willido02.html,2023,2023-02-11,ATL,SAS,,"W, 125-106",,,,,,,,,,,,,,,,,
Donovan Williams,https://www.basketball-reference.com/players/w/willido02.html,2023,2023-02-13,ATL,CHO,@,"L, 138-144",,,,,,,,,,,,,,,,,
Donovan Williams,https://www.basketball-reference.com/players/w/willido02.html,2023,2023-02-15,ATL,NYK,,"L, 101-122",,,,,,,,,,,,,,,,,
Donovan Williams,https://www.basketball-reference.com/players/w/willido02.html,2023,2023-02-24,ATL,CLE,,"W, 136-119",,,,,,,,,,,,,,,,,
Donovan Williams,https://www.basketball-reference.com/players/w/willido02.html,2023,2023-02-26,ATL,BRK,,"W, 129-127",,,,,,,,,,,,,,,,,
Donovan Williams,https://www.basketball-reference.com/players/w/willido02.html,2023,2023-02-28,ATL,WAS,,"L, 116-119",,,,,,,,,,,,,,,,,
Donovan Williams,https://www.basketball-reference.com/players/w/willido02.html,2023,2023-03-03,ATL,POR,,"W, 129-111",,,,,,,,,,,,,,,,,
Donovan Williams,https://www.basketball-reference.com/players/w/willido02.html,2023,2023-03-04,ATL,MIA,@,"L, 109-117",,,,,,,,,,,,,,,,,
Donovan Williams,https://www.basketball-reference.com/players/w/willido02.html,2023,2023-03-06,ATL,MIA,@,"L, 128-130",,,,,,,,,,,,,,,,,
Donovan Williams,https://www.basketball-reference.com/players/w/willido02.html,2023,2023-03-08,ATL,WAS,@,"W, 122-120",,,,,,,,,,,,,,,,,
Donovan Williams,https://www.basketball-reference.com/players/w/willido02.html,2023,2023-03-10,ATL,WAS,@,"W, 114-107",,,,,,,,,,,,,,,,,
Donovan Williams,https://www.basketball-reference.com/players/w/willido02.html,2023,2023-03-11,ATL,BOS,,"L, 125-134",,,,,,,,,,,,,,,,,
Donovan Williams,https://www.basketball-reference.com/players/w/willido02.html,2023,2023-03-13,ATL,MIN,,"L, 115-136",,,,,,,,,,,,,,,,,
Donovan Williams,https://www.basketball-reference.com/players/w/willido02.html,2023,2023-03-17,ATL,GSW,,"W, 127-119",,,,,,,,,,,,,,,,,
Donovan Williams,https://www.basketball-reference.com/players/w/willido02.html,2023,2023-03-19,ATL,SAS,@,"L, 118-126",,,,,,,,,,,,,,,,,
Donovan Williams,https://www.basketball-reference.com/players/w/willido02.html,2023,2023-03-21,ATL,DET,,"W, 129-107",,,,,,,,,,,,,,,,,
Donovan Williams,https://www.basketball-reference.com/players/w/willido02.html,2023,2023-03-22,ATL,MIN,@,"L, 124-125",,,,,,,,,,,,,,,,,
Donovan Williams,https://www.basketball-reference.com/players/w/willido02.html,2023,2023-03-25,ATL,IND,,"W, 143-130",,,,,,,,,,,,,,,,,
Donovan Williams,https://www.basketball-reference.com/players/w/willido02.html,2023,2023-03-26,ATL,MEM,,"L, 119-123",,,,,,,,,,,,,,,,,
Donovan Williams,https://www.basketball-reference.com/players/w/willido02.html,2023,2023-03-28,ATL,CLE,,"W, 120-118",,,,,,,,,,,,,,,,,
Donovan Williams,https://www.basketball-reference.com/players/w/willido02.html,2023,2023-03-31,ATL,BRK,@,"L, 107-124",,,,,,,,,,,,,,,,,
Donovan Williams,https://www.basketball-reference.com/players/w/willido02.html,2023,2023-04-02,ATL,DAL,,"W, 132-130 (OT)",,,,,,,,,,,,,,,,,
Donovan Williams,https://www.basketball-reference.com/players/w/willido02.html,2023,2023-04-04,ATL,CHI,@,"W, 123-105",,01:41,0,1,0,1,0,0,0,1,1,0,0,0,0,0,0
Donovan Williams,https://www.basketball-reference.com/players/w/willido02.html,2023,2023-04-05,ATL,WAS,,"W, 134-116",,,,,,,,,,,,,,,,,
Donovan Williams,https://www.basketball-reference.com/players/w/willido02.html,2023,2023-04-07,ATL,PHI,,"L, 131-136 (OT)",,,,,,,,,,,,,,,,,
Donovan Williams,https://www.basketball-reference.com/players/w/willido02.html,2023,2023-04-09,ATL,BOS,@,"L, 114-120",,02:34,2,4,0,1,0,0,0,1,1,0,0,0,0,0,4
JD Davison,https://www.basketball-reference.com/players/d/davisjd01.html,2023,2022-10-18,BOS,PHI,,"W, 126-117",,,,,,,,,,,,,,,,,
JD Davison,https://www.basketball-reference.com/players/d/davisjd01.html,2023,2022-10-21,BOS,MIA,@,"W, 111-104",,,,,,,,,,,,,,,,,
JD Davison,https://www.basketball-reference.com/players/d/davisjd01.html,2023,2022-10-22,BOS,ORL,@,"W, 126-120",,,,,,,,,,,,,,,,,
JD Davison,https://www.basketball-reference.com/players/d/davisjd01.html,2023,2022-10-24,BOS,CHI,@,"L, 102-120",,,,,,,,,,,,,,,,,
JD Davison,https://www.basketball-reference.com/players/d/davisjd01.html,2023,2022-10-28,BOS,CLE,,"L, 123-132 (OT)",,,,,,,,,,,,,,,,,
JD Davison,https://www.basketball-reference.com/players/d/davisjd01.html,2023,2022-10-30,BOS,WAS,,"W, 112-94",,,,,,,,,,,,,,,,,
JD Davison,https://www.basketball-reference.com/players/d/davisjd01.html,2023,,,,,,,,,,,,,,,,,,,,,,
JD Davison,https://www.basketball-reference.com/players/d/davisjd01.html,2023,2022-11-02,BOS,CLE,@,"L, 113-114 (OT)",,,,,,,,,,,,,,,,,
JD Davison,https://www.basketball-reference.com/players/d/davisjd01.html,2023,2022-11-04,BOS,CHI,,"W, 123-119",,,,,,,,,,,,,,,,,
JD Davison,https://www.basketball-reference.com/players/d/davisjd01.html,2023,2022-11-05,BOS,NYK,@,"W, 133-118",,,,,,,,,,,,,,,,,
JD Davison,https://www.basketball-reference.com/players/d/davisjd01.html,2023,2022-11-07,BOS,MEM,@,"W, 109-106",,,,,,,,,,,,,,,,,
JD Davison,https://www.basketball-reference.com/players/d/davisjd01.html,2023,2022-11-09,BOS,DET,,"W, 128-112",,,,,,,,,,,,,,,,,
JD Davison,https://www.basketball-reference.com/players/d/davisjd01.html,2023,2022-11-11,BOS,DEN,,"W, 131-112",,02:02,0,0,0,0,0,0,0,1,1,1,0,0,0,0,0
JD Davison,https://www.basketball-reference.com/players/d/davisjd01.html,2023,2022-11-12,BOS,DET,@,"W, 117-108",,,,,,,,,,,,,,,,,
JD Davison,https://www.basketball-reference.com/players/d/davisjd01.html,2023,2022-11-14,BOS,OKC,,"W, 126-122",,,,,,,,,,,,,,,,,
JD Davison,https://www.basketball-reference.com/players/d/davisjd01.html,2023,2022-11-16,BOS,ATL,@,"W, 126-101",,03:32,0,2,0,2,0,0,0,0,0,0,0,0,1,0,0
JD Davison,https://www.basketball-reference.com/players/d/davisjd01.html,2023,2022-11-18,BOS,NOP,@,"W, 117-109",,,,,,,,,,,,,,,,,
JD Davison,https://www.basketball-reference.com/players/d/davisjd01.html,2023,2022-11-21,BOS,CHI,@,"L, 107-121",,,,,,,,,,,,,,,,,
JD Davison,https://www.basketball-reference.com/players/d/davisjd01.html,2023,2022-11-23,BOS,DAL,,"W, 125-112",,,,,,,,,,,,,,,,,
JD Davison,https://www.basketball-reference.com/players/d/davisjd01.html,2023,2022-11-25,BOS,SAC,,"W, 122-104",,02:55,1,2,0,0,0,0,0,0,0,0,1,0,0,0,2
JD Davison,https://www.basketball-reference.com/players/d/davisjd01.html,2023,2022-11-27,BOS,WAS,,"W, 130-121",,,,,,,,,,,,,,,,,
JD Davison,https://www.basketball-reference.com/players/d/davisjd01.html,2023,2022-11-28,BOS,CHO,,"W, 140-105",,,,,,,,,,,,,,,,,
JD Davison,https://www.basketball-reference.com/players/d/davisjd01.html,2023,2022-11-30,BOS,MIA,,"W, 134-121",,,,,,,,,,,,,,,,,
JD Davison,https://www.basketball-reference.com/players/d/davisjd01.html,2023,2022-12-02,BOS,MIA,,"L, 116-120 (OT)",,,,,,,,,,,,,,,,,
JD Davison,https://www.basketball-reference.com/players/d/davisjd01.html,2023,2022-12-04,BOS,BRK,@,"W, 103-92",,,,,,,,,,,,,,,,,
JD Davison,https://www.basketball-reference.com/players/d/davisjd01.html,2023,2022-12-05,BOS,TOR,@,"W, 116-110",,,,,,,,,,,,,,,,,
JD Davison,https://www.basketball-reference.com/players/d/davisjd01.html,2023,2022-12-07,BOS,PHO,@,"W, 125-98",,,,,,,,,,,,,,,,,
JD Davison,https://www.basketball-reference.com/players/d/davisjd01.html,2023,2022-12-10,BOS,GSW,@,"L, 107-123",,,,,,,,,,,,,,,,,
JD Davison,https://www.basketball-reference.com/players/d/davisjd01.html,2023,2022-12-12,BOS,LAC,@,"L, 93-113",,,,,,,,,,,,,,,,,
JD Davison,https://www.basketball-reference.com/players/d/davisjd01.html,2023,2022-12-13,BOS,LAL,@,"W, 122-118 (OT)",,,,,,,,,,,,,,,,,
JD Davison,https://www.basketball-reference.com/players/d/davisjd01.html,2023,2022-12-16,BOS,ORL,,"L, 109-117",,,,,,,,,,,,,,,,,
JD Davison,https://www.basketball-reference.com/players/d/davisjd01.html,2023,2022-12-18,BOS,ORL,,"L, 92-95",,,,,,,,,,,,,,,,,
JD Davison,https://www.basketball-reference.com/players/d/davisjd01.html,2023,2022-12-21,BOS,IND,,"L, 112-117",,,,,,,,,,,,,,,,,
JD Davison,https://www.basketball-reference.com/players/d/davisjd01.html,2023,2022-12-23,BOS,MIN,,"W, 121-109",,,,,,,,,,,,,,,,,
JD Davison,https://www.basketball-reference.com/players/d/davisjd01.html,2023,2022-12-25,BOS,MIL,,"W, 139-118",,,,,,,,,,,,,,,,,
JD Davison,https://www.basketball-reference.com/players/d/davisjd01.html,2023,2022-12-27,BOS,HOU,,"W, 126-102",,,,,,,,,,,,,,,,,
JD Davison,https://www.basketball-reference.com/players/d/davisjd01.html,2023,2022-12-29,BOS,LAC,,"W, 116-110",,,,,,,,,,,,,,,,,
JD Davison,https://www.basketball-reference.com/players/d/davisjd01.html,2023,2023-01-01,BOS,DEN,@,"L, 111-123",,,,,,,,,,,,,,,,,
JD Davison,https://www.basketball-reference.com/players/d/davisjd01.html,2023,2023-01-03,BOS,OKC,@,"L, 117-150",,,,,,,,,,,,,,,,,
JD Davison,https://www.basketball-reference.com/players/d/davisjd01.html,2023,2023-01-05,BOS,DAL,@,"W, 124-95",,,,,,,,,,,,,,,,,
JD Davison,https://www.basketball-reference.com/players/d/davisjd01.html,2023,2023-01-07,BOS,SAS,@,"W, 121-116",,,,,,,,,,,,,,,,,
JD Davison,https://www.basketball-reference.com/players/d/davisjd01.html,2023,2023-01-09,BOS,CHI,,"W, 107-99",,,,,,,,,,,,,,,,,
JD Davison,https://www.basketball-reference.com/players/d/davisjd01.html,2023,2023-01-11,BOS,NOP,,"W, 125-114",,,,,,,,,,,,,,,,,
JD Davison,https://www.basketball-reference.com/players/d/davisjd01.html,2023,2023-01-12,BOS,BRK,@,"W, 109-98",,,,,,,,,,,,,,,,,
JD Davison,https://www.basketball-reference.com/players/d/davisjd01.html,2023,2023-01-14,BOS,CHO,@,"W, 122-106",,01:44,0,1,0,0,0,0,0,1,1,0,0,0,0,0,0
JD Davison,https://www.basketball-reference.com/players/d/davisjd01.html,2023,2023-01-16,BOS,CHO,@,"W, 130-118",,,,,,,,,,,,,,,,,
JD Davison,https://www.basketball-reference.com/players/d/davisjd01.html,2023,2023-01-19,BOS,GSW,,"W, 121-118 (OT)",,,,,,,,,,,,,,,,,
JD Davison,https://www.basketball-reference.com/players/d/davisjd01.html,2023,2023-01-21,BOS,TOR,@,"W, 106-104",,,,,,,,,,,,,,,,,
JD Davison,https://www.basketball-reference.com/players/d/davisjd01.html,2023,2023-01-23,BOS,ORL,@,"L, 98-113",,01:25,0,0,0,0,0,0,0,0,0,0,0,0,0,0,0
JD Davison,https://www.basketball-reference.com/players/d/davisjd01.html,2023,2023-01-24,BOS,MIA,@,"L, 95-98",,,,,,,,,,,,,,,,,
JD Davison,https://www.basketball-reference.com/players/d/davisjd01.html,2023,2023-01-26,BOS,NYK,,"L, 117-120 (OT)",,,,,,,,,,,,,,,,,
JD Davison,https://www.basketball-reference.com/players/d/davisjd01.html,2023,2023-01-28,BOS,LAL,,"W, 125-121 (OT)",,,,,,,,,,,,,,,,,
JD Davison,https://www.basketball-reference.com/players/d/davisjd01.html,2023,2023-02-01,BOS,BRK,,"W, 139-96",,,,,,,,,,,,,,,,,
JD Davison,https://www.basketball-reference.com/players/d/davisjd01.html,2023,2023-02-03,BOS,PHO,,"L, 94-106",,,,,,,,,,,,,,,,,
JD Davison,https://www.basketball-reference.com/players/d/davisjd01.html,2023,2023-02-06,BOS,DET,@,"W, 111-99",,,,,,,,,,,,,,,,,
JD Davison,https://www.basketball-reference.com/players/d/davisjd01.html,2023,2023-02-08,BOS,PHI,,"W, 106-99",,,,,,,,,,,,,,,,,
JD Davison,https://www.basketball-reference.com/players/d/davisjd01.html,2023,2023-02-10,BOS,CHO,,"W, 127-116",,,,,,,,,,,,,,,,,
JD Davison,https://www.basketball-reference.com/players/d/davisjd01.html,2023,2023-02-12,BOS,MEM,,"W, 119-109",,,,,,,,,,,,,,,,,
JD Davison,https://www.basketball-reference.com/players/d/davisjd01.html,2023,2023-02-14,BOS,MIL,@,"L, 125-131 (OT)",,,,,,,,,,,,,,,,,
JD Davison,https://www.basketball-reference.com/players/d/davisjd01.html,2023,2023-02-15,BOS,DET,,"W, 127-109",,02:07,1,3,0,1,0,0,0,0,0,0,0,0,0,0,2
JD Davison,https://www.basketball-reference.com/players/d/davisjd01.html,2023,2023-02-23,BOS,IND,@,"W, 142-138 (OT)",,,,,,,,,,,,,,,,,
JD Davison,https://www.basketball-reference.com/players/d/davisjd01.html,2023,2023-02-25,BOS,PHI,@,"W, 110-107",,,,,,,,,,,,,,,,,
JD Davison,https://www.basketball-reference.com/players/d/davisjd01.html,2023,2023-02-27,BOS,NYK,@,"L, 94-109",,,,,,,,,,,,,,,,,
JD Davison,https://www.basketball-reference.com/players/d/davisjd01.html,2023,2023-03-01,BOS,CLE,,"W, 117-113",,,,,,,,,,,,,,,,,
JD Davison,https://www.basketball-reference.com/players/d/davisjd01.html,2023,2023-03-03,BOS,BRK,,"L, 105-115",,,,,,,,,,,,,,,,,
JD Davison,https://www.basketball-reference.com/players/d/davisjd01.html,2023,2023-03-05,BOS,NYK,,"L, 129-131 (2OT)",,,,,,,,,,,,,,,,,
JD Davison,https://www.basketball-reference.com/players/d/davisjd01.html,2023,2023-03-06,BOS,CLE,@,"L, 114-118 (OT)",,,,,,,,,,,,,,,,,
JD Davison,https://www.basketball-reference.com/players/d/davisjd01.html,2023,2023-03-08,BOS,POR,,"W, 115-93",,04:13,1,3,0,0,0,0,1,2,3,2,1,0,0,2,2
JD Davison,https://www.basketball-reference.com/players/d/davisjd01.html,2023,2023-03-11,BOS,ATL,@,"W, 134-125",,,,,,,,,,,,,,,,,
JD Davison,https://www.basketball-reference.com/players/d/davisjd01.html,2023,2023-03-13,BOS,HOU,@,"L, 109-111",,,,,,,,,,,,,,,,,
JD Davison,https://www.basketball-reference.com/players/d/davisjd01.html,2023,2023-03-15,BOS,MIN,@,"W, 104-102",,,,,,,,,,,,,,,,,
JD Davison,https://www.basketball-reference.com/players/d/davisjd01.html,2023,2023-03-17,BOS,POR,@,"W, 126-112",,00:43,0,0,0,0,0,0,0,0,0,0,0,0,0,0,0
JD Davison,https://www.basketball-reference.com/players/d/davisjd01.html,2023,2023-03-18,BOS,UTA,@,"L, 117-118",,,,,,,,,,,,,,,,,
JD Davison,https://www.basketball-reference.com/players/d/davisjd01.html,2023,2023-03-21,BOS,SAC,@,"W, 132-109",,,,,,,,,,,,,,,,,
JD Davison,https://www.basketball-reference.com/players/d/davisjd01.html,2023,2023-03-24,BOS,IND,,"W, 120-95",,02:02,0,0,0,0,0,0,0,0,0,1,0,0,0,0,0
JD Davison,https://www.basketball-reference.com/players/d/davisjd01.html,2023,2023-03-26,BOS,SAS,,"W, 137-93",,06:34,2,2,1,1,0,0,0,1,1,2,0,0,1,2,5
JD Davison,https://www.basketball-reference.com/players/d/davisjd01.html,2023,2023-03-28,BOS,WAS,@,"L, 111-130",,,,,,,,,,,,,,,,,
JD Davison,https://www.basketball-reference.com/players/d/davisjd01.html,2023,2023-03-30,BOS,MIL,@,"W, 140-99",,,,,,,,,,,,,,,,,
JD Davison,https://www.basketball-reference.com/players/d/davisjd01.html,2023,2023-03-31,BOS,UTA,,"W, 122-114",,,,,,,,,,,,,,,,,
JD Davison,https://www.basketball-reference.com/players/d/davisjd01.html,2023,2023-04-04,BOS,PHI,@,"L, 101-103",,,,,,,,,,,,,,,,,
JD Davison,https://www.basketball-reference.com/players/d/davisjd01.html,2023,2023-04-05,BOS,TOR,,"W, 97-93",,,,,,,,,,,,,,,,,
JD Davison,https://www.basketball-reference.com/players/d/davisjd01.html,2023,2023-04-07,BOS,TOR,,"W, 121-102",,03:32,0,0,0,0,0,0,0,0,0,2,0,0,0,0,0
JD Davison,https://www.basketball-reference.com/players/d/davisjd01.html,2023,2023-04-09,BOS,ATL,,"W, 120-114",,34:53,3,6,1,3,1,2,1,2,3,3,0,2,2,1,8
Dalen Terry,https://www.basketball-reference.com/players/t/terryda01.html,2023,2022-10-19,CHI,MIA,@,"W, 116-108",,,,,,,,,,,,,,,,,
Dalen Terry,https://www.basketball-reference.com/players/t/terryda01.html,2023,2022-10-21,CHI,WAS,@,"L, 100-102",,,,,,,,,,,,,,,,,
Dalen Terry,https://www.basketball-reference.com/players/t/terryda01.html,2023,2022-10-22,CHI,CLE,,"L, 96-128",,04:07,0,1,0,0,0,0,0,0,0,0,0,0,1,0,0
Dalen Terry,https://www.basketball-reference.com/players/t/terryda01.html,2023,2022-10-24,CHI,BOS,,"W, 120-102",,02:06,0,1,0,1,0,0,0,0,0,0,0,0,0,0,0
Dalen Terry,https://www.basketball-reference.com/players/t/terryda01.html,2023,2022-10-26,CHI,IND,,"W, 124-109",,00:59,0,0,0,0,0,0,0,0,0,0,0,1,1,1,0
Dalen Terry,https://www.basketball-reference.com/players/t/terryda01.html,2023,2022-10-28,CHI,SAS,@,"L, 124-129",,,,,,,,,,,,,,,,,
Dalen Terry,https://www.basketball-reference.com/players/t/terryda01.html,2023,2022-10-29,CHI,PHI,,"L, 109-114",,02:55,0,2,0,1,0,0,0,0,0,1,0,0,0,0,0
Dalen Terry,https://www.basketball-reference.com/players/t/terryda01.html,2023,,,,,,,,,,,,,,,,,,,,,,
Dalen Terry,https://www.basketball-reference.com/players/t/terryda01.html,2023,2022-11-01,CHI,BRK,@,"W, 108-99",,,,,,,,,,,,,,,,,
Dalen Terry,https://www.basketball-reference.com/players/t/terryda01.html,2023,2022-11-02,CHI,CHO,,"W, 106-88",,01:51,0,1,0,0,0,0,0,1,1,0,0,0,0,0,0
Dalen Terry,https://www.basketball-reference.com/players/t/terryda01.html,2023,2022-11-04,CHI,BOS,@,"L, 119-123",,,,,,,,,,,,,,,,,
Dalen Terry,https://www.basketball-reference.com/players/t/terryda01.html,2023,2022-11-06,CHI,TOR,@,"L, 104-113",,09:46,2,2,0,0,0,0,0,1,1,1,1,1,1,0,4
Dalen Terry,https://www.basketball-reference.com/players/t/terryda01.html,2023,2022-11-07,CHI,TOR,,"W, 111-97",,00:13,0,0,0,0,0,0,0,0,0,0,0,0,0,0,0
Dalen Terry,https://www.basketball-reference.com/players/t/terryda01.html,2023,2022-11-09,CHI,NOP,,"L, 111-115",,,,,,,,,,,,,,,,,
Dalen Terry,https://www.basketball-reference.com/players/t/terryda01.html,2023,2022-11-13,CHI,DEN,,"L, 103-126",,05:34,1,3,1,1,2,2,0,0,0,2,0,0,1,1,5
Dalen Terry,https://www.basketball-reference.com/players/t/terryda01.html,2023,2022-11-16,CHI,NOP,@,"L, 110-124",,01:54,0,0,0,0,1,2,0,0,0,1,0,0,0,0,1
Dalen Terry,https://www.basketball-reference.com/players/t/terryda01.html,2023,2022-11-18,CHI,ORL,,"L, 107-108",,,,,,,,,,,,,,,,,
Dalen Terry,https://www.basketball-reference.com/players/t/terryda01.html,2023,2022-11-21,CHI,BOS,,"W, 121-107",,,,,,,,,,,,,,,,,
Dalen Terry,https://www.basketball-reference.com/players/t/terryda01.html,2023,2022-11-23,CHI,MIL,@,"W, 118-113",,,,,,,,,,,,,,,,,
Dalen Terry,https://www.basketball-reference.com/players/t/terryda01.html,2023,2022-11-25,CHI,OKC,@,"L, 119-123 (OT)",,,,,,,,,,,,,,,,,
Dalen Terry,https://www.basketball-reference.com/players/t/terryda01.html,2023,2022-11-28,CHI,UTA,@,"W, 114-107",,,,,,,,,,,,,,,,,
Dalen Terry,https://www.basketball-reference.com/players/t/terryda01.html,2023,2022-11-30,CHI,PHO,@,"L, 113-132",,03:32,0,1,0,1,0,0,0,0,0,0,0,0,0,0,0
Dalen Terry,https://www.basketball-reference.com/players/t/terryda01.html,2023,2022-12-02,CHI,GSW,@,"L, 111-119",,,,,,,,,,,,,,,,,
Dalen Terry,https://www.basketball-reference.com/players/t/terryda01.html,2023,2022-12-04,CHI,SAC,@,"L, 101-110",,,,,,,,,,,,,,,,,
Dalen Terry,https://www.basketball-reference.com/players/t/terryda01.html,2023,2022-12-07,CHI,WAS,,"W, 115-111",,,,,,,,,,,,,,,,,
Dalen Terry,https://www.basketball-reference.com/players/t/terryda01.html,2023,2022-12-10,CHI,DAL,,"W, 144-115",,03:31,1,1,0,0,0,0,0,0,0,2,0,0,0,1,2
Dalen Terry,https://www.basketball-reference.com/players/t/terryda01.html,2023,2022-12-11,CHI,ATL,@,"L, 122-123 (OT)",,,,,,,,,,,,,,,,,
Dalen Terry,https://www.basketball-reference.com/players/t/terryda01.html,2023,2022-12-14,CHI,NYK,,"L, 120-128 (OT)",,,,,,,,,,,,,,,,,
Dalen Terry,https://www.basketball-reference.com/players/t/terryda01.html,2023,2022-12-16,CHI,NYK,,"L, 91-114",,,,,,,,,,,,,,,,,
Dalen Terry,https://www.basketball-reference.com/players/t/terryda01.html,2023,2022-12-18,CHI,MIN,@,"L, 126-150",,,,,,,,,,,,,,,,,
Dalen Terry,https://www.basketball-reference.com/players/t/terryda01.html,2023,2022-12-20,CHI,MIA,@,"W, 113-103",,,,,,,,,,,,,,,,,
Dalen Terry,https://www.basketball-reference.com/players/t/terryda01.html,2023,2022-12-21,CHI,ATL,@,"W, 110-108",,05:11,0,0,0,0,0,0,0,1,1,0,0,0,0,1,0
Dalen Terry,https://www.basketball-reference.com/players/t/terryda01.html,2023,2022-12-23,CHI,NYK,@,"W, 118-117",,,,,,,,,,,,,,,,,
Dalen Terry,https://www.basketball-reference.com/players/t/terryda01.html,2023,2022-12-26,CHI,HOU,,"L, 118-133",,06:30,0,0,0,0,0,0,0,1,1,0,0,0,0,0,0
Dalen Terry,https://www.basketball-reference.com/players/t/terryda01.html,2023,2022-12-28,CHI,MIL,,"W, 119-113 (OT)",,04:16,0,1,0,0,0,0,0,0,0,0,0,0,0,0,0
Dalen Terry,https://www.basketball-reference.com/players/t/terryda01.html,2023,2022-12-30,CHI,DET,,"W, 132-118",,,,,,,,,,,,,,,,,
Dalen Terry,https://www.basketball-reference.com/players/t/terryda01.html,2023,2022-12-31,CHI,CLE,,"L, 102-103",,,,,,,,,,,,,,,,,
Dalen Terry,https://www.basketball-reference.com/players/t/terryda01.html,2023,2023-01-02,CHI,CLE,@,"L, 134-145 (OT)",,,,,,,,,,,,,,,,,
Dalen Terry,https://www.basketball-reference.com/players/t/terryda01.html,2023,2023-01-04,CHI,BRK,,"W, 121-112",,,,,,,,,,,,,,,,,
Dalen Terry,https://www.basketball-reference.com/players/t/terryda01.html,2023,2023-01-06,CHI,PHI,@,"W, 126-112",,,,,,,,,,,,,,,,,
Dalen Terry,https://www.basketball-reference.com/players/t/terryda01.html,2023,2023-01-07,CHI,UTA,,"W, 126-118",,,,,,,,,,,,,,,,,
Dalen Terry,https://www.basketball-reference.com/players/t/terryda01.html,2023,2023-01-09,CHI,BOS,@,"L, 99-107",,,,,,,,,,,,,,,,,
Dalen Terry,https://www.basketball-reference.com/players/t/terryda01.html,2023,2023-01-11,CHI,WAS,@,"L, 97-100",,,,,,,,,,,,,,,,,
Dalen Terry,https://www.basketball-reference.com/players/t/terryda01.html,2023,2023-01-13,CHI,OKC,,"L, 110-124",,00:56,0,0,0,0,0,0,0,0,0,0,0,0,0,0,0
Dalen Terry,https://www.basketball-reference.com/players/t/terryda01.html,2023,2023-01-15,CHI,GSW,,"W, 132-118",,00:38,1,1,0,0,0,0,0,0,0,0,0,0,0,0,2
Dalen Terry,https://www.basketball-reference.com/players/t/terryda01.html,2023,2023-01-19,CHI,DET,@,"W, 126-108",,01:06,1,1,0,0,0,0,1,1,2,0,0,0,0,0,2
Dalen Terry,https://www.basketball-reference.com/players/t/terryda01.html,2023,2023-01-23,CHI,ATL,,"W, 111-100",,,,,,,,,,,,,,,,,
Dalen Terry,https://www.basketball-reference.com/players/t/terryda01.html,2023,2023-01-24,CHI,IND,@,"L, 110-116",,,,,,,,,,,,,,,,,
Dalen Terry,https://www.basketball-reference.com/players/t/terryda01.html,2023,2023-01-26,CHI,CHO,@,"L, 96-111",,00:56,0,1,0,0,0,0,0,0,0,0,0,0,0,0,0
Dalen Terry,https://www.basketball-reference.com/players/t/terryda01.html,2023,2023-01-28,CHI,ORL,@,"W, 128-109",,,,,,,,,,,,,,,,,
Dalen Terry,https://www.basketball-reference.com/players/t/terryda01.html,2023,2023-01-31,CHI,LAC,,"L, 103-108",,,,,,,,,,,,,,,,,
Dalen Terry,https://www.basketball-reference.com/players/t/terryda01.html,2023,2023-02-02,CHI,CHO,,"W, 114-98",,,,,,,,,,,,,,,,,
Dalen Terry,https://www.basketball-reference.com/players/t/terryda01.html,2023,2023-02-04,CHI,POR,,"W, 129-121",,04:10,0,0,0,0,0,0,0,1,1,0,0,0,0,1,0
Dalen Terry,https://www.basketball-reference.com/players/t/terryda01.html,2023,2023-02-06,CHI,SAS,,"W, 128-104",,03:31,1,2,0,1,0,2,0,0,0,0,0,1,0,0,2
Dalen Terry,https://www.basketball-reference.com/players/t/terryda01.html,2023,2023-02-07,CHI,MEM,@,"L, 89-104",,,,,,,,,,,,,,,,,
Dalen Terry,https://www.basketball-reference.com/players/t/terryda01.html,2023,2023-02-09,CHI,BRK,@,"L, 105-116",,,,,,,,,,,,,,,,,
Dalen Terry,https://www.basketball-reference.com/players/t/terryda01.html,2023,2023-02-11,CHI,CLE,@,"L, 89-97",,,,,,,,,,,,,,,,,
Dalen Terry,https://www.basketball-reference.com/players/t/terryda01.html,2023,2023-02-13,CHI,ORL,,"L, 91-100",,08:44,2,5,0,1,0,0,0,1,1,0,2,0,0,0,4
Dalen Terry,https://www.basketball-reference.com/players/t/terryda01.html,2023,2023-02-15,CHI,IND,@,"L, 113-117",,15:02,0,2,0,2,0,0,1,1,2,1,0,1,2,3,0
Dalen Terry,https://www.basketball-reference.com/players/t/terryda01.html,2023,2023-02-16,CHI,MIL,,"L, 100-112",,27:03,6,12,1,4,0,0,5,2,7,6,1,0,0,1,13
Dalen Terry,https://www.basketball-reference.com/players/t/terryda01.html,2023,2023-02-24,CHI,BRK,,"W, 131-87",,10:25,3,3,3,3,2,4,0,1,1,0,0,0,0,1,11
Dalen Terry,https://www.basketball-reference.com/players/t/terryda01.html,2023,2023-02-26,CHI,WAS,,"W, 102-82",,01:45,0,0,0,0,0,0,0,1,1,1,0,0,0,1,0
Dalen Terry,https://www.basketball-reference.com/players/t/terryda01.html,2023,2023-02-28,CHI,TOR,@,"L, 98-104",,,,,,,,,,,,,,,,,
Dalen Terry,https://www.basketball-reference.com/players/t/terryda01.html,2023,2023-03-01,CHI,DET,@,"W, 117-115",,,,,,,,,,,,,,,,,
Dalen Terry,https://www.basketball-reference.com/players/t/terryda01.html,2023,2023-03-03,CHI,PHO,,"L, 104-125",,01:31,0,0,0,0,0,0,0,0,0,0,0,0,0,0,0
Dalen Terry,https://www.basketball-reference.com/players/t/terryda01.html,2023,2023-03-05,CHI,IND,,"L, 122-125",,,,,,,,,,,,,,,,,
Dalen Terry,https://www.basketball-reference.com/players/t/terryda01.html,2023,2023-03-08,CHI,DEN,@,"W, 117-96",,02:15,0,0,0,0,0,0,0,0,0,0,0,0,0,0,0
Dalen Terry,https://www.basketball-reference.com/players/t/terryda01.html,2023,2023-03-11,CHI,HOU,@,"W, 119-111",,,,,,,,,,,,,,,,,
Dalen Terry,https://www.basketball-reference.com/players/t/terryda01.html,2023,2023-03-15,CHI,SAC,,"L, 114-117",,06:39,1,1,1,1,0,0,0,0,0,1,0,0,0,1,3
Dalen Terry,https://www.basketball-reference.com/players/t/terryda01.html,2023,2023-03-17,CHI,MIN,,"W, 139-131 (2OT)",,,,,,,,,,,,,,,,,
Dalen Terry,https://www.basketball-reference.com/players/t/terryda01.html,2023,2023-03-18,CHI,MIA,,"W, 113-99",,,,,,,,,,,,,,,,,
Dalen Terry,https://www.basketball-reference.com/players/t/terryda01.html,2023,2023-03-20,CHI,PHI,@,"W, 109-105 (2OT)",,,,,,,,,,,,,,,,,
Dalen Terry,https://www.basketball-reference.com/players/t/terryda01.html,2023,2023-03-22,CHI,PHI,,"L, 91-116",,13:30,0,2,0,2,0,0,1,2,3,0,0,0,0,2,0
Dalen Terry,https://www.basketball-reference.com/players/t/terryda01.html,2023,2023-03-24,CHI,POR,@,"W, 124-96",,17:35,3,4,0,0,0,1,1,3,4,3,0,0,0,3,6
Dalen Terry,https://www.basketball-reference.com/players/t/terryda01.html,2023,2023-03-26,CHI,LAL,@,"W, 118-108",,,,,,,,,,,,,,,,,
Dalen Terry,https://www.basketball-reference.com/players/t/terryda01.html,2023,2023-03-27,CHI,LAC,@,"L, 112-124",,04:27,1,2,0,0,0,0,1,1,2,1,0,0,0,1,2
Dalen Terry,https://www.basketball-reference.com/players/t/terryda01.html,2023,2023-03-29,CHI,LAL,,"L, 110-121",,01:18,0,1,0,1,2,2,0,1,1,0,0,0,0,0,2
Dalen Terry,https://www.basketball-reference.com/players/t/terryda01.html,2023,2023-03-31,CHI,CHO,@,"W, 121-91",,04:20,1,2,0,0,1,2,0,1,1,1,2,0,1,1,3
Dalen Terry,https://www.basketball-reference.com/players/t/terryda01.html,2023,2023-04-02,CHI,MEM,,"W, 128-107",,01:29,0,1,0,1,0,0,0,0,0,0,0,0,0,0,0
Dalen Terry,https://www.basketball-reference.com/players/t/terryda01.html,2023,2023-04-04,CHI,ATL,,"L, 105-123",,02:06,1,2,0,0,0,0,1,0,1,0,1,0,0,0,2
Dalen Terry,https://www.basketball-reference.com/players/t/terryda01.html,2023,2023-04-05,CHI,MIL,@,"L, 92-105",,00:39,1,1,1,1,0,0,0,0,0,0,0,0,0,0,3
Dalen Terry,https://www.basketball-reference.com/players/t/terryda01.html,2023,2023-04-07,CHI,DAL,@,"W, 115-112",,16:19,3,10,0,4,2,2,1,2,3,0,1,0,1,3,8
Dalen Terry,https://www.basketball-reference.com/players/t/terryda01.html,2023,2023-04-09,CHI,DET,,"W, 103-81",,15:03,3,6,0,2,4,4,0,3,3,1,3,1,0,2,10
Isaiah Mobley,https://www.basketball-reference.com/players/m/mobleis01.html,2023,2022-10-19,CLE,TOR,@,"L, 105-108",,,,,,,,,,,,,,,,,
Isaiah Mobley,https://www.basketball-reference.com/players/m/mobleis01.html,2023,2022-10-22,CLE,CHI,@,"W, 128-96",,04:07,1,1,1,1,0,0,0,1,1,0,0,0,0,1,3
Isaiah Mobley,https://www.basketball-reference.com/players/m/mobleis01.html,2023,2022-10-23,CLE,WAS,,"W, 117-107 (OT)",,,,,,,,,,,,,,,,,
Isaiah Mobley,https://www.basketball-reference.com/players/m/mobleis01.html,2023,2022-10-26,CLE,ORL,,"W, 103-92",,,,,,,,,,,,,,,,,
Isaiah Mobley,https://www.basketball-reference.com/players/m/mobleis01.html,2023,2022-10-28,CLE,BOS,@,"W, 132-123 (OT)",,,,,,,,,,,,,,,,,
Isaiah Mobley,https://www.basketball-reference.com/players/m/mobleis01.html,2023,2022-10-30,CLE,NYK,,"W, 121-108",,,,,,,,,,,,,,,,,
Isaiah Mobley,https://www.basketball-reference.com/players/m/mobleis01.html,2023,,,,,,,,,,,,,,,,,,,,,,
Isaiah Mobley,https://www.basketball-reference.com/players/m/mobleis01.html,2023,2022-11-02,CLE,BOS,,"W, 114-113 (OT)",,,,,,,,,,,,,,,,,
Isaiah Mobley,https://www.basketball-reference.com/players/m/mobleis01.html,2023,2022-11-04,CLE,DET,@,"W, 112-88",,,,,,,,,,,,,,,,,
Isaiah Mobley,https://www.basketball-reference.com/players/m/mobleis01.html,2023,2022-11-06,CLE,LAL,@,"W, 114-100",,,,,,,,,,,,,,,,,
Isaiah Mobley,https://www.basketball-reference.com/players/m/mobleis01.html,2023,2022-11-07,CLE,LAC,@,"L, 117-119",,,,,,,,,,,,,,,,,
Isaiah Mobley,https://www.basketball-reference.com/players/m/mobleis01.html,2023,2022-11-09,CLE,SAC,@,"L, 120-127",,,,,,,,,,,,,,,,,
Isaiah Mobley,https://www.basketball-reference.com/players/m/mobleis01.html,2023,2022-11-11,CLE,GSW,@,"L, 101-106",,,,,,,,,,,,,,,,,
Isaiah Mobley,https://www.basketball-reference.com/players/m/mobleis01.html,2023,2022-11-13,CLE,MIN,,"L, 124-129",,,,,,,,,,,,,,,,,
Isaiah Mobley,https://www.basketball-reference.com/players/m/mobleis01.html,2023,2022-11-16,CLE,MIL,@,"L, 98-113",,04:57,1,2,0,0,0,0,0,3,3,0,1,0,0,1,2
Isaiah Mobley,https://www.basketball-reference.com/players/m/mobleis01.html,2023,2022-11-18,CLE,CHO,,"W, 132-122 (2OT)",,,,,,,,,,,,,,,,,
Isaiah Mobley,https://www.basketball-reference.com/players/m/mobleis01.html,2023,2022-11-20,CLE,MIA,,"W, 113-87",,04:28,0,1,0,1,0,0,0,2,2,0,0,0,0,0,0
Isaiah Mobley,https://www.basketball-reference.com/players/m/mobleis01.html,2023,2022-11-21,CLE,ATL,,"W, 114-102",,,,,,,,,,,,,,,,,
Isaiah Mobley,https://www.basketball-reference.com/players/m/mobleis01.html,2023,2022-11-23,CLE,POR,,"W, 114-96",,01:34,0,0,0,0,0,0,0,1,1,0,0,0,0,0,0
Isaiah Mobley,https://www.basketball-reference.com/players/m/mobleis01.html,2023,2022-11-25,CLE,MIL,@,"L, 102-117",,03:03,1,2,0,0,0,0,0,0,0,0,0,0,0,0,2
Isaiah Mobley,https://www.basketball-reference.com/players/m/mobleis01.html,2023,2022-11-27,CLE,DET,@,"W, 102-94",,00:03,0,0,0,0,0,0,0,0,0,0,0,0,0,0,0
Isaiah Mobley,https://www.basketball-reference.com/players/m/mobleis01.html,2023,2022-11-28,CLE,TOR,@,"L, 88-100",,06:35,1,2,0,0,0,0,1,3,4,0,0,0,0,0,2
Isaiah Mobley,https://www.basketball-reference.com/players/m/mobleis01.html,2023,2022-11-30,CLE,PHI,,"W, 113-85",,,,,,,,,,,,,,,,,
Isaiah Mobley,https://www.basketball-reference.com/players/m/mobleis01.html,2023,2022-12-02,CLE,ORL,,"W, 107-96",,,,,,,,,,,,,,,,,
Isaiah Mobley,https://www.basketball-reference.com/players/m/mobleis01.html,2023,2022-12-04,CLE,NYK,@,"L, 81-92",,,,,,,,,,,,,,,,,
Isaiah Mobley,https://www.basketball-reference.com/players/m/mobleis01.html,2023,2022-12-06,CLE,LAL,,"W, 116-102",,,,,,,,,,,,,,,,,
Isaiah Mobley,https://www.basketball-reference.com/players/m/mobleis01.html,2023,2022-12-09,CLE,SAC,,"L, 95-106",,,,,,,,,,,,,,,,,
Isaiah Mobley,https://www.basketball-reference.com/players/m/mobleis01.html,2023,2022-12-10,CLE,OKC,,"W, 110-102",,,,,,,,,,,,,,,,,
Isaiah Mobley,https://www.basketball-reference.com/players/m/mobleis01.html,2023,2022-12-12,CLE,SAS,@,"L, 111-112",,,,,,,,,,,,,,,,,
Isaiah Mobley,https://www.basketball-reference.com/players/m/mobleis01.html,2023,2022-12-14,CLE,DAL,@,"W, 105-90",,01:16,0,0,0,0,0,0,0,0,0,0,0,0,0,0,0
Isaiah Mobley,https://www.basketball-reference.com/players/m/mobleis01.html,2023,2022-12-16,CLE,IND,,"W, 118-112",,,,,,,,,,,,,,,,,
Isaiah Mobley,https://www.basketball-reference.com/players/m/mobleis01.html,2023,2022-12-17,CLE,DAL,,"W, 100-99 (OT)",,,,,,,,,,,,,,,,,
Isaiah Mobley,https://www.basketball-reference.com/players/m/mobleis01.html,2023,2022-12-19,CLE,UTA,,"W, 122-99",,,,,,,,,,,,,,,,,
Isaiah Mobley,https://www.basketball-reference.com/players/m/mobleis01.html,2023,2022-12-21,CLE,MIL,,"W, 114-106",,,,,,,,,,,,,,,,,
Isaiah Mobley,https://www.basketball-reference.com/players/m/mobleis01.html,2023,2022-12-23,CLE,TOR,,"L, 107-118",,,,,,,,,,,,,,,,,
Isaiah Mobley,https://www.basketball-reference.com/players/m/mobleis01.html,2023,2022-12-26,CLE,BRK,,"L, 117-125",,,,,,,,,,,,,,,,,
Isaiah Mobley,https://www.basketball-reference.com/players/m/mobleis01.html,2023,2022-12-29,CLE,IND,@,"L, 126-135",,,,,,,,,,,,,,,,,
Isaiah Mobley,https://www.basketball-reference.com/players/m/mobleis01.html,2023,2022-12-31,CLE,CHI,@,"W, 103-102",,,,,,,,,,,,,,,,,
Isaiah Mobley,https://www.basketball-reference.com/players/m/mobleis01.html,2023,2023-01-02,CLE,CHI,,"W, 145-134 (OT)",,,,,,,,,,,,,,,,,
Isaiah Mobley,https://www.basketball-reference.com/players/m/mobleis01.html,2023,2023-01-04,CLE,PHO,,"W, 90-88",,,,,,,,,,,,,,,,,
Isaiah Mobley,https://www.basketball-reference.com/players/m/mobleis01.html,2023,2023-01-06,CLE,DEN,@,"L, 108-121",,,,,,,,,,,,,,,,,
Isaiah Mobley,https://www.basketball-reference.com/players/m/mobleis01.html,2023,2023-01-08,CLE,PHO,@,"W, 112-98",,,,,,,,,,,,,,,,,
Isaiah Mobley,https://www.basketball-reference.com/players/m/mobleis01.html,2023,2023-01-10,CLE,UTA,@,"L, 114-116",,,,,,,,,,,,,,,,,
Isaiah Mobley,https://www.basketball-reference.com/players/m/mobleis01.html,2023,2023-01-12,CLE,POR,@,"W, 119-113",,,,,,,,,,,,,,,,,
Isaiah Mobley,https://www.basketball-reference.com/players/m/mobleis01.html,2023,2023-01-14,CLE,MIN,@,"L, 102-110",,,,,,,,,,,,,,,,,
Isaiah Mobley,https://www.basketball-reference.com/players/m/mobleis01.html,2023,2023-01-16,CLE,NOP,,"W, 113-103",,,,,,,,,,,,,,,,,
Isaiah Mobley,https://www.basketball-reference.com/players/m/mobleis01.html,2023,2023-01-18,CLE,MEM,@,"L, 114-115",,,,,,,,,,,,,,,,,
Isaiah Mobley,https://www.basketball-reference.com/players/m/mobleis01.html,2023,2023-01-20,CLE,GSW,,"L, 114-120",,,,,,,,,,,,,,,,,
Isaiah Mobley,https://www.basketball-reference.com/players/m/mobleis01.html,2023,2023-01-21,CLE,MIL,,"W, 114-102",,,,,,,,,,,,,,,,,
Isaiah Mobley,https://www.basketball-reference.com/players/m/mobleis01.html,2023,2023-01-24,CLE,NYK,@,"L, 103-105",,,,,,,,,,,,,,,,,
Isaiah Mobley,https://www.basketball-reference.com/players/m/mobleis01.html,2023,2023-01-26,CLE,HOU,@,"W, 113-95",,,,,,,,,,,,,,,,,
Isaiah Mobley,https://www.basketball-reference.com/players/m/mobleis01.html,2023,2023-01-27,CLE,OKC,@,"L, 100-112",,,,,,,,,,,,,,,,,
Isaiah Mobley,https://www.basketball-reference.com/players/m/mobleis01.html,2023,2023-01-29,CLE,LAC,,"W, 122-99",,,,,,,,,,,,,,,,,
Isaiah Mobley,https://www.basketball-reference.com/players/m/mobleis01.html,2023,2023-01-31,CLE,MIA,,"L, 97-100",,,,,,,,,,,,,,,,,
Isaiah Mobley,https://www.basketball-reference.com/players/m/mobleis01.html,2023,2023-02-02,CLE,MEM,,"W, 128-113",,,,,,,,,,,,,,,,,
Isaiah Mobley,https://www.basketball-reference.com/players/m/mobleis01.html,2023,2023-02-05,CLE,IND,@,"W, 122-103",,,,,,,,,,,,,,,,,
Isaiah Mobley,https://www.basketball-reference.com/players/m/mobleis01.html,2023,2023-02-06,CLE,WAS,@,"W, 114-91",,,,,,,,,,,,,,,,,
Isaiah Mobley,https://www.basketball-reference.com/players/m/mobleis01.html,2023,2023-02-08,CLE,DET,,"W, 113-85",,,,,,,,,,,,,,,,,
Isaiah Mobley,https://www.basketball-reference.com/players/m/mobleis01.html,2023,2023-02-10,CLE,NOP,@,"W, 118-107",,,,,,,,,,,,,,,,,
Isaiah Mobley,https://www.basketball-reference.com/players/m/mobleis01.html,2023,2023-02-11,CLE,CHI,,"W, 97-89",,,,,,,,,,,,,,,,,
Isaiah Mobley,https://www.basketball-reference.com/players/m/mobleis01.html,2023,2023-02-13,CLE,SAS,,"W, 117-109",,,,,,,,,,,,,,,,,
Isaiah Mobley,https://www.basketball-reference.com/players/m/mobleis01.html,2023,2023-02-15,CLE,PHI,@,"L, 112-118",,,,,,,,,,,,,,,,,
Isaiah Mobley,https://www.basketball-reference.com/players/m/mobleis01.html,2023,2023-02-23,CLE,DEN,,"L, 109-115",,,,,,,,,,,,,,,,,
Isaiah Mobley,https://www.basketball-reference.com/players/m/mobleis01.html,2023,2023-02-24,CLE,ATL,@,"L, 119-136",,,,,,,,,,,,,,,,,
Isaiah Mobley,https://www.basketball-reference.com/players/m/mobleis01.html,2023,2023-02-26,CLE,TOR,,"W, 118-93",,,,,,,,,,,,,,,,,
Isaiah Mobley,https://www.basketball-reference.com/players/m/mobleis01.html,2023,2023-03-01,CLE,BOS,@,"L, 113-117",,,,,,,,,,,,,,,,,
Isaiah Mobley,https://www.basketball-reference.com/players/m/mobleis01.html,2023,2023-03-04,CLE,DET,,"W, 114-90",,,,,,,,,,,,,,,,,
Isaiah Mobley,https://www.basketball-reference.com/players/m/mobleis01.html,2023,2023-03-06,CLE,BOS,,"W, 118-114 (OT)",,,,,,,,,,,,,,,,,
Isaiah Mobley,https://www.basketball-reference.com/players/m/mobleis01.html,2023,2023-03-08,CLE,MIA,@,"W, 104-100",,,,,,,,,,,,,,,,,
Isaiah Mobley,https://www.basketball-reference.com/players/m/mobleis01.html,2023,2023-03-10,CLE,MIA,@,"L, 115-119",,,,,,,,,,,,,,,,,
Isaiah Mobley,https://www.basketball-reference.com/players/m/mobleis01.html,2023,2023-03-12,CLE,CHO,@,"W, 114-108",,,,,,,,,,,,,,,,,
Isaiah Mobley,https://www.basketball-reference.com/players/m/mobleis01.html,2023,2023-03-14,CLE,CHO,@,"W, 120-104",,04:07,1,2,0,1,0,0,0,1,1,0,0,1,0,0,2
Isaiah Mobley,https://www.basketball-reference.com/players/m/mobleis01.html,2023,2023-03-15,CLE,PHI,,"L, 109-118",,,,,,,,,,,,,,,,,
Isaiah Mobley,https://www.basketball-reference.com/players/m/mobleis01.html,2023,2023-03-17,CLE,WAS,,"W, 117-94",,,,,,,,,,,,,,,,,
Isaiah Mobley,https://www.basketball-reference.com/players/m/mobleis01.html,2023,2023-03-21,CLE,BRK,@,"W, 115-109",,,,,,,,,,,,,,,,,
Isaiah Mobley,https://www.basketball-reference.com/players/m/mobleis01.html,2023,2023-03-23,CLE,BRK,@,"W, 116-114",,,,,,,,,,,,,,,,,
Isaiah Mobley,https://www.basketball-reference.com/players/m/mobleis01.html,2023,2023-03-26,CLE,HOU,,"W, 108-91",,02:21,0,0,0,0,0,0,0,0,0,0,0,0,0,0,0
Isaiah Mobley,https://www.basketball-reference.com/players/m/mobleis01.html,2023,2023-03-28,CLE,ATL,@,"L, 118-120",,,,,,,,,,,,,,,,,
Isaiah Mobley,https://www.basketball-reference.com/players/m/mobleis01.html,2023,2023-03-31,CLE,NYK,,"L, 116-130",,,,,,,,,,,,,,,,,
Isaiah Mobley,https://www.basketball-reference.com/players/m/mobleis01.html,2023,2023-04-02,CLE,IND,,"W, 115-105",,,,,,,,,,,,,,,,,
Isaiah Mobley,https://www.basketball-reference.com/players/m/mobleis01.html,2023,2023-04-04,CLE,ORL,@,"W, 117-113",,,,,,,,,,,,,,,,,
Isaiah Mobley,https://www.basketball-reference.com/players/m/mobleis01.html,2023,2023-04-06,CLE,ORL,@,"W, 118-94",,28:45,7,12,2,3,2,2,2,2,4,1,3,2,1,3,18
Isaiah Mobley,https://www.basketball-reference.com/players/m/mobleis01.html,2023,2023-04-09,CLE,CHO,,"L, 95-106",,22:58,0,6,0,2,2,2,1,3,4,2,0,0,0,3,2
Jaden Hardy,https://www.basketball-reference.com/players/h/hardyja02.html,2023,2022-10-19,DAL,PHO,@,"L, 105-107",,,,,,,,,,,,,,,,,
Jaden Hardy,https://www.basketball-reference.com/players/h/hardyja02.html,2023,2022-10-22,DAL,MEM,,"W, 137-96",,06:16,0,3,0,2,0,0,0,1,1,0,0,0,2,0,0
Jaden Hardy,https://www.basketball-reference.com/players/h/hardyja02.html,2023,2022-10-25,DAL,NOP,@,"L, 111-113",,,,,,,,,,,,,,,,,
Jaden Hardy,https://www.basketball-reference.com/players/h/hardyja02.html,2023,2022-10-27,DAL,BRK,@,"W, 129-125 (OT)",,,,,,,,,,,,,,,,,
Jaden Hardy,https://www.basketball-reference.com/players/h/hardyja02.html,2023,2022-10-29,DAL,OKC,,"L, 111-117 (OT)",,03:43,0,2,0,0,0,0,0,1,1,1,0,0,0,2,0
Jaden Hardy,https://www.basketball-reference.com/players/h/hardyja02.html,2023,2022-10-30,DAL,ORL,,"W, 114-105",,,,,,,,,,,,,,,,,
Jaden Hardy,https://www.basketball-reference.com/players/h/hardyja02.html,2023,,,,,,,,,,,,,,,,,,,,,,
Jaden Hardy,https://www.basketball-reference.com/players/h/hardyja02.html,2023,2022-11-02,DAL,UTA,,"W, 103-100",,,,,,,,,,,,,,,,,
Jaden Hardy,https://www.basketball-reference.com/players/h/hardyja02.html,2023,2022-11-04,DAL,TOR,,"W, 111-110",,,,,,,,,,,,,,,,,
Jaden Hardy,https://www.basketball-reference.com/players/h/hardyja02.html,2023,2022-11-07,DAL,BRK,,"W, 96-94",,,,,,,,,,,,,,,,,
Jaden Hardy,https://www.basketball-reference.com/players/h/hardyja02.html,2023,2022-11-09,DAL,ORL,@,"L, 87-94",,,,,,,,,,,,,,,,,
Jaden Hardy,https://www.basketball-reference.com/players/h/hardyja02.html,2023,2022-11-10,DAL,WAS,@,"L, 105-113",,00:10,0,0,0,0,0,0,0,0,0,0,0,0,0,0,0
Jaden Hardy,https://www.basketball-reference.com/players/h/hardyja02.html,2023,2022-11-12,DAL,POR,,"W, 117-112",,,,,,,,,,,,,,,,,
Jaden Hardy,https://www.basketball-reference.com/players/h/hardyja02.html,2023,2022-11-15,DAL,LAC,,"W, 103-101",,,,,,,,,,,,,,,,,
Jaden Hardy,https://www.basketball-reference.com/players/h/hardyja02.html,2023,2022-11-16,DAL,HOU,,"L, 92-101",,,,,,,,,,,,,,,,,
Jaden Hardy,https://www.basketball-reference.com/players/h/hardyja02.html,2023,2022-11-18,DAL,DEN,,"W, 127-99",,,,,,,,,,,,,,,,,
Jaden Hardy,https://www.basketball-reference.com/players/h/hardyja02.html,2023,2022-11-20,DAL,DEN,,"L, 97-98",,,,,,,,,,,,,,,,,
Jaden Hardy,https://www.basketball-reference.com/players/h/hardyja02.html,2023,2022-11-23,DAL,BOS,@,"L, 112-125",,,,,,,,,,,,,,,,,
Jaden Hardy,https://www.basketball-reference.com/players/h/hardyja02.html,2023,2022-11-26,DAL,TOR,@,"L, 100-105",,,,,,,,,,,,,,,,,
Jaden Hardy,https://www.basketball-reference.com/players/h/hardyja02.html,2023,2022-11-27,DAL,MIL,@,"L, 115-124",,,,,,,,,,,,,,,,,
Jaden Hardy,https://www.basketball-reference.com/players/h/hardyja02.html,2023,2022-11-29,DAL,GSW,,"W, 116-113",,,,,,,,,,,,,,,,,
Jaden Hardy,https://www.basketball-reference.com/players/h/hardyja02.html,2023,2022-12-01,DAL,DET,@,"L, 125-131 (OT)",,,,,,,,,,,,,,,,,
Jaden Hardy,https://www.basketball-reference.com/players/h/hardyja02.html,2023,2022-12-03,DAL,NYK,@,"W, 121-100",,06:34,2,5,1,3,0,0,0,1,1,0,0,0,0,1,5
Jaden Hardy,https://www.basketball-reference.com/players/h/hardyja02.html,2023,2022-12-05,DAL,PHO,,"W, 130-111",,02:25,4,5,0,0,2,2,0,0,0,0,0,0,0,2,10
Jaden Hardy,https://www.basketball-reference.com/players/h/hardyja02.html,2023,2022-12-06,DAL,DEN,@,"W, 116-115",,,,,,,,,,,,,,,,,
Jaden Hardy,https://www.basketball-reference.com/players/h/hardyja02.html,2023,2022-12-09,DAL,MIL,,"L, 105-106",,,,,,,,,,,,,,,,,
Jaden Hardy,https://www.basketball-reference.com/players/h/hardyja02.html,2023,2022-12-10,DAL,CHI,@,"L, 115-144",,22:55,5,13,0,4,5,5,0,1,1,1,1,1,1,2,15
Jaden Hardy,https://www.basketball-reference.com/players/h/hardyja02.html,2023,2022-12-12,DAL,OKC,,"W, 121-114",,,,,,,,,,,,,,,,,
Jaden Hardy,https://www.basketball-reference.com/players/h/hardyja02.html,2023,2022-12-14,DAL,CLE,,"L, 90-105",,02:34,0,2,0,0,0,0,0,1,1,0,0,0,0,0,0
Jaden Hardy,https://www.basketball-reference.com/players/h/hardyja02.html,2023,2022-12-16,DAL,POR,,"W, 130-110",,06:40,3,5,0,2,0,0,0,1,1,0,0,0,0,1,6
Jaden Hardy,https://www.basketball-reference.com/players/h/hardyja02.html,2023,2022-12-17,DAL,CLE,@,"L, 99-100 (OT)",,12:45,0,5,0,1,2,2,0,2,2,1,0,1,0,1,2
Jaden Hardy,https://www.basketball-reference.com/players/h/hardyja02.html,2023,2022-12-19,DAL,MIN,@,"L, 106-116",,,,,,,,,,,,,,,,,
Jaden Hardy,https://www.basketball-reference.com/players/h/hardyja02.html,2023,2022-12-21,DAL,MIN,@,"W, 104-99",,,,,,,,,,,,,,,,,
Jaden Hardy,https://www.basketball-reference.com/players/h/hardyja02.html,2023,2022-12-23,DAL,HOU,@,"W, 112-106",,,,,,,,,,,,,,,,,
Jaden Hardy,https://www.basketball-reference.com/players/h/hardyja02.html,2023,2022-12-25,DAL,LAL,,"W, 124-115",,01:24,0,1,0,0,0,0,0,0,0,0,0,0,0,0,0
Jaden Hardy,https://www.basketball-reference.com/players/h/hardyja02.html,2023,2022-12-27,DAL,NYK,,"W, 126-121 (OT)",,,,,,,,,,,,,,,,,
Jaden Hardy,https://www.basketball-reference.com/players/h/hardyja02.html,2023,2022-12-29,DAL,HOU,,"W, 129-114",,12:06,1,3,1,3,0,0,0,3,3,0,0,0,1,3,3
Jaden Hardy,https://www.basketball-reference.com/players/h/hardyja02.html,2023,2022-12-31,DAL,SAS,@,"W, 126-125",,,,,,,,,,,,,,,,,
Jaden Hardy,https://www.basketball-reference.com/players/h/hardyja02.html,2023,2023-01-02,DAL,HOU,@,"W, 111-106",,,,,,,,,,,,,,,,,
Jaden Hardy,https://www.basketball-reference.com/players/h/hardyja02.html,2023,2023-01-05,DAL,BOS,,"L, 95-124",,15:05,5,8,3,3,2,2,0,2,2,2,0,0,0,1,15
Jaden Hardy,https://www.basketball-reference.com/players/h/hardyja02.html,2023,2023-01-07,DAL,NOP,,"W, 127-117",,20:51,7,9,1,2,0,0,0,1,1,0,2,0,0,3,15
Jaden Hardy,https://www.basketball-reference.com/players/h/hardyja02.html,2023,2023-01-08,DAL,OKC,@,"L, 109-120",,27:14,2,8,1,5,4,6,0,2,2,3,0,0,2,5,9
Jaden Hardy,https://www.basketball-reference.com/players/h/hardyja02.html,2023,2023-01-10,DAL,LAC,@,"L, 101-113",,16:32,1,6,0,3,0,0,0,2,2,0,0,0,1,0,2
Jaden Hardy,https://www.basketball-reference.com/players/h/hardyja02.html,2023,2023-01-12,DAL,LAL,@,"W, 119-115 (2OT)",,05:30,1,2,0,0,1,1,0,0,0,1,0,0,2,3,3
Jaden Hardy,https://www.basketball-reference.com/players/h/hardyja02.html,2023,2023-01-14,DAL,POR,@,"L, 119-136",,10:19,2,5,1,3,2,2,0,2,2,1,0,0,1,1,7
Jaden Hardy,https://www.basketball-reference.com/players/h/hardyja02.html,2023,2023-01-15,DAL,POR,@,"L, 123-140",,26:57,8,17,3,10,6,9,1,1,2,2,1,0,0,1,25
Jaden Hardy,https://www.basketball-reference.com/players/h/hardyja02.html,2023,2023-01-18,DAL,ATL,,"L, 122-130",,04:21,1,2,0,1,0,0,0,0,0,0,0,1,0,0,2
Jaden Hardy,https://www.basketball-reference.com/players/h/hardyja02.html,2023,2023-01-20,DAL,MIA,,"W, 115-90",,08:17,1,5,0,1,0,0,0,2,2,1,0,0,2,1,2
Jaden Hardy,https://www.basketball-reference.com/players/h/hardyja02.html,2023,2023-01-22,DAL,LAC,,"L, 98-112",,,,,,,,,,,,,,,,,
Jaden Hardy,https://www.basketball-reference.com/players/h/hardyja02.html,2023,2023-01-24,DAL,WAS,,"L, 126-127",,,,,,,,,,,,,,,,,
Jaden Hardy,https://www.basketball-reference.com/players/h/hardyja02.html,2023,2023-01-26,DAL,PHO,@,"W, 99-95",,05:13,0,2,0,0,0,0,0,2,2,0,0,0,0,0,0
Jaden Hardy,https://www.basketball-reference.com/players/h/hardyja02.html,2023,2023-01-28,DAL,UTA,@,"L, 100-108",,05:03,1,1,1,1,0,0,0,0,0,0,0,0,1,2,3
Jaden Hardy,https://www.basketball-reference.com/players/h/hardyja02.html,2023,2023-01-30,DAL,DET,,"W, 111-105",,05:41,1,3,0,0,1,1,0,2,2,0,1,0,1,0,3
Jaden Hardy,https://www.basketball-reference.com/players/h/hardyja02.html,2023,2023-02-02,DAL,NOP,,"W, 111-106",,09:45,1,4,0,3,0,0,0,0,0,0,1,0,0,2,2
Jaden Hardy,https://www.basketball-reference.com/players/h/hardyja02.html,2023,2023-02-04,DAL,GSW,@,"L, 113-119",,13:24,3,8,1,5,4,4,0,1,1,1,0,0,1,2,11
Jaden Hardy,https://www.basketball-reference.com/players/h/hardyja02.html,2023,2023-02-06,DAL,UTA,@,"W, 124-111",,25:39,8,12,4,6,9,9,1,3,4,4,2,0,2,4,29
Jaden Hardy,https://www.basketball-reference.com/players/h/hardyja02.html,2023,2023-02-08,DAL,LAC,@,"W, 110-104",,12:22,3,5,0,1,2,3,0,3,3,0,0,0,5,2,8
Jaden Hardy,https://www.basketball-reference.com/players/h/hardyja02.html,2023,2023-02-10,DAL,SAC,@,"W, 122-114",,19:44,4,7,4,5,0,0,0,2,2,1,0,0,1,1,12
Jaden Hardy,https://www.basketball-reference.com/players/h/hardyja02.html,2023,2023-02-11,DAL,SAC,@,"L, 128-133 (OT)",,16:39,1,3,1,3,0,0,0,3,3,4,0,0,1,0,3
Jaden Hardy,https://www.basketball-reference.com/players/h/hardyja02.html,2023,2023-02-13,DAL,MIN,,"L, 121-124",,16:16,1,2,0,0,0,0,0,0,0,0,0,0,1,0,2
Jaden Hardy,https://www.basketball-reference.com/players/h/hardyja02.html,2023,2023-02-15,DAL,DEN,@,"L, 109-118",,24:26,2,8,2,4,2,2,0,2,2,2,1,0,1,1,8
Jaden Hardy,https://www.basketball-reference.com/players/h/hardyja02.html,2023,2023-02-23,DAL,SAS,,"W, 142-116",,04:26,1,2,1,2,0,0,0,0,0,1,0,0,0,0,3
Jaden Hardy,https://www.basketball-reference.com/players/h/hardyja02.html,2023,2023-02-26,DAL,LAL,,"L, 108-111",,,,,,,,,,,,,,,,,
Jaden Hardy,https://www.basketball-reference.com/players/h/hardyja02.html,2023,2023-02-28,DAL,IND,,"L, 122-124",,,,,,,,,,,,,,,,,
Jaden Hardy,https://www.basketball-reference.com/players/h/hardyja02.html,2023,2023-03-02,DAL,PHI,,"W, 133-126",,,,,,,,,,,,,,,,,
Jaden Hardy,https://www.basketball-reference.com/players/h/hardyja02.html,2023,2023-03-05,DAL,PHO,,"L, 126-130",,,,,,,,,,,,,,,,,
Jaden Hardy,https://www.basketball-reference.com/players/h/hardyja02.html,2023,2023-03-07,DAL,UTA,,"W, 120-116",,,,,,,,,,,,,,,,,
Jaden Hardy,https://www.basketball-reference.com/players/h/hardyja02.html,2023,2023-03-08,DAL,NOP,@,"L, 106-113",,17:06,4,5,2,3,1,1,0,0,0,2,0,0,0,0,11
Jaden Hardy,https://www.basketball-reference.com/players/h/hardyja02.html,2023,2023-03-11,DAL,MEM,@,"L, 108-112",,37:25,9,21,3,9,1,4,1,1,2,3,1,0,3,1,22
Jaden Hardy,https://www.basketball-reference.com/players/h/hardyja02.html,2023,2023-03-13,DAL,MEM,,"L, 88-104",,41:11,9,25,5,15,5,6,1,7,8,3,1,1,3,2,28
Jaden Hardy,https://www.basketball-reference.com/players/h/hardyja02.html,2023,2023-03-15,DAL,SAS,@,"W, 137-128 (OT)",,38:01,5,17,3,5,9,10,2,4,6,4,0,0,2,2,22
Jaden Hardy,https://www.basketball-reference.com/players/h/hardyja02.html,2023,2023-03-17,DAL,LAL,@,"W, 111-110",,05:39,1,2,1,2,0,0,0,0,0,1,0,0,1,0,3
Jaden Hardy,https://www.basketball-reference.com/players/h/hardyja02.html,2023,2023-03-20,DAL,MEM,@,"L, 108-112",,18:45,7,13,4,8,2,2,0,3,3,4,1,0,1,4,20
Jaden Hardy,https://www.basketball-reference.com/players/h/hardyja02.html,2023,2023-03-22,DAL,GSW,,"L, 125-127",,25:05,10,18,6,9,1,2,0,5,5,1,1,1,0,2,27
Jaden Hardy,https://www.basketball-reference.com/players/h/hardyja02.html,2023,2023-03-24,DAL,CHO,,"L, 109-117",,20:01,3,8,2,4,0,0,0,3,3,2,0,0,0,3,8
Jaden Hardy,https://www.basketball-reference.com/players/h/hardyja02.html,2023,2023-03-26,DAL,CHO,@,"L, 104-110",,13:09,1,3,1,1,0,0,1,0,1,3,1,0,1,2,3
Jaden Hardy,https://www.basketball-reference.com/players/h/hardyja02.html,2023,2023-03-27,DAL,IND,@,"W, 127-104",,23:59,8,12,4,6,0,0,0,4,4,4,3,0,4,2,20
Jaden Hardy,https://www.basketball-reference.com/players/h/hardyja02.html,2023,2023-03-29,DAL,PHI,@,"L, 108-116",,18:23,2,7,2,4,2,2,0,2,2,4,0,1,0,1,8
Jaden Hardy,https://www.basketball-reference.com/players/h/hardyja02.html,2023,2023-04-01,DAL,MIA,@,"L, 122-129",,06:21,1,2,1,2,0,0,0,0,0,0,0,0,3,2,3
Jaden Hardy,https://www.basketball-reference.com/players/h/hardyja02.html,2023,2023-04-02,DAL,ATL,@,"L, 130-132 (OT)",,13:36,1,1,0,0,0,2,2,1,3,2,0,0,1,1,2
Jaden Hardy,https://www.basketball-reference.com/players/h/hardyja02.html,2023,2023-04-05,DAL,SAC,,"W, 123-119",,13:53,2,4,0,1,0,0,0,0,0,0,0,1,0,0,4
Jaden Hardy,https://www.basketball-reference.com/players/h/hardyja02.html,2023,2023-04-07,DAL,CHI,,"L, 112-115",,16:23,3,9,3,7,0,0,0,4,4,1,0,0,1,0,9
Jaden Hardy,https://www.basketball-reference.com/players/h/hardyja02.html,2023,2023-04-09,DAL,SAS,,"L, 117-138",,28:10,11,23,1,7,2,2,2,3,5,5,0,0,0,1,25
A.J. Lawson,https://www.basketball-reference.com/players/l/lawsoaj01.html,2023,2022-11-16,MIN,ORL,@,"W, 126-108",,01:46,1,1,0,0,0,0,0,1,1,0,0,0,0,1,2
A.J. Lawson,https://www.basketball-reference.com/players/l/lawsoaj01.html,2023,2022-11-19,MIN,PHI,@,"W, 112-109",,,,,,,,,,,,,,,,,
A.J. Lawson,https://www.basketball-reference.com/players/l/lawsoaj01.html,2023,2022-11-21,MIN,MIA,,"W, 105-101",,,,,,,,,,,,,,,,,
A.J. Lawson,https://www.basketball-reference.com/players/l/lawsoaj01.html,2023,2022-11-23,MIN,IND,@,"W, 115-101",,,,,,,,,,,,,,,,,
A.J. Lawson,https://www.basketball-reference.com/players/l/lawsoaj01.html,2023,2022-11-25,MIN,CHO,@,"L, 108-110",,,,,,,,,,,,,,,,,
A.J. Lawson,https://www.basketball-reference.com/players/l/lawsoaj01.html,2023,2022-11-27,MIN,GSW,,"L, 114-137",,,,,,,,,,,,,,,,,
A.J. Lawson,https://www.basketball-reference.com/players/l/lawsoaj01.html,2023,2022-11-28,MIN,WAS,@,"L, 127-142",,,,,,,,,,,,,,,,,
A.J. Lawson,https://www.basketball-reference.com/players/l/lawsoaj01.html,2023,2022-11-30,MIN,MEM,,"W, 109-101",,,,,,,,,,,,,,,,,
A.J. Lawson,https://www.basketball-reference.com/players/l/lawsoaj01.html,2023,,,,,,,,,,,,,,,,,,,,,,
A.J. Lawson,https://www.basketball-reference.com/players/l/lawsoaj01.html,2023,2022-12-03,MIN,OKC,,"L, 128-135",,,,,,,,,,,,,,,,,
A.J. Lawson,https://www.basketball-reference.com/players/l/lawsoaj01.html,2023,2022-12-07,MIN,IND,,"W, 121-115",,,,,,,,,,,,,,,,,
A.J. Lawson,https://www.basketball-reference.com/players/l/lawsoaj01.html,2023,2022-12-27,DAL,NYK,,"W, 126-121 (OT)",,,,,,,,,,,,,,,,,
A.J. Lawson,https://www.basketball-reference.com/players/l/lawsoaj01.html,2023,2022-12-29,DAL,HOU,,"W, 129-114",,00:56,0,1,0,1,0,0,0,0,0,0,0,0,0,0,0
A.J. Lawson,https://www.basketball-reference.com/players/l/lawsoaj01.html,2023,2022-12-31,DAL,SAS,@,"W, 126-125",,,,,,,,,,,,,,,,,
A.J. Lawson,https://www.basketball-reference.com/players/l/lawsoaj01.html,2023,2023-01-02,DAL,HOU,@,"W, 111-106",,,,,,,,,,,,,,,,,
A.J. Lawson,https://www.basketball-reference.com/players/l/lawsoaj01.html,2023,2023-01-05,DAL,BOS,,"L, 95-124",,03:45,0,1,0,1,0,0,0,0,0,0,0,0,0,0,0
A.J. Lawson,https://www.basketball-reference.com/players/l/lawsoaj01.html,2023,2023-01-07,DAL,NOP,,"W, 127-117",,00:30,0,0,0,0,0,0,0,0,0,0,0,0,0,0,0
A.J. Lawson,https://www.basketball-reference.com/players/l/lawsoaj01.html,2023,2023-01-08,DAL,OKC,@,"L, 109-120",,01:55,0,1,0,1,0,0,0,0,0,0,0,0,0,0,0
A.J. Lawson,https://www.basketball-reference.com/players/l/lawsoaj01.html,2023,2023-01-10,DAL,LAC,@,"L, 101-113",,00:56,0,0,0,0,0,0,0,1,1,0,0,0,0,0,0
A.J. Lawson,https://www.basketball-reference.com/players/l/lawsoaj01.html,2023,2023-01-12,DAL,LAL,@,"W, 119-115 (2OT)",,,,,,,,,,,,,,,,,
A.J. Lawson,https://www.basketball-reference.com/players/l/lawsoaj01.html,2023,2023-01-14,DAL,POR,@,"L, 119-136",,07:00,1,4,1,2,0,0,0,1,1,1,0,0,0,0,3
A.J. Lawson,https://www.basketball-reference.com/players/l/lawsoaj01.html,2023,2023-01-15,DAL,POR,@,"L, 123-140",,05:05,2,2,1,1,1,1,0,1,1,0,0,0,0,1,6
A.J. Lawson,https://www.basketball-reference.com/players/l/lawsoaj01.html,2023,2023-01-18,DAL,ATL,,"L, 122-130",,,,,,,,,,,,,,,,,
A.J. Lawson,https://www.basketball-reference.com/players/l/lawsoaj01.html,2023,2023-01-20,DAL,MIA,,"W, 115-90",,04:23,2,2,1,1,0,2,0,0,0,0,0,0,0,1,5
A.J. Lawson,https://www.basketball-reference.com/players/l/lawsoaj01.html,2023,2023-01-22,DAL,LAC,,"L, 98-112",,,,,,,,,,,,,,,,,
A.J. Lawson,https://www.basketball-reference.com/players/l/lawsoaj01.html,2023,2023-01-24,DAL,WAS,,"L, 126-127",,,,,,,,,,,,,,,,,
A.J. Lawson,https://www.basketball-reference.com/players/l/lawsoaj01.html,2023,2023-01-26,DAL,PHO,@,"W, 99-95",,,,,,,,,,,,,,,,,
A.J. Lawson,https://www.basketball-reference.com/players/l/lawsoaj01.html,2023,2023-01-28,DAL,UTA,@,"L, 100-108",,00:30,0,0,0,0,0,0,0,0,0,0,0,0,0,0,0
A.J. Lawson,https://www.basketball-reference.com/players/l/lawsoaj01.html,2023,2023-01-30,DAL,DET,,"W, 111-105",,,,,,,,,,,,,,,,,
A.J. Lawson,https://www.basketball-reference.com/players/l/lawsoaj01.html,2023,2023-02-02,DAL,NOP,,"W, 111-106",,,,,,,,,,,,,,,,,
A.J. Lawson,https://www.basketball-reference.com/players/l/lawsoaj01.html,2023,2023-02-04,DAL,GSW,@,"L, 113-119",,11:09,2,4,1,3,0,0,1,3,4,0,0,0,0,1,5
A.J. Lawson,https://www.basketball-reference.com/players/l/lawsoaj01.html,2023,2023-02-06,DAL,UTA,@,"W, 124-111",,12:17,1,4,1,3,0,0,0,0,0,0,0,0,1,3,3
A.J. Lawson,https://www.basketball-reference.com/players/l/lawsoaj01.html,2023,2023-02-08,DAL,LAC,@,"W, 110-104",,,,,,,,,,,,,,,,,
A.J. Lawson,https://www.basketball-reference.com/players/l/lawsoaj01.html,2023,2023-02-10,DAL,SAC,@,"W, 122-114",,,,,,,,,,,,,,,,,
A.J. Lawson,https://www.basketball-reference.com/players/l/lawsoaj01.html,2023,2023-02-11,DAL,SAC,@,"L, 128-133 (OT)",,,,,,,,,,,,,,,,,
A.J. Lawson,https://www.basketball-reference.com/players/l/lawsoaj01.html,2023,2023-02-13,DAL,MIN,,"L, 121-124",,,,,,,,,,,,,,,,,
A.J. Lawson,https://www.basketball-reference.com/players/l/lawsoaj01.html,2023,2023-02-15,DAL,DEN,@,"L, 109-118",,12:26,4,6,2,3,0,0,1,1,2,0,1,0,0,1,10
A.J. Lawson,https://www.basketball-reference.com/players/l/lawsoaj01.html,2023,2023-02-23,DAL,SAS,,"W, 142-116",,,,,,,,,,,,,,,,,
A.J. Lawson,https://www.basketball-reference.com/players/l/lawsoaj01.html,2023,2023-02-26,DAL,LAL,,"L, 108-111",,,,,,,,,,,,,,,,,
A.J. Lawson,https://www.basketball-reference.com/players/l/lawsoaj01.html,2023,2023-02-28,DAL,IND,,"L, 122-124",,,,,,,,,,,,,,,,,
A.J. Lawson,https://www.basketball-reference.com/players/l/lawsoaj01.html,2023,2023-03-02,DAL,PHI,,"W, 133-126",,,,,,,,,,,,,,,,,
A.J. Lawson,https://www.basketball-reference.com/players/l/lawsoaj01.html,2023,2023-03-05,DAL,PHO,,"L, 126-130",,,,,,,,,,,,,,,,,
A.J. Lawson,https://www.basketball-reference.com/players/l/lawsoaj01.html,2023,2023-03-07,DAL,UTA,,"W, 120-116",,,,,,,,,,,,,,,,,
A.J. Lawson,https://www.basketball-reference.com/players/l/lawsoaj01.html,2023,2023-03-08,DAL,NOP,@,"L, 106-113",,,,,,,,,,,,,,,,,
A.J. Lawson,https://www.basketball-reference.com/players/l/lawsoaj01.html,2023,2023-03-11,DAL,MEM,@,"L, 108-112",,,,,,,,,,,,,,,,,
A.J. Lawson,https://www.basketball-reference.com/players/l/lawsoaj01.html,2023,2023-03-13,DAL,MEM,,"L, 88-104",,,,,,,,,,,,,,,,,
A.J. Lawson,https://www.basketball-reference.com/players/l/lawsoaj01.html,2023,2023-03-15,DAL,SAS,@,"W, 137-128 (OT)",,,,,,,,,,,,,,,,,
A.J. Lawson,https://www.basketball-reference.com/players/l/lawsoaj01.html,2023,2023-03-17,DAL,LAL,@,"W, 111-110",,,,,,,,,,,,,,,,,
A.J. Lawson,https://www.basketball-reference.com/players/l/lawsoaj01.html,2023,2023-03-20,DAL,MEM,@,"L, 108-112",,,,,,,,,,,,,,,,,
A.J. Lawson,https://www.basketball-reference.com/players/l/lawsoaj01.html,2023,2023-03-22,DAL,GSW,,"L, 125-127",,,,,,,,,,,,,,,,,
A.J. Lawson,https://www.basketball-reference.com/players/l/lawsoaj01.html,2023,2023-03-24,DAL,CHO,,"L, 109-117",,,,,,,,,,,,,,,,,
A.J. Lawson,https://www.basketball-reference.com/players/l/lawsoaj01.html,2023,2023-03-26,DAL,CHO,@,"L, 104-110",,,,,,,,,,,,,,,,,
A.J. Lawson,https://www.basketball-reference.com/players/l/lawsoaj01.html,2023,2023-03-27,DAL,IND,@,"W, 127-104",,,,,,,,,,,,,,,,,
A.J. Lawson,https://www.basketball-reference.com/players/l/lawsoaj01.html,2023,2023-03-29,DAL,PHI,@,"L, 108-116",,,,,,,,,,,,,,,,,
A.J. Lawson,https://www.basketball-reference.com/players/l/lawsoaj01.html,2023,2023-04-01,DAL,MIA,@,"L, 122-129",,,,,,,,,,,,,,,,,
A.J. Lawson,https://www.basketball-reference.com/players/l/lawsoaj01.html,2023,2023-04-02,DAL,ATL,@,"L, 130-132 (OT)",,,,,,,,,,,,,,,,,
A.J. Lawson,https://www.basketball-reference.com/players/l/lawsoaj01.html,2023,2023-04-05,DAL,SAC,,"W, 123-119",,,,,,,,,,,,,,,,,
A.J. Lawson,https://www.basketball-reference.com/players/l/lawsoaj01.html,2023,2023-04-07,DAL,CHI,,"L, 112-115",,22:33,5,9,2,6,0,0,3,3,6,0,0,0,2,0,12
A.J. Lawson,https://www.basketball-reference.com/players/l/lawsoaj01.html,2023,2023-04-09,DAL,SAS,,"L, 117-138",,23:03,4,9,1,3,1,5,1,4,5,1,1,0,0,3,10
Christian Braun,https://www.basketball-reference.com/players/b/braunch01.html,2023,2022-10-19,DEN,UTA,@,"L, 102-123",,01:46,0,0,0,0,0,0,0,0,0,0,0,0,0,1,0
Christian Braun,https://www.basketball-reference.com/players/b/braunch01.html,2023,2022-10-21,DEN,GSW,@,"W, 128-123",,22:46,2,5,0,1,0,0,2,3,5,3,3,0,1,1,4
Christian Braun,https://www.basketball-reference.com/players/b/braunch01.html,2023,2022-10-22,DEN,OKC,,"W, 122-117",,16:29,3,5,3,4,0,0,0,1,1,2,1,1,1,1,9
Christian Braun,https://www.basketball-reference.com/players/b/braunch01.html,2023,2022-10-24,DEN,POR,@,"L, 110-135",,12:39,0,2,0,1,0,0,1,2,3,0,0,0,0,1,0
Christian Braun,https://www.basketball-reference.com/players/b/braunch01.html,2023,2022-10-26,DEN,LAL,,"W, 110-99",,25:05,4,6,0,1,1,2,2,3,5,0,0,0,1,1,9
Christian Braun,https://www.basketball-reference.com/players/b/braunch01.html,2023,2022-10-28,DEN,UTA,,"W, 117-101",,32:25,4,7,1,3,1,2,2,4,6,1,0,1,1,1,10
Christian Braun,https://www.basketball-reference.com/players/b/braunch01.html,2023,2022-10-30,DEN,LAL,@,"L, 110-121",,12:57,0,3,0,2,0,0,0,0,0,2,0,0,0,1,0
Christian Braun,https://www.basketball-reference.com/players/b/braunch01.html,2023,,,,,,,,,,,,,,,,,,,,,,
Christian Braun,https://www.basketball-reference.com/players/b/braunch01.html,2023,2022-11-03,DEN,OKC,@,"W, 122-110",,07:16,1,1,1,1,0,0,0,0,0,1,0,0,0,2,3
Christian Braun,https://www.basketball-reference.com/players/b/braunch01.html,2023,2022-11-05,DEN,SAS,,"W, 126-101",,14:27,1,4,0,1,0,0,0,2,2,1,0,0,0,0,2
Christian Braun,https://www.basketball-reference.com/players/b/braunch01.html,2023,2022-11-07,DEN,SAS,@,"W, 115-109",,02:30,0,0,0,0,0,0,0,0,0,1,0,0,1,0,0
Christian Braun,https://www.basketball-reference.com/players/b/braunch01.html,2023,2022-11-09,DEN,IND,@,"W, 122-119",,,,,,,,,,,,,,,,,
Christian Braun,https://www.basketball-reference.com/players/b/braunch01.html,2023,2022-11-11,DEN,BOS,@,"L, 112-131",,13:18,1,1,0,0,0,0,0,2,2,2,0,0,0,0,2
Christian Braun,https://www.basketball-reference.com/players/b/braunch01.html,2023,2022-11-13,DEN,CHI,@,"W, 126-103",,26:13,3,6,1,2,2,2,0,2,2,1,2,0,0,2,9
Christian Braun,https://www.basketball-reference.com/players/b/braunch01.html,2023,2022-11-16,DEN,NYK,,"L, 103-106",,14:55,1,2,0,0,0,0,1,0,1,1,0,1,0,1,2
Christian Braun,https://www.basketball-reference.com/players/b/braunch01.html,2023,2022-11-18,DEN,DAL,@,"L, 99-127",,13:25,1,5,0,1,1,3,2,2,4,0,0,0,0,3,3
Christian Braun,https://www.basketball-reference.com/players/b/braunch01.html,2023,2022-11-20,DEN,DAL,@,"W, 98-97",,16:14,2,5,1,1,0,0,0,4,4,0,1,0,0,3,5
Christian Braun,https://www.basketball-reference.com/players/b/braunch01.html,2023,2022-11-22,DEN,DET,,"L, 108-110",,03:26,0,0,0,0,0,0,1,0,1,0,0,0,0,0,0
Christian Braun,https://www.basketball-reference.com/players/b/braunch01.html,2023,2022-11-23,DEN,OKC,@,"W, 131-126 (OT)",,13:33,0,3,0,1,2,2,2,4,6,0,0,0,1,1,2
Christian Braun,https://www.basketball-reference.com/players/b/braunch01.html,2023,2022-11-25,DEN,LAC,@,"W, 114-104",,06:36,0,0,0,0,0,2,0,0,0,0,1,0,0,0,0
Christian Braun,https://www.basketball-reference.com/players/b/braunch01.html,2023,2022-11-28,DEN,HOU,,"W, 129-113",,05:57,0,1,0,1,0,0,0,0,0,0,0,0,0,0,0
Christian Braun,https://www.basketball-reference.com/players/b/braunch01.html,2023,2022-11-30,DEN,HOU,,"W, 120-100",,03:06,0,1,0,0,0,0,0,1,1,0,0,0,0,0,0
Christian Braun,https://www.basketball-reference.com/players/b/braunch01.html,2023,2022-12-02,DEN,ATL,@,"L, 109-117",,,,,,,,,,,,,,,,,
Christian Braun,https://www.basketball-reference.com/players/b/braunch01.html,2023,2022-12-04,DEN,NOP,@,"L, 106-121",,02:03,0,0,0,0,0,0,0,0,0,0,0,0,0,0,0
Christian Braun,https://www.basketball-reference.com/players/b/braunch01.html,2023,2022-12-06,DEN,DAL,,"L, 115-116",,15:51,2,4,1,2,0,0,0,1,1,0,0,0,0,5,5
Christian Braun,https://www.basketball-reference.com/players/b/braunch01.html,2023,2022-12-08,DEN,POR,@,"W, 121-120",,20:24,3,4,0,0,0,0,3,2,5,0,0,1,1,2,6
Christian Braun,https://www.basketball-reference.com/players/b/braunch01.html,2023,2022-12-10,DEN,UTA,,"W, 115-110",,24:55,2,3,0,0,1,1,0,2,2,0,0,0,1,0,5
Christian Braun,https://www.basketball-reference.com/players/b/braunch01.html,2023,2022-12-14,DEN,WAS,,"W, 141-128",,23:33,3,6,0,1,2,4,0,1,1,0,0,0,0,1,8
Christian Braun,https://www.basketball-reference.com/players/b/braunch01.html,2023,2022-12-16,DEN,LAL,@,"L, 108-126",,09:04,0,2,0,2,0,0,0,1,1,0,0,0,1,2,0
Christian Braun,https://www.basketball-reference.com/players/b/braunch01.html,2023,2022-12-18,DEN,CHO,,"W, 119-115",,20:40,1,3,0,2,0,0,1,4,5,0,0,0,0,0,2
Christian Braun,https://www.basketball-reference.com/players/b/braunch01.html,2023,2022-12-20,DEN,MEM,,"W, 105-91",,28:57,5,11,2,5,1,2,1,2,3,1,1,1,1,3,13
Christian Braun,https://www.basketball-reference.com/players/b/braunch01.html,2023,2022-12-23,DEN,POR,,"W, 120-107",,,,,,,,,,,,,,,,,
Christian Braun,https://www.basketball-reference.com/players/b/braunch01.html,2023,2022-12-25,DEN,PHO,,"W, 128-125 (OT)",,12:58,1,1,1,1,0,0,0,1,1,0,0,0,0,1,3
Christian Braun,https://www.basketball-reference.com/players/b/braunch01.html,2023,2022-12-27,DEN,SAC,@,"W, 113-106",,13:43,2,4,0,1,0,1,1,2,3,2,1,1,1,0,4
Christian Braun,https://www.basketball-reference.com/players/b/braunch01.html,2023,2022-12-28,DEN,SAC,@,"L, 126-127",,23:57,4,5,1,1,0,0,0,0,0,0,0,1,1,3,9
Christian Braun,https://www.basketball-reference.com/players/b/braunch01.html,2023,2022-12-30,DEN,MIA,,"W, 124-119",,02:59,0,0,0,0,0,0,1,0,1,0,0,0,1,1,0
Christian Braun,https://www.basketball-reference.com/players/b/braunch01.html,2023,2023-01-01,DEN,BOS,,"W, 123-111",,25:21,1,1,0,0,0,0,0,2,2,0,0,0,1,1,2
Christian Braun,https://www.basketball-reference.com/players/b/braunch01.html,2023,2023-01-02,DEN,MIN,@,"L, 111-124",,03:02,1,1,0,0,0,0,0,0,0,0,0,0,0,0,2
Christian Braun,https://www.basketball-reference.com/players/b/braunch01.html,2023,2023-01-05,DEN,LAC,,"W, 122-91",,12:27,2,8,0,2,0,0,0,2,2,0,0,0,0,1,4
Christian Braun,https://www.basketball-reference.com/players/b/braunch01.html,2023,2023-01-06,DEN,CLE,,"W, 121-108",,01:18,0,0,0,0,0,0,0,0,0,0,0,0,0,0,0
Christian Braun,https://www.basketball-reference.com/players/b/braunch01.html,2023,2023-01-09,DEN,LAL,,"W, 122-109",,01:55,0,0,0,0,0,0,0,0,0,1,0,0,1,0,0
Christian Braun,https://www.basketball-reference.com/players/b/braunch01.html,2023,2023-01-11,DEN,PHO,,"W, 126-97",,08:38,0,2,0,1,2,2,0,0,0,0,1,0,1,1,2
Christian Braun,https://www.basketball-reference.com/players/b/braunch01.html,2023,2023-01-13,DEN,LAC,@,"W, 115-103",,,,,,,,,,,,,,,,,
Christian Braun,https://www.basketball-reference.com/players/b/braunch01.html,2023,2023-01-15,DEN,ORL,,"W, 119-116",,09:43,2,5,0,1,0,0,2,2,4,0,0,0,0,0,4
Christian Braun,https://www.basketball-reference.com/players/b/braunch01.html,2023,2023-01-17,DEN,POR,,"W, 122-113",,02:02,0,0,0,0,0,0,0,0,0,0,0,0,0,0,0
Christian Braun,https://www.basketball-reference.com/players/b/braunch01.html,2023,2023-01-18,DEN,MIN,,"W, 122-118",,06:12,0,2,0,1,0,0,1,2,3,0,2,0,1,0,0
Christian Braun,https://www.basketball-reference.com/players/b/braunch01.html,2023,2023-01-20,DEN,IND,,"W, 134-111",,15:12,4,5,1,1,1,2,1,1,2,2,0,1,0,2,10
Christian Braun,https://www.basketball-reference.com/players/b/braunch01.html,2023,2023-01-22,DEN,OKC,,"L, 99-101",,21:56,4,7,1,2,1,1,2,4,6,3,0,2,0,1,10
Christian Braun,https://www.basketball-reference.com/players/b/braunch01.html,2023,2023-01-24,DEN,NOP,@,"W, 99-98",,20:06,3,5,0,2,1,1,1,1,2,1,0,0,0,1,7
Christian Braun,https://www.basketball-reference.com/players/b/braunch01.html,2023,2023-01-25,DEN,MIL,@,"L, 99-107",,25:47,3,6,2,2,0,0,1,1,2,1,1,0,1,3,8
Christian Braun,https://www.basketball-reference.com/players/b/braunch01.html,2023,2023-01-28,DEN,PHI,@,"L, 119-126",,,,,,,,,,,,,,,,,
Christian Braun,https://www.basketball-reference.com/players/b/braunch01.html,2023,2023-01-31,DEN,NOP,,"W, 122-113",,14:14,2,3,0,0,0,0,1,4,5,0,0,0,1,3,4
Christian Braun,https://www.basketball-reference.com/players/b/braunch01.html,2023,2023-02-02,DEN,GSW,,"W, 134-117",,18:56,2,4,1,3,0,0,1,4,5,3,2,0,0,1,5
Christian Braun,https://www.basketball-reference.com/players/b/braunch01.html,2023,2023-02-04,DEN,ATL,,"W, 128-108",,32:09,4,11,2,4,0,0,2,5,7,2,2,0,1,4,10
Christian Braun,https://www.basketball-reference.com/players/b/braunch01.html,2023,2023-02-05,DEN,MIN,@,"L, 98-128",,33:52,7,10,2,2,3,4,0,5,5,1,0,1,2,1,19
Christian Braun,https://www.basketball-reference.com/players/b/braunch01.html,2023,2023-02-07,DEN,MIN,,"W, 146-112",,18:26,4,5,0,1,0,0,0,3,3,2,2,0,0,2,8
Christian Braun,https://www.basketball-reference.com/players/b/braunch01.html,2023,2023-02-09,DEN,ORL,@,"L, 104-115",,19:08,0,2,0,0,0,0,0,0,0,0,1,0,0,3,0
Christian Braun,https://www.basketball-reference.com/players/b/braunch01.html,2023,2023-02-11,DEN,CHO,@,"W, 119-105",,26:33,5,8,0,1,1,2,2,5,7,0,4,0,1,2,11
Christian Braun,https://www.basketball-reference.com/players/b/braunch01.html,2023,2023-02-13,DEN,MIA,@,"W, 112-108",,26:24,4,6,1,2,1,2,2,2,4,4,1,0,0,3,10
Christian Braun,https://www.basketball-reference.com/players/b/braunch01.html,2023,2023-02-15,DEN,DAL,,"W, 118-109",,26:49,2,3,1,2,1,2,1,2,3,4,0,0,1,2,6
Christian Braun,https://www.basketball-reference.com/players/b/braunch01.html,2023,2023-02-23,DEN,CLE,@,"W, 115-109",,07:46,0,0,0,0,1,2,1,1,2,0,0,0,1,2,1
Christian Braun,https://www.basketball-reference.com/players/b/braunch01.html,2023,2023-02-25,DEN,MEM,@,"L, 94-112",,21:19,4,6,2,2,1,2,1,3,4,2,0,0,1,0,11
Christian Braun,https://www.basketball-reference.com/players/b/braunch01.html,2023,2023-02-26,DEN,LAC,,"W, 134-124 (OT)",,00:22,0,0,0,0,0,0,0,0,0,0,0,0,0,0,0
Christian Braun,https://www.basketball-reference.com/players/b/braunch01.html,2023,2023-02-28,DEN,HOU,@,"W, 133-112",,05:07,1,1,0,0,2,2,0,1,1,0,0,0,0,0,4
Christian Braun,https://www.basketball-reference.com/players/b/braunch01.html,2023,2023-03-03,DEN,MEM,,"W, 113-97",,01:46,0,0,0,0,0,0,0,0,0,1,0,0,0,0,0
Christian Braun,https://www.basketball-reference.com/players/b/braunch01.html,2023,2023-03-06,DEN,TOR,,"W, 118-113",,,,,,,,,,,,,,,,,
Christian Braun,https://www.basketball-reference.com/players/b/braunch01.html,2023,2023-03-08,DEN,CHI,,"L, 96-117",,03:43,0,1,0,0,0,0,0,0,0,1,0,0,0,0,0
Christian Braun,https://www.basketball-reference.com/players/b/braunch01.html,2023,2023-03-10,DEN,SAS,@,"L, 120-128",,07:02,1,2,1,1,0,0,0,1,1,0,0,0,0,1,3
Christian Braun,https://www.basketball-reference.com/players/b/braunch01.html,2023,2023-03-12,DEN,BRK,,"L, 120-122",,11:39,2,2,1,1,2,3,0,3,3,1,0,1,1,0,7
Christian Braun,https://www.basketball-reference.com/players/b/braunch01.html,2023,2023-03-14,DEN,TOR,@,"L, 110-125",,16:42,2,2,0,0,0,0,0,3,3,0,0,1,0,1,4
Christian Braun,https://www.basketball-reference.com/players/b/braunch01.html,2023,2023-03-16,DEN,DET,@,"W, 119-100",,20:21,3,6,1,2,2,2,0,3,3,0,2,1,0,3,9
Christian Braun,https://www.basketball-reference.com/players/b/braunch01.html,2023,2023-03-18,DEN,NYK,@,"L, 110-116",,13:53,2,7,1,4,0,0,0,3,3,0,1,1,1,3,5
Christian Braun,https://www.basketball-reference.com/players/b/braunch01.html,2023,2023-03-19,DEN,BRK,@,"W, 108-102",,11:10,0,0,0,0,0,0,0,0,0,2,1,1,1,3,0
Christian Braun,https://www.basketball-reference.com/players/b/braunch01.html,2023,2023-03-22,DEN,WAS,@,"W, 118-104",,16:06,0,3,0,3,0,0,0,3,3,2,0,0,0,3,0
Christian Braun,https://www.basketball-reference.com/players/b/braunch01.html,2023,2023-03-25,DEN,MIL,,"W, 129-106",,20:02,0,2,0,1,0,0,0,0,0,0,0,0,0,2,0
Christian Braun,https://www.basketball-reference.com/players/b/braunch01.html,2023,2023-03-27,DEN,PHI,,"W, 116-111",,16:34,3,4,2,3,0,0,1,2,3,1,1,0,0,2,8
Christian Braun,https://www.basketball-reference.com/players/b/braunch01.html,2023,2023-03-30,DEN,NOP,,"L, 88-107",,22:59,5,9,0,2,1,4,0,1,1,0,0,0,0,2,11
Christian Braun,https://www.basketball-reference.com/players/b/braunch01.html,2023,2023-03-31,DEN,PHO,@,"L, 93-100",,29:22,4,6,1,2,2,3,1,4,5,1,1,0,0,2,11
Christian Braun,https://www.basketball-reference.com/players/b/braunch01.html,2023,2023-04-02,DEN,GSW,,"W, 112-110",,16:04,3,10,0,3,0,0,1,4,5,1,2,0,0,1,6
Christian Braun,https://www.basketball-reference.com/players/b/braunch01.html,2023,2023-04-04,DEN,HOU,@,"L, 103-124",,22:53,2,6,0,1,0,0,2,2,4,1,2,0,2,2,4
Christian Braun,https://www.basketball-reference.com/players/b/braunch01.html,2023,2023-04-06,DEN,PHO,@,"L, 115-119",,33:24,6,11,2,5,1,2,2,2,4,3,2,0,2,3,15
Christian Braun,https://www.basketball-reference.com/players/b/braunch01.html,2023,2023-04-08,DEN,UTA,@,"L, 114-118",,25:45,5,8,0,2,4,5,0,6,6,1,3,1,0,2,14
Christian Braun,https://www.basketball-reference.com/players/b/braunch01.html,2023,2023-04-09,DEN,SAC,,"W, 109-95",,22:49,4,9,0,2,2,2,2,0,2,0,0,0,2,1,10
Peyton Watson,https://www.basketball-reference.com/players/w/watsope01.html,2023,2022-10-19,DEN,UTA,@,"L, 102-123",,01:28,0,1,0,0,0,0,0,0,0,0,0,0,0,0,0
Peyton Watson,https://www.basketball-reference.com/players/w/watsope01.html,2023,2022-10-21,DEN,GSW,@,"W, 128-123",,,,,,,,,,,,,,,,,
Peyton Watson,https://www.basketball-reference.com/players/w/watsope01.html,2023,2022-10-22,DEN,OKC,,"W, 122-117",,,,,,,,,,,,,,,,,
Peyton Watson,https://www.basketball-reference.com/players/w/watsope01.html,2023,2022-10-24,DEN,POR,@,"L, 110-135",,02:40,2,3,0,0,0,0,1,1,2,0,0,0,0,0,4
Peyton Watson,https://www.basketball-reference.com/players/w/watsope01.html,2023,2022-10-26,DEN,LAL,,"W, 110-99",,02:46,1,2,0,0,0,0,0,0,0,0,0,0,0,1,2
Peyton Watson,https://www.basketball-reference.com/players/w/watsope01.html,2023,2022-10-28,DEN,UTA,,"W, 117-101",,01:49,0,1,0,0,0,0,1,0,1,0,0,0,0,0,0
Peyton Watson,https://www.basketball-reference.com/players/w/watsope01.html,2023,2022-10-30,DEN,LAL,@,"L, 110-121",,,,,,,,,,,,,,,,,
Peyton Watson,https://www.basketball-reference.com/players/w/watsope01.html,2023,,,,,,,,,,,,,,,,,,,,,,
Peyton Watson,https://www.basketball-reference.com/players/w/watsope01.html,2023,2022-11-03,DEN,OKC,@,"W, 122-110",,,,,,,,,,,,,,,,,
Peyton Watson,https://www.basketball-reference.com/players/w/watsope01.html,2023,2022-11-05,DEN,SAS,,"W, 126-101",,,,,,,,,,,,,,,,,
Peyton Watson,https://www.basketball-reference.com/players/w/watsope01.html,2023,2022-11-07,DEN,SAS,@,"W, 115-109",,,,,,,,,,,,,,,,,
Peyton Watson,https://www.basketball-reference.com/players/w/watsope01.html,2023,2022-11-09,DEN,IND,@,"W, 122-119",,,,,,,,,,,,,,,,,
Peyton Watson,https://www.basketball-reference.com/players/w/watsope01.html,2023,2022-11-11,DEN,BOS,@,"L, 112-131",,,,,,,,,,,,,,,,,
Peyton Watson,https://www.basketball-reference.com/players/w/watsope01.html,2023,2022-11-13,DEN,CHI,@,"W, 126-103",,,,,,,,,,,,,,,,,
Peyton Watson,https://www.basketball-reference.com/players/w/watsope01.html,2023,2022-11-16,DEN,NYK,,"L, 103-106",,,,,,,,,,,,,,,,,
Peyton Watson,https://www.basketball-reference.com/players/w/watsope01.html,2023,2022-11-18,DEN,DAL,@,"L, 99-127",,04:22,0,2,0,1,0,0,0,0,0,0,0,0,0,0,0
Peyton Watson,https://www.basketball-reference.com/players/w/watsope01.html,2023,2022-11-20,DEN,DAL,@,"W, 98-97",,,,,,,,,,,,,,,,,
Peyton Watson,https://www.basketball-reference.com/players/w/watsope01.html,2023,2022-11-22,DEN,DET,,"L, 108-110",,,,,,,,,,,,,,,,,
Peyton Watson,https://www.basketball-reference.com/players/w/watsope01.html,2023,2022-11-23,DEN,OKC,@,"W, 131-126 (OT)",,,,,,,,,,,,,,,,,
Peyton Watson,https://www.basketball-reference.com/players/w/watsope01.html,2023,2022-11-25,DEN,LAC,@,"W, 114-104",,02:01,0,0,0,0,0,0,0,0,0,0,0,0,0,0,0
Peyton Watson,https://www.basketball-reference.com/players/w/watsope01.html,2023,2022-11-28,DEN,HOU,,"W, 129-113",,,,,,,,,,,,,,,,,
Peyton Watson,https://www.basketball-reference.com/players/w/watsope01.html,2023,2022-11-30,DEN,HOU,,"W, 120-100",,,,,,,,,,,,,,,,,
Peyton Watson,https://www.basketball-reference.com/players/w/watsope01.html,2023,2022-12-02,DEN,ATL,@,"L, 109-117",,,,,,,,,,,,,,,,,
Peyton Watson,https://www.basketball-reference.com/players/w/watsope01.html,2023,2022-12-04,DEN,NOP,@,"L, 106-121",,,,,,,,,,,,,,,,,
Peyton Watson,https://www.basketball-reference.com/players/w/watsope01.html,2023,2022-12-06,DEN,DAL,,"L, 115-116",,,,,,,,,,,,,,,,,
Peyton Watson,https://www.basketball-reference.com/players/w/watsope01.html,2023,2022-12-08,DEN,POR,@,"W, 121-120",,,,,,,,,,,,,,,,,
Peyton Watson,https://www.basketball-reference.com/players/w/watsope01.html,2023,2022-12-10,DEN,UTA,,"W, 115-110",,,,,,,,,,,,,,,,,
Peyton Watson,https://www.basketball-reference.com/players/w/watsope01.html,2023,2022-12-14,DEN,WAS,,"W, 141-128",,,,,,,,,,,,,,,,,
Peyton Watson,https://www.basketball-reference.com/players/w/watsope01.html,2023,2022-12-16,DEN,LAL,@,"L, 108-126",,,,,,,,,,,,,,,,,
Peyton Watson,https://www.basketball-reference.com/players/w/watsope01.html,2023,2022-12-18,DEN,CHO,,"W, 119-115",,,,,,,,,,,,,,,,,
Peyton Watson,https://www.basketball-reference.com/players/w/watsope01.html,2023,2022-12-20,DEN,MEM,,"W, 105-91",,,,,,,,,,,,,,,,,
Peyton Watson,https://www.basketball-reference.com/players/w/watsope01.html,2023,2022-12-23,DEN,POR,,"W, 120-107",,,,,,,,,,,,,,,,,
Peyton Watson,https://www.basketball-reference.com/players/w/watsope01.html,2023,2022-12-25,DEN,PHO,,"W, 128-125 (OT)",,,,,,,,,,,,,,,,,
Peyton Watson,https://www.basketball-reference.com/players/w/watsope01.html,2023,2022-12-27,DEN,SAC,@,"W, 113-106",,,,,,,,,,,,,,,,,
Peyton Watson,https://www.basketball-reference.com/players/w/watsope01.html,2023,2022-12-28,DEN,SAC,@,"L, 126-127",,,,,,,,,,,,,,,,,
Peyton Watson,https://www.basketball-reference.com/players/w/watsope01.html,2023,2022-12-30,DEN,MIA,,"W, 124-119",,,,,,,,,,,,,,,,,
Peyton Watson,https://www.basketball-reference.com/players/w/watsope01.html,2023,2023-01-01,DEN,BOS,,"W, 123-111",,,,,,,,,,,,,,,,,
Peyton Watson,https://www.basketball-reference.com/players/w/watsope01.html,2023,2023-01-02,DEN,MIN,@,"L, 111-124",,,,,,,,,,,,,,,,,
Peyton Watson,https://www.basketball-reference.com/players/w/watsope01.html,2023,2023-01-05,DEN,LAC,,"W, 122-91",,,,,,,,,,,,,,,,,
Peyton Watson,https://www.basketball-reference.com/players/w/watsope01.html,2023,2023-01-06,DEN,CLE,,"W, 121-108",,,,,,,,,,,,,,,,,
Peyton Watson,https://www.basketball-reference.com/players/w/watsope01.html,2023,2023-01-09,DEN,LAL,,"W, 122-109",,,,,,,,,,,,,,,,,
Peyton Watson,https://www.basketball-reference.com/players/w/watsope01.html,2023,2023-01-11,DEN,PHO,,"W, 126-97",,,,,,,,,,,,,,,,,
Peyton Watson,https://www.basketball-reference.com/players/w/watsope01.html,2023,2023-01-13,DEN,LAC,@,"W, 115-103",,,,,,,,,,,,,,,,,
Peyton Watson,https://www.basketball-reference.com/players/w/watsope01.html,2023,2023-01-15,DEN,ORL,,"W, 119-116",,,,,,,,,,,,,,,,,
Peyton Watson,https://www.basketball-reference.com/players/w/watsope01.html,2023,2023-01-17,DEN,POR,,"W, 122-113",,,,,,,,,,,,,,,,,
Peyton Watson,https://www.basketball-reference.com/players/w/watsope01.html,2023,2023-01-18,DEN,MIN,,"W, 122-118",,,,,,,,,,,,,,,,,
Peyton Watson,https://www.basketball-reference.com/players/w/watsope01.html,2023,2023-01-20,DEN,IND,,"W, 134-111",,,,,,,,,,,,,,,,,
Peyton Watson,https://www.basketball-reference.com/players/w/watsope01.html,2023,2023-01-22,DEN,OKC,,"L, 99-101",,,,,,,,,,,,,,,,,
Peyton Watson,https://www.basketball-reference.com/players/w/watsope01.html,2023,2023-01-24,DEN,NOP,@,"W, 99-98",,,,,,,,,,,,,,,,,
Peyton Watson,https://www.basketball-reference.com/players/w/watsope01.html,2023,2023-01-25,DEN,MIL,@,"L, 99-107",,,,,,,,,,,,,,,,,
Peyton Watson,https://www.basketball-reference.com/players/w/watsope01.html,2023,2023-01-28,DEN,PHI,@,"L, 119-126",,,,,,,,,,,,,,,,,
Peyton Watson,https://www.basketball-reference.com/players/w/watsope01.html,2023,2023-01-31,DEN,NOP,,"W, 122-113",,,,,,,,,,,,,,,,,
Peyton Watson,https://www.basketball-reference.com/players/w/watsope01.html,2023,2023-02-02,DEN,GSW,,"W, 134-117",,01:26,0,0,0,0,0,0,0,0,0,0,0,0,0,0,0
Peyton Watson,https://www.basketball-reference.com/players/w/watsope01.html,2023,2023-02-04,DEN,ATL,,"W, 128-108",,02:08,1,2,0,0,0,0,0,0,0,0,0,0,1,0,2
Peyton Watson,https://www.basketball-reference.com/players/w/watsope01.html,2023,2023-02-05,DEN,MIN,@,"L, 98-128",,09:18,1,1,0,0,0,0,0,3,3,1,0,0,1,0,2
Peyton Watson,https://www.basketball-reference.com/players/w/watsope01.html,2023,2023-02-07,DEN,MIN,,"W, 146-112",,07:49,3,4,1,1,0,2,1,1,2,0,0,1,0,1,7
Peyton Watson,https://www.basketball-reference.com/players/w/watsope01.html,2023,2023-02-09,DEN,ORL,@,"L, 104-115",,,,,,,,,,,,,,,,,
Peyton Watson,https://www.basketball-reference.com/players/w/watsope01.html,2023,2023-02-11,DEN,CHO,@,"W, 119-105",,01:09,1,1,0,0,0,0,0,0,0,0,0,0,0,0,2
Peyton Watson,https://www.basketball-reference.com/players/w/watsope01.html,2023,2023-02-13,DEN,MIA,@,"W, 112-108",,,,,,,,,,,,,,,,,
Peyton Watson,https://www.basketball-reference.com/players/w/watsope01.html,2023,2023-02-15,DEN,DAL,,"W, 118-109",,00:57,0,0,0,0,0,0,0,0,0,0,0,0,0,0,0
Peyton Watson,https://www.basketball-reference.com/players/w/watsope01.html,2023,2023-02-23,DEN,CLE,@,"W, 115-109",,,,,,,,,,,,,,,,,
Peyton Watson,https://www.basketball-reference.com/players/w/watsope01.html,2023,2023-02-25,DEN,MEM,@,"L, 94-112",,04:15,1,1,1,1,0,0,0,0,0,0,0,0,0,0,3
Peyton Watson,https://www.basketball-reference.com/players/w/watsope01.html,2023,2023-02-26,DEN,LAC,,"W, 134-124 (OT)",,,,,,,,,,,,,,,,,
Peyton Watson,https://www.basketball-reference.com/players/w/watsope01.html,2023,2023-02-28,DEN,HOU,@,"W, 133-112",,02:16,0,1,0,1,0,0,0,0,0,0,0,0,0,0,0
Peyton Watson,https://www.basketball-reference.com/players/w/watsope01.html,2023,2023-03-03,DEN,MEM,,"W, 113-97",,,,,,,,,,,,,,,,,
Peyton Watson,https://www.basketball-reference.com/players/w/watsope01.html,2023,2023-03-06,DEN,TOR,,"W, 118-113",,,,,,,,,,,,,,,,,
Peyton Watson,https://www.basketball-reference.com/players/w/watsope01.html,2023,2023-03-08,DEN,CHI,,"L, 96-117",,,,,,,,,,,,,,,,,
Peyton Watson,https://www.basketball-reference.com/players/w/watsope01.html,2023,2023-03-10,DEN,SAS,@,"L, 120-128",,,,,,,,,,,,,,,,,
Peyton Watson,https://www.basketball-reference.com/players/w/watsope01.html,2023,2023-03-12,DEN,BRK,,"L, 120-122",,,,,,,,,,,,,,,,,
Peyton Watson,https://www.basketball-reference.com/players/w/watsope01.html,2023,2023-03-14,DEN,TOR,@,"L, 110-125",,,,,,,,,,,,,,,,,
Peyton Watson,https://www.basketball-reference.com/players/w/watsope01.html,2023,2023-03-16,DEN,DET,@,"W, 119-100",,,,,,,,,,,,,,,,,
Peyton Watson,https://www.basketball-reference.com/players/w/watsope01.html,2023,2023-03-18,DEN,NYK,@,"L, 110-116",,,,,,,,,,,,,,,,,
Peyton Watson,https://www.basketball-reference.com/players/w/watsope01.html,2023,2023-03-19,DEN,BRK,@,"W, 108-102",,,,,,,,,,,,,,,,,
Peyton Watson,https://www.basketball-reference.com/players/w/watsope01.html,2023,2023-03-22,DEN,WAS,@,"W, 118-104",,02:44,0,0,0,0,0,0,0,0,0,1,0,0,0,1,0
Peyton Watson,https://www.basketball-reference.com/players/w/watsope01.html,2023,2023-03-25,DEN,MIL,,"W, 129-106",,03:11,3,4,2,2,0,0,0,0,0,0,0,0,0,0,8
Peyton Watson,https://www.basketball-reference.com/players/w/watsope01.html,2023,2023-03-27,DEN,PHI,,"W, 116-111",,,,,,,,,,,,,,,,,
Peyton Watson,https://www.basketball-reference.com/players/w/watsope01.html,2023,2023-03-30,DEN,NOP,,"L, 88-107",,01:40,0,0,0,0,0,0,0,1,1,0,0,0,1,1,0
Peyton Watson,https://www.basketball-reference.com/players/w/watsope01.html,2023,2023-03-31,DEN,PHO,@,"L, 93-100",,26:44,2,6,1,2,0,0,0,8,8,1,0,2,1,1,5
Peyton Watson,https://www.basketball-reference.com/players/w/watsope01.html,2023,2023-04-02,DEN,GSW,,"W, 112-110",,20:28,4,6,0,0,0,0,3,2,5,0,0,3,0,2,8
Peyton Watson,https://www.basketball-reference.com/players/w/watsope01.html,2023,2023-04-04,DEN,HOU,@,"L, 103-124",,17:48,4,7,1,3,1,2,0,3,3,2,1,1,0,1,10
Peyton Watson,https://www.basketball-reference.com/players/w/watsope01.html,2023,2023-04-06,DEN,PHO,@,"L, 115-119",,25:41,1,6,0,1,1,2,0,5,5,2,0,0,2,4,3
Peyton Watson,https://www.basketball-reference.com/players/w/watsope01.html,2023,2023-04-08,DEN,UTA,@,"L, 114-118",,17:08,1,1,0,0,4,7,0,3,3,4,0,3,0,1,6
Peyton Watson,https://www.basketball-reference.com/players/w/watsope01.html,2023,2023-04-09,DEN,SAC,,"W, 109-95",,26:19,4,10,0,2,5,7,2,2,4,0,1,1,2,1,13
Jack White,https://www.basketball-reference.com/players/w/whiteja03.html,2023,2022-10-19,DEN,UTA,@,"L, 102-123",,,,,,,,,,,,,,,,,
Jack White,https://www.basketball-reference.com/players/w/whiteja03.html,2023,2022-10-21,DEN,GSW,@,"W, 128-123",,,,,,,,,,,,,,,,,
Jack White,https://www.basketball-reference.com/players/w/whiteja03.html,2023,2022-10-22,DEN,OKC,,"W, 122-117",,,,,,,,,,,,,,,,,
Jack White,https://www.basketball-reference.com/players/w/whiteja03.html,2023,2022-10-24,DEN,POR,@,"L, 110-135",,,,,,,,,,,,,,,,,
Jack White,https://www.basketball-reference.com/players/w/whiteja03.html,2023,2022-10-26,DEN,LAL,,"W, 110-99",,02:46,0,0,0,0,0,0,0,0,0,0,1,0,0,0,0
Jack White,https://www.basketball-reference.com/players/w/whiteja03.html,2023,2022-10-28,DEN,UTA,,"W, 117-101",,01:20,0,0,0,0,0,0,0,1,1,0,0,0,0,0,0
Jack White,https://www.basketball-reference.com/players/w/whiteja03.html,2023,2022-10-30,DEN,LAL,@,"L, 110-121",,,,,,,,,,,,,,,,,
Jack White,https://www.basketball-reference.com/players/w/whiteja03.html,2023,,,,,,,,,,,,,,,,,,,,,,
Jack White,https://www.basketball-reference.com/players/w/whiteja03.html,2023,2022-11-03,DEN,OKC,@,"W, 122-110",,,,,,,,,,,,,,,,,
Jack White,https://www.basketball-reference.com/players/w/whiteja03.html,2023,2022-11-05,DEN,SAS,,"W, 126-101",,,,,,,,,,,,,,,,,
Jack White,https://www.basketball-reference.com/players/w/whiteja03.html,2023,2022-11-07,DEN,SAS,@,"W, 115-109",,,,,,,,,,,,,,,,,
Jack White,https://www.basketball-reference.com/players/w/whiteja03.html,2023,2022-11-09,DEN,IND,@,"W, 122-119",,,,,,,,,,,,,,,,,
Jack White,https://www.basketball-reference.com/players/w/whiteja03.html,2023,2022-11-11,DEN,BOS,@,"L, 112-131",,,,,,,,,,,,,,,,,
Jack White,https://www.basketball-reference.com/players/w/whiteja03.html,2023,2022-11-13,DEN,CHI,@,"W, 126-103",,,,,,,,,,,,,,,,,
Jack White,https://www.basketball-reference.com/players/w/whiteja03.html,2023,2022-11-16,DEN,NYK,,"L, 103-106",,,,,,,,,,,,,,,,,
Jack White,https://www.basketball-reference.com/players/w/whiteja03.html,2023,2022-11-18,DEN,DAL,@,"L, 99-127",,03:52,0,2,0,0,0,0,2,0,2,0,0,0,0,0,0
Jack White,https://www.basketball-reference.com/players/w/whiteja03.html,2023,2022-11-20,DEN,DAL,@,"W, 98-97",,,,,,,,,,,,,,,,,
Jack White,https://www.basketball-reference.com/players/w/whiteja03.html,2023,2022-11-22,DEN,DET,,"L, 108-110",,,,,,,,,,,,,,,,,
Jack White,https://www.basketball-reference.com/players/w/whiteja03.html,2023,2022-11-23,DEN,OKC,@,"W, 131-126 (OT)",,09:47,0,0,0,0,0,0,0,1,1,0,0,2,0,2,0
Jack White,https://www.basketball-reference.com/players/w/whiteja03.html,2023,2022-11-25,DEN,LAC,@,"W, 114-104",,02:01,0,2,0,2,0,0,0,0,0,0,0,0,0,1,0
Jack White,https://www.basketball-reference.com/players/w/whiteja03.html,2023,2022-11-28,DEN,HOU,,"W, 129-113",,02:01,0,1,0,0,0,0,0,0,0,0,0,0,0,1,0
Jack White,https://www.basketball-reference.com/players/w/whiteja03.html,2023,2022-11-30,DEN,HOU,,"W, 120-100",,01:45,0,0,0,0,0,0,0,0,0,0,0,0,0,0,0
Jack White,https://www.basketball-reference.com/players/w/whiteja03.html,2023,2022-12-02,DEN,ATL,@,"L, 109-117",,,,,,,,,,,,,,,,,
Jack White,https://www.basketball-reference.com/players/w/whiteja03.html,2023,2022-12-04,DEN,NOP,@,"L, 106-121",,02:03,1,1,0,0,0,0,0,1,1,0,0,0,0,0,2
Jack White,https://www.basketball-reference.com/players/w/whiteja03.html,2023,2022-12-06,DEN,DAL,,"L, 115-116",,,,,,,,,,,,,,,,,
Jack White,https://www.basketball-reference.com/players/w/whiteja03.html,2023,2022-12-08,DEN,POR,@,"W, 121-120",,,,,,,,,,,,,,,,,
Jack White,https://www.basketball-reference.com/players/w/whiteja03.html,2023,2022-12-10,DEN,UTA,,"W, 115-110",,,,,,,,,,,,,,,,,
Jack White,https://www.basketball-reference.com/players/w/whiteja03.html,2023,2022-12-14,DEN,WAS,,"W, 141-128",,,,,,,,,,,,,,,,,
Jack White,https://www.basketball-reference.com/players/w/whiteja03.html,2023,2022-12-16,DEN,LAL,@,"L, 108-126",,,,,,,,,,,,,,,,,
Jack White,https://www.basketball-reference.com/players/w/whiteja03.html,2023,2022-12-18,DEN,CHO,,"W, 119-115",,,,,,,,,,,,,,,,,
Jack White,https://www.basketball-reference.com/players/w/whiteja03.html,2023,2022-12-20,DEN,MEM,,"W, 105-91",,,,,,,,,,,,,,,,,
Jack White,https://www.basketball-reference.com/players/w/whiteja03.html,2023,2022-12-23,DEN,POR,,"W, 120-107",,,,,,,,,,,,,,,,,
Jack White,https://www.basketball-reference.com/players/w/whiteja03.html,2023,2022-12-25,DEN,PHO,,"W, 128-125 (OT)",,,,,,,,,,,,,,,,,
Jack White,https://www.basketball-reference.com/players/w/whiteja03.html,2023,2022-12-27,DEN,SAC,@,"W, 113-106",,,,,,,,,,,,,,,,,
Jack White,https://www.basketball-reference.com/players/w/whiteja03.html,2023,2022-12-28,DEN,SAC,@,"L, 126-127",,,,,,,,,,,,,,,,,
Jack White,https://www.basketball-reference.com/players/w/whiteja03.html,2023,2022-12-30,DEN,MIA,,"W, 124-119",,,,,,,,,,,,,,,,,
Jack White,https://www.basketball-reference.com/players/w/whiteja03.html,2023,2023-01-01,DEN,BOS,,"W, 123-111",,01:38,0,0,0,0,0,0,0,0,0,0,0,0,0,0,0
Jack White,https://www.basketball-reference.com/players/w/whiteja03.html,2023,2023-01-02,DEN,MIN,@,"L, 111-124",,,,,,,,,,,,,,,,,
Jack White,https://www.basketball-reference.com/players/w/whiteja03.html,2023,2023-01-05,DEN,LAC,,"W, 122-91",,,,,,,,,,,,,,,,,
Jack White,https://www.basketball-reference.com/players/w/whiteja03.html,2023,2023-01-06,DEN,CLE,,"W, 121-108",,,,,,,,,,,,,,,,,
Jack White,https://www.basketball-reference.com/players/w/whiteja03.html,2023,2023-01-09,DEN,LAL,,"W, 122-109",,,,,,,,,,,,,,,,,
Jack White,https://www.basketball-reference.com/players/w/whiteja03.html,2023,2023-01-11,DEN,PHO,,"W, 126-97",,05:05,2,3,1,1,0,0,1,1,2,0,0,0,0,1,5
Jack White,https://www.basketball-reference.com/players/w/whiteja03.html,2023,2023-01-13,DEN,LAC,@,"W, 115-103",,,,,,,,,,,,,,,,,
Jack White,https://www.basketball-reference.com/players/w/whiteja03.html,2023,2023-01-15,DEN,ORL,,"W, 119-116",,,,,,,,,,,,,,,,,
Jack White,https://www.basketball-reference.com/players/w/whiteja03.html,2023,2023-01-17,DEN,POR,,"W, 122-113",,02:02,0,0,0,0,0,0,0,0,0,0,0,0,1,0,0
Jack White,https://www.basketball-reference.com/players/w/whiteja03.html,2023,2023-01-18,DEN,MIN,,"W, 122-118",,,,,,,,,,,,,,,,,
Jack White,https://www.basketball-reference.com/players/w/whiteja03.html,2023,2023-01-20,DEN,IND,,"W, 134-111",,,,,,,,,,,,,,,,,
Jack White,https://www.basketball-reference.com/players/w/whiteja03.html,2023,2023-01-22,DEN,OKC,,"L, 99-101",,,,,,,,,,,,,,,,,
Jack White,https://www.basketball-reference.com/players/w/whiteja03.html,2023,2023-01-24,DEN,NOP,@,"W, 99-98",,,,,,,,,,,,,,,,,
Jack White,https://www.basketball-reference.com/players/w/whiteja03.html,2023,2023-01-25,DEN,MIL,@,"L, 99-107",,,,,,,,,,,,,,,,,
Jack White,https://www.basketball-reference.com/players/w/whiteja03.html,2023,2023-01-28,DEN,PHI,@,"L, 119-126",,,,,,,,,,,,,,,,,
Jack White,https://www.basketball-reference.com/players/w/whiteja03.html,2023,2023-01-31,DEN,NOP,,"W, 122-113",,,,,,,,,,,,,,,,,
Jack White,https://www.basketball-reference.com/players/w/whiteja03.html,2023,2023-02-02,DEN,GSW,,"W, 134-117",,,,,,,,,,,,,,,,,
Jack White,https://www.basketball-reference.com/players/w/whiteja03.html,2023,2023-02-04,DEN,ATL,,"W, 128-108",,,,,,,,,,,,,,,,,
Jack White,https://www.basketball-reference.com/players/w/whiteja03.html,2023,2023-02-05,DEN,MIN,@,"L, 98-128",,,,,,,,,,,,,,,,,
Jack White,https://www.basketball-reference.com/players/w/whiteja03.html,2023,2023-02-07,DEN,MIN,,"W, 146-112",,06:38,2,4,0,2,1,1,0,0,0,0,0,0,0,1,5
Jack White,https://www.basketball-reference.com/players/w/whiteja03.html,2023,2023-02-09,DEN,ORL,@,"L, 104-115",,,,,,,,,,,,,,,,,
Jack White,https://www.basketball-reference.com/players/w/whiteja03.html,2023,2023-02-11,DEN,CHO,@,"W, 119-105",,01:09,0,1,0,1,0,0,0,0,0,0,0,0,0,0,0
Jack White,https://www.basketball-reference.com/players/w/whiteja03.html,2023,2023-02-13,DEN,MIA,@,"W, 112-108",,,,,,,,,,,,,,,,,
Jack White,https://www.basketball-reference.com/players/w/whiteja03.html,2023,2023-02-15,DEN,DAL,,"W, 118-109",,00:57,0,0,0,0,0,0,0,0,0,0,0,0,0,0,0
Jack White,https://www.basketball-reference.com/players/w/whiteja03.html,2023,2023-02-23,DEN,CLE,@,"W, 115-109",,,,,,,,,,,,,,,,,
Jack White,https://www.basketball-reference.com/players/w/whiteja03.html,2023,2023-02-25,DEN,MEM,@,"L, 94-112",,04:15,2,2,2,2,1,2,0,1,1,2,0,0,0,1,7
Jack White,https://www.basketball-reference.com/players/w/whiteja03.html,2023,2023-02-26,DEN,LAC,,"W, 134-124 (OT)",,,,,,,,,,,,,,,,,
Jack White,https://www.basketball-reference.com/players/w/whiteja03.html,2023,2023-02-28,DEN,HOU,@,"W, 133-112",,,,,,,,,,,,,,,,,
Jack White,https://www.basketball-reference.com/players/w/whiteja03.html,2023,2023-03-03,DEN,MEM,,"W, 113-97",,,,,,,,,,,,,,,,,
Jack White,https://www.basketball-reference.com/players/w/whiteja03.html,2023,2023-03-06,DEN,TOR,,"W, 118-113",,,,,,,,,,,,,,,,,
Jack White,https://www.basketball-reference.com/players/w/whiteja03.html,2023,2023-03-08,DEN,CHI,,"L, 96-117",,03:43,0,0,0,0,0,0,0,1,1,1,1,0,0,1,0
Jack White,https://www.basketball-reference.com/players/w/whiteja03.html,2023,2023-03-10,DEN,SAS,@,"L, 120-128",,,,,,,,,,,,,,,,,
Jack White,https://www.basketball-reference.com/players/w/whiteja03.html,2023,2023-03-12,DEN,BRK,,"L, 120-122",,,,,,,,,,,,,,,,,
Jack White,https://www.basketball-reference.com/players/w/whiteja03.html,2023,2023-03-14,DEN,TOR,@,"L, 110-125",,,,,,,,,,,,,,,,,
Jack White,https://www.basketball-reference.com/players/w/whiteja03.html,2023,2023-03-16,DEN,DET,@,"W, 119-100",,,,,,,,,,,,,,,,,
Jack White,https://www.basketball-reference.com/players/w/whiteja03.html,2023,2023-03-18,DEN,NYK,@,"L, 110-116",,,,,,,,,,,,,,,,,
Jack White,https://www.basketball-reference.com/players/w/whiteja03.html,2023,2023-03-19,DEN,BRK,@,"W, 108-102",,,,,,,,,,,,,,,,,
Jack White,https://www.basketball-reference.com/players/w/whiteja03.html,2023,2023-03-22,DEN,WAS,@,"W, 118-104",,,,,,,,,,,,,,,,,
Jack White,https://www.basketball-reference.com/players/w/whiteja03.html,2023,2023-03-25,DEN,MIL,,"W, 129-106",,,,,,,,,,,,,,,,,
Jack White,https://www.basketball-reference.com/players/w/whiteja03.html,2023,2023-03-27,DEN,PHI,,"W, 116-111",,,,,,,,,,,,,,,,,
Jack White,https://www.basketball-reference.com/players/w/whiteja03.html,2023,2023-03-30,DEN,NOP,,"L, 88-107",,,,,,,,,,,,,,,,,
Jack White,https://www.basketball-reference.com/players/w/whiteja03.html,2023,2023-03-31,DEN,PHO,@,"L, 93-100",,,,,,,,,,,,,,,,,
Jack White,https://www.basketball-reference.com/players/w/whiteja03.html,2023,2023-04-02,DEN,GSW,,"W, 112-110",,,,,,,,,,,,,,,,,
Jack White,https://www.basketball-reference.com/players/w/whiteja03.html,2023,2023-04-04,DEN,HOU,@,"L, 103-124",,,,,,,,,,,,,,,,,
Jack White,https://www.basketball-reference.com/players/w/whiteja03.html,2023,2023-04-06,DEN,PHO,@,"L, 115-119",,,,,,,,,,,,,,,,,
Jack White,https://www.basketball-reference.com/players/w/whiteja03.html,2023,2023-04-08,DEN,UTA,@,"L, 114-118",,,,,,,,,,,,,,,,,
Jack White,https://www.basketball-reference.com/players/w/whiteja03.html,2023,2023-04-09,DEN,SAC,,"W, 109-95",,15:00,1,3,0,1,0,0,3,5,8,1,1,0,1,1,2
Buddy Boeheim,https://www.basketball-reference.com/players/b/boehebu01.html,2023,2022-10-19,DET,ORL,,"W, 113-109",,,,,,,,,,,,,,,,,
Buddy Boeheim,https://www.basketball-reference.com/players/b/boehebu01.html,2023,2022-10-21,DET,NYK,@,"L, 106-130",,00:57,0,0,0,0,0,0,0,0,0,0,0,0,0,0,0
Buddy Boeheim,https://www.basketball-reference.com/players/b/boehebu01.html,2023,2022-10-22,DET,IND,@,"L, 115-124",,,,,,,,,,,,,,,,,
Buddy Boeheim,https://www.basketball-reference.com/players/b/boehebu01.html,2023,2022-10-25,DET,WAS,@,"L, 99-120",,,,,,,,,,,,,,,,,
Buddy Boeheim,https://www.basketball-reference.com/players/b/boehebu01.html,2023,2022-10-26,DET,ATL,,"L, 113-118",,,,,,,,,,,,,,,,,
Buddy Boeheim,https://www.basketball-reference.com/players/b/boehebu01.html,2023,2022-10-28,DET,ATL,,"L, 112-136",,,,,,,,,,,,,,,,,
Buddy Boeheim,https://www.basketball-reference.com/players/b/boehebu01.html,2023,2022-10-30,DET,GSW,,"W, 128-114",,,,,,,,,,,,,,,,,
Buddy Boeheim,https://www.basketball-reference.com/players/b/boehebu01.html,2023,2022-10-31,DET,MIL,@,"L, 108-110",,,,,,,,,,,,,,,,,
Buddy Boeheim,https://www.basketball-reference.com/players/b/boehebu01.html,2023,,,,,,,,,,,,,,,,,,,,,,
Buddy Boeheim,https://www.basketball-reference.com/players/b/boehebu01.html,2023,2022-11-02,DET,MIL,@,"L, 91-116",,,,,,,,,,,,,,,,,
Buddy Boeheim,https://www.basketball-reference.com/players/b/boehebu01.html,2023,2022-11-04,DET,CLE,,"L, 88-112",,,,,,,,,,,,,,,,,
Buddy Boeheim,https://www.basketball-reference.com/players/b/boehebu01.html,2023,2022-11-07,DET,OKC,,"W, 112-103",,,,,,,,,,,,,,,,,
Buddy Boeheim,https://www.basketball-reference.com/players/b/boehebu01.html,2023,2022-11-09,DET,BOS,@,"L, 112-128",,,,,,,,,,,,,,,,,
Buddy Boeheim,https://www.basketball-reference.com/players/b/boehebu01.html,2023,2022-11-11,DET,NYK,@,"L, 112-121",,,,,,,,,,,,,,,,,
Buddy Boeheim,https://www.basketball-reference.com/players/b/boehebu01.html,2023,2022-11-12,DET,BOS,,"L, 108-117",,,,,,,,,,,,,,,,,
Buddy Boeheim,https://www.basketball-reference.com/players/b/boehebu01.html,2023,2022-11-14,DET,TOR,,"L, 111-115",,,,,,,,,,,,,,,,,
Buddy Boeheim,https://www.basketball-reference.com/players/b/boehebu01.html,2023,2022-11-17,DET,LAC,@,"L, 91-96",,,,,,,,,,,,,,,,,
Buddy Boeheim,https://www.basketball-reference.com/players/b/boehebu01.html,2023,2022-11-18,DET,LAL,@,"L, 121-128",,,,,,,,,,,,,,,,,
Buddy Boeheim,https://www.basketball-reference.com/players/b/boehebu01.html,2023,2022-11-20,DET,SAC,@,"L, 129-137",,,,,,,,,,,,,,,,,
Buddy Boeheim,https://www.basketball-reference.com/players/b/boehebu01.html,2023,2022-11-22,DET,DEN,@,"W, 110-108",,,,,,,,,,,,,,,,,
Buddy Boeheim,https://www.basketball-reference.com/players/b/boehebu01.html,2023,2022-11-23,DET,UTA,@,"W, 125-116",,,,,,,,,,,,,,,,,
Buddy Boeheim,https://www.basketball-reference.com/players/b/boehebu01.html,2023,2022-11-25,DET,PHO,@,"L, 102-108",,,,,,,,,,,,,,,,,
Buddy Boeheim,https://www.basketball-reference.com/players/b/boehebu01.html,2023,2022-11-27,DET,CLE,,"L, 94-102",,,,,,,,,,,,,,,,,
Buddy Boeheim,https://www.basketball-reference.com/players/b/boehebu01.html,2023,2022-11-29,DET,NYK,,"L, 110-140",,,,,,,,,,,,,,,,,
Buddy Boeheim,https://www.basketball-reference.com/players/b/boehebu01.html,2023,2022-12-01,DET,DAL,,"W, 131-125 (OT)",,,,,,,,,,,,,,,,,
Buddy Boeheim,https://www.basketball-reference.com/players/b/boehebu01.html,2023,2022-12-04,DET,MEM,,"L, 112-122",,,,,,,,,,,,,,,,,
Buddy Boeheim,https://www.basketball-reference.com/players/b/boehebu01.html,2023,2022-12-06,DET,MIA,@,"W, 116-96",,,,,,,,,,,,,,,,,
Buddy Boeheim,https://www.basketball-reference.com/players/b/boehebu01.html,2023,2022-12-07,DET,NOP,@,"L, 98-104",,,,,,,,,,,,,,,,,
Buddy Boeheim,https://www.basketball-reference.com/players/b/boehebu01.html,2023,2022-12-09,DET,MEM,@,"L, 103-114",,,,,,,,,,,,,,,,,
Buddy Boeheim,https://www.basketball-reference.com/players/b/boehebu01.html,2023,2022-12-11,DET,LAL,,"L, 117-124",,,,,,,,,,,,,,,,,
Buddy Boeheim,https://www.basketball-reference.com/players/b/boehebu01.html,2023,2022-12-14,DET,CHO,@,"W, 141-134 (OT)",,,,,,,,,,,,,,,,,
Buddy Boeheim,https://www.basketball-reference.com/players/b/boehebu01.html,2023,2022-12-16,DET,SAC,,"L, 113-122",,,,,,,,,,,,,,,,,
Buddy Boeheim,https://www.basketball-reference.com/players/b/boehebu01.html,2023,2022-12-18,DET,BRK,,"L, 121-124",,,,,,,,,,,,,,,,,
Buddy Boeheim,https://www.basketball-reference.com/players/b/boehebu01.html,2023,2022-12-20,DET,UTA,,"L, 111-126",,,,,,,,,,,,,,,,,
Buddy Boeheim,https://www.basketball-reference.com/players/b/boehebu01.html,2023,2022-12-21,DET,PHI,@,"L, 93-113",,,,,,,,,,,,,,,,,
Buddy Boeheim,https://www.basketball-reference.com/players/b/boehebu01.html,2023,2022-12-23,DET,ATL,@,"L, 105-130",,,,,,,,,,,,,,,,,
Buddy Boeheim,https://www.basketball-reference.com/players/b/boehebu01.html,2023,2022-12-26,DET,LAC,,"L, 131-142 (OT)",,,,,,,,,,,,,,,,,
Buddy Boeheim,https://www.basketball-reference.com/players/b/boehebu01.html,2023,2022-12-28,DET,ORL,,"W, 121-101",,,,,,,,,,,,,,,,,
Buddy Boeheim,https://www.basketball-reference.com/players/b/boehebu01.html,2023,2022-12-30,DET,CHI,@,"L, 118-132",,,,,,,,,,,,,,,,,
Buddy Boeheim,https://www.basketball-reference.com/players/b/boehebu01.html,2023,2022-12-31,DET,MIN,@,"W, 116-104",,,,,,,,,,,,,,,,,
Buddy Boeheim,https://www.basketball-reference.com/players/b/boehebu01.html,2023,2023-01-02,DET,POR,@,"L, 106-135",,,,,,,,,,,,,,,,,
Buddy Boeheim,https://www.basketball-reference.com/players/b/boehebu01.html,2023,2023-01-04,DET,GSW,@,"W, 122-119",,,,,,,,,,,,,,,,,
Buddy Boeheim,https://www.basketball-reference.com/players/b/boehebu01.html,2023,2023-01-06,DET,SAS,@,"L, 109-121",,,,,,,,,,,,,,,,,
Buddy Boeheim,https://www.basketball-reference.com/players/b/boehebu01.html,2023,2023-01-08,DET,PHI,,"L, 111-123",,,,,,,,,,,,,,,,,
Buddy Boeheim,https://www.basketball-reference.com/players/b/boehebu01.html,2023,2023-01-10,DET,PHI,@,"L, 116-147",,,,,,,,,,,,,,,,,
Buddy Boeheim,https://www.basketball-reference.com/players/b/boehebu01.html,2023,2023-01-11,DET,MIN,,"W, 135-118",,,,,,,,,,,,,,,,,
Buddy Boeheim,https://www.basketball-reference.com/players/b/boehebu01.html,2023,2023-01-13,DET,NOP,,"L, 110-116",,,,,,,,,,,,,,,,,
Buddy Boeheim,https://www.basketball-reference.com/players/b/boehebu01.html,2023,2023-01-15,DET,NYK,,"L, 104-117",,,,,,,,,,,,,,,,,
Buddy Boeheim,https://www.basketball-reference.com/players/b/boehebu01.html,2023,2023-01-19,DET,CHI,,"L, 108-126",,,,,,,,,,,,,,,,,
Buddy Boeheim,https://www.basketball-reference.com/players/b/boehebu01.html,2023,2023-01-23,DET,MIL,,"L, 130-150",,,,,,,,,,,,,,,,,
Buddy Boeheim,https://www.basketball-reference.com/players/b/boehebu01.html,2023,2023-01-26,DET,BRK,@,"W, 130-122",,,,,,,,,,,,,,,,,
Buddy Boeheim,https://www.basketball-reference.com/players/b/boehebu01.html,2023,2023-01-28,DET,HOU,,"L, 114-117",,,,,,,,,,,,,,,,,
Buddy Boeheim,https://www.basketball-reference.com/players/b/boehebu01.html,2023,2023-01-30,DET,DAL,@,"L, 105-111",,,,,,,,,,,,,,,,,
Buddy Boeheim,https://www.basketball-reference.com/players/b/boehebu01.html,2023,2023-02-03,DET,CHO,,"W, 118-112",,,,,,,,,,,,,,,,,
Buddy Boeheim,https://www.basketball-reference.com/players/b/boehebu01.html,2023,2023-02-04,DET,PHO,,"L, 100-116",,,,,,,,,,,,,,,,,
Buddy Boeheim,https://www.basketball-reference.com/players/b/boehebu01.html,2023,2023-02-06,DET,BOS,,"L, 99-111",,,,,,,,,,,,,,,,,
Buddy Boeheim,https://www.basketball-reference.com/players/b/boehebu01.html,2023,2023-02-08,DET,CLE,@,"L, 85-113",,,,,,,,,,,,,,,,,
Buddy Boeheim,https://www.basketball-reference.com/players/b/boehebu01.html,2023,2023-02-10,DET,SAS,,"W, 138-131 (2OT)",,,,,,,,,,,,,,,,,
Buddy Boeheim,https://www.basketball-reference.com/players/b/boehebu01.html,2023,2023-02-12,DET,TOR,@,"L, 118-119",,,,,,,,,,,,,,,,,
Buddy Boeheim,https://www.basketball-reference.com/players/b/boehebu01.html,2023,2023-02-15,DET,BOS,@,"L, 109-127",,,,,,,,,,,,,,,,,
Buddy Boeheim,https://www.basketball-reference.com/players/b/boehebu01.html,2023,2023-02-23,DET,ORL,@,"L, 106-108",,,,,,,,,,,,,,,,,
Buddy Boeheim,https://www.basketball-reference.com/players/b/boehebu01.html,2023,2023-02-25,DET,TOR,,"L, 91-95",,,,,,,,,,,,,,,,,
Buddy Boeheim,https://www.basketball-reference.com/players/b/boehebu01.html,2023,2023-02-27,DET,CHO,@,"L, 106-117",,,,,,,,,,,,,,,,,
Buddy Boeheim,https://www.basketball-reference.com/players/b/boehebu01.html,2023,2023-03-01,DET,CHI,,"L, 115-117",,,,,,,,,,,,,,,,,
Buddy Boeheim,https://www.basketball-reference.com/players/b/boehebu01.html,2023,2023-03-04,DET,CLE,@,"L, 90-114",,05:53,1,3,1,3,0,0,0,1,1,0,0,0,0,0,3
Buddy Boeheim,https://www.basketball-reference.com/players/b/boehebu01.html,2023,2023-03-06,DET,POR,,"L, 104-110",,,,,,,,,,,,,,,,,
Buddy Boeheim,https://www.basketball-reference.com/players/b/boehebu01.html,2023,2023-03-07,DET,WAS,,"L, 117-119",,,,,,,,,,,,,,,,,
Buddy Boeheim,https://www.basketball-reference.com/players/b/boehebu01.html,2023,2023-03-09,DET,CHO,,"L, 103-113",,,,,,,,,,,,,,,,,
Buddy Boeheim,https://www.basketball-reference.com/players/b/boehebu01.html,2023,2023-03-11,DET,IND,,"L, 115-121",,,,,,,,,,,,,,,,,
Buddy Boeheim,https://www.basketball-reference.com/players/b/boehebu01.html,2023,2023-03-13,DET,IND,,"W, 117-97",,22:34,1,7,1,7,0,0,0,0,0,1,2,0,0,1,3
Buddy Boeheim,https://www.basketball-reference.com/players/b/boehebu01.html,2023,2023-03-14,DET,WAS,@,"L, 97-117",,22:41,2,7,2,6,2,2,2,0,2,2,0,0,0,2,8
Buddy Boeheim,https://www.basketball-reference.com/players/b/boehebu01.html,2023,2023-03-16,DET,DEN,,"L, 100-119",,06:49,0,0,0,0,0,0,0,0,0,0,0,0,0,0,0
Buddy Boeheim,https://www.basketball-reference.com/players/b/boehebu01.html,2023,2023-03-19,DET,MIA,,"L, 100-112",,06:30,0,5,0,5,0,0,0,1,1,0,0,0,0,1,0
Buddy Boeheim,https://www.basketball-reference.com/players/b/boehebu01.html,2023,2023-03-21,DET,ATL,@,"L, 107-129",,03:14,0,1,0,1,0,0,0,0,0,0,0,0,0,0,0
Buddy Boeheim,https://www.basketball-reference.com/players/b/boehebu01.html,2023,2023-03-24,DET,TOR,@,"L, 97-118",,,,,,,,,,,,,,,,,
Buddy Boeheim,https://www.basketball-reference.com/players/b/boehebu01.html,2023,2023-03-27,DET,MIL,,"L, 117-126",,,,,,,,,,,,,,,,,
Buddy Boeheim,https://www.basketball-reference.com/players/b/boehebu01.html,2023,2023-03-29,DET,OKC,@,"L, 106-107",,,,,,,,,,,,,,,,,
Buddy Boeheim,https://www.basketball-reference.com/players/b/boehebu01.html,2023,2023-03-31,DET,HOU,@,"L, 115-121",,,,,,,,,,,,,,,,,
Buddy Boeheim,https://www.basketball-reference.com/players/b/boehebu01.html,2023,2023-04-02,DET,ORL,@,"L, 102-128",,05:13,1,1,0,0,0,0,0,1,1,0,0,0,0,1,2
Buddy Boeheim,https://www.basketball-reference.com/players/b/boehebu01.html,2023,2023-04-04,DET,MIA,,"L, 105-118",,,,,,,,,,,,,,,,,
Buddy Boeheim,https://www.basketball-reference.com/players/b/boehebu01.html,2023,2023-04-05,DET,BRK,,"L, 108-123",,,,,,,,,,,,,,,,,
Buddy Boeheim,https://www.basketball-reference.com/players/b/boehebu01.html,2023,2023-04-07,DET,IND,@,"W, 122-115",,06:06,0,0,0,0,0,0,0,0,0,0,0,0,0,1,0
Buddy Boeheim,https://www.basketball-reference.com/players/b/boehebu01.html,2023,2023-04-09,DET,CHI,@,"L, 81-103",,10:11,0,3,0,3,0,0,0,1,1,1,0,0,0,0,0
Jalen Duren,https://www.basketball-reference.com/players/d/durenja01.html,2023,2022-10-19,DET,ORL,,"W, 113-109",,21:43,7,13,0,0,0,4,5,5,10,1,0,3,3,0,14
Jalen Duren,https://www.basketball-reference.com/players/d/durenja01.html,2023,2022-10-21,DET,NYK,@,"L, 106-130",,22:40,4,8,0,1,0,1,3,7,10,0,1,0,1,4,8
Jalen Duren,https://www.basketball-reference.com/players/d/durenja01.html,2023,2022-10-22,DET,IND,@,"L, 115-124",,18:27,3,3,0,0,0,0,2,1,3,0,0,2,0,0,6
Jalen Duren,https://www.basketball-reference.com/players/d/durenja01.html,2023,2022-10-25,DET,WAS,@,"L, 99-120",,23:03,3,6,0,0,0,1,4,4,8,0,0,0,0,2,6
Jalen Duren,https://www.basketball-reference.com/players/d/durenja01.html,2023,2022-10-26,DET,ATL,,"L, 113-118",,20:55,3,4,0,0,1,2,3,6,9,0,0,1,1,2,7
Jalen Duren,https://www.basketball-reference.com/players/d/durenja01.html,2023,2022-10-28,DET,ATL,,"L, 112-136",,23:16,2,4,0,0,4,6,2,1,3,0,0,2,3,4,8
Jalen Duren,https://www.basketball-reference.com/players/d/durenja01.html,2023,2022-10-30,DET,GSW,,"W, 128-114",,15:04,1,3,0,0,1,2,3,1,4,0,0,1,1,2,3
Jalen Duren,https://www.basketball-reference.com/players/d/durenja01.html,2023,2022-10-31,DET,MIL,@,"L, 108-110",,,,,,,,,,,,,,,,,
Jalen Duren,https://www.basketball-reference.com/players/d/durenja01.html,2023,,,,,,,,,,,,,,,,,,,,,,
Jalen Duren,https://www.basketball-reference.com/players/d/durenja01.html,2023,2022-11-02,DET,MIL,@,"L, 91-116",,,,,,,,,,,,,,,,,
Jalen Duren,https://www.basketball-reference.com/players/d/durenja01.html,2023,2022-11-04,DET,CLE,,"L, 88-112",,,,,,,,,,,,,,,,,
Jalen Duren,https://www.basketball-reference.com/players/d/durenja01.html,2023,2022-11-07,DET,OKC,,"W, 112-103",,21:24,2,5,0,0,3,6,2,2,4,0,0,3,1,3,7
Jalen Duren,https://www.basketball-reference.com/players/d/durenja01.html,2023,2022-11-09,DET,BOS,@,"L, 112-128",,29:43,5,8,0,0,0,0,5,5,10,2,1,1,0,1,10
Jalen Duren,https://www.basketball-reference.com/players/d/durenja01.html,2023,2022-11-11,DET,NYK,@,"L, 112-121",,21:10,0,1,0,0,1,4,2,6,8,0,0,1,1,1,1
Jalen Duren,https://www.basketball-reference.com/players/d/durenja01.html,2023,2022-11-12,DET,BOS,,"L, 108-117",,17:11,1,1,0,0,0,0,1,11,12,1,2,0,1,2,2
Jalen Duren,https://www.basketball-reference.com/players/d/durenja01.html,2023,2022-11-14,DET,TOR,,"L, 111-115",,19:06,1,1,0,0,0,2,2,4,6,0,0,0,1,3,2
Jalen Duren,https://www.basketball-reference.com/players/d/durenja01.html,2023,2022-11-17,DET,LAC,@,"L, 91-96",,25:07,3,6,0,0,2,3,4,5,9,0,0,1,1,3,8
Jalen Duren,https://www.basketball-reference.com/players/d/durenja01.html,2023,2022-11-18,DET,LAL,@,"L, 121-128",,21:47,5,7,0,0,2,2,3,5,8,0,1,1,1,4,12
Jalen Duren,https://www.basketball-reference.com/players/d/durenja01.html,2023,2022-11-20,DET,SAC,@,"L, 129-137",,27:04,6,8,0,0,0,0,5,3,8,1,1,0,1,2,12
Jalen Duren,https://www.basketball-reference.com/players/d/durenja01.html,2023,2022-11-22,DET,DEN,@,"W, 110-108",,25:50,2,3,0,0,0,0,4,3,7,2,1,0,0,4,4
Jalen Duren,https://www.basketball-reference.com/players/d/durenja01.html,2023,2022-11-23,DET,UTA,@,"W, 125-116",,27:11,2,4,0,0,0,0,2,5,7,0,2,2,1,3,4
Jalen Duren,https://www.basketball-reference.com/players/d/durenja01.html,2023,2022-11-25,DET,PHO,@,"L, 102-108",,14:25,0,1,0,0,4,4,3,2,5,2,0,0,1,3,4
Jalen Duren,https://www.basketball-reference.com/players/d/durenja01.html,2023,2022-11-27,DET,CLE,,"L, 94-102",,20:16,0,3,0,0,1,2,2,4,6,1,0,0,0,2,1
Jalen Duren,https://www.basketball-reference.com/players/d/durenja01.html,2023,2022-11-29,DET,NYK,,"L, 110-140",,26:59,6,7,0,0,0,0,3,2,5,1,1,0,1,3,12
Jalen Duren,https://www.basketball-reference.com/players/d/durenja01.html,2023,2022-12-01,DET,DAL,,"W, 131-125 (OT)",,18:24,5,7,0,0,1,4,1,1,2,0,2,0,1,2,11
Jalen Duren,https://www.basketball-reference.com/players/d/durenja01.html,2023,2022-12-04,DET,MEM,,"L, 112-122",,15:01,0,0,0,0,0,0,2,1,3,3,1,2,1,3,0
Jalen Duren,https://www.basketball-reference.com/players/d/durenja01.html,2023,2022-12-06,DET,MIA,@,"W, 116-96",,17:45,2,3,0,0,0,0,2,2,4,0,0,0,2,2,4
Jalen Duren,https://www.basketball-reference.com/players/d/durenja01.html,2023,2022-12-07,DET,NOP,@,"L, 98-104",,26:33,5,5,0,0,2,2,5,8,13,0,1,0,3,0,12
Jalen Duren,https://www.basketball-reference.com/players/d/durenja01.html,2023,2022-12-09,DET,MEM,@,"L, 103-114",,27:32,5,7,0,0,0,0,2,10,12,0,0,0,1,3,10
Jalen Duren,https://www.basketball-reference.com/players/d/durenja01.html,2023,2022-12-11,DET,LAL,,"L, 117-124",,23:42,1,1,0,0,1,2,4,9,13,2,1,0,1,4,3
Jalen Duren,https://www.basketball-reference.com/players/d/durenja01.html,2023,2022-12-14,DET,CHO,@,"W, 141-134 (OT)",,36:23,2,8,0,0,3,4,6,13,19,2,0,3,3,4,7
Jalen Duren,https://www.basketball-reference.com/players/d/durenja01.html,2023,2022-12-16,DET,SAC,,"L, 113-122",,30:28,5,7,0,0,5,6,6,8,14,1,0,1,0,4,15
Jalen Duren,https://www.basketball-reference.com/players/d/durenja01.html,2023,2022-12-18,DET,BRK,,"L, 121-124",,28:46,4,5,0,0,0,0,3,8,11,2,3,0,2,3,8
Jalen Duren,https://www.basketball-reference.com/players/d/durenja01.html,2023,2022-12-20,DET,UTA,,"L, 111-126",,30:21,7,9,0,0,1,1,6,8,14,0,0,0,1,3,15
Jalen Duren,https://www.basketball-reference.com/players/d/durenja01.html,2023,2022-12-21,DET,PHI,@,"L, 93-113",,28:10,3,4,0,0,1,2,2,6,8,4,0,0,2,2,7
Jalen Duren,https://www.basketball-reference.com/players/d/durenja01.html,2023,2022-12-23,DET,ATL,@,"L, 105-130",,28:11,5,7,0,0,3,4,3,5,8,0,0,1,1,2,13
Jalen Duren,https://www.basketball-reference.com/players/d/durenja01.html,2023,2022-12-26,DET,LAC,,"L, 131-142 (OT)",,38:32,7,11,0,0,1,1,7,5,12,2,1,1,1,3,15
Jalen Duren,https://www.basketball-reference.com/players/d/durenja01.html,2023,2022-12-28,DET,ORL,,"W, 121-101",,33:42,3,5,0,0,1,2,8,10,18,4,0,1,2,5,7
Jalen Duren,https://www.basketball-reference.com/players/d/durenja01.html,2023,2022-12-30,DET,CHI,@,"L, 118-132",,30:50,2,4,0,0,0,0,3,5,8,3,0,0,1,2,4
Jalen Duren,https://www.basketball-reference.com/players/d/durenja01.html,2023,2022-12-31,DET,MIN,@,"W, 116-104",,13:31,1,1,0,0,1,2,0,0,0,1,0,0,1,4,3
Jalen Duren,https://www.basketball-reference.com/players/d/durenja01.html,2023,2023-01-02,DET,POR,@,"L, 106-135",,22:11,2,6,0,0,1,2,5,6,11,3,1,1,0,2,5
Jalen Duren,https://www.basketball-reference.com/players/d/durenja01.html,2023,2023-01-04,DET,GSW,@,"W, 122-119",,31:49,8,8,0,0,2,3,5,6,11,0,0,0,3,2,18
Jalen Duren,https://www.basketball-reference.com/players/d/durenja01.html,2023,2023-01-06,DET,SAS,@,"L, 109-121",,27:01,5,8,0,0,1,1,3,6,9,0,2,0,1,2,11
Jalen Duren,https://www.basketball-reference.com/players/d/durenja01.html,2023,2023-01-08,DET,PHI,,"L, 111-123",,,,,,,,,,,,,,,,,
Jalen Duren,https://www.basketball-reference.com/players/d/durenja01.html,2023,2023-01-10,DET,PHI,@,"L, 116-147",,,,,,,,,,,,,,,,,
Jalen Duren,https://www.basketball-reference.com/players/d/durenja01.html,2023,2023-01-11,DET,MIN,,"W, 135-118",,,,,,,,,,,,,,,,,
Jalen Duren,https://www.basketball-reference.com/players/d/durenja01.html,2023,2023-01-13,DET,NOP,,"L, 110-116",,,,,,,,,,,,,,,,,
Jalen Duren,https://www.basketball-reference.com/players/d/durenja01.html,2023,2023-01-15,DET,NYK,,"L, 104-117",,,,,,,,,,,,,,,,,
Jalen Duren,https://www.basketball-reference.com/players/d/durenja01.html,2023,2023-01-19,DET,CHI,,"L, 108-126",,18:13,4,4,0,0,3,4,3,9,12,1,1,2,2,2,11
Jalen Duren,https://www.basketball-reference.com/players/d/durenja01.html,2023,2023-01-23,DET,MIL,,"L, 130-150",,31:00,9,13,0,0,5,5,4,11,15,1,2,2,1,2,23
Jalen Duren,https://www.basketball-reference.com/players/d/durenja01.html,2023,2023-01-26,DET,BRK,@,"W, 130-122",,27:14,7,8,0,0,3,3,2,5,7,2,1,1,0,3,17
Jalen Duren,https://www.basketball-reference.com/players/d/durenja01.html,2023,2023-01-28,DET,HOU,,"L, 114-117",,24:06,3,4,0,0,3,4,2,3,5,0,2,1,0,5,9
Jalen Duren,https://www.basketball-reference.com/players/d/durenja01.html,2023,2023-01-30,DET,DAL,@,"L, 105-111",,27:31,4,4,0,0,1,2,3,1,4,1,1,3,1,2,9
Jalen Duren,https://www.basketball-reference.com/players/d/durenja01.html,2023,2023-02-03,DET,CHO,,"W, 118-112",,32:55,6,8,0,0,1,2,2,11,13,2,1,1,5,4,13
Jalen Duren,https://www.basketball-reference.com/players/d/durenja01.html,2023,2023-02-04,DET,PHO,,"L, 100-116",,27:39,0,2,0,0,1,2,3,3,6,3,0,1,2,4,1
Jalen Duren,https://www.basketball-reference.com/players/d/durenja01.html,2023,2023-02-06,DET,BOS,,"L, 99-111",,27:42,3,4,0,0,1,1,5,9,14,0,0,0,1,2,7
Jalen Duren,https://www.basketball-reference.com/players/d/durenja01.html,2023,2023-02-08,DET,CLE,@,"L, 85-113",,27:25,6,8,0,0,2,2,5,4,9,2,0,3,0,2,14
Jalen Duren,https://www.basketball-reference.com/players/d/durenja01.html,2023,2023-02-10,DET,SAS,,"W, 138-131 (2OT)",,41:53,13,20,0,0,4,9,7,10,17,3,1,4,1,4,30
Jalen Duren,https://www.basketball-reference.com/players/d/durenja01.html,2023,2023-02-12,DET,TOR,@,"L, 118-119",,21:12,2,5,0,0,2,4,1,3,4,1,0,0,1,4,6
Jalen Duren,https://www.basketball-reference.com/players/d/durenja01.html,2023,2023-02-15,DET,BOS,@,"L, 109-127",,24:30,1,3,0,0,0,0,0,8,8,1,0,0,1,2,2
Jalen Duren,https://www.basketball-reference.com/players/d/durenja01.html,2023,2023-02-23,DET,ORL,@,"L, 106-108",,22:37,1,5,0,0,0,0,2,6,8,0,1,0,2,5,2
Jalen Duren,https://www.basketball-reference.com/players/d/durenja01.html,2023,2023-02-25,DET,TOR,,"L, 91-95",,,,,,,,,,,,,,,,,
Jalen Duren,https://www.basketball-reference.com/players/d/durenja01.html,2023,2023-02-27,DET,CHO,@,"L, 106-117",,,,,,,,,,,,,,,,,
Jalen Duren,https://www.basketball-reference.com/players/d/durenja01.html,2023,2023-03-01,DET,CHI,,"L, 115-117",,,,,,,,,,,,,,,,,
Jalen Duren,https://www.basketball-reference.com/players/d/durenja01.html,2023,2023-03-04,DET,CLE,@,"L, 90-114",,,,,,,,,,,,,,,,,
Jalen Duren,https://www.basketball-reference.com/players/d/durenja01.html,2023,2023-03-06,DET,POR,,"L, 104-110",,,,,,,,,,,,,,,,,
Jalen Duren,https://www.basketball-reference.com/players/d/durenja01.html,2023,2023-03-07,DET,WAS,,"L, 117-119",,,,,,,,,,,,,,,,,
Jalen Duren,https://www.basketball-reference.com/players/d/durenja01.html,2023,2023-03-09,DET,CHO,,"L, 103-113",,21:13,4,8,0,0,0,0,5,4,9,2,0,1,4,1,8
Jalen Duren,https://www.basketball-reference.com/players/d/durenja01.html,2023,2023-03-11,DET,IND,,"L, 115-121",,20:27,4,8,0,0,8,10,5,6,11,1,0,2,0,3,16
Jalen Duren,https://www.basketball-reference.com/players/d/durenja01.html,2023,2023-03-13,DET,IND,,"W, 117-97",,23:32,6,11,0,0,0,0,5,6,11,3,1,2,2,1,12
Jalen Duren,https://www.basketball-reference.com/players/d/durenja01.html,2023,2023-03-14,DET,WAS,@,"L, 97-117",,17:34,4,8,0,0,1,1,5,3,8,0,0,1,1,4,9
Jalen Duren,https://www.basketball-reference.com/players/d/durenja01.html,2023,2023-03-16,DET,DEN,,"L, 100-119",,27:07,7,10,0,1,1,4,5,8,13,4,3,0,3,3,15
Jalen Duren,https://www.basketball-reference.com/players/d/durenja01.html,2023,2023-03-19,DET,MIA,,"L, 100-112",,08:52,1,1,0,0,0,0,0,1,1,0,0,1,1,1,2
Jalen Duren,https://www.basketball-reference.com/players/d/durenja01.html,2023,2023-03-21,DET,ATL,@,"L, 107-129",,,,,,,,,,,,,,,,,
Jalen Duren,https://www.basketball-reference.com/players/d/durenja01.html,2023,2023-03-24,DET,TOR,@,"L, 97-118",,24:33,3,4,0,0,3,4,0,5,5,4,1,0,0,1,9
Jalen Duren,https://www.basketball-reference.com/players/d/durenja01.html,2023,2023-03-27,DET,MIL,,"L, 117-126",,27:40,8,11,0,0,2,4,6,4,10,3,1,0,1,4,18
Jalen Duren,https://www.basketball-reference.com/players/d/durenja01.html,2023,2023-03-29,DET,OKC,@,"L, 106-107",,19:12,4,4,0,0,2,4,4,2,6,0,0,1,1,3,10
Jalen Duren,https://www.basketball-reference.com/players/d/durenja01.html,2023,2023-03-31,DET,HOU,@,"L, 115-121",,24:30,4,7,0,0,3,8,5,5,10,0,2,1,1,4,11
Jalen Duren,https://www.basketball-reference.com/players/d/durenja01.html,2023,2023-04-02,DET,ORL,@,"L, 102-128",,21:56,3,6,0,0,1,2,5,2,7,0,1,0,1,3,7
Jalen Duren,https://www.basketball-reference.com/players/d/durenja01.html,2023,2023-04-04,DET,MIA,,"L, 105-118",,35:54,7,8,0,0,6,7,3,11,14,1,1,1,2,3,20
Jalen Duren,https://www.basketball-reference.com/players/d/durenja01.html,2023,2023-04-05,DET,BRK,,"L, 108-123",,34:54,9,11,0,0,0,0,3,5,8,2,1,0,2,3,18
Jalen Duren,https://www.basketball-reference.com/players/d/durenja01.html,2023,2023-04-07,DET,IND,@,"W, 122-115",,22:57,5,6,0,0,0,0,3,7,10,0,1,2,4,5,10
Jalen Duren,https://www.basketball-reference.com/players/d/durenja01.html,2023,2023-04-09,DET,CHI,@,"L, 81-103",,34:40,2,5,0,0,0,0,3,15,18,0,0,1,6,2,4
Jaden Ivey,https://www.basketball-reference.com/players/i/iveyja01.html,2023,2022-10-19,DET,ORL,,"W, 113-109",,31:44,8,15,2,4,1,1,1,2,3,4,3,0,2,3,19
Jaden Ivey,https://www.basketball-reference.com/players/i/iveyja01.html,2023,2022-10-21,DET,NYK,@,"L, 106-130",,29:05,6,12,1,4,4,4,1,1,2,9,0,0,4,4,17
Jaden Ivey,https://www.basketball-reference.com/players/i/iveyja01.html,2023,2022-10-22,DET,IND,@,"L, 115-124",,34:28,6,13,2,3,3,6,2,8,10,5,1,0,5,3,17
Jaden Ivey,https://www.basketball-reference.com/players/i/iveyja01.html,2023,2022-10-25,DET,WAS,@,"L, 99-120",,28:50,4,10,1,3,2,4,0,2,2,4,2,0,0,5,11
Jaden Ivey,https://www.basketball-reference.com/players/i/iveyja01.html,2023,2022-10-26,DET,ATL,,"L, 113-118",,,,,,,,,,,,,,,,,
Jaden Ivey,https://www.basketball-reference.com/players/i/iveyja01.html,2023,2022-10-28,DET,ATL,,"L, 112-136",,23:23,4,11,2,6,2,2,1,1,2,0,0,0,0,2,12
Jaden Ivey,https://www.basketball-reference.com/players/i/iveyja01.html,2023,2022-10-30,DET,GSW,,"W, 128-114",,31:29,5,11,2,5,3,5,1,3,4,3,1,1,2,4,15
Jaden Ivey,https://www.basketball-reference.com/players/i/iveyja01.html,2023,2022-10-31,DET,MIL,@,"L, 108-110",,40:16,8,17,0,4,3,4,2,5,7,1,2,0,3,3,19
Jaden Ivey,https://www.basketball-reference.com/players/i/iveyja01.html,2023,,,,,,,,,,,,,,,,,,,,,,
Jaden Ivey,https://www.basketball-reference.com/players/i/iveyja01.html,2023,2022-11-02,DET,MIL,@,"L, 91-116",,30:15,3,11,1,4,0,0,0,2,2,1,4,0,2,0,7
Jaden Ivey,https://www.basketball-reference.com/players/i/iveyja01.html,2023,2022-11-04,DET,CLE,,"L, 88-112",,34:11,6,13,1,5,5,6,1,5,6,3,0,1,4,4,18
Jaden Ivey,https://www.basketball-reference.com/players/i/iveyja01.html,2023,2022-11-07,DET,OKC,,"W, 112-103",,33:51,6,15,2,7,1,1,3,8,11,6,2,3,2,2,15
Jaden Ivey,https://www.basketball-reference.com/players/i/iveyja01.html,2023,2022-11-09,DET,BOS,@,"L, 112-128",,31:23,6,12,2,5,5,7,3,7,10,6,1,0,0,0,19
Jaden Ivey,https://www.basketball-reference.com/players/i/iveyja01.html,2023,2022-11-11,DET,NYK,@,"L, 112-121",,25:02,4,11,0,1,2,5,1,2,3,4,2,0,4,1,10
Jaden Ivey,https://www.basketball-reference.com/players/i/iveyja01.html,2023,2022-11-12,DET,BOS,,"L, 108-117",,34:10,8,15,4,6,6,6,2,2,4,3,0,0,4,4,26
Jaden Ivey,https://www.basketball-reference.com/players/i/iveyja01.html,2023,2022-11-14,DET,TOR,,"L, 111-115",,34:16,6,16,1,5,8,10,0,4,4,8,1,0,4,6,21
Jaden Ivey,https://www.basketball-reference.com/players/i/iveyja01.html,2023,2022-11-17,DET,LAC,@,"L, 91-96",,37:46,8,21,1,7,1,2,1,3,4,5,0,0,4,5,18
Jaden Ivey,https://www.basketball-reference.com/players/i/iveyja01.html,2023,2022-11-18,DET,LAL,@,"L, 121-128",,33:32,5,18,1,9,6,8,1,3,4,5,0,1,1,2,17
Jaden Ivey,https://www.basketball-reference.com/players/i/iveyja01.html,2023,2022-11-20,DET,SAC,@,"L, 129-137",,32:10,8,14,4,4,4,6,1,3,4,3,0,0,3,5,24
Jaden Ivey,https://www.basketball-reference.com/players/i/iveyja01.html,2023,2022-11-22,DET,DEN,@,"W, 110-108",,25:35,3,11,1,4,0,0,1,5,6,5,1,0,4,2,7
Jaden Ivey,https://www.basketball-reference.com/players/i/iveyja01.html,2023,2022-11-23,DET,UTA,@,"W, 125-116",,32:03,5,13,0,2,6,7,1,4,5,6,1,0,1,1,16
Jaden Ivey,https://www.basketball-reference.com/players/i/iveyja01.html,2023,2022-11-25,DET,PHO,@,"L, 102-108",,,,,,,,,,,,,,,,,
Jaden Ivey,https://www.basketball-reference.com/players/i/iveyja01.html,2023,2022-11-27,DET,CLE,,"L, 94-102",,,,,,,,,,,,,,,,,
Jaden Ivey,https://www.basketball-reference.com/players/i/iveyja01.html,2023,2022-11-29,DET,NYK,,"L, 110-140",,,,,,,,,,,,,,,,,
Jaden Ivey,https://www.basketball-reference.com/players/i/iveyja01.html,2023,2022-12-01,DET,DAL,,"W, 131-125 (OT)",,35:06,6,15,2,7,2,4,1,2,3,6,1,0,4,2,16
Jaden Ivey,https://www.basketball-reference.com/players/i/iveyja01.html,2023,2022-12-04,DET,MEM,,"L, 112-122",,27:57,2,9,1,5,5,6,0,6,6,3,3,0,4,2,10
Jaden Ivey,https://www.basketball-reference.com/players/i/iveyja01.html,2023,2022-12-06,DET,MIA,@,"W, 116-96",,26:23,3,9,1,4,3,4,1,1,2,3,0,0,2,3,10
Jaden Ivey,https://www.basketball-reference.com/players/i/iveyja01.html,2023,2022-12-07,DET,NOP,@,"L, 98-104",,21:49,4,10,2,5,2,4,1,1,2,0,0,1,3,2,12
Jaden Ivey,https://www.basketball-reference.com/players/i/iveyja01.html,2023,2022-12-09,DET,MEM,@,"L, 103-114",,27:26,4,14,1,5,1,2,0,4,4,5,1,0,5,3,10
Jaden Ivey,https://www.basketball-reference.com/players/i/iveyja01.html,2023,2022-12-11,DET,LAL,,"L, 117-124",,25:10,6,16,1,6,3,4,1,0,1,2,1,1,2,2,16
Jaden Ivey,https://www.basketball-reference.com/players/i/iveyja01.html,2023,2022-12-14,DET,CHO,@,"W, 141-134 (OT)",,28:58,5,9,0,1,3,4,1,2,3,4,0,0,2,3,13
Jaden Ivey,https://www.basketball-reference.com/players/i/iveyja01.html,2023,2022-12-16,DET,SAC,,"L, 113-122",,20:14,2,9,1,4,0,0,1,2,3,5,1,0,1,6,5
Jaden Ivey,https://www.basketball-reference.com/players/i/iveyja01.html,2023,2022-12-18,DET,BRK,,"L, 121-124",,27:33,7,11,1,3,4,6,1,3,4,1,1,0,1,2,19
Jaden Ivey,https://www.basketball-reference.com/players/i/iveyja01.html,2023,2022-12-20,DET,UTA,,"L, 111-126",,32:50,10,14,2,2,8,11,1,3,4,5,1,0,5,2,30
Jaden Ivey,https://www.basketball-reference.com/players/i/iveyja01.html,2023,2022-12-21,DET,PHI,@,"L, 93-113",,33:56,7,18,1,3,3,6,2,1,3,1,2,0,3,1,18
Jaden Ivey,https://www.basketball-reference.com/players/i/iveyja01.html,2023,2022-12-23,DET,ATL,@,"L, 105-130",,28:20,5,14,1,3,4,5,0,2,2,4,1,0,0,5,15
Jaden Ivey,https://www.basketball-reference.com/players/i/iveyja01.html,2023,2022-12-26,DET,LAC,,"L, 131-142 (OT)",,30:24,4,11,2,3,5,6,2,1,3,8,1,0,3,4,15
Jaden Ivey,https://www.basketball-reference.com/players/i/iveyja01.html,2023,2022-12-28,DET,ORL,,"W, 121-101",,27:49,1,7,0,1,6,7,1,5,6,4,1,1,3,4,8
Jaden Ivey,https://www.basketball-reference.com/players/i/iveyja01.html,2023,2022-12-30,DET,CHI,@,"L, 118-132",,29:13,6,10,2,5,8,9,0,1,1,6,0,0,3,4,22
Jaden Ivey,https://www.basketball-reference.com/players/i/iveyja01.html,2023,2022-12-31,DET,MIN,@,"W, 116-104",,19:58,0,4,0,1,1,2,0,1,1,4,0,0,6,2,1
Jaden Ivey,https://www.basketball-reference.com/players/i/iveyja01.html,2023,2023-01-02,DET,POR,@,"L, 106-135",,26:43,3,11,1,3,6,9,0,3,3,2,0,0,5,5,13
Jaden Ivey,https://www.basketball-reference.com/players/i/iveyja01.html,2023,2023-01-04,DET,GSW,@,"W, 122-119",,27:20,5,14,1,4,1,4,2,4,6,5,1,0,0,2,12
Jaden Ivey,https://www.basketball-reference.com/players/i/iveyja01.html,2023,2023-01-06,DET,SAS,@,"L, 109-121",,33:28,8,14,2,2,2,2,2,1,3,5,0,0,2,4,20
Jaden Ivey,https://www.basketball-reference.com/players/i/iveyja01.html,2023,2023-01-08,DET,PHI,,"L, 111-123",,27:59,4,13,1,2,1,2,2,4,6,6,0,0,4,2,10
Jaden Ivey,https://www.basketball-reference.com/players/i/iveyja01.html,2023,2023-01-10,DET,PHI,@,"L, 116-147",,24:03,4,8,3,5,6,6,0,2,2,4,1,0,4,2,17
Jaden Ivey,https://www.basketball-reference.com/players/i/iveyja01.html,2023,2023-01-11,DET,MIN,,"W, 135-118",,40:18,7,11,2,3,2,4,0,4,4,8,3,0,2,4,18
Jaden Ivey,https://www.basketball-reference.com/players/i/iveyja01.html,2023,2023-01-13,DET,NOP,,"L, 110-116",,34:03,4,15,0,6,4,5,1,6,7,6,0,0,4,4,12
Jaden Ivey,https://www.basketball-reference.com/players/i/iveyja01.html,2023,2023-01-15,DET,NYK,,"L, 104-117",,37:17,7,19,2,8,5,6,1,5,6,6,0,1,3,5,21
Jaden Ivey,https://www.basketball-reference.com/players/i/iveyja01.html,2023,2023-01-19,DET,CHI,,"L, 108-126",,33:10,7,14,1,5,1,1,0,3,3,4,0,0,4,2,16
Jaden Ivey,https://www.basketball-reference.com/players/i/iveyja01.html,2023,2023-01-23,DET,MIL,,"L, 130-150",,29:33,4,10,1,4,3,6,2,2,4,11,2,0,4,3,12
Jaden Ivey,https://www.basketball-reference.com/players/i/iveyja01.html,2023,2023-01-26,DET,BRK,@,"W, 130-122",,31:47,5,12,1,4,5,5,0,3,3,8,2,1,3,2,16
Jaden Ivey,https://www.basketball-reference.com/players/i/iveyja01.html,2023,2023-01-28,DET,HOU,,"L, 114-117",,27:43,4,9,2,4,6,8,2,5,7,5,1,1,6,3,16
Jaden Ivey,https://www.basketball-reference.com/players/i/iveyja01.html,2023,2023-01-30,DET,DAL,@,"L, 105-111",,21:07,5,8,0,2,4,7,0,2,2,3,0,0,2,6,14
Jaden Ivey,https://www.basketball-reference.com/players/i/iveyja01.html,2023,2023-02-03,DET,CHO,,"W, 118-112",,29:22,8,11,4,4,4,4,1,2,3,7,0,1,1,3,24
Jaden Ivey,https://www.basketball-reference.com/players/i/iveyja01.html,2023,2023-02-04,DET,PHO,,"L, 100-116",,32:41,5,13,2,5,1,5,0,0,0,6,3,0,3,4,13
Jaden Ivey,https://www.basketball-reference.com/players/i/iveyja01.html,2023,2023-02-06,DET,BOS,,"L, 99-111",,26:55,5,12,1,3,3,5,1,0,1,5,0,0,1,0,14
Jaden Ivey,https://www.basketball-reference.com/players/i/iveyja01.html,2023,2023-02-08,DET,CLE,@,"L, 85-113",,25:36,3,6,2,3,2,2,0,1,1,1,1,0,4,5,10
Jaden Ivey,https://www.basketball-reference.com/players/i/iveyja01.html,2023,2023-02-10,DET,SAS,,"W, 138-131 (2OT)",,43:33,3,15,0,7,11,12,2,6,8,8,1,0,3,5,17
Jaden Ivey,https://www.basketball-reference.com/players/i/iveyja01.html,2023,2023-02-12,DET,TOR,@,"L, 118-119",,27:29,6,11,3,4,3,4,1,1,2,7,0,0,2,5,18
Jaden Ivey,https://www.basketball-reference.com/players/i/iveyja01.html,2023,2023-02-15,DET,BOS,@,"L, 109-127",,26:29,7,13,1,5,2,4,2,3,5,4,1,0,3,3,17
Jaden Ivey,https://www.basketball-reference.com/players/i/iveyja01.html,2023,2023-02-23,DET,ORL,@,"L, 106-108",,30:51,9,13,5,7,2,4,0,2,2,4,0,1,3,0,25
Jaden Ivey,https://www.basketball-reference.com/players/i/iveyja01.html,2023,2023-02-25,DET,TOR,,"L, 91-95",,31:59,3,16,0,5,4,4,1,1,2,10,0,1,3,5,10
Jaden Ivey,https://www.basketball-reference.com/players/i/iveyja01.html,2023,2023-02-27,DET,CHO,@,"L, 106-117",,,,,,,,,,,,,,,,,
Jaden Ivey,https://www.basketball-reference.com/players/i/iveyja01.html,2023,2023-03-01,DET,CHI,,"L, 115-117",,31:28,5,9,2,4,6,9,0,4,4,2,1,0,4,4,18
Jaden Ivey,https://www.basketball-reference.com/players/i/iveyja01.html,2023,2023-03-04,DET,CLE,@,"L, 90-114",,30:22,4,14,1,4,1,2,2,2,4,2,0,0,5,1,10
Jaden Ivey,https://www.basketball-reference.com/players/i/iveyja01.html,2023,2023-03-06,DET,POR,,"L, 104-110",,30:58,4,14,0,7,5,5,0,5,5,13,1,0,1,4,13
Jaden Ivey,https://www.basketball-reference.com/players/i/iveyja01.html,2023,2023-03-07,DET,WAS,,"L, 117-119",,31:54,9,20,3,6,5,6,2,3,5,12,1,0,5,5,26
Jaden Ivey,https://www.basketball-reference.com/players/i/iveyja01.html,2023,2023-03-09,DET,CHO,,"L, 103-113",,31:50,5,17,2,7,4,4,2,1,3,6,0,2,7,4,16
Jaden Ivey,https://www.basketball-reference.com/players/i/iveyja01.html,2023,2023-03-11,DET,IND,,"L, 115-121",,,,,,,,,,,,,,,,,
Jaden Ivey,https://www.basketball-reference.com/players/i/iveyja01.html,2023,2023-03-13,DET,IND,,"W, 117-97",,,,,,,,,,,,,,,,,
Jaden Ivey,https://www.basketball-reference.com/players/i/iveyja01.html,2023,2023-03-14,DET,WAS,@,"L, 97-117",,,,,,,,,,,,,,,,,
Jaden Ivey,https://www.basketball-reference.com/players/i/iveyja01.html,2023,2023-03-16,DET,DEN,,"L, 100-119",,35:28,4,15,2,5,4,8,1,1,2,6,0,0,4,3,14
Jaden Ivey,https://www.basketball-reference.com/players/i/iveyja01.html,2023,2023-03-19,DET,MIA,,"L, 100-112",,38:00,3,7,2,4,3,4,1,3,4,5,0,0,3,4,11
Jaden Ivey,https://www.basketball-reference.com/players/i/iveyja01.html,2023,2023-03-21,DET,ATL,@,"L, 107-129",,30:19,6,19,2,9,3,4,1,3,4,5,0,0,1,3,17
Jaden Ivey,https://www.basketball-reference.com/players/i/iveyja01.html,2023,2023-03-24,DET,TOR,@,"L, 97-118",,41:14,7,13,2,6,4,4,1,2,3,8,1,0,9,3,20
Jaden Ivey,https://www.basketball-reference.com/players/i/iveyja01.html,2023,2023-03-27,DET,MIL,,"L, 117-126",,31:41,9,19,3,6,11,12,1,7,8,8,0,0,4,4,32
Jaden Ivey,https://www.basketball-reference.com/players/i/iveyja01.html,2023,2023-03-29,DET,OKC,@,"L, 106-107",,31:02,8,18,5,8,3,3,0,2,2,9,0,0,5,6,24
Jaden Ivey,https://www.basketball-reference.com/players/i/iveyja01.html,2023,2023-03-31,DET,HOU,@,"L, 115-121",,34:58,8,20,2,9,0,0,1,2,3,9,2,0,4,5,18
Jaden Ivey,https://www.basketball-reference.com/players/i/iveyja01.html,2023,2023-04-02,DET,ORL,@,"L, 102-128",,30:51,4,14,2,7,4,4,1,2,3,6,1,0,4,5,14
Jaden Ivey,https://www.basketball-reference.com/players/i/iveyja01.html,2023,2023-04-04,DET,MIA,,"L, 105-118",,37:05,11,15,4,6,4,5,0,4,4,7,1,0,5,3,30
Jaden Ivey,https://www.basketball-reference.com/players/i/iveyja01.html,2023,2023-04-05,DET,BRK,,"L, 108-123",,42:34,9,22,2,6,3,3,2,3,5,10,0,0,5,2,23
Jaden Ivey,https://www.basketball-reference.com/players/i/iveyja01.html,2023,2023-04-07,DET,IND,@,"W, 122-115",,42:05,9,20,3,8,8,10,1,4,5,9,2,0,4,3,29
Jaden Ivey,https://www.basketball-reference.com/players/i/iveyja01.html,2023,2023-04-09,DET,CHI,@,"L, 81-103",,36:30,7,20,2,7,0,0,1,2,3,3,0,0,5,6,16
Jared Rhoden,https://www.basketball-reference.com/players/r/rhodeja01.html,2023,2022-12-26,DET,LAC,,"L, 131-142 (OT)",,,,,,,,,,,,,,,,,
Jared Rhoden,https://www.basketball-reference.com/players/r/rhodeja01.html,2023,2022-12-28,DET,ORL,,"W, 121-101",,,,,,,,,,,,,,,,,
Jared Rhoden,https://www.basketball-reference.com/players/r/rhodeja01.html,2023,2022-12-30,DET,CHI,@,"L, 118-132",,,,,,,,,,,,,,,,,
Jared Rhoden,https://www.basketball-reference.com/players/r/rhodeja01.html,2023,2022-12-31,DET,MIN,@,"W, 116-104",,,,,,,,,,,,,,,,,
Jared Rhoden,https://www.basketball-reference.com/players/r/rhodeja01.html,2023,,,,,,,,,,,,,,,,,,,,,,
Jared Rhoden,https://www.basketball-reference.com/players/r/rhodeja01.html,2023,2023-01-02,DET,POR,@,"L, 106-135",,,,,,,,,,,,,,,,,
Jared Rhoden,https://www.basketball-reference.com/players/r/rhodeja01.html,2023,2023-01-04,DET,GSW,@,"W, 122-119",,,,,,,,,,,,,,,,,
Jared Rhoden,https://www.basketball-reference.com/players/r/rhodeja01.html,2023,2023-01-06,DET,SAS,@,"L, 109-121",,,,,,,,,,,,,,,,,
Jared Rhoden,https://www.basketball-reference.com/players/r/rhodeja01.html,2023,2023-01-08,DET,PHI,,"L, 111-123",,,,,,,,,,,,,,,,,
Jared Rhoden,https://www.basketball-reference.com/players/r/rhodeja01.html,2023,2023-01-10,DET,PHI,@,"L, 116-147",,12:00,1,3,0,1,0,0,0,1,1,0,0,0,0,3,2
Jared Rhoden,https://www.basketball-reference.com/players/r/rhodeja01.html,2023,2023-01-11,DET,MIN,,"W, 135-118",,,,,,,,,,,,,,,,,
Jared Rhoden,https://www.basketball-reference.com/players/r/rhodeja01.html,2023,2023-01-13,DET,NOP,,"L, 110-116",,,,,,,,,,,,,,,,,
Jared Rhoden,https://www.basketball-reference.com/players/r/rhodeja01.html,2023,2023-01-15,DET,NYK,,"L, 104-117",,,,,,,,,,,,,,,,,
Jared Rhoden,https://www.basketball-reference.com/players/r/rhodeja01.html,2023,2023-01-19,DET,CHI,,"L, 108-126",,,,,,,,,,,,,,,,,
Jared Rhoden,https://www.basketball-reference.com/players/r/rhodeja01.html,2023,2023-01-23,DET,MIL,,"L, 130-150",,,,,,,,,,,,,,,,,
Jared Rhoden,https://www.basketball-reference.com/players/r/rhodeja01.html,2023,2023-01-26,DET,BRK,@,"W, 130-122",,,,,,,,,,,,,,,,,
Jared Rhoden,https://www.basketball-reference.com/players/r/rhodeja01.html,2023,2023-01-28,DET,HOU,,"L, 114-117",,,,,,,,,,,,,,,,,
Jared Rhoden,https://www.basketball-reference.com/players/r/rhodeja01.html,2023,2023-01-30,DET,DAL,@,"L, 105-111",,,,,,,,,,,,,,,,,
Jared Rhoden,https://www.basketball-reference.com/players/r/rhodeja01.html,2023,2023-02-03,DET,CHO,,"W, 118-112",,,,,,,,,,,,,,,,,
Jared Rhoden,https://www.basketball-reference.com/players/r/rhodeja01.html,2023,2023-02-04,DET,PHO,,"L, 100-116",,,,,,,,,,,,,,,,,
Jared Rhoden,https://www.basketball-reference.com/players/r/rhodeja01.html,2023,2023-02-06,DET,BOS,,"L, 99-111",,,,,,,,,,,,,,,,,
Jared Rhoden,https://www.basketball-reference.com/players/r/rhodeja01.html,2023,2023-02-08,DET,CLE,@,"L, 85-113",,,,,,,,,,,,,,,,,
Jared Rhoden,https://www.basketball-reference.com/players/r/rhodeja01.html,2023,2023-02-10,DET,SAS,,"W, 138-131 (2OT)",,,,,,,,,,,,,,,,,
Jared Rhoden,https://www.basketball-reference.com/players/r/rhodeja01.html,2023,2023-02-12,DET,TOR,@,"L, 118-119",,,,,,,,,,,,,,,,,
Jared Rhoden,https://www.basketball-reference.com/players/r/rhodeja01.html,2023,2023-02-15,DET,BOS,@,"L, 109-127",,,,,,,,,,,,,,,,,
Jared Rhoden,https://www.basketball-reference.com/players/r/rhodeja01.html,2023,2023-02-23,DET,ORL,@,"L, 106-108",,,,,,,,,,,,,,,,,
Jared Rhoden,https://www.basketball-reference.com/players/r/rhodeja01.html,2023,2023-02-25,DET,TOR,,"L, 91-95",,,,,,,,,,,,,,,,,
Jared Rhoden,https://www.basketball-reference.com/players/r/rhodeja01.html,2023,2023-02-27,DET,CHO,@,"L, 106-117",,,,,,,,,,,,,,,,,
Jared Rhoden,https://www.basketball-reference.com/players/r/rhodeja01.html,2023,2023-03-01,DET,CHI,,"L, 115-117",,,,,,,,,,,,,,,,,
Jared Rhoden,https://www.basketball-reference.com/players/r/rhodeja01.html,2023,2023-03-04,DET,CLE,@,"L, 90-114",,09:03,1,4,0,1,0,0,2,1,3,0,0,0,0,0,2
Jared Rhoden,https://www.basketball-reference.com/players/r/rhodeja01.html,2023,2023-03-06,DET,POR,,"L, 104-110",,06:13,2,2,0,0,0,0,3,1,4,0,0,0,0,1,4
Jared Rhoden,https://www.basketball-reference.com/players/r/rhodeja01.html,2023,2023-03-07,DET,WAS,,"L, 117-119",,05:27,0,0,0,0,0,0,0,0,0,0,0,0,0,0,0
Jared Rhoden,https://www.basketball-reference.com/players/r/rhodeja01.html,2023,2023-03-09,DET,CHO,,"L, 103-113",,,,,,,,,,,,,,,,,
Jared Rhoden,https://www.basketball-reference.com/players/r/rhodeja01.html,2023,2023-03-11,DET,IND,,"L, 115-121",,,,,,,,,,,,,,,,,
Jared Rhoden,https://www.basketball-reference.com/players/r/rhodeja01.html,2023,2023-03-13,DET,IND,,"W, 117-97",,00:52,0,0,0,0,0,0,0,0,0,0,0,0,0,0,0
Jared Rhoden,https://www.basketball-reference.com/players/r/rhodeja01.html,2023,2023-03-14,DET,WAS,@,"L, 97-117",,17:19,2,5,1,3,2,2,1,3,4,0,1,0,0,1,7
Jared Rhoden,https://www.basketball-reference.com/players/r/rhodeja01.html,2023,2023-03-16,DET,DEN,,"L, 100-119",,,,,,,,,,,,,,,,,
Jared Rhoden,https://www.basketball-reference.com/players/r/rhodeja01.html,2023,2023-03-19,DET,MIA,,"L, 100-112",,,,,,,,,,,,,,,,,
Jared Rhoden,https://www.basketball-reference.com/players/r/rhodeja01.html,2023,2023-03-21,DET,ATL,@,"L, 107-129",,14:49,0,2,0,2,0,0,1,1,2,2,1,0,0,2,0
Jared Rhoden,https://www.basketball-reference.com/players/r/rhodeja01.html,2023,2023-03-24,DET,TOR,@,"L, 97-118",,08:16,0,1,0,1,0,0,1,1,2,0,0,0,1,2,0
Jared Rhoden,https://www.basketball-reference.com/players/r/rhodeja01.html,2023,2023-03-27,DET,MIL,,"L, 117-126",,,,,,,,,,,,,,,,,
Jared Rhoden,https://www.basketball-reference.com/players/r/rhodeja01.html,2023,2023-03-29,DET,OKC,@,"L, 106-107",,,,,,,,,,,,,,,,,
Jared Rhoden,https://www.basketball-reference.com/players/r/rhodeja01.html,2023,2023-03-31,DET,HOU,@,"L, 115-121",,15:44,2,3,1,2,2,2,0,3,3,1,0,0,0,2,7
Jared Rhoden,https://www.basketball-reference.com/players/r/rhodeja01.html,2023,2023-04-02,DET,ORL,@,"L, 102-128",,16:37,1,1,0,0,2,2,0,2,2,0,0,0,1,1,4
Jared Rhoden,https://www.basketball-reference.com/players/r/rhodeja01.html,2023,2023-04-04,DET,MIA,,"L, 105-118",,02:45,0,1,0,1,0,0,0,0,0,0,0,0,1,1,0
Jared Rhoden,https://www.basketball-reference.com/players/r/rhodeja01.html,2023,2023-04-05,DET,BRK,,"L, 108-123",,19:34,1,5,0,2,0,0,1,3,4,0,0,0,0,4,2
Jared Rhoden,https://www.basketball-reference.com/players/r/rhodeja01.html,2023,2023-04-07,DET,IND,@,"W, 122-115",,34:08,4,9,2,3,0,0,1,5,6,1,2,1,0,3,10
Jared Rhoden,https://www.basketball-reference.com/players/r/rhodeja01.html,2023,2023-04-09,DET,CHI,@,"L, 81-103",,35:04,3,8,1,4,0,0,1,5,6,0,0,0,0,3,7
Stanley Umude,https://www.basketball-reference.com/players/u/umudest01.html,2023,2023-02-10,DET,SAS,,"W, 138-131 (2OT)",,,,,,,,,,,,,,,,,
Stanley Umude,https://www.basketball-reference.com/players/u/umudest01.html,2023,2023-02-12,DET,TOR,@,"L, 118-119",,,,,,,,,,,,,,,,,
Stanley Umude,https://www.basketball-reference.com/players/u/umudest01.html,2023,2023-02-15,DET,BOS,@,"L, 109-127",,02:07,0,1,0,1,2,2,0,0,0,0,1,1,0,0,2
Patrick Baldwin Jr.,https://www.basketball-reference.com/players/b/baldwpa01.html,2023,2022-10-18,GSW,LAL,,"W, 123-109",,,,,,,,,,,,,,,,,
Patrick Baldwin Jr.,https://www.basketball-reference.com/players/b/baldwpa01.html,2023,2022-10-21,GSW,DEN,,"L, 123-128",,,,,,,,,,,,,,,,,
Patrick Baldwin Jr.,https://www.basketball-reference.com/players/b/baldwpa01.html,2023,2022-10-23,GSW,SAC,,"W, 130-125",,,,,,,,,,,,,,,,,
Patrick Baldwin Jr.,https://www.basketball-reference.com/players/b/baldwpa01.html,2023,2022-10-25,GSW,PHO,@,"L, 105-134",,,,,,,,,,,,,,,,,
Patrick Baldwin Jr.,https://www.basketball-reference.com/players/b/baldwpa01.html,2023,2022-10-27,GSW,MIA,,"W, 123-110",,,,,,,,,,,,,,,,,
Patrick Baldwin Jr.,https://www.basketball-reference.com/players/b/baldwpa01.html,2023,2022-10-29,GSW,CHO,@,"L, 113-120 (OT)",,,,,,,,,,,,,,,,,
Patrick Baldwin Jr.,https://www.basketball-reference.com/players/b/baldwpa01.html,2023,2022-10-30,GSW,DET,@,"L, 114-128",,00:46,0,0,0,0,0,0,0,0,0,0,0,0,0,0,0
Patrick Baldwin Jr.,https://www.basketball-reference.com/players/b/baldwpa01.html,2023,,,,,,,,,,,,,,,,,,,,,,
Patrick Baldwin Jr.,https://www.basketball-reference.com/players/b/baldwpa01.html,2023,2022-11-01,GSW,MIA,@,"L, 109-116",,,,,,,,,,,,,,,,,
Patrick Baldwin Jr.,https://www.basketball-reference.com/players/b/baldwpa01.html,2023,2022-11-03,GSW,ORL,@,"L, 129-130",,,,,,,,,,,,,,,,,
Patrick Baldwin Jr.,https://www.basketball-reference.com/players/b/baldwpa01.html,2023,2022-11-04,GSW,NOP,@,"L, 105-114",,03:54,0,1,0,1,0,0,0,0,0,0,0,0,0,0,0
Patrick Baldwin Jr.,https://www.basketball-reference.com/players/b/baldwpa01.html,2023,2022-11-07,GSW,SAC,,"W, 116-113",,,,,,,,,,,,,,,,,
Patrick Baldwin Jr.,https://www.basketball-reference.com/players/b/baldwpa01.html,2023,2022-11-11,GSW,CLE,,"W, 106-101",,,,,,,,,,,,,,,,,
Patrick Baldwin Jr.,https://www.basketball-reference.com/players/b/baldwpa01.html,2023,2022-11-13,GSW,SAC,@,"L, 115-122",,,,,,,,,,,,,,,,,
Patrick Baldwin Jr.,https://www.basketball-reference.com/players/b/baldwpa01.html,2023,2022-11-14,GSW,SAS,,"W, 132-95",,,,,,,,,,,,,,,,,
Patrick Baldwin Jr.,https://www.basketball-reference.com/players/b/baldwpa01.html,2023,2022-11-16,GSW,PHO,@,"L, 119-130",,,,,,,,,,,,,,,,,
Patrick Baldwin Jr.,https://www.basketball-reference.com/players/b/baldwpa01.html,2023,2022-11-18,GSW,NYK,,"W, 111-101",,,,,,,,,,,,,,,,,
Patrick Baldwin Jr.,https://www.basketball-reference.com/players/b/baldwpa01.html,2023,2022-11-20,GSW,HOU,@,"W, 127-120",,,,,,,,,,,,,,,,,
Patrick Baldwin Jr.,https://www.basketball-reference.com/players/b/baldwpa01.html,2023,2022-11-21,GSW,NOP,@,"L, 83-128",,15:31,3,6,1,4,0,0,0,5,5,0,3,0,1,0,7
Patrick Baldwin Jr.,https://www.basketball-reference.com/players/b/baldwpa01.html,2023,2022-11-23,GSW,LAC,,"W, 124-107",,03:52,1,3,1,3,0,0,0,1,1,0,0,0,0,0,3
Patrick Baldwin Jr.,https://www.basketball-reference.com/players/b/baldwpa01.html,2023,2022-11-25,GSW,UTA,,"W, 129-118",,,,,,,,,,,,,,,,,
Patrick Baldwin Jr.,https://www.basketball-reference.com/players/b/baldwpa01.html,2023,2022-11-27,GSW,MIN,@,"W, 137-114",,,,,,,,,,,,,,,,,
Patrick Baldwin Jr.,https://www.basketball-reference.com/players/b/baldwpa01.html,2023,2022-11-29,GSW,DAL,@,"L, 113-116",,,,,,,,,,,,,,,,,
Patrick Baldwin Jr.,https://www.basketball-reference.com/players/b/baldwpa01.html,2023,2022-12-02,GSW,CHI,,"W, 119-111",,,,,,,,,,,,,,,,,
Patrick Baldwin Jr.,https://www.basketball-reference.com/players/b/baldwpa01.html,2023,2022-12-03,GSW,HOU,,"W, 120-101",,,,,,,,,,,,,,,,,
Patrick Baldwin Jr.,https://www.basketball-reference.com/players/b/baldwpa01.html,2023,2022-12-05,GSW,IND,,"L, 104-112",,,,,,,,,,,,,,,,,
Patrick Baldwin Jr.,https://www.basketball-reference.com/players/b/baldwpa01.html,2023,2022-12-07,GSW,UTA,@,"L, 123-124",,,,,,,,,,,,,,,,,
Patrick Baldwin Jr.,https://www.basketball-reference.com/players/b/baldwpa01.html,2023,2022-12-10,GSW,BOS,,"W, 123-107",,,,,,,,,,,,,,,,,
Patrick Baldwin Jr.,https://www.basketball-reference.com/players/b/baldwpa01.html,2023,2022-12-13,GSW,MIL,@,"L, 111-128",,08:14,2,3,2,3,0,0,0,0,0,0,0,0,0,0,6
Patrick Baldwin Jr.,https://www.basketball-reference.com/players/b/baldwpa01.html,2023,2022-12-14,GSW,IND,@,"L, 119-125",,,,,,,,,,,,,,,,,
Patrick Baldwin Jr.,https://www.basketball-reference.com/players/b/baldwpa01.html,2023,2022-12-16,GSW,PHI,@,"L, 106-118",,01:20,0,0,0,0,0,0,0,0,0,0,0,0,0,0,0
Patrick Baldwin Jr.,https://www.basketball-reference.com/players/b/baldwpa01.html,2023,2022-12-18,GSW,TOR,@,"W, 126-110",,02:21,0,1,0,1,1,2,0,1,1,1,0,0,1,0,1
Patrick Baldwin Jr.,https://www.basketball-reference.com/players/b/baldwpa01.html,2023,2022-12-20,GSW,NYK,@,"L, 94-132",,07:40,1,6,1,4,0,0,0,1,1,1,0,0,0,0,3
Patrick Baldwin Jr.,https://www.basketball-reference.com/players/b/baldwpa01.html,2023,2022-12-21,GSW,BRK,@,"L, 113-143",,23:18,6,10,5,8,0,0,0,3,3,0,0,0,0,0,17
Patrick Baldwin Jr.,https://www.basketball-reference.com/players/b/baldwpa01.html,2023,2022-12-25,GSW,MEM,,"W, 123-109",,,,,,,,,,,,,,,,,
Patrick Baldwin Jr.,https://www.basketball-reference.com/players/b/baldwpa01.html,2023,2022-12-27,GSW,CHO,,"W, 110-105",,,,,,,,,,,,,,,,,
Patrick Baldwin Jr.,https://www.basketball-reference.com/players/b/baldwpa01.html,2023,2022-12-28,GSW,UTA,,"W, 112-107",,12:39,4,7,3,5,0,0,0,3,3,0,1,0,1,1,11
Patrick Baldwin Jr.,https://www.basketball-reference.com/players/b/baldwpa01.html,2023,2022-12-30,GSW,POR,,"W, 118-112",,,,,,,,,,,,,,,,,
Patrick Baldwin Jr.,https://www.basketball-reference.com/players/b/baldwpa01.html,2023,2023-01-02,GSW,ATL,,"W, 143-141 (2OT)",,10:51,3,7,2,6,0,0,0,2,2,0,1,1,1,2,8
Patrick Baldwin Jr.,https://www.basketball-reference.com/players/b/baldwpa01.html,2023,2023-01-04,GSW,DET,,"L, 119-122",,10:30,1,3,1,3,2,2,0,3,3,1,1,0,1,1,5
Patrick Baldwin Jr.,https://www.basketball-reference.com/players/b/baldwpa01.html,2023,2023-01-07,GSW,ORL,,"L, 101-115",,14:32,3,9,3,6,0,0,0,2,2,0,0,0,1,3,9
Patrick Baldwin Jr.,https://www.basketball-reference.com/players/b/baldwpa01.html,2023,2023-01-10,GSW,PHO,,"L, 113-125",,,,,,,,,,,,,,,,,
Patrick Baldwin Jr.,https://www.basketball-reference.com/players/b/baldwpa01.html,2023,2023-01-13,GSW,SAS,@,"W, 144-113",,,,,,,,,,,,,,,,,
Patrick Baldwin Jr.,https://www.basketball-reference.com/players/b/baldwpa01.html,2023,2023-01-15,GSW,CHI,@,"L, 118-132",,01:57,1,2,1,2,0,0,0,0,0,0,0,0,0,0,3
Patrick Baldwin Jr.,https://www.basketball-reference.com/players/b/baldwpa01.html,2023,2023-01-16,GSW,WAS,@,"W, 127-118",,,,,,,,,,,,,,,,,
Patrick Baldwin Jr.,https://www.basketball-reference.com/players/b/baldwpa01.html,2023,2023-01-19,GSW,BOS,@,"L, 118-121 (OT)",,,,,,,,,,,,,,,,,
Patrick Baldwin Jr.,https://www.basketball-reference.com/players/b/baldwpa01.html,2023,2023-01-20,GSW,CLE,@,"W, 120-114",,09:27,2,4,2,3,1,2,0,0,0,0,0,0,1,0,7
Patrick Baldwin Jr.,https://www.basketball-reference.com/players/b/baldwpa01.html,2023,2023-01-22,GSW,BRK,,"L, 116-120",,,,,,,,,,,,,,,,,
Patrick Baldwin Jr.,https://www.basketball-reference.com/players/b/baldwpa01.html,2023,2023-01-25,GSW,MEM,,"W, 122-120",,,,,,,,,,,,,,,,,
Patrick Baldwin Jr.,https://www.basketball-reference.com/players/b/baldwpa01.html,2023,2023-01-27,GSW,TOR,,"W, 129-117",,,,,,,,,,,,,,,,,
Patrick Baldwin Jr.,https://www.basketball-reference.com/players/b/baldwpa01.html,2023,2023-01-30,GSW,OKC,@,"W, 128-120",,,,,,,,,,,,,,,,,
Patrick Baldwin Jr.,https://www.basketball-reference.com/players/b/baldwpa01.html,2023,2023-02-01,GSW,MIN,@,"L, 114-119 (OT)",,,,,,,,,,,,,,,,,
Patrick Baldwin Jr.,https://www.basketball-reference.com/players/b/baldwpa01.html,2023,2023-02-02,GSW,DEN,@,"L, 117-134",,,,,,,,,,,,,,,,,
Patrick Baldwin Jr.,https://www.basketball-reference.com/players/b/baldwpa01.html,2023,2023-02-04,GSW,DAL,,"W, 119-113",,,,,,,,,,,,,,,,,
Patrick Baldwin Jr.,https://www.basketball-reference.com/players/b/baldwpa01.html,2023,2023-02-06,GSW,OKC,,"W, 141-114",,,,,,,,,,,,,,,,,
Patrick Baldwin Jr.,https://www.basketball-reference.com/players/b/baldwpa01.html,2023,2023-02-08,GSW,POR,@,"L, 122-125",,,,,,,,,,,,,,,,,
Patrick Baldwin Jr.,https://www.basketball-reference.com/players/b/baldwpa01.html,2023,2023-02-11,GSW,LAL,,"L, 103-109",,,,,,,,,,,,,,,,,
Patrick Baldwin Jr.,https://www.basketball-reference.com/players/b/baldwpa01.html,2023,2023-02-13,GSW,WAS,,"W, 135-126",,,,,,,,,,,,,,,,,
Patrick Baldwin Jr.,https://www.basketball-reference.com/players/b/baldwpa01.html,2023,2023-02-14,GSW,LAC,@,"L, 124-134",,02:28,0,0,0,0,0,0,0,0,0,0,0,0,0,0,0
Patrick Baldwin Jr.,https://www.basketball-reference.com/players/b/baldwpa01.html,2023,2023-02-23,GSW,LAL,@,"L, 111-124",,10:01,4,6,3,5,0,0,0,2,2,0,0,0,0,0,11
Patrick Baldwin Jr.,https://www.basketball-reference.com/players/b/baldwpa01.html,2023,2023-02-24,GSW,HOU,,"W, 116-101",,15:40,4,8,3,5,0,0,1,2,3,1,0,0,1,1,11
Patrick Baldwin Jr.,https://www.basketball-reference.com/players/b/baldwpa01.html,2023,2023-02-26,GSW,MIN,,"W, 109-104",,12:51,1,4,1,3,0,0,0,3,3,0,0,0,0,0,3
Patrick Baldwin Jr.,https://www.basketball-reference.com/players/b/baldwpa01.html,2023,2023-02-28,GSW,POR,,"W, 123-105",,06:46,0,2,0,2,0,0,0,1,1,0,0,0,1,0,0
Patrick Baldwin Jr.,https://www.basketball-reference.com/players/b/baldwpa01.html,2023,2023-03-02,GSW,LAC,,"W, 115-91",,08:40,2,6,0,3,0,0,0,3,3,2,0,1,0,2,4
Patrick Baldwin Jr.,https://www.basketball-reference.com/players/b/baldwpa01.html,2023,2023-03-03,GSW,NOP,,"W, 108-99",,,,,,,,,,,,,,,,,
Patrick Baldwin Jr.,https://www.basketball-reference.com/players/b/baldwpa01.html,2023,2023-03-05,GSW,LAL,@,"L, 105-113",,,,,,,,,,,,,,,,,
Patrick Baldwin Jr.,https://www.basketball-reference.com/players/b/baldwpa01.html,2023,2023-03-07,GSW,OKC,@,"L, 128-137",,04:10,0,3,0,3,0,0,0,0,0,0,0,0,0,0,0
Patrick Baldwin Jr.,https://www.basketball-reference.com/players/b/baldwpa01.html,2023,2023-03-09,GSW,MEM,@,"L, 110-131",,14:19,2,8,1,6,0,0,0,1,1,0,0,2,1,3,5
Patrick Baldwin Jr.,https://www.basketball-reference.com/players/b/baldwpa01.html,2023,2023-03-11,GSW,MIL,,"W, 125-116 (OT)",,,,,,,,,,,,,,,,,
Patrick Baldwin Jr.,https://www.basketball-reference.com/players/b/baldwpa01.html,2023,2023-03-13,GSW,PHO,,"W, 123-112",,02:23,0,0,0,0,0,0,0,1,1,0,0,0,0,0,0
Patrick Baldwin Jr.,https://www.basketball-reference.com/players/b/baldwpa01.html,2023,2023-03-15,GSW,LAC,@,"L, 126-134",,01:28,0,0,0,0,0,0,0,0,0,1,0,0,0,1,0
Patrick Baldwin Jr.,https://www.basketball-reference.com/players/b/baldwpa01.html,2023,2023-03-17,GSW,ATL,@,"L, 119-127",,,,,,,,,,,,,,,,,
Patrick Baldwin Jr.,https://www.basketball-reference.com/players/b/baldwpa01.html,2023,2023-03-18,GSW,MEM,@,"L, 119-133",,04:17,0,1,0,1,0,0,0,1,1,0,0,0,1,0,0
Patrick Baldwin Jr.,https://www.basketball-reference.com/players/b/baldwpa01.html,2023,2023-03-20,GSW,HOU,@,"W, 121-108",,,,,,,,,,,,,,,,,
Patrick Baldwin Jr.,https://www.basketball-reference.com/players/b/baldwpa01.html,2023,2023-03-22,GSW,DAL,@,"W, 127-125",,,,,,,,,,,,,,,,,
Patrick Baldwin Jr.,https://www.basketball-reference.com/players/b/baldwpa01.html,2023,2023-03-24,GSW,PHI,,"W, 120-112",,,,,,,,,,,,,,,,,
Patrick Baldwin Jr.,https://www.basketball-reference.com/players/b/baldwpa01.html,2023,2023-03-26,GSW,MIN,,"L, 96-99",,,,,,,,,,,,,,,,,
Patrick Baldwin Jr.,https://www.basketball-reference.com/players/b/baldwpa01.html,2023,2023-03-28,GSW,NOP,,"W, 120-109",,01:01,0,1,0,1,0,0,0,0,0,1,0,0,0,0,0
Patrick Baldwin Jr.,https://www.basketball-reference.com/players/b/baldwpa01.html,2023,2023-03-31,GSW,SAS,,"W, 130-115",,01:28,0,0,0,0,0,0,0,0,0,1,0,0,0,0,0
Patrick Baldwin Jr.,https://www.basketball-reference.com/players/b/baldwpa01.html,2023,2023-04-02,GSW,DEN,@,"L, 110-112",,,,,,,,,,,,,,,,,
Patrick Baldwin Jr.,https://www.basketball-reference.com/players/b/baldwpa01.html,2023,2023-04-04,GSW,OKC,,"W, 136-125",,01:36,0,0,0,0,0,0,0,1,1,0,0,0,0,0,0
Patrick Baldwin Jr.,https://www.basketball-reference.com/players/b/baldwpa01.html,2023,2023-04-07,GSW,SAC,@,"W, 119-97",,02:08,0,1,0,1,0,0,0,0,0,0,0,0,0,0,0
Patrick Baldwin Jr.,https://www.basketball-reference.com/players/b/baldwpa01.html,2023,2023-04-09,GSW,POR,@,"W, 157-101",,09:42,3,7,2,5,0,0,0,3,3,2,0,0,0,0,8
Lester Quiñones,https://www.basketball-reference.com/players/q/quinole01.html,2023,2023-03-02,GSW,LAC,,"W, 115-91",,,,,,,,,,,,,,,,,
Lester Quiñones,https://www.basketball-reference.com/players/q/quinole01.html,2023,2023-03-03,GSW,NOP,,"W, 108-99",,,,,,,,,,,,,,,,,
Lester Quiñones,https://www.basketball-reference.com/players/q/quinole01.html,2023,2023-03-05,GSW,LAL,@,"L, 105-113",,,,,,,,,,,,,,,,,
Lester Quiñones,https://www.basketball-reference.com/players/q/quinole01.html,2023,2023-03-07,GSW,OKC,@,"L, 128-137",,,,,,,,,,,,,,,,,
Lester Quiñones,https://www.basketball-reference.com/players/q/quinole01.html,2023,2023-03-09,GSW,MEM,@,"L, 110-131",,,,,,,,,,,,,,,,,
Lester Quiñones,https://www.basketball-reference.com/players/q/quinole01.html,2023,2023-03-11,GSW,MIL,,"W, 125-116 (OT)",,,,,,,,,,,,,,,,,
Lester Quiñones,https://www.basketball-reference.com/players/q/quinole01.html,2023,2023-03-17,GSW,ATL,@,"L, 119-127",,,,,,,,,,,,,,,,,
Lester Quiñones,https://www.basketball-reference.com/players/q/quinole01.html,2023,2023-03-18,GSW,MEM,@,"L, 119-133",,,,,,,,,,,,,,,,,
Lester Quiñones,https://www.basketball-reference.com/players/q/quinole01.html,2023,2023-03-20,GSW,HOU,@,"W, 121-108",,,,,,,,,,,,,,,,,
Lester Quiñones,https://www.basketball-reference.com/players/q/quinole01.html,2023,2023-03-22,GSW,DAL,@,"W, 127-125",,,,,,,,,,,,,,,,,
Lester Quiñones,https://www.basketball-reference.com/players/q/quinole01.html,2023,2023-03-24,GSW,PHI,,"W, 120-112",,,,,,,,,,,,,,,,,
Lester Quiñones,https://www.basketball-reference.com/players/q/quinole01.html,2023,2023-03-26,GSW,MIN,,"L, 96-99",,,,,,,,,,,,,,,,,
Lester Quiñones,https://www.basketball-reference.com/players/q/quinole01.html,2023,2023-03-28,GSW,NOP,,"W, 120-109",,,,,,,,,,,,,,,,,
Lester Quiñones,https://www.basketball-reference.com/players/q/quinole01.html,2023,2023-03-31,GSW,SAS,,"W, 130-115",,01:28,0,2,0,1,0,0,0,1,1,0,0,0,0,0,0
Lester Quiñones,https://www.basketball-reference.com/players/q/quinole01.html,2023,,,,,,,,,,,,,,,,,,,,,,
Lester Quiñones,https://www.basketball-reference.com/players/q/quinole01.html,2023,2023-04-02,GSW,DEN,@,"L, 110-112",,,,,,,,,,,,,,,,,
Lester Quiñones,https://www.basketball-reference.com/players/q/quinole01.html,2023,2023-04-04,GSW,OKC,,"W, 136-125",,01:36,0,0,0,0,1,2,0,0,0,0,0,0,2,0,1
Lester Quiñones,https://www.basketball-reference.com/players/q/quinole01.html,2023,2023-04-07,GSW,SAC,@,"W, 119-97",,04:22,0,1,0,1,0,0,0,1,1,1,0,0,2,0,0
Lester Quiñones,https://www.basketball-reference.com/players/q/quinole01.html,2023,2023-04-09,GSW,POR,@,"W, 157-101",,10:41,2,2,2,2,3,4,1,0,1,1,1,0,1,0,9
Ryan Rollins,https://www.basketball-reference.com/players/r/rolliry01.html,2023,2022-10-18,GSW,LAL,,"W, 123-109",,01:52,0,1,0,0,0,0,0,1,1,1,0,0,0,2,0
Ryan Rollins,https://www.basketball-reference.com/players/r/rolliry01.html,2023,2022-10-21,GSW,DEN,,"L, 123-128",,,,,,,,,,,,,,,,,
Ryan Rollins,https://www.basketball-reference.com/players/r/rolliry01.html,2023,2022-10-23,GSW,SAC,,"W, 130-125",,00:59,0,0,0,0,0,0,0,0,0,0,0,0,0,0,0
Ryan Rollins,https://www.basketball-reference.com/players/r/rolliry01.html,2023,2022-10-25,GSW,PHO,@,"L, 105-134",,,,,,,,,,,,,,,,,
Ryan Rollins,https://www.basketball-reference.com/players/r/rolliry01.html,2023,2022-10-27,GSW,MIA,,"W, 123-110",,,,,,,,,,,,,,,,,
Ryan Rollins,https://www.basketball-reference.com/players/r/rolliry01.html,2023,2022-10-29,GSW,CHO,@,"L, 113-120 (OT)",,,,,,,,,,,,,,,,,
Ryan Rollins,https://www.basketball-reference.com/players/r/rolliry01.html,2023,2022-10-30,GSW,DET,@,"L, 114-128",,00:46,0,0,0,0,0,0,0,0,0,0,0,0,1,0,0
Ryan Rollins,https://www.basketball-reference.com/players/r/rolliry01.html,2023,,,,,,,,,,,,,,,,,,,,,,
Ryan Rollins,https://www.basketball-reference.com/players/r/rolliry01.html,2023,2022-11-01,GSW,MIA,@,"L, 109-116",,,,,,,,,,,,,,,,,
Ryan Rollins,https://www.basketball-reference.com/players/r/rolliry01.html,2023,2022-11-03,GSW,ORL,@,"L, 129-130",,,,,,,,,,,,,,,,,
Ryan Rollins,https://www.basketball-reference.com/players/r/rolliry01.html,2023,2022-11-04,GSW,NOP,@,"L, 105-114",,09:05,2,4,1,2,2,2,0,0,0,0,0,0,4,2,7
Ryan Rollins,https://www.basketball-reference.com/players/r/rolliry01.html,2023,2022-11-07,GSW,SAC,,"W, 116-113",,,,,,,,,,,,,,,,,
Ryan Rollins,https://www.basketball-reference.com/players/r/rolliry01.html,2023,2022-11-11,GSW,CLE,,"W, 106-101",,,,,,,,,,,,,,,,,
Ryan Rollins,https://www.basketball-reference.com/players/r/rolliry01.html,2023,2022-11-13,GSW,SAC,@,"L, 115-122",,,,,,,,,,,,,,,,,
Ryan Rollins,https://www.basketball-reference.com/players/r/rolliry01.html,2023,2022-11-14,GSW,SAS,,"W, 132-95",,08:04,2,3,1,1,0,0,0,2,2,1,0,0,2,2,5
Ryan Rollins,https://www.basketball-reference.com/players/r/rolliry01.html,2023,2022-11-16,GSW,PHO,@,"L, 119-130",,,,,,,,,,,,,,,,,
Ryan Rollins,https://www.basketball-reference.com/players/r/rolliry01.html,2023,2022-11-18,GSW,NYK,,"W, 111-101",,,,,,,,,,,,,,,,,
Ryan Rollins,https://www.basketball-reference.com/players/r/rolliry01.html,2023,2022-11-20,GSW,HOU,@,"W, 127-120",,,,,,,,,,,,,,,,,
Ryan Rollins,https://www.basketball-reference.com/players/r/rolliry01.html,2023,2022-11-21,GSW,NOP,@,"L, 83-128",,16:45,1,4,1,3,0,0,0,3,3,0,0,0,5,3,3
Ryan Rollins,https://www.basketball-reference.com/players/r/rolliry01.html,2023,2022-11-23,GSW,LAC,,"W, 124-107",,05:02,0,3,0,2,0,0,1,0,1,1,0,0,0,0,0
Ryan Rollins,https://www.basketball-reference.com/players/r/rolliry01.html,2023,2022-11-25,GSW,UTA,,"W, 129-118",,,,,,,,,,,,,,,,,
Ryan Rollins,https://www.basketball-reference.com/players/r/rolliry01.html,2023,2022-11-27,GSW,MIN,@,"W, 137-114",,,,,,,,,,,,,,,,,
Ryan Rollins,https://www.basketball-reference.com/players/r/rolliry01.html,2023,2022-11-29,GSW,DAL,@,"L, 113-116",,,,,,,,,,,,,,,,,
Ryan Rollins,https://www.basketball-reference.com/players/r/rolliry01.html,2023,2022-12-02,GSW,CHI,,"W, 119-111",,,,,,,,,,,,,,,,,
Ryan Rollins,https://www.basketball-reference.com/players/r/rolliry01.html,2023,2022-12-03,GSW,HOU,,"W, 120-101",,,,,,,,,,,,,,,,,
Ryan Rollins,https://www.basketball-reference.com/players/r/rolliry01.html,2023,2022-12-05,GSW,IND,,"L, 104-112",,,,,,,,,,,,,,,,,
Ryan Rollins,https://www.basketball-reference.com/players/r/rolliry01.html,2023,2022-12-07,GSW,UTA,@,"L, 123-124",,,,,,,,,,,,,,,,,
Ryan Rollins,https://www.basketball-reference.com/players/r/rolliry01.html,2023,2022-12-10,GSW,BOS,,"W, 123-107",,,,,,,,,,,,,,,,,
Ryan Rollins,https://www.basketball-reference.com/players/r/rolliry01.html,2023,2022-12-13,GSW,MIL,@,"L, 111-128",,,,,,,,,,,,,,,,,
Ryan Rollins,https://www.basketball-reference.com/players/r/rolliry01.html,2023,2022-12-14,GSW,IND,@,"L, 119-125",,,,,,,,,,,,,,,,,
Ryan Rollins,https://www.basketball-reference.com/players/r/rolliry01.html,2023,2022-12-16,GSW,PHI,@,"L, 106-118",,01:20,0,1,0,0,2,2,1,1,2,0,0,1,1,0,2
Ryan Rollins,https://www.basketball-reference.com/players/r/rolliry01.html,2023,2022-12-18,GSW,TOR,@,"W, 126-110",,02:21,0,0,0,0,0,0,0,0,0,0,0,0,0,0,0
Ryan Rollins,https://www.basketball-reference.com/players/r/rolliry01.html,2023,2022-12-20,GSW,NYK,@,"L, 94-132",,07:40,0,2,0,1,0,0,0,0,0,0,0,0,2,1,0
Ryan Rollins,https://www.basketball-reference.com/players/r/rolliry01.html,2023,2022-12-21,GSW,BRK,@,"L, 113-143",,05:59,1,1,0,0,2,2,0,1,1,3,1,0,1,0,4
Ryan Rollins,https://www.basketball-reference.com/players/r/rolliry01.html,2023,2022-12-25,GSW,MEM,,"W, 123-109",,,,,,,,,,,,,,,,,
Ryan Rollins,https://www.basketball-reference.com/players/r/rolliry01.html,2023,2022-12-27,GSW,CHO,,"W, 110-105",,,,,,,,,,,,,,,,,
Ryan Rollins,https://www.basketball-reference.com/players/r/rolliry01.html,2023,2022-12-28,GSW,UTA,,"W, 112-107",,,,,,,,,,,,,,,,,
Ryan Rollins,https://www.basketball-reference.com/players/r/rolliry01.html,2023,2022-12-30,GSW,POR,,"W, 118-112",,,,,,,,,,,,,,,,,
Ryan Rollins,https://www.basketball-reference.com/players/r/rolliry01.html,2023,2023-01-02,GSW,ATL,,"W, 143-141 (2OT)",,,,,,,,,,,,,,,,,
Ryan Rollins,https://www.basketball-reference.com/players/r/rolliry01.html,2023,2023-01-04,GSW,DET,,"L, 119-122",,,,,,,,,,,,,,,,,
Ryan Rollins,https://www.basketball-reference.com/players/r/rolliry01.html,2023,2023-01-07,GSW,ORL,,"L, 101-115",,02:11,1,1,0,0,0,0,1,1,2,0,0,0,0,0,2
Ryan Rollins,https://www.basketball-reference.com/players/r/rolliry01.html,2023,2023-01-10,GSW,PHO,,"L, 113-125",,,,,,,,,,,,,,,,,
Ryan Rollins,https://www.basketball-reference.com/players/r/rolliry01.html,2023,2023-01-13,GSW,SAS,@,"W, 144-113",,,,,,,,,,,,,,,,,
Ryan Rollins,https://www.basketball-reference.com/players/r/rolliry01.html,2023,2023-01-15,GSW,CHI,@,"L, 118-132",,,,,,,,,,,,,,,,,
Ryan Rollins,https://www.basketball-reference.com/players/r/rolliry01.html,2023,2023-01-16,GSW,WAS,@,"W, 127-118",,,,,,,,,,,,,,,,,
Ryan Rollins,https://www.basketball-reference.com/players/r/rolliry01.html,2023,2023-01-19,GSW,BOS,@,"L, 118-121 (OT)",,,,,,,,,,,,,,,,,
Ryan Rollins,https://www.basketball-reference.com/players/r/rolliry01.html,2023,2023-01-20,GSW,CLE,@,"W, 120-114",,,,,,,,,,,,,,,,,
Ryan Rollins,https://www.basketball-reference.com/players/r/rolliry01.html,2023,2023-01-22,GSW,BRK,,"L, 116-120",,,,,,,,,,,,,,,,,
Ryan Rollins,https://www.basketball-reference.com/players/r/rolliry01.html,2023,2023-01-25,GSW,MEM,,"W, 122-120",,,,,,,,,,,,,,,,,
Ryan Rollins,https://www.basketball-reference.com/players/r/rolliry01.html,2023,2023-01-27,GSW,TOR,,"W, 129-117",,,,,,,,,,,,,,,,,
Ryan Rollins,https://www.basketball-reference.com/players/r/rolliry01.html,2023,2023-01-30,GSW,OKC,@,"W, 128-120",,,,,,,,,,,,,,,,,
Ryan Rollins,https://www.basketball-reference.com/players/r/rolliry01.html,2023,2023-02-01,GSW,MIN,@,"L, 114-119 (OT)",,,,,,,,,,,,,,,,,
Ryan Rollins,https://www.basketball-reference.com/players/r/rolliry01.html,2023,2023-02-02,GSW,DEN,@,"L, 117-134",,,,,,,,,,,,,,,,,
Ryan Rollins,https://www.basketball-reference.com/players/r/rolliry01.html,2023,2023-02-04,GSW,DAL,,"W, 119-113",,,,,,,,,,,,,,,,,
Ryan Rollins,https://www.basketball-reference.com/players/r/rolliry01.html,2023,2023-02-06,GSW,OKC,,"W, 141-114",,,,,,,,,,,,,,,,,
Ryan Rollins,https://www.basketball-reference.com/players/r/rolliry01.html,2023,2023-02-08,GSW,POR,@,"L, 122-125",,,,,,,,,,,,,,,,,
Ryan Rollins,https://www.basketball-reference.com/players/r/rolliry01.html,2023,2023-02-11,GSW,LAL,,"L, 103-109",,,,,,,,,,,,,,,,,
Ryan Rollins,https://www.basketball-reference.com/players/r/rolliry01.html,2023,2023-02-13,GSW,WAS,,"W, 135-126",,,,,,,,,,,,,,,,,
Ryan Rollins,https://www.basketball-reference.com/players/r/rolliry01.html,2023,2023-02-14,GSW,LAC,@,"L, 124-134",,,,,,,,,,,,,,,,,
Ryan Rollins,https://www.basketball-reference.com/players/r/rolliry01.html,2023,2023-02-23,GSW,LAL,@,"L, 111-124",,,,,,,,,,,,,,,,,
Ryan Rollins,https://www.basketball-reference.com/players/r/rolliry01.html,2023,2023-02-24,GSW,HOU,,"W, 116-101",,,,,,,,,,,,,,,,,
Ryan Rollins,https://www.basketball-reference.com/players/r/rolliry01.html,2023,2023-02-26,GSW,MIN,,"W, 109-104",,,,,,,,,,,,,,,,,
Ryan Rollins,https://www.basketball-reference.com/players/r/rolliry01.html,2023,2023-02-28,GSW,POR,,"W, 123-105",,,,,,,,,,,,,,,,,
Ryan Rollins,https://www.basketball-reference.com/players/r/rolliry01.html,2023,2023-03-02,GSW,LAC,,"W, 115-91",,,,,,,,,,,,,,,,,
Ryan Rollins,https://www.basketball-reference.com/players/r/rolliry01.html,2023,2023-03-03,GSW,NOP,,"W, 108-99",,,,,,,,,,,,,,,,,
Ryan Rollins,https://www.basketball-reference.com/players/r/rolliry01.html,2023,2023-03-05,GSW,LAL,@,"L, 105-113",,,,,,,,,,,,,,,,,
Ryan Rollins,https://www.basketball-reference.com/players/r/rolliry01.html,2023,2023-03-07,GSW,OKC,@,"L, 128-137",,,,,,,,,,,,,,,,,
Ryan Rollins,https://www.basketball-reference.com/players/r/rolliry01.html,2023,2023-03-09,GSW,MEM,@,"L, 110-131",,,,,,,,,,,,,,,,,
Ryan Rollins,https://www.basketball-reference.com/players/r/rolliry01.html,2023,2023-03-11,GSW,MIL,,"W, 125-116 (OT)",,,,,,,,,,,,,,,,,
Ryan Rollins,https://www.basketball-reference.com/players/r/rolliry01.html,2023,2023-03-13,GSW,PHO,,"W, 123-112",,,,,,,,,,,,,,,,,
Ryan Rollins,https://www.basketball-reference.com/players/r/rolliry01.html,2023,2023-03-15,GSW,LAC,@,"L, 126-134",,,,,,,,,,,,,,,,,
Ryan Rollins,https://www.basketball-reference.com/players/r/rolliry01.html,2023,2023-03-17,GSW,ATL,@,"L, 119-127",,,,,,,,,,,,,,,,,
Ryan Rollins,https://www.basketball-reference.com/players/r/rolliry01.html,2023,2023-03-18,GSW,MEM,@,"L, 119-133",,,,,,,,,,,,,,,,,
Ryan Rollins,https://www.basketball-reference.com/players/r/rolliry01.html,2023,2023-03-20,GSW,HOU,@,"W, 121-108",,,,,,,,,,,,,,,,,
Ryan Rollins,https://www.basketball-reference.com/players/r/rolliry01.html,2023,2023-03-22,GSW,DAL,@,"W, 127-125",,,,,,,,,,,,,,,,,
Ryan Rollins,https://www.basketball-reference.com/players/r/rolliry01.html,2023,2023-03-24,GSW,PHI,,"W, 120-112",,,,,,,,,,,,,,,,,
Ryan Rollins,https://www.basketball-reference.com/players/r/rolliry01.html,2023,2023-03-26,GSW,MIN,,"L, 96-99",,,,,,,,,,,,,,,,,
Ryan Rollins,https://www.basketball-reference.com/players/r/rolliry01.html,2023,2023-03-28,GSW,NOP,,"W, 120-109",,,,,,,,,,,,,,,,,
Ryan Rollins,https://www.basketball-reference.com/players/r/rolliry01.html,2023,2023-03-31,GSW,SAS,,"W, 130-115",,,,,,,,,,,,,,,,,
Ryan Rollins,https://www.basketball-reference.com/players/r/rolliry01.html,2023,2023-04-02,GSW,DEN,@,"L, 110-112",,,,,,,,,,,,,,,,,
Ryan Rollins,https://www.basketball-reference.com/players/r/rolliry01.html,2023,2023-04-04,GSW,OKC,,"W, 136-125",,,,,,,,,,,,,,,,,
Ryan Rollins,https://www.basketball-reference.com/players/r/rolliry01.html,2023,2023-04-07,GSW,SAC,@,"W, 119-97",,,,,,,,,,,,,,,,,
Ryan Rollins,https://www.basketball-reference.com/players/r/rolliry01.html,2023,2023-04-09,GSW,POR,@,"W, 157-101",,,,,,,,,,,,,,,,,
Darius Days,https://www.basketball-reference.com/players/d/daysda01.html,2023,2022-10-19,HOU,ATL,@,"L, 107-117",,,,,,,,,,,,,,,,,
Darius Days,https://www.basketball-reference.com/players/d/daysda01.html,2023,2022-10-21,HOU,MEM,,"L, 122-129",,,,,,,,,,,,,,,,,
Darius Days,https://www.basketball-reference.com/players/d/daysda01.html,2023,2022-10-22,HOU,MIL,@,"L, 105-125",,,,,,,,,,,,,,,,,
Darius Days,https://www.basketball-reference.com/players/d/daysda01.html,2023,2022-10-24,HOU,UTA,,"W, 114-108",,,,,,,,,,,,,,,,,
Darius Days,https://www.basketball-reference.com/players/d/daysda01.html,2023,2022-10-26,HOU,UTA,@,"L, 101-109",,,,,,,,,,,,,,,,,
Darius Days,https://www.basketball-reference.com/players/d/daysda01.html,2023,2022-10-28,HOU,POR,@,"L, 111-125",,,,,,,,,,,,,,,,,
Darius Days,https://www.basketball-reference.com/players/d/daysda01.html,2023,2022-10-30,HOU,PHO,@,"L, 109-124",,,,,,,,,,,,,,,,,
Darius Days,https://www.basketball-reference.com/players/d/daysda01.html,2023,2022-10-31,HOU,LAC,@,"L, 93-95",,,,,,,,,,,,,,,,,
Darius Days,https://www.basketball-reference.com/players/d/daysda01.html,2023,,,,,,,,,,,,,,,,,,,,,,
Darius Days,https://www.basketball-reference.com/players/d/daysda01.html,2023,2022-11-02,HOU,LAC,,"L, 101-109",,,,,,,,,,,,,,,,,
Darius Days,https://www.basketball-reference.com/players/d/daysda01.html,2023,2022-11-05,HOU,MIN,@,"L, 117-129",,,,,,,,,,,,,,,,,
Darius Days,https://www.basketball-reference.com/players/d/daysda01.html,2023,2022-11-07,HOU,ORL,@,"W, 134-127",,,,,,,,,,,,,,,,,
Darius Days,https://www.basketball-reference.com/players/d/daysda01.html,2023,2022-11-09,HOU,TOR,@,"L, 109-116",,,,,,,,,,,,,,,,,
Darius Days,https://www.basketball-reference.com/players/d/daysda01.html,2023,2022-11-12,HOU,NOP,@,"L, 106-119",,,,,,,,,,,,,,,,,
Darius Days,https://www.basketball-reference.com/players/d/daysda01.html,2023,2022-11-14,HOU,LAC,,"L, 106-122",,,,,,,,,,,,,,,,,
Darius Days,https://www.basketball-reference.com/players/d/daysda01.html,2023,2022-11-16,HOU,DAL,@,"W, 101-92",,,,,,,,,,,,,,,,,
Darius Days,https://www.basketball-reference.com/players/d/daysda01.html,2023,2022-11-18,HOU,IND,,"L, 91-99",,,,,,,,,,,,,,,,,
Darius Days,https://www.basketball-reference.com/players/d/daysda01.html,2023,2022-11-20,HOU,GSW,,"L, 120-127",,,,,,,,,,,,,,,,,
Darius Days,https://www.basketball-reference.com/players/d/daysda01.html,2023,2022-11-25,HOU,ATL,,"W, 128-122",,,,,,,,,,,,,,,,,
Darius Days,https://www.basketball-reference.com/players/d/daysda01.html,2023,2022-11-26,HOU,OKC,,"W, 118-105",,,,,,,,,,,,,,,,,
Darius Days,https://www.basketball-reference.com/players/d/daysda01.html,2023,2022-11-28,HOU,DEN,@,"L, 113-129",,,,,,,,,,,,,,,,,
Darius Days,https://www.basketball-reference.com/players/d/daysda01.html,2023,2022-11-30,HOU,DEN,@,"L, 100-120",,,,,,,,,,,,,,,,,
Darius Days,https://www.basketball-reference.com/players/d/daysda01.html,2023,2022-12-02,HOU,PHO,@,"W, 122-121",,,,,,,,,,,,,,,,,
Darius Days,https://www.basketball-reference.com/players/d/daysda01.html,2023,2022-12-03,HOU,GSW,@,"L, 101-120",,,,,,,,,,,,,,,,,
Darius Days,https://www.basketball-reference.com/players/d/daysda01.html,2023,2022-12-05,HOU,PHI,,"W, 132-123 (2OT)",,,,,,,,,,,,,,,,,
Darius Days,https://www.basketball-reference.com/players/d/daysda01.html,2023,2022-12-08,HOU,SAS,@,"L, 109-118",,,,,,,,,,,,,,,,,
Darius Days,https://www.basketball-reference.com/players/d/daysda01.html,2023,2022-12-11,HOU,MIL,,"W, 97-92",,,,,,,,,,,,,,,,,
Darius Days,https://www.basketball-reference.com/players/d/daysda01.html,2023,2022-12-13,HOU,PHO,,"W, 111-97",,,,,,,,,,,,,,,,,
Darius Days,https://www.basketball-reference.com/players/d/daysda01.html,2023,2022-12-15,HOU,MIA,,"L, 108-111",,,,,,,,,,,,,,,,,
Darius Days,https://www.basketball-reference.com/players/d/daysda01.html,2023,2022-12-17,HOU,POR,,"L, 95-107",,,,,,,,,,,,,,,,,
Darius Days,https://www.basketball-reference.com/players/d/daysda01.html,2023,2022-12-19,HOU,SAS,,"L, 105-124",,,,,,,,,,,,,,,,,
Darius Days,https://www.basketball-reference.com/players/d/daysda01.html,2023,2022-12-21,HOU,ORL,,"L, 110-116",,,,,,,,,,,,,,,,,
Darius Days,https://www.basketball-reference.com/players/d/daysda01.html,2023,2022-12-23,HOU,DAL,,"L, 106-112",,,,,,,,,,,,,,,,,
Darius Days,https://www.basketball-reference.com/players/d/daysda01.html,2023,2022-12-26,HOU,CHI,@,"W, 133-118",,,,,,,,,,,,,,,,,
Darius Days,https://www.basketball-reference.com/players/d/daysda01.html,2023,2022-12-27,HOU,BOS,@,"L, 102-126",,,,,,,,,,,,,,,,,
Darius Days,https://www.basketball-reference.com/players/d/daysda01.html,2023,2022-12-29,HOU,DAL,@,"L, 114-129",,,,,,,,,,,,,,,,,
Darius Days,https://www.basketball-reference.com/players/d/daysda01.html,2023,2022-12-31,HOU,NYK,,"L, 88-108",,,,,,,,,,,,,,,,,
Darius Days,https://www.basketball-reference.com/players/d/daysda01.html,2023,2023-01-02,HOU,DAL,,"L, 106-111",,,,,,,,,,,,,,,,,
Darius Days,https://www.basketball-reference.com/players/d/daysda01.html,2023,2023-01-04,HOU,NOP,@,"L, 108-119",,,,,,,,,,,,,,,,,
Darius Days,https://www.basketball-reference.com/players/d/daysda01.html,2023,2023-01-05,HOU,UTA,,"L, 114-131",,,,,,,,,,,,,,,,,
Darius Days,https://www.basketball-reference.com/players/d/daysda01.html,2023,2023-01-08,HOU,MIN,,"L, 96-104",,,,,,,,,,,,,,,,,
Darius Days,https://www.basketball-reference.com/players/d/daysda01.html,2023,2023-01-11,HOU,SAC,@,"L, 115-135",,,,,,,,,,,,,,,,,
Darius Days,https://www.basketball-reference.com/players/d/daysda01.html,2023,2023-01-13,HOU,SAC,@,"L, 114-139",,,,,,,,,,,,,,,,,
Darius Days,https://www.basketball-reference.com/players/d/daysda01.html,2023,2023-01-15,HOU,LAC,@,"L, 100-121",,,,,,,,,,,,,,,,,
Darius Days,https://www.basketball-reference.com/players/d/daysda01.html,2023,2023-01-16,HOU,LAL,@,"L, 132-140",,,,,,,,,,,,,,,,,
Darius Days,https://www.basketball-reference.com/players/d/daysda01.html,2023,2023-01-18,HOU,CHO,,"L, 117-122",,,,,,,,,,,,,,,,,
Darius Days,https://www.basketball-reference.com/players/d/daysda01.html,2023,2023-01-21,HOU,MIN,@,"L, 104-113",,,,,,,,,,,,,,,,,
Darius Days,https://www.basketball-reference.com/players/d/daysda01.html,2023,2023-01-23,HOU,MIN,,"W, 119-114",,,,,,,,,,,,,,,,,
Darius Days,https://www.basketball-reference.com/players/d/daysda01.html,2023,2023-01-25,HOU,WAS,,"L, 103-108",,,,,,,,,,,,,,,,,
Darius Days,https://www.basketball-reference.com/players/d/daysda01.html,2023,2023-01-26,HOU,CLE,,"L, 95-113",,,,,,,,,,,,,,,,,
Darius Days,https://www.basketball-reference.com/players/d/daysda01.html,2023,2023-01-28,HOU,DET,@,"W, 117-114",,,,,,,,,,,,,,,,,
Darius Days,https://www.basketball-reference.com/players/d/daysda01.html,2023,2023-02-01,HOU,OKC,,"W, 112-106",,,,,,,,,,,,,,,,,
Darius Days,https://www.basketball-reference.com/players/d/daysda01.html,2023,2023-02-03,HOU,TOR,,"L, 111-117",,,,,,,,,,,,,,,,,
Darius Days,https://www.basketball-reference.com/players/d/daysda01.html,2023,2023-02-04,HOU,OKC,@,"L, 121-153",,,,,,,,,,,,,,,,,
Darius Days,https://www.basketball-reference.com/players/d/daysda01.html,2023,2023-02-06,HOU,SAC,,"L, 120-140",,02:27,1,1,0,0,0,0,1,1,2,1,0,0,0,0,2
Darius Days,https://www.basketball-reference.com/players/d/daysda01.html,2023,2023-02-08,HOU,SAC,,"L, 128-130",,,,,,,,,,,,,,,,,
Darius Days,https://www.basketball-reference.com/players/d/daysda01.html,2023,2023-02-10,HOU,MIA,@,"L, 95-97",,,,,,,,,,,,,,,,,
Darius Days,https://www.basketball-reference.com/players/d/daysda01.html,2023,2023-02-13,HOU,PHI,@,"L, 104-123",,03:31,2,3,2,3,0,0,0,1,1,0,0,0,0,0,6
Darius Days,https://www.basketball-reference.com/players/d/daysda01.html,2023,2023-02-15,HOU,OKC,@,"L, 96-133",,17:20,2,7,1,6,2,2,0,3,3,0,0,1,0,2,7
Darius Days,https://www.basketball-reference.com/players/d/daysda01.html,2023,2023-02-24,HOU,GSW,@,"L, 101-116",,01:41,0,1,0,1,0,0,0,0,0,0,0,0,0,0,0
Darius Days,https://www.basketball-reference.com/players/d/daysda01.html,2023,2023-02-26,HOU,POR,@,"L, 114-131",,,,,,,,,,,,,,,,,
Darius Days,https://www.basketball-reference.com/players/d/daysda01.html,2023,2023-02-28,HOU,DEN,,"L, 112-133",,,,,,,,,,,,,,,,,
Darius Days,https://www.basketball-reference.com/players/d/daysda01.html,2023,2023-03-01,HOU,MEM,,"L, 99-113",,,,,,,,,,,,,,,,,
Darius Days,https://www.basketball-reference.com/players/d/daysda01.html,2023,2023-03-04,HOU,SAS,@,"W, 122-110",,,,,,,,,,,,,,,,,
Darius Days,https://www.basketball-reference.com/players/d/daysda01.html,2023,2023-03-05,HOU,SAS,,"W, 142-110",,,,,,,,,,,,,,,,,
Darius Days,https://www.basketball-reference.com/players/d/daysda01.html,2023,2023-03-07,HOU,BRK,,"L, 96-118",,,,,,,,,,,,,,,,,
Darius Days,https://www.basketball-reference.com/players/d/daysda01.html,2023,2023-03-09,HOU,IND,@,"L, 125-134 (OT)",,,,,,,,,,,,,,,,,
Darius Days,https://www.basketball-reference.com/players/d/daysda01.html,2023,2023-03-11,HOU,CHI,,"L, 111-119",,,,,,,,,,,,,,,,,
Darius Days,https://www.basketball-reference.com/players/d/daysda01.html,2023,2023-03-13,HOU,BOS,,"W, 111-109",,,,,,,,,,,,,,,,,
Darius Days,https://www.basketball-reference.com/players/d/daysda01.html,2023,2023-03-15,HOU,LAL,,"W, 114-110",,,,,,,,,,,,,,,,,
Darius Days,https://www.basketball-reference.com/players/d/daysda01.html,2023,2023-03-17,HOU,NOP,,"W, 114-112",,,,,,,,,,,,,,,,,
Darius Days,https://www.basketball-reference.com/players/d/daysda01.html,2023,2023-03-19,HOU,NOP,,"L, 107-117",,,,,,,,,,,,,,,,,
Darius Days,https://www.basketball-reference.com/players/d/daysda01.html,2023,2023-03-20,HOU,GSW,,"L, 108-121",,,,,,,,,,,,,,,,,
Darius Days,https://www.basketball-reference.com/players/d/daysda01.html,2023,2023-03-22,HOU,MEM,@,"L, 125-130",,,,,,,,,,,,,,,,,
Darius Days,https://www.basketball-reference.com/players/d/daysda01.html,2023,2023-03-24,HOU,MEM,@,"L, 114-151",,,,,,,,,,,,,,,,,
Darius Days,https://www.basketball-reference.com/players/d/daysda01.html,2023,2023-03-26,HOU,CLE,@,"L, 91-108",,,,,,,,,,,,,,,,,
Darius Days,https://www.basketball-reference.com/players/d/daysda01.html,2023,2023-03-27,HOU,NYK,@,"L, 115-137",,,,,,,,,,,,,,,,,
Darius Days,https://www.basketball-reference.com/players/d/daysda01.html,2023,2023-03-29,HOU,BRK,@,"L, 114-123",,,,,,,,,,,,,,,,,
Darius Days,https://www.basketball-reference.com/players/d/daysda01.html,2023,2023-03-31,HOU,DET,,"W, 121-115",,,,,,,,,,,,,,,,,
Darius Days,https://www.basketball-reference.com/players/d/daysda01.html,2023,2023-04-02,HOU,LAL,,"L, 109-134",,,,,,,,,,,,,,,,,
Darius Days,https://www.basketball-reference.com/players/d/daysda01.html,2023,2023-04-04,HOU,DEN,,"W, 124-103",,,,,,,,,,,,,,,,,
Darius Days,https://www.basketball-reference.com/players/d/daysda01.html,2023,2023-04-07,HOU,CHO,@,"W, 112-109",,,,,,,,,,,,,,,,,
Darius Days,https://www.basketball-reference.com/players/d/daysda01.html,2023,2023-04-09,HOU,WAS,@,"W, 114-109",,,,,,,,,,,,,,,,,
Tari Eason,https://www.basketball-reference.com/players/e/easonta01.html,2023,2022-10-19,HOU,ATL,@,"L, 107-117",,15:06,4,6,0,0,0,0,3,4,7,0,0,0,0,1,8
Tari Eason,https://www.basketball-reference.com/players/e/easonta01.html,2023,2022-10-21,HOU,MEM,,"L, 122-129",,19:31,2,6,1,2,1,1,1,6,7,1,0,1,0,1,6
Tari Eason,https://www.basketball-reference.com/players/e/easonta01.html,2023,2022-10-22,HOU,MIL,@,"L, 105-125",,18:49,4,9,3,4,0,0,0,2,2,1,1,3,1,3,11
Tari Eason,https://www.basketball-reference.com/players/e/easonta01.html,2023,2022-10-24,HOU,UTA,,"W, 114-108",,18:45,4,12,0,2,3,4,5,4,9,0,3,0,1,3,11
Tari Eason,https://www.basketball-reference.com/players/e/easonta01.html,2023,2022-10-26,HOU,UTA,@,"L, 101-109",,23:10,1,7,1,4,0,0,3,3,6,1,1,0,0,4,3
Tari Eason,https://www.basketball-reference.com/players/e/easonta01.html,2023,2022-10-28,HOU,POR,@,"L, 111-125",,15:18,2,4,0,0,0,0,1,2,3,0,1,0,0,1,4
Tari Eason,https://www.basketball-reference.com/players/e/easonta01.html,2023,2022-10-30,HOU,PHO,@,"L, 109-124",,11:50,4,4,1,1,0,0,2,0,2,1,1,0,1,4,9
Tari Eason,https://www.basketball-reference.com/players/e/easonta01.html,2023,2022-10-31,HOU,LAC,@,"L, 93-95",,11:50,2,7,0,1,2,2,1,0,1,0,1,0,1,1,6
Tari Eason,https://www.basketball-reference.com/players/e/easonta01.html,2023,,,,,,,,,,,,,,,,,,,,,,
Tari Eason,https://www.basketball-reference.com/players/e/easonta01.html,2023,2022-11-02,HOU,LAC,,"L, 101-109",,18:09,3,7,0,1,0,0,3,4,7,2,1,3,2,2,6
Tari Eason,https://www.basketball-reference.com/players/e/easonta01.html,2023,2022-11-05,HOU,MIN,@,"L, 117-129",,23:59,6,8,2,2,3,5,3,3,6,2,1,0,1,3,17
Tari Eason,https://www.basketball-reference.com/players/e/easonta01.html,2023,2022-11-07,HOU,ORL,@,"W, 134-127",,19:43,3,7,2,3,0,0,2,4,6,0,2,0,1,3,8
Tari Eason,https://www.basketball-reference.com/players/e/easonta01.html,2023,2022-11-09,HOU,TOR,@,"L, 109-116",,21:25,5,15,0,2,4,5,4,2,6,5,5,0,2,2,14
Tari Eason,https://www.basketball-reference.com/players/e/easonta01.html,2023,2022-11-12,HOU,NOP,@,"L, 106-119",,21:03,1,4,1,3,2,2,0,2,2,3,3,0,1,3,5
Tari Eason,https://www.basketball-reference.com/players/e/easonta01.html,2023,2022-11-14,HOU,LAC,,"L, 106-122",,14:44,4,7,1,3,0,0,2,1,3,0,2,0,0,1,9
Tari Eason,https://www.basketball-reference.com/players/e/easonta01.html,2023,2022-11-16,HOU,DAL,@,"W, 101-92",,17:52,3,5,0,1,2,2,1,6,7,0,0,1,2,3,8
Tari Eason,https://www.basketball-reference.com/players/e/easonta01.html,2023,2022-11-18,HOU,IND,,"L, 91-99",,18:53,1,9,0,1,2,2,3,3,6,0,0,0,2,2,4
Tari Eason,https://www.basketball-reference.com/players/e/easonta01.html,2023,2022-11-20,HOU,GSW,,"L, 120-127",,22:40,8,14,1,5,2,2,2,6,8,1,3,0,0,1,19
Tari Eason,https://www.basketball-reference.com/players/e/easonta01.html,2023,2022-11-25,HOU,ATL,,"W, 128-122",,18:30,2,9,0,1,2,2,4,3,7,0,1,0,0,2,6
Tari Eason,https://www.basketball-reference.com/players/e/easonta01.html,2023,2022-11-26,HOU,OKC,,"W, 118-105",,16:35,3,8,1,1,0,0,1,5,6,0,2,0,2,2,7
Tari Eason,https://www.basketball-reference.com/players/e/easonta01.html,2023,2022-11-28,HOU,DEN,@,"L, 113-129",,18:57,2,6,1,3,1,2,1,2,3,0,1,0,1,1,6
Tari Eason,https://www.basketball-reference.com/players/e/easonta01.html,2023,2022-11-30,HOU,DEN,@,"L, 100-120",,13:59,0,5,0,4,4,4,2,3,5,2,1,1,0,2,4
Tari Eason,https://www.basketball-reference.com/players/e/easonta01.html,2023,2022-12-02,HOU,PHO,@,"W, 122-121",,17:34,4,8,0,0,1,1,3,2,5,0,0,0,1,4,9
Tari Eason,https://www.basketball-reference.com/players/e/easonta01.html,2023,2022-12-03,HOU,GSW,@,"L, 101-120",,29:08,6,10,0,0,1,2,3,7,10,1,0,0,0,1,13
Tari Eason,https://www.basketball-reference.com/players/e/easonta01.html,2023,2022-12-05,HOU,PHI,,"W, 132-123 (2OT)",,20:47,7,11,2,3,2,2,3,3,6,0,3,1,0,1,18
Tari Eason,https://www.basketball-reference.com/players/e/easonta01.html,2023,2022-12-08,HOU,SAS,@,"L, 109-118",,22:57,3,4,2,3,0,0,3,3,6,2,0,1,1,2,8
Tari Eason,https://www.basketball-reference.com/players/e/easonta01.html,2023,2022-12-11,HOU,MIL,,"W, 97-92",,13:06,0,2,0,0,0,0,0,1,1,0,2,0,0,3,0
Tari Eason,https://www.basketball-reference.com/players/e/easonta01.html,2023,2022-12-13,HOU,PHO,,"W, 111-97",,18:45,3,8,0,3,4,4,3,4,7,0,1,2,3,2,10
Tari Eason,https://www.basketball-reference.com/players/e/easonta01.html,2023,2022-12-15,HOU,MIA,,"L, 108-111",,15:42,2,7,1,2,0,0,1,4,5,1,0,1,1,3,5
Tari Eason,https://www.basketball-reference.com/players/e/easonta01.html,2023,2022-12-17,HOU,POR,,"L, 95-107",,23:11,6,14,1,3,0,0,3,3,6,1,0,0,1,3,13
Tari Eason,https://www.basketball-reference.com/players/e/easonta01.html,2023,2022-12-19,HOU,SAS,,"L, 105-124",,23:45,3,5,1,2,4,6,1,3,4,0,1,0,1,1,11
Tari Eason,https://www.basketball-reference.com/players/e/easonta01.html,2023,2022-12-21,HOU,ORL,,"L, 110-116",,20:33,2,4,2,3,3,4,0,3,3,1,0,0,2,4,9
Tari Eason,https://www.basketball-reference.com/players/e/easonta01.html,2023,2022-12-23,HOU,DAL,,"L, 106-112",,20:30,3,5,1,1,0,0,1,2,3,0,1,1,4,2,7
Tari Eason,https://www.basketball-reference.com/players/e/easonta01.html,2023,2022-12-26,HOU,CHI,@,"W, 133-118",,17:12,2,3,1,2,4,4,1,1,2,1,1,1,0,2,9
Tari Eason,https://www.basketball-reference.com/players/e/easonta01.html,2023,2022-12-27,HOU,BOS,@,"L, 102-126",,17:04,2,9,2,6,0,0,2,3,5,1,0,1,0,2,6
Tari Eason,https://www.basketball-reference.com/players/e/easonta01.html,2023,2022-12-29,HOU,DAL,@,"L, 114-129",,18:17,3,7,0,1,0,0,1,7,8,1,0,0,1,3,6
Tari Eason,https://www.basketball-reference.com/players/e/easonta01.html,2023,2022-12-31,HOU,NYK,,"L, 88-108",,23:34,4,11,1,5,0,1,5,8,13,1,3,1,3,0,9
Tari Eason,https://www.basketball-reference.com/players/e/easonta01.html,2023,2023-01-02,HOU,DAL,,"L, 106-111",,15:34,1,3,0,0,0,0,2,5,7,0,0,0,1,3,2
Tari Eason,https://www.basketball-reference.com/players/e/easonta01.html,2023,2023-01-04,HOU,NOP,@,"L, 108-119",,15:17,2,5,0,0,0,2,0,4,4,3,1,0,0,2,4
Tari Eason,https://www.basketball-reference.com/players/e/easonta01.html,2023,2023-01-05,HOU,UTA,,"L, 114-131",,20:26,2,5,0,2,0,0,2,4,6,2,1,2,1,1,4
Tari Eason,https://www.basketball-reference.com/players/e/easonta01.html,2023,2023-01-08,HOU,MIN,,"L, 96-104",,16:08,1,5,1,2,0,0,0,4,4,2,1,1,0,2,3
Tari Eason,https://www.basketball-reference.com/players/e/easonta01.html,2023,2023-01-11,HOU,SAC,@,"L, 115-135",,18:46,3,6,1,2,0,0,1,2,3,0,0,0,2,2,7
Tari Eason,https://www.basketball-reference.com/players/e/easonta01.html,2023,2023-01-13,HOU,SAC,@,"L, 114-139",,13:27,3,5,0,2,1,1,1,2,3,1,1,1,0,3,7
Tari Eason,https://www.basketball-reference.com/players/e/easonta01.html,2023,2023-01-15,HOU,LAC,@,"L, 100-121",,19:34,5,6,1,1,0,0,2,2,4,2,3,1,0,2,11
Tari Eason,https://www.basketball-reference.com/players/e/easonta01.html,2023,2023-01-16,HOU,LAL,@,"L, 132-140",,19:32,4,6,1,1,0,0,5,2,7,0,0,1,1,2,9
Tari Eason,https://www.basketball-reference.com/players/e/easonta01.html,2023,2023-01-18,HOU,CHO,,"L, 117-122",,18:46,3,11,1,3,0,0,3,2,5,1,0,0,2,1,7
Tari Eason,https://www.basketball-reference.com/players/e/easonta01.html,2023,2023-01-21,HOU,MIN,@,"L, 104-113",,26:48,5,11,1,2,3,4,5,4,9,1,0,0,1,2,14
Tari Eason,https://www.basketball-reference.com/players/e/easonta01.html,2023,2023-01-23,HOU,MIN,,"W, 119-114",,26:05,5,8,0,0,1,2,3,6,9,3,3,2,2,3,11
Tari Eason,https://www.basketball-reference.com/players/e/easonta01.html,2023,2023-01-25,HOU,WAS,,"L, 103-108",,18:34,2,4,0,1,1,2,2,1,3,1,0,2,2,1,5
Tari Eason,https://www.basketball-reference.com/players/e/easonta01.html,2023,2023-01-26,HOU,CLE,,"L, 95-113",,25:15,8,13,0,3,2,3,5,6,11,3,0,1,3,3,18
Tari Eason,https://www.basketball-reference.com/players/e/easonta01.html,2023,2023-01-28,HOU,DET,@,"W, 117-114",,31:04,7,15,1,3,1,1,4,6,10,1,2,0,2,1,16
Tari Eason,https://www.basketball-reference.com/players/e/easonta01.html,2023,2023-02-01,HOU,OKC,,"W, 112-106",,19:05,8,21,1,2,3,3,12,1,13,1,3,2,2,4,20
Tari Eason,https://www.basketball-reference.com/players/e/easonta01.html,2023,2023-02-03,HOU,TOR,,"L, 111-117",,13:22,1,5,0,2,0,0,0,4,4,0,0,0,0,2,2
Tari Eason,https://www.basketball-reference.com/players/e/easonta01.html,2023,2023-02-04,HOU,OKC,@,"L, 121-153",,25:22,5,11,1,2,7,9,3,5,8,0,1,0,1,2,18
Tari Eason,https://www.basketball-reference.com/players/e/easonta01.html,2023,2023-02-06,HOU,SAC,,"L, 120-140",,18:28,2,4,0,1,0,0,0,5,5,0,0,1,2,3,4
Tari Eason,https://www.basketball-reference.com/players/e/easonta01.html,2023,2023-02-08,HOU,SAC,,"L, 128-130",,20:29,4,8,0,1,2,2,2,2,4,0,0,0,1,1,10
Tari Eason,https://www.basketball-reference.com/players/e/easonta01.html,2023,2023-02-10,HOU,MIA,@,"L, 95-97",,19:12,3,5,1,2,1,3,0,3,3,2,1,1,0,0,8
Tari Eason,https://www.basketball-reference.com/players/e/easonta01.html,2023,2023-02-13,HOU,PHI,@,"L, 104-123",,21:14,4,9,0,2,0,0,1,1,2,1,1,0,1,4,8
Tari Eason,https://www.basketball-reference.com/players/e/easonta01.html,2023,2023-02-15,HOU,OKC,@,"L, 96-133",,19:05,2,4,0,1,6,10,1,2,3,2,1,0,2,5,10
Tari Eason,https://www.basketball-reference.com/players/e/easonta01.html,2023,2023-02-24,HOU,GSW,@,"L, 101-116",,22:42,2,8,1,4,1,3,2,4,6,1,4,0,2,2,6
Tari Eason,https://www.basketball-reference.com/players/e/easonta01.html,2023,2023-02-26,HOU,POR,@,"L, 114-131",,28:27,6,12,1,1,2,2,5,5,10,3,2,0,1,4,15
Tari Eason,https://www.basketball-reference.com/players/e/easonta01.html,2023,2023-02-28,HOU,DEN,,"L, 112-133",,31:07,7,10,0,2,3,3,6,6,12,2,1,0,3,1,17
Tari Eason,https://www.basketball-reference.com/players/e/easonta01.html,2023,2023-03-01,HOU,MEM,,"L, 99-113",,25:08,4,11,2,3,0,0,4,3,7,1,1,3,1,2,10
Tari Eason,https://www.basketball-reference.com/players/e/easonta01.html,2023,2023-03-04,HOU,SAS,@,"W, 122-110",,30:58,7,11,2,3,4,6,1,4,5,2,2,2,0,3,20
Tari Eason,https://www.basketball-reference.com/players/e/easonta01.html,2023,2023-03-05,HOU,SAS,,"W, 142-110",,29:56,7,13,1,3,2,4,1,7,8,1,1,0,1,3,17
Tari Eason,https://www.basketball-reference.com/players/e/easonta01.html,2023,2023-03-07,HOU,BRK,,"L, 96-118",,27:48,3,5,0,0,2,2,2,2,4,1,3,0,3,5,8
Tari Eason,https://www.basketball-reference.com/players/e/easonta01.html,2023,2023-03-09,HOU,IND,@,"L, 125-134 (OT)",,27:10,4,8,0,0,0,0,2,8,10,1,1,1,3,1,8
Tari Eason,https://www.basketball-reference.com/players/e/easonta01.html,2023,2023-03-11,HOU,CHI,,"L, 111-119",,21:11,4,6,4,4,0,0,1,3,4,1,1,0,3,5,12
Tari Eason,https://www.basketball-reference.com/players/e/easonta01.html,2023,2023-03-13,HOU,BOS,,"W, 111-109",,34:30,3,7,0,3,0,2,2,7,9,2,0,1,1,2,6
Tari Eason,https://www.basketball-reference.com/players/e/easonta01.html,2023,2023-03-15,HOU,LAL,,"W, 114-110",,18:24,1,5,0,2,0,0,2,3,5,0,1,0,0,2,2
Tari Eason,https://www.basketball-reference.com/players/e/easonta01.html,2023,2023-03-17,HOU,NOP,,"W, 114-112",,22:02,4,8,1,2,0,0,2,3,5,0,2,1,1,2,9
Tari Eason,https://www.basketball-reference.com/players/e/easonta01.html,2023,2023-03-19,HOU,NOP,,"L, 107-117",,22:17,2,6,0,3,6,6,1,4,5,0,0,1,2,2,10
Tari Eason,https://www.basketball-reference.com/players/e/easonta01.html,2023,2023-03-20,HOU,GSW,,"L, 108-121",,30:59,9,16,1,5,2,4,4,8,12,1,4,0,2,2,21
Tari Eason,https://www.basketball-reference.com/players/e/easonta01.html,2023,2023-03-22,HOU,MEM,@,"L, 125-130",,27:22,2,4,1,1,0,0,4,4,8,2,0,0,2,5,5
Tari Eason,https://www.basketball-reference.com/players/e/easonta01.html,2023,2023-03-24,HOU,MEM,@,"L, 114-151",,29:11,9,13,1,2,2,3,1,3,4,3,1,0,1,0,21
Tari Eason,https://www.basketball-reference.com/players/e/easonta01.html,2023,2023-03-26,HOU,CLE,@,"L, 91-108",,30:07,4,9,0,2,2,2,3,5,8,0,1,0,4,5,10
Tari Eason,https://www.basketball-reference.com/players/e/easonta01.html,2023,2023-03-27,HOU,NYK,@,"L, 115-137",,27:59,5,11,1,4,2,2,4,4,8,1,2,0,1,4,13
Tari Eason,https://www.basketball-reference.com/players/e/easonta01.html,2023,2023-03-29,HOU,BRK,@,"L, 114-123",,22:21,0,6,0,2,0,0,3,3,6,1,0,0,1,1,0
Tari Eason,https://www.basketball-reference.com/players/e/easonta01.html,2023,2023-03-31,HOU,DET,,"W, 121-115",,24:01,1,11,1,2,2,2,6,4,10,1,2,1,0,1,5
Tari Eason,https://www.basketball-reference.com/players/e/easonta01.html,2023,2023-04-02,HOU,LAL,,"L, 109-134",,25:01,4,14,1,5,0,0,5,3,8,2,1,0,0,2,9
Tari Eason,https://www.basketball-reference.com/players/e/easonta01.html,2023,2023-04-04,HOU,DEN,,"W, 124-103",,32:56,5,9,1,2,0,0,2,5,7,1,2,1,3,2,11
Tari Eason,https://www.basketball-reference.com/players/e/easonta01.html,2023,2023-04-07,HOU,CHO,@,"W, 112-109",,24:07,3,9,0,1,1,1,2,5,7,2,3,2,2,4,7
Tari Eason,https://www.basketball-reference.com/players/e/easonta01.html,2023,2023-04-09,HOU,WAS,@,"W, 114-109",,26:58,6,11,1,3,3,4,2,6,8,4,0,1,2,2,16
Trevor Hudgins,https://www.basketball-reference.com/players/h/hudgitr01.html,2023,2022-10-19,HOU,ATL,@,"L, 107-117",,,,,,,,,,,,,,,,,
Trevor Hudgins,https://www.basketball-reference.com/players/h/hudgitr01.html,2023,2022-10-21,HOU,MEM,,"L, 122-129",,,,,,,,,,,,,,,,,
Trevor Hudgins,https://www.basketball-reference.com/players/h/hudgitr01.html,2023,2022-10-22,HOU,MIL,@,"L, 105-125",,03:47,1,1,1,1,0,0,0,0,0,0,0,0,0,0,3
Trevor Hudgins,https://www.basketball-reference.com/players/h/hudgitr01.html,2023,2022-10-24,HOU,UTA,,"W, 114-108",,,,,,,,,,,,,,,,,
Trevor Hudgins,https://www.basketball-reference.com/players/h/hudgitr01.html,2023,2022-10-26,HOU,UTA,@,"L, 101-109",,,,,,,,,,,,,,,,,
Trevor Hudgins,https://www.basketball-reference.com/players/h/hudgitr01.html,2023,2022-10-28,HOU,POR,@,"L, 111-125",,,,,,,,,,,,,,,,,
Trevor Hudgins,https://www.basketball-reference.com/players/h/hudgitr01.html,2023,2022-10-30,HOU,PHO,@,"L, 109-124",,,,,,,,,,,,,,,,,
Trevor Hudgins,https://www.basketball-reference.com/players/h/hudgitr01.html,2023,2022-10-31,HOU,LAC,@,"L, 93-95",,,,,,,,,,,,,,,,,
Trevor Hudgins,https://www.basketball-reference.com/players/h/hudgitr01.html,2023,,,,,,,,,,,,,,,,,,,,,,
Trevor Hudgins,https://www.basketball-reference.com/players/h/hudgitr01.html,2023,2022-11-02,HOU,LAC,,"L, 101-109",,,,,,,,,,,,,,,,,
Trevor Hudgins,https://www.basketball-reference.com/players/h/hudgitr01.html,2023,2022-11-05,HOU,MIN,@,"L, 117-129",,,,,,,,,,,,,,,,,
Trevor Hudgins,https://www.basketball-reference.com/players/h/hudgitr01.html,2023,2022-11-07,HOU,ORL,@,"W, 134-127",,,,,,,,,,,,,,,,,
Trevor Hudgins,https://www.basketball-reference.com/players/h/hudgitr01.html,2023,2022-11-09,HOU,TOR,@,"L, 109-116",,,,,,,,,,,,,,,,,
Trevor Hudgins,https://www.basketball-reference.com/players/h/hudgitr01.html,2023,2022-11-12,HOU,NOP,@,"L, 106-119",,,,,,,,,,,,,,,,,
Trevor Hudgins,https://www.basketball-reference.com/players/h/hudgitr01.html,2023,2022-11-14,HOU,LAC,,"L, 106-122",,,,,,,,,,,,,,,,,
Trevor Hudgins,https://www.basketball-reference.com/players/h/hudgitr01.html,2023,2022-11-16,HOU,DAL,@,"W, 101-92",,,,,,,,,,,,,,,,,
Trevor Hudgins,https://www.basketball-reference.com/players/h/hudgitr01.html,2023,2022-11-18,HOU,IND,,"L, 91-99",,,,,,,,,,,,,,,,,
Trevor Hudgins,https://www.basketball-reference.com/players/h/hudgitr01.html,2023,2022-11-20,HOU,GSW,,"L, 120-127",,,,,,,,,,,,,,,,,
Trevor Hudgins,https://www.basketball-reference.com/players/h/hudgitr01.html,2023,2022-11-25,HOU,ATL,,"W, 128-122",,,,,,,,,,,,,,,,,
Trevor Hudgins,https://www.basketball-reference.com/players/h/hudgitr01.html,2023,2022-11-26,HOU,OKC,,"W, 118-105",,,,,,,,,,,,,,,,,
Trevor Hudgins,https://www.basketball-reference.com/players/h/hudgitr01.html,2023,2022-11-28,HOU,DEN,@,"L, 113-129",,,,,,,,,,,,,,,,,
Trevor Hudgins,https://www.basketball-reference.com/players/h/hudgitr01.html,2023,2022-11-30,HOU,DEN,@,"L, 100-120",,,,,,,,,,,,,,,,,
Trevor Hudgins,https://www.basketball-reference.com/players/h/hudgitr01.html,2023,2022-12-02,HOU,PHO,@,"W, 122-121",,,,,,,,,,,,,,,,,
Trevor Hudgins,https://www.basketball-reference.com/players/h/hudgitr01.html,2023,2022-12-03,HOU,GSW,@,"L, 101-120",,,,,,,,,,,,,,,,,
Trevor Hudgins,https://www.basketball-reference.com/players/h/hudgitr01.html,2023,2022-12-05,HOU,PHI,,"W, 132-123 (2OT)",,,,,,,,,,,,,,,,,
Trevor Hudgins,https://www.basketball-reference.com/players/h/hudgitr01.html,2023,2022-12-08,HOU,SAS,@,"L, 109-118",,,,,,,,,,,,,,,,,
Trevor Hudgins,https://www.basketball-reference.com/players/h/hudgitr01.html,2023,2022-12-11,HOU,MIL,,"W, 97-92",,,,,,,,,,,,,,,,,
Trevor Hudgins,https://www.basketball-reference.com/players/h/hudgitr01.html,2023,2022-12-13,HOU,PHO,,"W, 111-97",,,,,,,,,,,,,,,,,
Trevor Hudgins,https://www.basketball-reference.com/players/h/hudgitr01.html,2023,2022-12-15,HOU,MIA,,"L, 108-111",,,,,,,,,,,,,,,,,
Trevor Hudgins,https://www.basketball-reference.com/players/h/hudgitr01.html,2023,2022-12-17,HOU,POR,,"L, 95-107",,,,,,,,,,,,,,,,,
Trevor Hudgins,https://www.basketball-reference.com/players/h/hudgitr01.html,2023,2022-12-19,HOU,SAS,,"L, 105-124",,,,,,,,,,,,,,,,,
Trevor Hudgins,https://www.basketball-reference.com/players/h/hudgitr01.html,2023,2022-12-21,HOU,ORL,,"L, 110-116",,,,,,,,,,,,,,,,,
Trevor Hudgins,https://www.basketball-reference.com/players/h/hudgitr01.html,2023,2022-12-23,HOU,DAL,,"L, 106-112",,,,,,,,,,,,,,,,,
Trevor Hudgins,https://www.basketball-reference.com/players/h/hudgitr01.html,2023,2022-12-26,HOU,CHI,@,"W, 133-118",,,,,,,,,,,,,,,,,
Trevor Hudgins,https://www.basketball-reference.com/players/h/hudgitr01.html,2023,2022-12-27,HOU,BOS,@,"L, 102-126",,,,,,,,,,,,,,,,,
Trevor Hudgins,https://www.basketball-reference.com/players/h/hudgitr01.html,2023,2022-12-29,HOU,DAL,@,"L, 114-129",,,,,,,,,,,,,,,,,
Trevor Hudgins,https://www.basketball-reference.com/players/h/hudgitr01.html,2023,2022-12-31,HOU,NYK,,"L, 88-108",,,,,,,,,,,,,,,,,
Trevor Hudgins,https://www.basketball-reference.com/players/h/hudgitr01.html,2023,2023-01-02,HOU,DAL,,"L, 106-111",,,,,,,,,,,,,,,,,
Trevor Hudgins,https://www.basketball-reference.com/players/h/hudgitr01.html,2023,2023-01-04,HOU,NOP,@,"L, 108-119",,,,,,,,,,,,,,,,,
Trevor Hudgins,https://www.basketball-reference.com/players/h/hudgitr01.html,2023,2023-01-05,HOU,UTA,,"L, 114-131",,,,,,,,,,,,,,,,,
Trevor Hudgins,https://www.basketball-reference.com/players/h/hudgitr01.html,2023,2023-01-08,HOU,MIN,,"L, 96-104",,,,,,,,,,,,,,,,,
Trevor Hudgins,https://www.basketball-reference.com/players/h/hudgitr01.html,2023,2023-01-11,HOU,SAC,@,"L, 115-135",,,,,,,,,,,,,,,,,
Trevor Hudgins,https://www.basketball-reference.com/players/h/hudgitr01.html,2023,2023-01-13,HOU,SAC,@,"L, 114-139",,,,,,,,,,,,,,,,,
Trevor Hudgins,https://www.basketball-reference.com/players/h/hudgitr01.html,2023,2023-01-15,HOU,LAC,@,"L, 100-121",,,,,,,,,,,,,,,,,
Trevor Hudgins,https://www.basketball-reference.com/players/h/hudgitr01.html,2023,2023-01-16,HOU,LAL,@,"L, 132-140",,,,,,,,,,,,,,,,,
Trevor Hudgins,https://www.basketball-reference.com/players/h/hudgitr01.html,2023,2023-01-18,HOU,CHO,,"L, 117-122",,,,,,,,,,,,,,,,,
Trevor Hudgins,https://www.basketball-reference.com/players/h/hudgitr01.html,2023,2023-01-21,HOU,MIN,@,"L, 104-113",,,,,,,,,,,,,,,,,
Trevor Hudgins,https://www.basketball-reference.com/players/h/hudgitr01.html,2023,2023-01-23,HOU,MIN,,"W, 119-114",,,,,,,,,,,,,,,,,
Trevor Hudgins,https://www.basketball-reference.com/players/h/hudgitr01.html,2023,2023-01-25,HOU,WAS,,"L, 103-108",,,,,,,,,,,,,,,,,
Trevor Hudgins,https://www.basketball-reference.com/players/h/hudgitr01.html,2023,2023-01-26,HOU,CLE,,"L, 95-113",,,,,,,,,,,,,,,,,
Trevor Hudgins,https://www.basketball-reference.com/players/h/hudgitr01.html,2023,2023-01-28,HOU,DET,@,"W, 117-114",,,,,,,,,,,,,,,,,
Trevor Hudgins,https://www.basketball-reference.com/players/h/hudgitr01.html,2023,2023-02-01,HOU,OKC,,"W, 112-106",,,,,,,,,,,,,,,,,
Trevor Hudgins,https://www.basketball-reference.com/players/h/hudgitr01.html,2023,2023-02-03,HOU,TOR,,"L, 111-117",,,,,,,,,,,,,,,,,
Trevor Hudgins,https://www.basketball-reference.com/players/h/hudgitr01.html,2023,2023-02-04,HOU,OKC,@,"L, 121-153",,05:50,0,0,0,0,3,3,0,0,0,3,0,0,0,0,3
Trevor Hudgins,https://www.basketball-reference.com/players/h/hudgitr01.html,2023,2023-02-06,HOU,SAC,,"L, 120-140",,,,,,,,,,,,,,,,,
Trevor Hudgins,https://www.basketball-reference.com/players/h/hudgitr01.html,2023,2023-02-08,HOU,SAC,,"L, 128-130",,,,,,,,,,,,,,,,,
Trevor Hudgins,https://www.basketball-reference.com/players/h/hudgitr01.html,2023,2023-02-10,HOU,MIA,@,"L, 95-97",,,,,,,,,,,,,,,,,
Trevor Hudgins,https://www.basketball-reference.com/players/h/hudgitr01.html,2023,2023-02-13,HOU,PHI,@,"L, 104-123",,03:31,0,0,0,0,0,0,0,0,0,0,0,0,1,0,0
Trevor Hudgins,https://www.basketball-reference.com/players/h/hudgitr01.html,2023,2023-02-15,HOU,OKC,@,"L, 96-133",,13:31,1,8,1,7,0,0,0,0,0,0,0,0,0,1,3
Trevor Hudgins,https://www.basketball-reference.com/players/h/hudgitr01.html,2023,2023-02-24,HOU,GSW,@,"L, 101-116",,01:41,0,0,0,0,0,0,0,0,0,0,0,0,0,0,0
Trevor Hudgins,https://www.basketball-reference.com/players/h/hudgitr01.html,2023,2023-02-26,HOU,POR,@,"L, 114-131",,,,,,,,,,,,,,,,,
Trevor Hudgins,https://www.basketball-reference.com/players/h/hudgitr01.html,2023,2023-02-28,HOU,DEN,,"L, 112-133",,,,,,,,,,,,,,,,,
Trevor Hudgins,https://www.basketball-reference.com/players/h/hudgitr01.html,2023,2023-03-01,HOU,MEM,,"L, 99-113",,,,,,,,,,,,,,,,,
Trevor Hudgins,https://www.basketball-reference.com/players/h/hudgitr01.html,2023,2023-03-04,HOU,SAS,@,"W, 122-110",,,,,,,,,,,,,,,,,
Trevor Hudgins,https://www.basketball-reference.com/players/h/hudgitr01.html,2023,2023-03-05,HOU,SAS,,"W, 142-110",,,,,,,,,,,,,,,,,
Trevor Hudgins,https://www.basketball-reference.com/players/h/hudgitr01.html,2023,2023-03-07,HOU,BRK,,"L, 96-118",,,,,,,,,,,,,,,,,
Trevor Hudgins,https://www.basketball-reference.com/players/h/hudgitr01.html,2023,2023-03-09,HOU,IND,@,"L, 125-134 (OT)",,,,,,,,,,,,,,,,,
Trevor Hudgins,https://www.basketball-reference.com/players/h/hudgitr01.html,2023,2023-03-11,HOU,CHI,,"L, 111-119",,,,,,,,,,,,,,,,,
Trevor Hudgins,https://www.basketball-reference.com/players/h/hudgitr01.html,2023,2023-03-13,HOU,BOS,,"W, 111-109",,,,,,,,,,,,,,,,,
Trevor Hudgins,https://www.basketball-reference.com/players/h/hudgitr01.html,2023,2023-03-15,HOU,LAL,,"W, 114-110",,,,,,,,,,,,,,,,,
Trevor Hudgins,https://www.basketball-reference.com/players/h/hudgitr01.html,2023,2023-03-17,HOU,NOP,,"W, 114-112",,,,,,,,,,,,,,,,,
Trevor Hudgins,https://www.basketball-reference.com/players/h/hudgitr01.html,2023,2023-03-19,HOU,NOP,,"L, 107-117",,,,,,,,,,,,,,,,,
Trevor Hudgins,https://www.basketball-reference.com/players/h/hudgitr01.html,2023,2023-03-20,HOU,GSW,,"L, 108-121",,,,,,,,,,,,,,,,,
Trevor Hudgins,https://www.basketball-reference.com/players/h/hudgitr01.html,2023,2023-03-22,HOU,MEM,@,"L, 125-130",,,,,,,,,,,,,,,,,
Trevor Hudgins,https://www.basketball-reference.com/players/h/hudgitr01.html,2023,2023-03-24,HOU,MEM,@,"L, 114-151",,,,,,,,,,,,,,,,,
Trevor Hudgins,https://www.basketball-reference.com/players/h/hudgitr01.html,2023,2023-03-26,HOU,CLE,@,"L, 91-108",,,,,,,,,,,,,,,,,
Trevor Hudgins,https://www.basketball-reference.com/players/h/hudgitr01.html,2023,2023-03-27,HOU,NYK,@,"L, 115-137",,,,,,,,,,,,,,,,,
Trevor Hudgins,https://www.basketball-reference.com/players/h/hudgitr01.html,2023,2023-03-29,HOU,BRK,@,"L, 114-123",,,,,,,,,,,,,,,,,
Trevor Hudgins,https://www.basketball-reference.com/players/h/hudgitr01.html,2023,2023-03-31,HOU,DET,,"W, 121-115",,,,,,,,,,,,,,,,,
Trevor Hudgins,https://www.basketball-reference.com/players/h/hudgitr01.html,2023,2023-04-02,HOU,LAL,,"L, 109-134",,,,,,,,,,,,,,,,,
Trevor Hudgins,https://www.basketball-reference.com/players/h/hudgitr01.html,2023,2023-04-04,HOU,DEN,,"W, 124-103",,,,,,,,,,,,,,,,,
Trevor Hudgins,https://www.basketball-reference.com/players/h/hudgitr01.html,2023,2023-04-07,HOU,CHO,@,"W, 112-109",,,,,,,,,,,,,,,,,
Trevor Hudgins,https://www.basketball-reference.com/players/h/hudgitr01.html,2023,2023-04-09,HOU,WAS,@,"W, 114-109",,,,,,,,,,,,,,,,,
Jabari Smith Jr.,https://www.basketball-reference.com/players/s/smithja05.html,2023,2022-10-19,HOU,ATL,@,"L, 107-117",,32:54,6,17,3,11,2,2,1,6,7,1,0,0,0,4,17
Jabari Smith Jr.,https://www.basketball-reference.com/players/s/smithja05.html,2023,2022-10-21,HOU,MEM,,"L, 122-129",,34:35,3,14,2,8,2,2,1,0,1,1,0,2,0,5,10
Jabari Smith Jr.,https://www.basketball-reference.com/players/s/smithja05.html,2023,2022-10-22,HOU,MIL,@,"L, 105-125",,27:36,5,15,3,7,0,0,2,9,11,1,0,2,0,3,13
Jabari Smith Jr.,https://www.basketball-reference.com/players/s/smithja05.html,2023,2022-10-24,HOU,UTA,,"W, 114-108",,33:51,6,10,3,5,6,6,3,6,9,2,0,3,1,5,21
Jabari Smith Jr.,https://www.basketball-reference.com/players/s/smithja05.html,2023,2022-10-26,HOU,UTA,@,"L, 101-109",,32:13,3,10,2,6,2,4,1,8,9,0,1,0,2,4,10
Jabari Smith Jr.,https://www.basketball-reference.com/players/s/smithja05.html,2023,2022-10-28,HOU,POR,@,"L, 111-125",,32:13,4,13,2,5,2,2,0,2,2,1,1,1,1,4,12
Jabari Smith Jr.,https://www.basketball-reference.com/players/s/smithja05.html,2023,2022-10-30,HOU,PHO,@,"L, 109-124",,25:03,2,8,2,6,2,2,0,7,7,0,0,1,2,3,8
Jabari Smith Jr.,https://www.basketball-reference.com/players/s/smithja05.html,2023,2022-10-31,HOU,LAC,@,"L, 93-95",,30:19,2,8,0,3,0,0,1,4,5,1,0,1,2,2,4
Jabari Smith Jr.,https://www.basketball-reference.com/players/s/smithja05.html,2023,,,,,,,,,,,,,,,,,,,,,,
Jabari Smith Jr.,https://www.basketball-reference.com/players/s/smithja05.html,2023,2022-11-02,HOU,LAC,,"L, 101-109",,26:51,1,10,0,5,0,0,1,3,4,0,0,1,2,2,2
Jabari Smith Jr.,https://www.basketball-reference.com/players/s/smithja05.html,2023,2022-11-05,HOU,MIN,@,"L, 117-129",,,,,,,,,,,,,,,,,
Jabari Smith Jr.,https://www.basketball-reference.com/players/s/smithja05.html,2023,2022-11-07,HOU,ORL,@,"W, 134-127",,21:53,1,4,1,4,0,0,0,1,1,1,0,0,3,4,3
Jabari Smith Jr.,https://www.basketball-reference.com/players/s/smithja05.html,2023,2022-11-09,HOU,TOR,@,"L, 109-116",,30:44,4,11,2,8,5,6,2,8,10,0,0,0,1,4,15
Jabari Smith Jr.,https://www.basketball-reference.com/players/s/smithja05.html,2023,2022-11-12,HOU,NOP,@,"L, 106-119",,27:45,4,10,0,2,1,2,6,9,15,2,0,2,1,4,9
Jabari Smith Jr.,https://www.basketball-reference.com/players/s/smithja05.html,2023,2022-11-14,HOU,LAC,,"L, 106-122",,28:31,2,6,2,4,1,2,1,5,6,1,3,0,0,3,7
Jabari Smith Jr.,https://www.basketball-reference.com/players/s/smithja05.html,2023,2022-11-16,HOU,DAL,@,"W, 101-92",,30:08,3,10,2,5,2,2,1,8,9,0,0,2,0,4,10
Jabari Smith Jr.,https://www.basketball-reference.com/players/s/smithja05.html,2023,2022-11-18,HOU,IND,,"L, 91-99",,36:22,4,14,2,8,2,2,1,7,8,1,0,2,2,4,12
Jabari Smith Jr.,https://www.basketball-reference.com/players/s/smithja05.html,2023,2022-11-20,HOU,GSW,,"L, 120-127",,32:23,8,14,3,9,3,4,1,6,7,1,0,0,2,2,22
Jabari Smith Jr.,https://www.basketball-reference.com/players/s/smithja05.html,2023,2022-11-25,HOU,ATL,,"W, 128-122",,38:03,6,17,5,11,4,4,2,7,9,1,1,1,0,3,21
Jabari Smith Jr.,https://www.basketball-reference.com/players/s/smithja05.html,2023,2022-11-26,HOU,OKC,,"W, 118-105",,31:25,5,11,3,8,2,2,2,11,13,0,0,1,1,1,15
Jabari Smith Jr.,https://www.basketball-reference.com/players/s/smithja05.html,2023,2022-11-28,HOU,DEN,@,"L, 113-129",,17:26,3,4,3,4,0,0,1,2,3,1,0,0,1,3,9
Jabari Smith Jr.,https://www.basketball-reference.com/players/s/smithja05.html,2023,2022-11-30,HOU,DEN,@,"L, 100-120",,31:00,5,12,3,6,0,0,0,4,4,2,1,1,1,4,13
Jabari Smith Jr.,https://www.basketball-reference.com/players/s/smithja05.html,2023,2022-12-02,HOU,PHO,@,"W, 122-121",,30:26,7,12,3,5,0,0,0,6,6,0,1,1,0,0,17
Jabari Smith Jr.,https://www.basketball-reference.com/players/s/smithja05.html,2023,2022-12-03,HOU,GSW,@,"L, 101-120",,22:53,3,7,0,2,0,0,2,3,5,0,0,0,3,3,6
Jabari Smith Jr.,https://www.basketball-reference.com/players/s/smithja05.html,2023,2022-12-05,HOU,PHI,,"W, 132-123 (2OT)",,39:09,3,8,3,6,7,9,0,11,11,0,0,1,1,5,16
Jabari Smith Jr.,https://www.basketball-reference.com/players/s/smithja05.html,2023,2022-12-08,HOU,SAS,@,"L, 109-118",,34:10,9,13,4,7,1,2,0,4,4,0,0,1,2,3,23
Jabari Smith Jr.,https://www.basketball-reference.com/players/s/smithja05.html,2023,2022-12-11,HOU,MIL,,"W, 97-92",,34:54,1,9,0,4,4,4,2,8,10,2,3,1,2,4,6
Jabari Smith Jr.,https://www.basketball-reference.com/players/s/smithja05.html,2023,2022-12-13,HOU,PHO,,"W, 111-97",,29:15,4,5,3,3,3,4,0,8,8,0,0,1,2,5,14
Jabari Smith Jr.,https://www.basketball-reference.com/players/s/smithja05.html,2023,2022-12-15,HOU,MIA,,"L, 108-111",,32:18,6,14,1,7,2,3,2,9,11,1,1,0,1,2,15
Jabari Smith Jr.,https://www.basketball-reference.com/players/s/smithja05.html,2023,2022-12-17,HOU,POR,,"L, 95-107",,24:49,3,11,0,4,0,0,1,3,4,0,0,1,2,0,6
Jabari Smith Jr.,https://www.basketball-reference.com/players/s/smithja05.html,2023,2022-12-19,HOU,SAS,,"L, 105-124",,30:26,4,14,0,4,1,1,3,5,8,1,1,1,2,1,9
Jabari Smith Jr.,https://www.basketball-reference.com/players/s/smithja05.html,2023,2022-12-21,HOU,ORL,,"L, 110-116",,27:44,4,11,2,5,0,0,0,5,5,0,1,3,2,4,10
Jabari Smith Jr.,https://www.basketball-reference.com/players/s/smithja05.html,2023,2022-12-23,HOU,DAL,,"L, 106-112",,33:43,10,17,3,8,1,1,1,9,10,3,0,1,1,4,24
Jabari Smith Jr.,https://www.basketball-reference.com/players/s/smithja05.html,2023,2022-12-26,HOU,CHI,@,"W, 133-118",,30:48,6,14,1,6,0,0,3,5,8,2,2,2,1,1,13
Jabari Smith Jr.,https://www.basketball-reference.com/players/s/smithja05.html,2023,2022-12-27,HOU,BOS,@,"L, 102-126",,28:51,2,10,2,7,0,0,2,7,9,2,0,0,4,2,6
Jabari Smith Jr.,https://www.basketball-reference.com/players/s/smithja05.html,2023,2022-12-29,HOU,DAL,@,"L, 114-129",,27:26,7,13,0,4,2,2,2,2,4,1,1,0,1,2,16
Jabari Smith Jr.,https://www.basketball-reference.com/players/s/smithja05.html,2023,2022-12-31,HOU,NYK,,"L, 88-108",,19:33,3,8,3,6,1,2,0,2,2,1,0,0,1,4,10
Jabari Smith Jr.,https://www.basketball-reference.com/players/s/smithja05.html,2023,2023-01-02,HOU,DAL,,"L, 106-111",,32:26,4,9,1,4,2,3,0,5,5,2,0,2,0,4,11
Jabari Smith Jr.,https://www.basketball-reference.com/players/s/smithja05.html,2023,2023-01-04,HOU,NOP,@,"L, 108-119",,30:59,3,10,2,8,6,8,1,12,13,1,2,1,1,3,14
Jabari Smith Jr.,https://www.basketball-reference.com/players/s/smithja05.html,2023,2023-01-05,HOU,UTA,,"L, 114-131",,20:04,1,5,1,4,0,0,0,5,5,1,0,0,3,4,3
Jabari Smith Jr.,https://www.basketball-reference.com/players/s/smithja05.html,2023,2023-01-08,HOU,MIN,,"L, 96-104",,31:52,4,12,0,5,1,2,1,5,6,2,3,1,1,3,9
Jabari Smith Jr.,https://www.basketball-reference.com/players/s/smithja05.html,2023,2023-01-11,HOU,SAC,@,"L, 115-135",,28:12,3,8,0,3,2,2,2,7,9,0,1,0,2,3,8
Jabari Smith Jr.,https://www.basketball-reference.com/players/s/smithja05.html,2023,2023-01-13,HOU,SAC,@,"L, 114-139",,34:18,11,20,2,7,3,3,3,5,8,1,0,3,0,2,27
Jabari Smith Jr.,https://www.basketball-reference.com/players/s/smithja05.html,2023,2023-01-15,HOU,LAC,@,"L, 100-121",,30:15,5,15,2,6,0,2,0,5,5,2,1,0,1,2,12
Jabari Smith Jr.,https://www.basketball-reference.com/players/s/smithja05.html,2023,2023-01-16,HOU,LAL,@,"L, 132-140",,28:28,5,11,1,4,3,4,1,3,4,4,0,0,1,5,14
Jabari Smith Jr.,https://www.basketball-reference.com/players/s/smithja05.html,2023,2023-01-18,HOU,CHO,,"L, 117-122",,22:43,3,7,0,3,2,2,0,5,5,1,0,1,2,0,8
Jabari Smith Jr.,https://www.basketball-reference.com/players/s/smithja05.html,2023,2023-01-21,HOU,MIN,@,"L, 104-113",,,,,,,,,,,,,,,,,
Jabari Smith Jr.,https://www.basketball-reference.com/players/s/smithja05.html,2023,2023-01-23,HOU,MIN,,"W, 119-114",,,,,,,,,,,,,,,,,
Jabari Smith Jr.,https://www.basketball-reference.com/players/s/smithja05.html,2023,2023-01-25,HOU,WAS,,"L, 103-108",,29:26,2,10,0,5,2,3,1,6,7,2,0,1,2,3,6
Jabari Smith Jr.,https://www.basketball-reference.com/players/s/smithja05.html,2023,2023-01-26,HOU,CLE,,"L, 95-113",,19:05,6,9,0,1,2,5,0,5,5,1,0,2,4,4,14
Jabari Smith Jr.,https://www.basketball-reference.com/players/s/smithja05.html,2023,2023-01-28,HOU,DET,@,"W, 117-114",,33:34,2,12,0,3,3,4,2,10,12,2,2,3,0,2,7
Jabari Smith Jr.,https://www.basketball-reference.com/players/s/smithja05.html,2023,2023-02-01,HOU,OKC,,"W, 112-106",,26:36,3,8,1,3,2,2,2,5,7,0,0,1,3,3,9
Jabari Smith Jr.,https://www.basketball-reference.com/players/s/smithja05.html,2023,2023-02-03,HOU,TOR,,"L, 111-117",,32:54,4,9,2,3,4,5,1,7,8,3,0,0,3,2,14
Jabari Smith Jr.,https://www.basketball-reference.com/players/s/smithja05.html,2023,2023-02-04,HOU,OKC,@,"L, 121-153",,31:27,4,8,1,3,2,3,0,3,3,2,0,0,3,3,11
Jabari Smith Jr.,https://www.basketball-reference.com/players/s/smithja05.html,2023,2023-02-06,HOU,SAC,,"L, 120-140",,34:52,5,15,1,6,2,2,1,4,5,2,0,0,1,1,13
Jabari Smith Jr.,https://www.basketball-reference.com/players/s/smithja05.html,2023,2023-02-08,HOU,SAC,,"L, 128-130",,31:56,3,6,0,2,3,4,1,5,6,4,0,2,0,2,9
Jabari Smith Jr.,https://www.basketball-reference.com/players/s/smithja05.html,2023,2023-02-10,HOU,MIA,@,"L, 95-97",,34:05,8,16,3,9,3,3,2,6,8,1,0,1,0,5,22
Jabari Smith Jr.,https://www.basketball-reference.com/players/s/smithja05.html,2023,2023-02-13,HOU,PHI,@,"L, 104-123",,36:17,3,14,1,4,3,3,6,6,12,2,0,0,5,1,10
Jabari Smith Jr.,https://www.basketball-reference.com/players/s/smithja05.html,2023,2023-02-15,HOU,OKC,@,"L, 96-133",,29:01,4,8,2,4,5,6,2,7,9,2,2,2,2,3,15
Jabari Smith Jr.,https://www.basketball-reference.com/players/s/smithja05.html,2023,2023-02-24,HOU,GSW,@,"L, 101-116",,34:04,4,16,1,6,4,4,3,6,9,1,0,0,1,2,13
Jabari Smith Jr.,https://www.basketball-reference.com/players/s/smithja05.html,2023,2023-02-26,HOU,POR,@,"L, 114-131",,37:38,3,11,0,4,3,6,2,6,8,4,1,2,2,3,9
Jabari Smith Jr.,https://www.basketball-reference.com/players/s/smithja05.html,2023,2023-02-28,HOU,DEN,,"L, 112-133",,32:57,4,10,0,4,0,0,1,5,6,1,0,2,0,2,8
Jabari Smith Jr.,https://www.basketball-reference.com/players/s/smithja05.html,2023,2023-03-01,HOU,MEM,,"L, 99-113",,20:59,2,7,0,2,0,0,2,4,6,1,0,0,0,1,4
Jabari Smith Jr.,https://www.basketball-reference.com/players/s/smithja05.html,2023,2023-03-04,HOU,SAS,@,"W, 122-110",,26:45,5,7,1,3,1,2,1,1,2,0,1,0,0,1,12
Jabari Smith Jr.,https://www.basketball-reference.com/players/s/smithja05.html,2023,2023-03-05,HOU,SAS,,"W, 142-110",,26:49,3,6,1,2,4,4,0,4,4,2,0,0,2,5,11
Jabari Smith Jr.,https://www.basketball-reference.com/players/s/smithja05.html,2023,2023-03-07,HOU,BRK,,"L, 96-118",,31:49,6,13,3,7,0,0,3,5,8,0,0,0,2,2,15
Jabari Smith Jr.,https://www.basketball-reference.com/players/s/smithja05.html,2023,2023-03-09,HOU,IND,@,"L, 125-134 (OT)",,46:56,10,19,3,5,7,9,3,9,12,3,2,1,1,1,30
Jabari Smith Jr.,https://www.basketball-reference.com/players/s/smithja05.html,2023,2023-03-11,HOU,CHI,,"L, 111-119",,36:02,8,14,2,5,2,2,3,7,10,2,1,2,1,3,20
Jabari Smith Jr.,https://www.basketball-reference.com/players/s/smithja05.html,2023,2023-03-13,HOU,BOS,,"W, 111-109",,35:49,9,11,5,6,1,2,3,8,11,3,1,1,1,2,24
Jabari Smith Jr.,https://www.basketball-reference.com/players/s/smithja05.html,2023,2023-03-15,HOU,LAL,,"W, 114-110",,36:32,6,17,2,7,4,8,2,4,6,1,0,1,2,5,18
Jabari Smith Jr.,https://www.basketball-reference.com/players/s/smithja05.html,2023,2023-03-17,HOU,NOP,,"W, 114-112",,28:57,5,8,1,3,0,0,2,6,8,1,1,1,2,4,11
Jabari Smith Jr.,https://www.basketball-reference.com/players/s/smithja05.html,2023,2023-03-19,HOU,NOP,,"L, 107-117",,38:08,2,10,0,4,4,4,0,4,4,0,0,0,0,2,8
Jabari Smith Jr.,https://www.basketball-reference.com/players/s/smithja05.html,2023,2023-03-20,HOU,GSW,,"L, 108-121",,38:56,7,15,1,4,2,4,4,7,11,2,1,1,0,2,17
Jabari Smith Jr.,https://www.basketball-reference.com/players/s/smithja05.html,2023,2023-03-22,HOU,MEM,@,"L, 125-130",,31:19,6,14,4,9,0,0,1,4,5,2,1,0,4,4,16
Jabari Smith Jr.,https://www.basketball-reference.com/players/s/smithja05.html,2023,2023-03-24,HOU,MEM,@,"L, 114-151",,29:26,9,16,2,4,0,0,3,5,8,0,0,1,0,2,20
Jabari Smith Jr.,https://www.basketball-reference.com/players/s/smithja05.html,2023,2023-03-26,HOU,CLE,@,"L, 91-108",,32:02,4,13,0,4,4,4,2,2,4,1,2,0,0,3,12
Jabari Smith Jr.,https://www.basketball-reference.com/players/s/smithja05.html,2023,2023-03-27,HOU,NYK,@,"L, 115-137",,29:44,6,13,0,1,2,2,4,7,11,6,1,1,0,2,14
Jabari Smith Jr.,https://www.basketball-reference.com/players/s/smithja05.html,2023,2023-03-29,HOU,BRK,@,"L, 114-123",,39:54,5,14,1,5,1,2,3,9,12,2,1,0,1,3,12
Jabari Smith Jr.,https://www.basketball-reference.com/players/s/smithja05.html,2023,2023-03-31,HOU,DET,,"W, 121-115",,36:47,4,14,1,6,4,4,2,9,11,1,0,2,0,4,13
Jabari Smith Jr.,https://www.basketball-reference.com/players/s/smithja05.html,2023,2023-04-02,HOU,LAL,,"L, 109-134",,33:05,6,12,2,4,0,0,1,5,6,1,0,1,0,4,14
Jabari Smith Jr.,https://www.basketball-reference.com/players/s/smithja05.html,2023,2023-04-04,HOU,DEN,,"W, 124-103",,35:36,6,14,0,1,4,5,5,8,13,1,1,1,0,1,16
Jabari Smith Jr.,https://www.basketball-reference.com/players/s/smithja05.html,2023,2023-04-07,HOU,CHO,@,"W, 112-109",,33:07,6,11,1,2,0,0,0,2,2,1,1,3,3,3,13
Jabari Smith Jr.,https://www.basketball-reference.com/players/s/smithja05.html,2023,2023-04-09,HOU,WAS,@,"W, 114-109",,31:01,6,11,1,3,7,8,1,4,5,0,0,1,1,3,20
TyTy Washington Jr.,https://www.basketball-reference.com/players/w/washity02.html,2023,2022-10-19,HOU,ATL,@,"L, 107-117",,,,,,,,,,,,,,,,,
TyTy Washington Jr.,https://www.basketball-reference.com/players/w/washity02.html,2023,2022-10-21,HOU,MEM,,"L, 122-129",,,,,,,,,,,,,,,,,
TyTy Washington Jr.,https://www.basketball-reference.com/players/w/washity02.html,2023,2022-10-22,HOU,MIL,@,"L, 105-125",,,,,,,,,,,,,,,,,
TyTy Washington Jr.,https://www.basketball-reference.com/players/w/washity02.html,2023,2022-10-24,HOU,UTA,,"W, 114-108",,,,,,,,,,,,,,,,,
TyTy Washington Jr.,https://www.basketball-reference.com/players/w/washity02.html,2023,2022-10-26,HOU,UTA,@,"L, 101-109",,,,,,,,,,,,,,,,,
TyTy Washington Jr.,https://www.basketball-reference.com/players/w/washity02.html,2023,2022-10-28,HOU,POR,@,"L, 111-125",,,,,,,,,,,,,,,,,
TyTy Washington Jr.,https://www.basketball-reference.com/players/w/washity02.html,2023,2022-10-30,HOU,PHO,@,"L, 109-124",,,,,,,,,,,,,,,,,
TyTy Washington Jr.,https://www.basketball-reference.com/players/w/washity02.html,2023,2022-10-31,HOU,LAC,@,"L, 93-95",,,,,,,,,,,,,,,,,
TyTy Washington Jr.,https://www.basketball-reference.com/players/w/washity02.html,2023,,,,,,,,,,,,,,,,,,,,,,
TyTy Washington Jr.,https://www.basketball-reference.com/players/w/washity02.html,2023,2022-11-02,HOU,LAC,,"L, 101-109",,,,,,,,,,,,,,,,,
TyTy Washington Jr.,https://www.basketball-reference.com/players/w/washity02.html,2023,2022-11-05,HOU,MIN,@,"L, 117-129",,,,,,,,,,,,,,,,,
TyTy Washington Jr.,https://www.basketball-reference.com/players/w/washity02.html,2023,2022-11-07,HOU,ORL,@,"W, 134-127",,,,,,,,,,,,,,,,,
TyTy Washington Jr.,https://www.basketball-reference.com/players/w/washity02.html,2023,2022-11-09,HOU,TOR,@,"L, 109-116",,,,,,,,,,,,,,,,,
TyTy Washington Jr.,https://www.basketball-reference.com/players/w/washity02.html,2023,2022-11-12,HOU,NOP,@,"L, 106-119",,,,,,,,,,,,,,,,,
TyTy Washington Jr.,https://www.basketball-reference.com/players/w/washity02.html,2023,2022-11-14,HOU,LAC,,"L, 106-122",,04:15,0,0,0,0,1,2,0,0,0,0,0,0,0,0,1
TyTy Washington Jr.,https://www.basketball-reference.com/players/w/washity02.html,2023,2022-11-16,HOU,DAL,@,"W, 101-92",,,,,,,,,,,,,,,,,
TyTy Washington Jr.,https://www.basketball-reference.com/players/w/washity02.html,2023,2022-11-18,HOU,IND,,"L, 91-99",,,,,,,,,,,,,,,,,
TyTy Washington Jr.,https://www.basketball-reference.com/players/w/washity02.html,2023,2022-11-20,HOU,GSW,,"L, 120-127",,,,,,,,,,,,,,,,,
TyTy Washington Jr.,https://www.basketball-reference.com/players/w/washity02.html,2023,2022-11-25,HOU,ATL,,"W, 128-122",,,,,,,,,,,,,,,,,
TyTy Washington Jr.,https://www.basketball-reference.com/players/w/washity02.html,2023,2022-11-26,HOU,OKC,,"W, 118-105",,,,,,,,,,,,,,,,,
TyTy Washington Jr.,https://www.basketball-reference.com/players/w/washity02.html,2023,2022-11-28,HOU,DEN,@,"L, 113-129",,,,,,,,,,,,,,,,,
TyTy Washington Jr.,https://www.basketball-reference.com/players/w/washity02.html,2023,2022-11-30,HOU,DEN,@,"L, 100-120",,,,,,,,,,,,,,,,,
TyTy Washington Jr.,https://www.basketball-reference.com/players/w/washity02.html,2023,2022-12-02,HOU,PHO,@,"W, 122-121",,,,,,,,,,,,,,,,,
TyTy Washington Jr.,https://www.basketball-reference.com/players/w/washity02.html,2023,2022-12-03,HOU,GSW,@,"L, 101-120",,,,,,,,,,,,,,,,,
TyTy Washington Jr.,https://www.basketball-reference.com/players/w/washity02.html,2023,2022-12-05,HOU,PHI,,"W, 132-123 (2OT)",,,,,,,,,,,,,,,,,
TyTy Washington Jr.,https://www.basketball-reference.com/players/w/washity02.html,2023,2022-12-08,HOU,SAS,@,"L, 109-118",,04:30,1,2,0,1,0,0,0,0,0,0,0,0,0,1,2
TyTy Washington Jr.,https://www.basketball-reference.com/players/w/washity02.html,2023,2022-12-11,HOU,MIL,,"W, 97-92",,,,,,,,,,,,,,,,,
TyTy Washington Jr.,https://www.basketball-reference.com/players/w/washity02.html,2023,2022-12-13,HOU,PHO,,"W, 111-97",,,,,,,,,,,,,,,,,
TyTy Washington Jr.,https://www.basketball-reference.com/players/w/washity02.html,2023,2022-12-15,HOU,MIA,,"L, 108-111",,12:11,1,2,0,1,0,0,0,3,3,5,0,0,0,1,2
TyTy Washington Jr.,https://www.basketball-reference.com/players/w/washity02.html,2023,2022-12-17,HOU,POR,,"L, 95-107",,15:26,3,6,0,2,0,0,1,2,3,2,1,0,0,2,6
TyTy Washington Jr.,https://www.basketball-reference.com/players/w/washity02.html,2023,2022-12-19,HOU,SAS,,"L, 105-124",,04:01,4,5,1,2,0,0,0,0,0,0,0,0,0,0,9
TyTy Washington Jr.,https://www.basketball-reference.com/players/w/washity02.html,2023,2022-12-21,HOU,ORL,,"L, 110-116",,,,,,,,,,,,,,,,,
TyTy Washington Jr.,https://www.basketball-reference.com/players/w/washity02.html,2023,2022-12-23,HOU,DAL,,"L, 106-112",,12:05,1,5,0,1,0,0,0,1,1,1,0,0,0,1,2
TyTy Washington Jr.,https://www.basketball-reference.com/players/w/washity02.html,2023,2022-12-26,HOU,CHI,@,"W, 133-118",,07:34,0,3,0,2,0,0,0,1,1,2,2,0,1,0,0
TyTy Washington Jr.,https://www.basketball-reference.com/players/w/washity02.html,2023,2022-12-27,HOU,BOS,@,"L, 102-126",,20:20,4,10,2,5,0,0,0,5,5,3,1,0,0,1,10
TyTy Washington Jr.,https://www.basketball-reference.com/players/w/washity02.html,2023,2022-12-29,HOU,DAL,@,"L, 114-129",,13:52,1,6,0,3,1,2,0,0,0,1,0,0,0,1,3
TyTy Washington Jr.,https://www.basketball-reference.com/players/w/washity02.html,2023,2022-12-31,HOU,NYK,,"L, 88-108",,12:35,0,3,0,2,1,2,0,2,2,0,0,0,0,3,1
TyTy Washington Jr.,https://www.basketball-reference.com/players/w/washity02.html,2023,2023-01-02,HOU,DAL,,"L, 106-111",,08:07,1,2,0,1,0,0,0,0,0,1,0,0,0,0,2
TyTy Washington Jr.,https://www.basketball-reference.com/players/w/washity02.html,2023,2023-01-04,HOU,NOP,@,"L, 108-119",,12:51,0,2,0,1,0,0,0,1,1,0,1,0,2,4,0
TyTy Washington Jr.,https://www.basketball-reference.com/players/w/washity02.html,2023,2023-01-05,HOU,UTA,,"L, 114-131",,,,,,,,,,,,,,,,,
TyTy Washington Jr.,https://www.basketball-reference.com/players/w/washity02.html,2023,2023-01-08,HOU,MIN,,"L, 96-104",,,,,,,,,,,,,,,,,
TyTy Washington Jr.,https://www.basketball-reference.com/players/w/washity02.html,2023,2023-01-11,HOU,SAC,@,"L, 115-135",,,,,,,,,,,,,,,,,
TyTy Washington Jr.,https://www.basketball-reference.com/players/w/washity02.html,2023,2023-01-13,HOU,SAC,@,"L, 114-139",,,,,,,,,,,,,,,,,
TyTy Washington Jr.,https://www.basketball-reference.com/players/w/washity02.html,2023,2023-01-15,HOU,LAC,@,"L, 100-121",,12:24,1,4,0,2,0,0,0,0,0,2,0,0,1,1,2
TyTy Washington Jr.,https://www.basketball-reference.com/players/w/washity02.html,2023,2023-01-16,HOU,LAL,@,"L, 132-140",,,,,,,,,,,,,,,,,
TyTy Washington Jr.,https://www.basketball-reference.com/players/w/washity02.html,2023,2023-01-18,HOU,CHO,,"L, 117-122",,,,,,,,,,,,,,,,,
TyTy Washington Jr.,https://www.basketball-reference.com/players/w/washity02.html,2023,2023-01-21,HOU,MIN,@,"L, 104-113",,14:49,1,3,1,3,0,0,0,2,2,1,1,0,0,3,3
TyTy Washington Jr.,https://www.basketball-reference.com/players/w/washity02.html,2023,2023-01-23,HOU,MIN,,"W, 119-114",,12:53,0,3,0,1,0,0,0,1,1,1,1,0,1,0,0
TyTy Washington Jr.,https://www.basketball-reference.com/players/w/washity02.html,2023,2023-01-25,HOU,WAS,,"L, 103-108",,,,,,,,,,,,,,,,,
TyTy Washington Jr.,https://www.basketball-reference.com/players/w/washity02.html,2023,2023-01-26,HOU,CLE,,"L, 95-113",,28:46,4,10,1,5,1,2,0,3,3,3,1,0,3,1,10
TyTy Washington Jr.,https://www.basketball-reference.com/players/w/washity02.html,2023,2023-01-28,HOU,DET,@,"W, 117-114",,03:45,1,2,0,1,0,0,0,0,0,0,0,0,1,1,2
TyTy Washington Jr.,https://www.basketball-reference.com/players/w/washity02.html,2023,2023-02-01,HOU,OKC,,"W, 112-106",,,,,,,,,,,,,,,,,
TyTy Washington Jr.,https://www.basketball-reference.com/players/w/washity02.html,2023,2023-02-03,HOU,TOR,,"L, 111-117",,02:07,0,1,0,0,0,0,0,0,0,0,0,0,0,0,0
TyTy Washington Jr.,https://www.basketball-reference.com/players/w/washity02.html,2023,2023-02-04,HOU,OKC,@,"L, 121-153",,25:01,9,16,2,7,0,0,0,0,0,2,0,1,0,3,20
TyTy Washington Jr.,https://www.basketball-reference.com/players/w/washity02.html,2023,2023-02-06,HOU,SAC,,"L, 120-140",,02:27,1,3,0,1,0,0,0,0,0,0,0,0,0,0,2
TyTy Washington Jr.,https://www.basketball-reference.com/players/w/washity02.html,2023,2023-02-08,HOU,SAC,,"L, 128-130",,,,,,,,,,,,,,,,,
TyTy Washington Jr.,https://www.basketball-reference.com/players/w/washity02.html,2023,2023-02-10,HOU,MIA,@,"L, 95-97",,22:38,2,7,0,3,2,3,1,5,6,6,0,0,0,1,6
TyTy Washington Jr.,https://www.basketball-reference.com/players/w/washity02.html,2023,2023-02-13,HOU,PHI,@,"L, 104-123",,20:14,2,5,0,0,0,0,0,2,2,3,1,0,0,2,4
TyTy Washington Jr.,https://www.basketball-reference.com/players/w/washity02.html,2023,2023-02-15,HOU,OKC,@,"L, 96-133",,18:55,3,11,2,6,0,0,0,1,1,0,0,0,0,0,8
TyTy Washington Jr.,https://www.basketball-reference.com/players/w/washity02.html,2023,2023-02-24,HOU,GSW,@,"L, 101-116",,33:39,5,12,3,6,2,3,0,2,2,4,2,0,1,1,15
TyTy Washington Jr.,https://www.basketball-reference.com/players/w/washity02.html,2023,2023-02-26,HOU,POR,@,"L, 114-131",,31:55,3,10,2,7,2,2,0,4,4,3,1,0,1,0,10
TyTy Washington Jr.,https://www.basketball-reference.com/players/w/washity02.html,2023,2023-02-28,HOU,DEN,,"L, 112-133",,28:20,5,10,2,5,0,0,0,1,1,5,0,1,1,0,12
TyTy Washington Jr.,https://www.basketball-reference.com/players/w/washity02.html,2023,2023-03-01,HOU,MEM,,"L, 99-113",,04:58,0,5,0,4,0,0,0,1,1,0,0,0,1,0,0
TyTy Washington Jr.,https://www.basketball-reference.com/players/w/washity02.html,2023,2023-03-04,HOU,SAS,@,"W, 122-110",,,,,,,,,,,,,,,,,
TyTy Washington Jr.,https://www.basketball-reference.com/players/w/washity02.html,2023,2023-03-05,HOU,SAS,,"W, 142-110",,06:42,2,4,1,3,0,0,0,1,1,2,0,0,1,0,5
TyTy Washington Jr.,https://www.basketball-reference.com/players/w/washity02.html,2023,2023-03-07,HOU,BRK,,"L, 96-118",,03:12,0,1,0,1,0,0,0,1,1,0,1,0,0,0,0
TyTy Washington Jr.,https://www.basketball-reference.com/players/w/washity02.html,2023,2023-03-09,HOU,IND,@,"L, 125-134 (OT)",,,,,,,,,,,,,,,,,
TyTy Washington Jr.,https://www.basketball-reference.com/players/w/washity02.html,2023,2023-03-11,HOU,CHI,,"L, 111-119",,,,,,,,,,,,,,,,,
TyTy Washington Jr.,https://www.basketball-reference.com/players/w/washity02.html,2023,2023-03-13,HOU,BOS,,"W, 111-109",,11:20,0,2,0,2,0,0,0,1,1,0,0,0,0,0,0
TyTy Washington Jr.,https://www.basketball-reference.com/players/w/washity02.html,2023,2023-03-15,HOU,LAL,,"W, 114-110",,,,,,,,,,,,,,,,,
TyTy Washington Jr.,https://www.basketball-reference.com/players/w/washity02.html,2023,2023-03-17,HOU,NOP,,"W, 114-112",,,,,,,,,,,,,,,,,
TyTy Washington Jr.,https://www.basketball-reference.com/players/w/washity02.html,2023,2023-03-19,HOU,NOP,,"L, 107-117",,,,,,,,,,,,,,,,,
TyTy Washington Jr.,https://www.basketball-reference.com/players/w/washity02.html,2023,2023-03-20,HOU,GSW,,"L, 108-121",,,,,,,,,,,,,,,,,
TyTy Washington Jr.,https://www.basketball-reference.com/players/w/washity02.html,2023,2023-03-22,HOU,MEM,@,"L, 125-130",,,,,,,,,,,,,,,,,
TyTy Washington Jr.,https://www.basketball-reference.com/players/w/washity02.html,2023,2023-03-24,HOU,MEM,@,"L, 114-151",,,,,,,,,,,,,,,,,
TyTy Washington Jr.,https://www.basketball-reference.com/players/w/washity02.html,2023,2023-03-26,HOU,CLE,@,"L, 91-108",,,,,,,,,,,,,,,,,
TyTy Washington Jr.,https://www.basketball-reference.com/players/w/washity02.html,2023,2023-03-27,HOU,NYK,@,"L, 115-137",,,,,,,,,,,,,,,,,
TyTy Washington Jr.,https://www.basketball-reference.com/players/w/washity02.html,2023,2023-03-29,HOU,BRK,@,"L, 114-123",,,,,,,,,,,,,,,,,
TyTy Washington Jr.,https://www.basketball-reference.com/players/w/washity02.html,2023,2023-03-31,HOU,DET,,"W, 121-115",,,,,,,,,,,,,,,,,
TyTy Washington Jr.,https://www.basketball-reference.com/players/w/washity02.html,2023,2023-04-02,HOU,LAL,,"L, 109-134",,,,,,,,,,,,,,,,,
TyTy Washington Jr.,https://www.basketball-reference.com/players/w/washity02.html,2023,2023-04-04,HOU,DEN,,"W, 124-103",,,,,,,,,,,,,,,,,
TyTy Washington Jr.,https://www.basketball-reference.com/players/w/washity02.html,2023,2023-04-07,HOU,CHO,@,"W, 112-109",,,,,,,,,,,,,,,,,
TyTy Washington Jr.,https://www.basketball-reference.com/players/w/washity02.html,2023,2023-04-09,HOU,WAS,@,"W, 114-109",,20:51,3,5,2,2,0,2,0,3,3,0,2,0,0,2,8
Kendall Brown,https://www.basketball-reference.com/players/b/brownke03.html,2023,2022-10-19,IND,WAS,,"L, 107-114",,,,,,,,,,,,,,,,,
Kendall Brown,https://www.basketball-reference.com/players/b/brownke03.html,2023,2022-10-21,IND,SAS,,"L, 134-137",,,,,,,,,,,,,,,,,
Kendall Brown,https://www.basketball-reference.com/players/b/brownke03.html,2023,2022-10-22,IND,DET,,"W, 124-115",,,,,,,,,,,,,,,,,
Kendall Brown,https://www.basketball-reference.com/players/b/brownke03.html,2023,2022-10-24,IND,PHI,@,"L, 106-120",,,,,,,,,,,,,,,,,
Kendall Brown,https://www.basketball-reference.com/players/b/brownke03.html,2023,2022-10-26,IND,CHI,@,"L, 109-124",,,,,,,,,,,,,,,,,
Kendall Brown,https://www.basketball-reference.com/players/b/brownke03.html,2023,2022-10-28,IND,WAS,@,"W, 127-117",,,,,,,,,,,,,,,,,
Kendall Brown,https://www.basketball-reference.com/players/b/brownke03.html,2023,2022-10-29,IND,BRK,@,"W, 125-116",,,,,,,,,,,,,,,,,
Kendall Brown,https://www.basketball-reference.com/players/b/brownke03.html,2023,2022-10-31,IND,BRK,@,"L, 109-116",,,,,,,,,,,,,,,,,
Kendall Brown,https://www.basketball-reference.com/players/b/brownke03.html,2023,,,,,,,,,,,,,,,,,,,,,,
Kendall Brown,https://www.basketball-reference.com/players/b/brownke03.html,2023,2022-11-04,IND,MIA,,"W, 101-99",,,,,,,,,,,,,,,,,
Kendall Brown,https://www.basketball-reference.com/players/b/brownke03.html,2023,2022-11-07,IND,NOP,,"W, 129-122",,,,,,,,,,,,,,,,,
Kendall Brown,https://www.basketball-reference.com/players/b/brownke03.html,2023,2022-11-09,IND,DEN,,"L, 119-122",,,,,,,,,,,,,,,,,
Kendall Brown,https://www.basketball-reference.com/players/b/brownke03.html,2023,2022-11-12,IND,TOR,,"W, 118-104",,,,,,,,,,,,,,,,,
Kendall Brown,https://www.basketball-reference.com/players/b/brownke03.html,2023,2022-11-16,IND,CHO,@,"W, 125-113",,,,,,,,,,,,,,,,,
Kendall Brown,https://www.basketball-reference.com/players/b/brownke03.html,2023,2022-11-18,IND,HOU,@,"W, 99-91",,,,,,,,,,,,,,,,,
Kendall Brown,https://www.basketball-reference.com/players/b/brownke03.html,2023,2022-11-19,IND,ORL,,"W, 114-113",,,,,,,,,,,,,,,,,
Kendall Brown,https://www.basketball-reference.com/players/b/brownke03.html,2023,2022-11-21,IND,ORL,,"W, 123-102",,,,,,,,,,,,,,,,,
Kendall Brown,https://www.basketball-reference.com/players/b/brownke03.html,2023,2022-11-23,IND,MIN,,"L, 101-115",,01:39,1,1,0,0,0,0,0,0,0,0,1,0,0,0,2
Kendall Brown,https://www.basketball-reference.com/players/b/brownke03.html,2023,2022-11-25,IND,BRK,,"W, 128-117",,,,,,,,,,,,,,,,,
Kendall Brown,https://www.basketball-reference.com/players/b/brownke03.html,2023,2022-11-27,IND,LAC,@,"L, 100-114",,06:15,0,0,0,0,0,0,0,0,0,1,1,0,0,2,0
Kendall Brown,https://www.basketball-reference.com/players/b/brownke03.html,2023,2022-11-28,IND,LAL,@,"W, 116-115",,,,,,,,,,,,,,,,,
Kendall Brown,https://www.basketball-reference.com/players/b/brownke03.html,2023,2022-11-30,IND,SAC,@,"L, 114-137",,,,,,,,,,,,,,,,,
Kendall Brown,https://www.basketball-reference.com/players/b/brownke03.html,2023,2022-12-02,IND,UTA,@,"L, 119-139",,07:18,2,2,0,0,0,0,0,1,1,0,1,0,0,1,4
Kendall Brown,https://www.basketball-reference.com/players/b/brownke03.html,2023,2022-12-04,IND,POR,@,"L, 100-116",,02:09,0,1,0,0,0,0,0,0,0,0,0,0,0,0,0
Kendall Brown,https://www.basketball-reference.com/players/b/brownke03.html,2023,2022-12-05,IND,GSW,@,"W, 112-104",,17:59,1,3,0,1,1,2,2,3,5,2,0,0,1,3,3
Kendall Brown,https://www.basketball-reference.com/players/b/brownke03.html,2023,2022-12-07,IND,MIN,@,"L, 115-121",,04:58,0,0,0,0,0,0,0,0,0,0,1,0,1,3,0
Kendall Brown,https://www.basketball-reference.com/players/b/brownke03.html,2023,2022-12-09,IND,WAS,,"W, 121-111",,,,,,,,,,,,,,,,,
Kendall Brown,https://www.basketball-reference.com/players/b/brownke03.html,2023,2022-12-10,IND,BRK,,"L, 133-136",,,,,,,,,,,,,,,,,
Kendall Brown,https://www.basketball-reference.com/players/b/brownke03.html,2023,2022-12-12,IND,MIA,,"L, 82-87",,,,,,,,,,,,,,,,,
Kendall Brown,https://www.basketball-reference.com/players/b/brownke03.html,2023,2022-12-14,IND,GSW,,"W, 125-119",,,,,,,,,,,,,,,,,
Kendall Brown,https://www.basketball-reference.com/players/b/brownke03.html,2023,2022-12-16,IND,CLE,@,"L, 112-118",,,,,,,,,,,,,,,,,
Kendall Brown,https://www.basketball-reference.com/players/b/brownke03.html,2023,2022-12-18,IND,NYK,,"L, 106-109",,,,,,,,,,,,,,,,,
Kendall Brown,https://www.basketball-reference.com/players/b/brownke03.html,2023,2022-12-21,IND,BOS,@,"W, 117-112",,,,,,,,,,,,,,,,,
Kendall Brown,https://www.basketball-reference.com/players/b/brownke03.html,2023,2022-12-23,IND,MIA,@,"W, 111-108",,,,,,,,,,,,,,,,,
Kendall Brown,https://www.basketball-reference.com/players/b/brownke03.html,2023,2022-12-26,IND,NOP,@,"L, 93-113",,,,,,,,,,,,,,,,,
Kendall Brown,https://www.basketball-reference.com/players/b/brownke03.html,2023,2022-12-27,IND,ATL,,"W, 129-114",,,,,,,,,,,,,,,,,
Kendall Brown,https://www.basketball-reference.com/players/b/brownke03.html,2023,2022-12-29,IND,CLE,,"W, 135-126",,,,,,,,,,,,,,,,,
Kendall Brown,https://www.basketball-reference.com/players/b/brownke03.html,2023,2022-12-31,IND,LAC,,"W, 131-130",,,,,,,,,,,,,,,,,
Kendall Brown,https://www.basketball-reference.com/players/b/brownke03.html,2023,2023-01-02,IND,TOR,,"W, 122-114",,,,,,,,,,,,,,,,,
Kendall Brown,https://www.basketball-reference.com/players/b/brownke03.html,2023,2023-01-04,IND,PHI,@,"L, 126-129 (OT)",,,,,,,,,,,,,,,,,
Kendall Brown,https://www.basketball-reference.com/players/b/brownke03.html,2023,2023-01-06,IND,POR,,"W, 108-99",,,,,,,,,,,,,,,,,
Kendall Brown,https://www.basketball-reference.com/players/b/brownke03.html,2023,2023-01-08,IND,CHO,,"W, 116-111",,,,,,,,,,,,,,,,,
Kendall Brown,https://www.basketball-reference.com/players/b/brownke03.html,2023,2023-01-11,IND,NYK,@,"L, 113-119",,,,,,,,,,,,,,,,,
Kendall Brown,https://www.basketball-reference.com/players/b/brownke03.html,2023,2023-01-13,IND,ATL,,"L, 111-113",,,,,,,,,,,,,,,,,
Kendall Brown,https://www.basketball-reference.com/players/b/brownke03.html,2023,2023-01-14,IND,MEM,,"L, 112-130",,,,,,,,,,,,,,,,,
Kendall Brown,https://www.basketball-reference.com/players/b/brownke03.html,2023,2023-01-16,IND,MIL,@,"L, 119-132",,,,,,,,,,,,,,,,,
Kendall Brown,https://www.basketball-reference.com/players/b/brownke03.html,2023,2023-01-18,IND,OKC,@,"L, 106-126",,,,,,,,,,,,,,,,,
Kendall Brown,https://www.basketball-reference.com/players/b/brownke03.html,2023,2023-01-20,IND,DEN,@,"L, 111-134",,,,,,,,,,,,,,,,,
Kendall Brown,https://www.basketball-reference.com/players/b/brownke03.html,2023,2023-01-21,IND,PHO,@,"L, 107-112",,,,,,,,,,,,,,,,,
Kendall Brown,https://www.basketball-reference.com/players/b/brownke03.html,2023,2023-01-24,IND,CHI,,"W, 116-110",,,,,,,,,,,,,,,,,
Kendall Brown,https://www.basketball-reference.com/players/b/brownke03.html,2023,2023-01-25,IND,ORL,@,"L, 120-126",,,,,,,,,,,,,,,,,
Kendall Brown,https://www.basketball-reference.com/players/b/brownke03.html,2023,2023-01-27,IND,MIL,,"L, 131-141",,,,,,,,,,,,,,,,,
Kendall Brown,https://www.basketball-reference.com/players/b/brownke03.html,2023,2023-01-29,IND,MEM,@,"L, 100-112",,,,,,,,,,,,,,,,,
Kendall Brown,https://www.basketball-reference.com/players/b/brownke03.html,2023,2023-02-02,IND,LAL,,"L, 111-112",,,,,,,,,,,,,,,,,
Kendall Brown,https://www.basketball-reference.com/players/b/brownke03.html,2023,2023-02-03,IND,SAC,,"W, 107-104",,,,,,,,,,,,,,,,,
Kendall Brown,https://www.basketball-reference.com/players/b/brownke03.html,2023,2023-02-05,IND,CLE,,"L, 103-122",,,,,,,,,,,,,,,,,
Kendall Brown,https://www.basketball-reference.com/players/b/brownke03.html,2023,2023-02-08,IND,MIA,@,"L, 111-116",,,,,,,,,,,,,,,,,
Kendall Brown,https://www.basketball-reference.com/players/b/brownke03.html,2023,2023-02-10,IND,PHO,,"L, 104-117",,,,,,,,,,,,,,,,,
Kendall Brown,https://www.basketball-reference.com/players/b/brownke03.html,2023,2023-02-11,IND,WAS,@,"L, 113-127",,,,,,,,,,,,,,,,,
Kendall Brown,https://www.basketball-reference.com/players/b/brownke03.html,2023,2023-02-13,IND,UTA,,"L, 117-123",,,,,,,,,,,,,,,,,
Kendall Brown,https://www.basketball-reference.com/players/b/brownke03.html,2023,2023-02-15,IND,CHI,,"W, 117-113",,,,,,,,,,,,,,,,,
Kendall Brown,https://www.basketball-reference.com/players/b/brownke03.html,2023,2023-02-23,IND,BOS,,"L, 138-142 (OT)",,,,,,,,,,,,,,,,,
Kendall Brown,https://www.basketball-reference.com/players/b/brownke03.html,2023,2023-02-25,IND,ORL,@,"W, 121-108",,,,,,,,,,,,,,,,,
Kendall Brown,https://www.basketball-reference.com/players/b/brownke03.html,2023,2023-02-28,IND,DAL,@,"W, 124-122",,,,,,,,,,,,,,,,,
Kendall Brown,https://www.basketball-reference.com/players/b/brownke03.html,2023,2023-03-02,IND,SAS,@,"L, 99-110",,,,,,,,,,,,,,,,,
Kendall Brown,https://www.basketball-reference.com/players/b/brownke03.html,2023,2023-03-05,IND,CHI,@,"W, 125-122",,,,,,,,,,,,,,,,,
Kendall Brown,https://www.basketball-reference.com/players/b/brownke03.html,2023,2023-03-06,IND,PHI,,"L, 143-147",,,,,,,,,,,,,,,,,
Kendall Brown,https://www.basketball-reference.com/players/b/brownke03.html,2023,2023-03-09,IND,HOU,,"W, 134-125 (OT)",,,,,,,,,,,,,,,,,
Kendall Brown,https://www.basketball-reference.com/players/b/brownke03.html,2023,2023-03-11,IND,DET,@,"W, 121-115",,,,,,,,,,,,,,,,,
Kendall Brown,https://www.basketball-reference.com/players/b/brownke03.html,2023,2023-03-13,IND,DET,@,"L, 97-117",,,,,,,,,,,,,,,,,
Kendall Brown,https://www.basketball-reference.com/players/b/brownke03.html,2023,2023-03-16,IND,MIL,@,"W, 139-123",,,,,,,,,,,,,,,,,
Kendall Brown,https://www.basketball-reference.com/players/b/brownke03.html,2023,2023-03-18,IND,PHI,,"L, 121-141",,,,,,,,,,,,,,,,,
Kendall Brown,https://www.basketball-reference.com/players/b/brownke03.html,2023,2023-03-20,IND,CHO,@,"L, 109-115",,,,,,,,,,,,,,,,,
Kendall Brown,https://www.basketball-reference.com/players/b/brownke03.html,2023,2023-03-22,IND,TOR,@,"W, 118-114",,,,,,,,,,,,,,,,,
Kendall Brown,https://www.basketball-reference.com/players/b/brownke03.html,2023,2023-03-24,IND,BOS,@,"L, 95-120",,,,,,,,,,,,,,,,,
Kendall Brown,https://www.basketball-reference.com/players/b/brownke03.html,2023,2023-03-25,IND,ATL,@,"L, 130-143",,,,,,,,,,,,,,,,,
Kendall Brown,https://www.basketball-reference.com/players/b/brownke03.html,2023,2023-03-27,IND,DAL,,"L, 104-127",,,,,,,,,,,,,,,,,
Kendall Brown,https://www.basketball-reference.com/players/b/brownke03.html,2023,2023-03-29,IND,MIL,,"L, 136-149",,,,,,,,,,,,,,,,,
Kendall Brown,https://www.basketball-reference.com/players/b/brownke03.html,2023,2023-03-31,IND,OKC,,"W, 121-117",,,,,,,,,,,,,,,,,
Kendall Brown,https://www.basketball-reference.com/players/b/brownke03.html,2023,2023-04-02,IND,CLE,@,"L, 105-115",,,,,,,,,,,,,,,,,
Kendall Brown,https://www.basketball-reference.com/players/b/brownke03.html,2023,2023-04-05,IND,NYK,,"L, 129-138",,,,,,,,,,,,,,,,,
Kendall Brown,https://www.basketball-reference.com/players/b/brownke03.html,2023,2023-04-07,IND,DET,,"L, 115-122",,,,,,,,,,,,,,,,,
Kendall Brown,https://www.basketball-reference.com/players/b/brownke03.html,2023,2023-04-09,IND,NYK,@,"W, 141-136",,,,,,,,,,,,,,,,,
Bennedict Mathurin,https://www.basketball-reference.com/players/m/mathube01.html,2023,2022-10-19,IND,WAS,,"L, 107-114",,27:50,7,15,3,7,2,5,2,5,7,2,2,0,3,3,19
Bennedict Mathurin,https://www.basketball-reference.com/players/m/mathube01.html,2023,2022-10-21,IND,SAS,,"L, 134-137",,28:00,8,15,3,6,7,8,1,4,5,2,0,0,0,3,26
Bennedict Mathurin,https://www.basketball-reference.com/players/m/mathube01.html,2023,2022-10-22,IND,DET,,"W, 124-115",,30:39,10,18,5,8,2,2,1,6,7,2,0,0,2,3,27
Bennedict Mathurin,https://www.basketball-reference.com/players/m/mathube01.html,2023,2022-10-24,IND,PHI,@,"L, 106-120",,24:44,6,16,1,7,4,4,2,2,4,2,0,0,3,3,17
Bennedict Mathurin,https://www.basketball-reference.com/players/m/mathube01.html,2023,2022-10-26,IND,CHI,@,"L, 109-124",,26:32,3,11,0,3,9,10,1,1,2,4,2,0,2,2,15
Bennedict Mathurin,https://www.basketball-reference.com/players/m/mathube01.html,2023,2022-10-28,IND,WAS,@,"W, 127-117",,23:04,4,11,1,4,2,2,1,1,2,2,0,0,1,1,11
Bennedict Mathurin,https://www.basketball-reference.com/players/m/mathube01.html,2023,2022-10-29,IND,BRK,@,"W, 125-116",,33:06,8,16,6,9,10,10,2,3,5,2,0,0,2,4,32
Bennedict Mathurin,https://www.basketball-reference.com/players/m/mathube01.html,2023,2022-10-31,IND,BRK,@,"L, 109-116",,22:11,6,12,2,5,2,3,2,0,2,1,0,0,4,1,16
Bennedict Mathurin,https://www.basketball-reference.com/players/m/mathube01.html,2023,,,,,,,,,,,,,,,,,,,,,,
Bennedict Mathurin,https://www.basketball-reference.com/players/m/mathube01.html,2023,2022-11-04,IND,MIA,,"W, 101-99",,36:42,5,11,3,7,10,12,0,1,1,2,0,1,3,1,23
Bennedict Mathurin,https://www.basketball-reference.com/players/m/mathube01.html,2023,2022-11-07,IND,NOP,,"W, 129-122",,30:08,2,8,1,6,3,3,0,2,2,5,0,0,4,1,8
Bennedict Mathurin,https://www.basketball-reference.com/players/m/mathube01.html,2023,2022-11-09,IND,DEN,,"L, 119-122",,24:42,10,17,6,9,4,6,0,2,2,0,1,0,4,3,30
Bennedict Mathurin,https://www.basketball-reference.com/players/m/mathube01.html,2023,2022-11-12,IND,TOR,,"W, 118-104",,30:00,4,10,3,4,4,6,3,5,8,3,0,0,1,2,15
Bennedict Mathurin,https://www.basketball-reference.com/players/m/mathube01.html,2023,2022-11-16,IND,CHO,@,"W, 125-113",,21:44,7,13,1,2,5,6,2,1,3,0,0,0,1,1,20
Bennedict Mathurin,https://www.basketball-reference.com/players/m/mathube01.html,2023,2022-11-18,IND,HOU,@,"W, 99-91",,29:01,4,14,1,5,6,8,1,3,4,2,2,0,2,3,15
Bennedict Mathurin,https://www.basketball-reference.com/players/m/mathube01.html,2023,2022-11-19,IND,ORL,,"W, 114-113",,26:48,4,12,2,7,2,2,1,3,4,1,0,0,2,1,12
Bennedict Mathurin,https://www.basketball-reference.com/players/m/mathube01.html,2023,2022-11-21,IND,ORL,,"W, 123-102",,26:31,6,13,2,6,8,10,3,2,5,1,0,0,3,3,22
Bennedict Mathurin,https://www.basketball-reference.com/players/m/mathube01.html,2023,2022-11-23,IND,MIN,,"L, 101-115",,33:02,5,11,2,2,9,12,2,1,3,0,1,0,2,1,21
Bennedict Mathurin,https://www.basketball-reference.com/players/m/mathube01.html,2023,2022-11-25,IND,BRK,,"W, 128-117",,29:40,6,15,2,7,6,9,1,3,4,0,2,1,0,0,20
Bennedict Mathurin,https://www.basketball-reference.com/players/m/mathube01.html,2023,2022-11-27,IND,LAC,@,"L, 100-114",,25:18,4,11,1,3,0,0,0,3,3,0,1,0,0,2,9
Bennedict Mathurin,https://www.basketball-reference.com/players/m/mathube01.html,2023,2022-11-28,IND,LAL,@,"W, 116-115",,31:42,10,22,3,8,0,0,2,6,8,1,1,0,2,0,23
Bennedict Mathurin,https://www.basketball-reference.com/players/m/mathube01.html,2023,2022-11-30,IND,SAC,@,"L, 114-137",,25:58,6,17,0,4,10,11,1,1,2,0,1,0,2,2,22
Bennedict Mathurin,https://www.basketball-reference.com/players/m/mathube01.html,2023,2022-12-02,IND,UTA,@,"L, 119-139",,25:09,3,10,0,1,6,9,1,3,4,3,0,0,0,4,12
Bennedict Mathurin,https://www.basketball-reference.com/players/m/mathube01.html,2023,2022-12-04,IND,POR,@,"L, 100-116",,32:11,5,15,0,2,0,0,0,3,3,1,2,0,1,2,10
Bennedict Mathurin,https://www.basketball-reference.com/players/m/mathube01.html,2023,2022-12-05,IND,GSW,@,"W, 112-104",,39:56,4,16,0,6,6,8,0,2,2,1,0,0,0,1,14
Bennedict Mathurin,https://www.basketball-reference.com/players/m/mathube01.html,2023,2022-12-07,IND,MIN,@,"L, 115-121",,31:55,5,16,1,5,3,6,1,4,5,1,1,0,2,0,14
Bennedict Mathurin,https://www.basketball-reference.com/players/m/mathube01.html,2023,2022-12-09,IND,WAS,,"W, 121-111",,32:19,8,15,2,7,0,0,3,5,8,1,1,0,4,1,18
Bennedict Mathurin,https://www.basketball-reference.com/players/m/mathube01.html,2023,2022-12-10,IND,BRK,,"L, 133-136",,26:22,4,9,0,3,5,5,1,6,7,3,0,0,2,2,13
Bennedict Mathurin,https://www.basketball-reference.com/players/m/mathube01.html,2023,2022-12-12,IND,MIA,,"L, 82-87",,28:02,2,7,1,6,4,4,0,1,1,0,0,0,1,1,9
Bennedict Mathurin,https://www.basketball-reference.com/players/m/mathube01.html,2023,2022-12-14,IND,GSW,,"W, 125-119",,36:21,8,14,4,7,4,4,0,6,6,3,1,0,1,5,24
Bennedict Mathurin,https://www.basketball-reference.com/players/m/mathube01.html,2023,2022-12-16,IND,CLE,@,"L, 112-118",,29:15,7,16,2,6,6,8,2,1,3,2,1,0,0,3,22
Bennedict Mathurin,https://www.basketball-reference.com/players/m/mathube01.html,2023,2022-12-18,IND,NYK,,"L, 106-109",,29:15,4,16,0,2,7,7,1,5,6,0,0,1,2,1,15
Bennedict Mathurin,https://www.basketball-reference.com/players/m/mathube01.html,2023,2022-12-21,IND,BOS,@,"W, 117-112",,23:41,3,9,1,4,0,0,1,3,4,0,1,0,1,2,7
Bennedict Mathurin,https://www.basketball-reference.com/players/m/mathube01.html,2023,2022-12-23,IND,MIA,@,"W, 111-108",,19:34,2,6,1,1,1,2,0,2,2,0,0,0,2,2,6
Bennedict Mathurin,https://www.basketball-reference.com/players/m/mathube01.html,2023,2022-12-26,IND,NOP,@,"L, 93-113",,22:25,4,11,1,5,6,6,0,1,1,2,1,0,1,3,15
Bennedict Mathurin,https://www.basketball-reference.com/players/m/mathube01.html,2023,2022-12-27,IND,ATL,,"W, 129-114",,25:33,6,10,0,4,6,6,0,2,2,3,0,0,2,2,18
Bennedict Mathurin,https://www.basketball-reference.com/players/m/mathube01.html,2023,2022-12-29,IND,CLE,,"W, 135-126",,31:07,7,14,1,3,8,9,0,3,3,1,1,0,2,2,23
Bennedict Mathurin,https://www.basketball-reference.com/players/m/mathube01.html,2023,2022-12-31,IND,LAC,,"W, 131-130",,20:26,4,9,0,3,7,10,1,3,4,1,0,0,2,1,15
Bennedict Mathurin,https://www.basketball-reference.com/players/m/mathube01.html,2023,2023-01-02,IND,TOR,,"W, 122-114",,27:03,6,9,2,2,7,10,0,3,3,0,1,0,2,0,21
Bennedict Mathurin,https://www.basketball-reference.com/players/m/mathube01.html,2023,2023-01-04,IND,PHI,@,"L, 126-129 (OT)",,30:52,5,15,0,2,9,10,3,1,4,2,1,0,1,4,19
Bennedict Mathurin,https://www.basketball-reference.com/players/m/mathube01.html,2023,2023-01-06,IND,POR,,"W, 108-99",,21:04,6,10,0,1,7,7,0,2,2,0,2,0,4,4,19
Bennedict Mathurin,https://www.basketball-reference.com/players/m/mathube01.html,2023,2023-01-08,IND,CHO,,"W, 116-111",,26:03,1,9,0,3,2,3,1,4,5,3,0,1,2,2,4
Bennedict Mathurin,https://www.basketball-reference.com/players/m/mathube01.html,2023,2023-01-11,IND,NYK,@,"L, 113-119",,27:47,7,13,1,4,5,9,1,5,6,1,0,0,2,3,20
Bennedict Mathurin,https://www.basketball-reference.com/players/m/mathube01.html,2023,2023-01-13,IND,ATL,,"L, 111-113",,39:13,9,18,0,1,8,11,2,3,5,3,1,0,3,3,26
Bennedict Mathurin,https://www.basketball-reference.com/players/m/mathube01.html,2023,2023-01-14,IND,MEM,,"L, 112-130",,23:45,5,13,2,4,4,4,0,3,3,0,0,0,2,1,16
Bennedict Mathurin,https://www.basketball-reference.com/players/m/mathube01.html,2023,2023-01-16,IND,MIL,@,"L, 119-132",,28:04,3,8,0,2,6,6,2,6,8,1,0,0,4,2,12
Bennedict Mathurin,https://www.basketball-reference.com/players/m/mathube01.html,2023,2023-01-18,IND,OKC,@,"L, 106-126",,22:28,4,10,3,6,2,2,0,5,5,0,0,0,2,2,13
Bennedict Mathurin,https://www.basketball-reference.com/players/m/mathube01.html,2023,2023-01-20,IND,DEN,@,"L, 111-134",,31:32,5,10,0,2,9,11,1,1,2,1,0,0,1,1,19
Bennedict Mathurin,https://www.basketball-reference.com/players/m/mathube01.html,2023,2023-01-21,IND,PHO,@,"L, 107-112",,37:36,6,17,0,3,11,11,1,4,5,0,1,0,0,5,23
Bennedict Mathurin,https://www.basketball-reference.com/players/m/mathube01.html,2023,2023-01-24,IND,CHI,,"W, 116-110",,34:12,10,17,1,5,5,7,1,6,7,2,0,0,0,2,26
Bennedict Mathurin,https://www.basketball-reference.com/players/m/mathube01.html,2023,2023-01-25,IND,ORL,@,"L, 120-126",,32:34,7,18,2,6,10,12,0,3,3,4,1,1,0,4,26
Bennedict Mathurin,https://www.basketball-reference.com/players/m/mathube01.html,2023,2023-01-27,IND,MIL,,"L, 131-141",,31:13,6,12,1,4,8,9,3,5,8,0,1,0,5,3,21
Bennedict Mathurin,https://www.basketball-reference.com/players/m/mathube01.html,2023,2023-01-29,IND,MEM,@,"L, 100-112",,31:12,9,20,2,6,7,8,4,4,8,3,1,0,2,0,27
Bennedict Mathurin,https://www.basketball-reference.com/players/m/mathube01.html,2023,2023-02-02,IND,LAL,,"L, 111-112",,20:04,2,5,1,3,0,0,0,4,4,1,0,0,2,1,5
Bennedict Mathurin,https://www.basketball-reference.com/players/m/mathube01.html,2023,2023-02-03,IND,SAC,,"W, 107-104",,27:32,4,9,1,3,5,6,1,3,4,0,1,0,3,1,14
Bennedict Mathurin,https://www.basketball-reference.com/players/m/mathube01.html,2023,2023-02-05,IND,CLE,,"L, 103-122",,27:10,4,11,0,2,1,1,1,5,6,0,0,0,2,3,9
Bennedict Mathurin,https://www.basketball-reference.com/players/m/mathube01.html,2023,2023-02-08,IND,MIA,@,"L, 111-116",,13:26,0,2,0,0,2,2,0,0,0,2,0,0,1,1,2
Bennedict Mathurin,https://www.basketball-reference.com/players/m/mathube01.html,2023,2023-02-10,IND,PHO,,"L, 104-117",,32:45,7,15,1,3,7,7,2,1,3,0,1,0,1,1,22
Bennedict Mathurin,https://www.basketball-reference.com/players/m/mathube01.html,2023,2023-02-11,IND,WAS,@,"L, 113-127",,30:59,7,18,1,7,1,1,2,1,3,4,1,0,0,4,16
Bennedict Mathurin,https://www.basketball-reference.com/players/m/mathube01.html,2023,2023-02-13,IND,UTA,,"L, 117-123",,31:50,8,13,1,3,4,4,1,3,4,2,0,1,3,1,21
Bennedict Mathurin,https://www.basketball-reference.com/players/m/mathube01.html,2023,2023-02-15,IND,CHI,,"W, 117-113",,23:22,5,10,2,4,2,3,1,3,4,2,2,0,2,1,14
Bennedict Mathurin,https://www.basketball-reference.com/players/m/mathube01.html,2023,2023-02-23,IND,BOS,,"L, 138-142 (OT)",,30:19,7,14,2,4,3,4,3,4,7,4,2,0,1,6,19
Bennedict Mathurin,https://www.basketball-reference.com/players/m/mathube01.html,2023,2023-02-25,IND,ORL,@,"W, 121-108",,28:45,6,13,2,4,5,6,1,1,2,1,1,1,1,4,19
Bennedict Mathurin,https://www.basketball-reference.com/players/m/mathube01.html,2023,2023-02-28,IND,DAL,@,"W, 124-122",,26:24,1,7,0,2,4,4,1,3,4,1,0,0,2,1,6
Bennedict Mathurin,https://www.basketball-reference.com/players/m/mathube01.html,2023,2023-03-02,IND,SAS,@,"L, 99-110",,14:47,3,6,1,2,0,0,0,4,4,0,0,1,3,2,7
Bennedict Mathurin,https://www.basketball-reference.com/players/m/mathube01.html,2023,2023-03-05,IND,CHI,@,"W, 125-122",,33:54,5,12,0,4,7,7,1,3,4,3,1,0,2,1,17
Bennedict Mathurin,https://www.basketball-reference.com/players/m/mathube01.html,2023,2023-03-06,IND,PHI,,"L, 143-147",,30:19,5,11,0,2,4,8,1,1,2,0,0,0,0,0,14
Bennedict Mathurin,https://www.basketball-reference.com/players/m/mathube01.html,2023,2023-03-09,IND,HOU,,"W, 134-125 (OT)",,03:00,0,2,0,1,0,0,0,0,0,0,0,0,0,1,0
Bennedict Mathurin,https://www.basketball-reference.com/players/m/mathube01.html,2023,2023-03-11,IND,DET,@,"W, 121-115",,,,,,,,,,,,,,,,,
Bennedict Mathurin,https://www.basketball-reference.com/players/m/mathube01.html,2023,2023-03-13,IND,DET,@,"L, 97-117",,,,,,,,,,,,,,,,,
Bennedict Mathurin,https://www.basketball-reference.com/players/m/mathube01.html,2023,2023-03-16,IND,MIL,@,"W, 139-123",,,,,,,,,,,,,,,,,
Bennedict Mathurin,https://www.basketball-reference.com/players/m/mathube01.html,2023,2023-03-18,IND,PHI,,"L, 121-141",,,,,,,,,,,,,,,,,
Bennedict Mathurin,https://www.basketball-reference.com/players/m/mathube01.html,2023,2023-03-20,IND,CHO,@,"L, 109-115",,30:15,7,10,1,1,3,4,1,2,3,2,1,0,3,2,18
Bennedict Mathurin,https://www.basketball-reference.com/players/m/mathube01.html,2023,2023-03-22,IND,TOR,@,"W, 118-114",,28:17,3,5,3,3,6,6,0,2,2,0,1,1,3,4,15
Bennedict Mathurin,https://www.basketball-reference.com/players/m/mathube01.html,2023,2023-03-24,IND,BOS,@,"L, 95-120",,25:03,1,4,0,1,0,0,0,1,1,2,0,0,3,2,2
Bennedict Mathurin,https://www.basketball-reference.com/players/m/mathube01.html,2023,2023-03-25,IND,ATL,@,"L, 130-143",,24:12,2,4,0,1,0,0,1,1,2,1,1,0,1,0,4
Bennedict Mathurin,https://www.basketball-reference.com/players/m/mathube01.html,2023,2023-03-27,IND,DAL,,"L, 104-127",,38:22,9,19,2,8,6,7,1,3,4,2,1,1,4,1,26
Bennedict Mathurin,https://www.basketball-reference.com/players/m/mathube01.html,2023,2023-03-29,IND,MIL,,"L, 136-149",,40:34,11,21,1,5,6,9,2,7,9,2,2,0,0,1,29
Bennedict Mathurin,https://www.basketball-reference.com/players/m/mathube01.html,2023,2023-03-31,IND,OKC,,"W, 121-117",,35:06,5,8,1,3,4,5,2,2,4,0,0,0,1,1,15
Bennedict Mathurin,https://www.basketball-reference.com/players/m/mathube01.html,2023,2023-04-02,IND,CLE,@,"L, 105-115",,32:35,5,12,1,2,8,8,3,6,9,0,0,2,4,5,19
Bennedict Mathurin,https://www.basketball-reference.com/players/m/mathube01.html,2023,2023-04-05,IND,NYK,,"L, 129-138",,32:27,6,17,1,3,4,6,3,5,8,4,0,0,6,3,17
Bennedict Mathurin,https://www.basketball-reference.com/players/m/mathube01.html,2023,2023-04-07,IND,DET,,"L, 115-122",,38:35,4,10,0,1,8,10,1,3,4,3,2,0,5,5,16
Bennedict Mathurin,https://www.basketball-reference.com/players/m/mathube01.html,2023,2023-04-09,IND,NYK,@,"W, 141-136",,36:49,6,13,2,3,12,13,0,3,3,6,0,1,3,2,26
Andrew Nembhard,https://www.basketball-reference.com/players/n/nembhan01.html,2023,2022-10-19,IND,WAS,,"L, 107-114",,,,,,,,,,,,,,,,,
Andrew Nembhard,https://www.basketball-reference.com/players/n/nembhan01.html,2023,2022-10-21,IND,SAS,,"L, 134-137",,30:20,5,12,2,7,2,2,1,2,3,3,2,0,0,4,14
Andrew Nembhard,https://www.basketball-reference.com/players/n/nembhan01.html,2023,2022-10-22,IND,DET,,"W, 124-115",,09:16,3,6,2,3,0,0,1,1,2,3,0,0,1,1,8
Andrew Nembhard,https://www.basketball-reference.com/players/n/nembhan01.html,2023,2022-10-24,IND,PHI,@,"L, 106-120",,21:53,2,6,1,5,0,0,0,3,3,4,0,0,0,0,5
Andrew Nembhard,https://www.basketball-reference.com/players/n/nembhan01.html,2023,2022-10-26,IND,CHI,@,"L, 109-124",,08:40,1,1,1,1,0,0,0,1,1,2,1,0,0,1,3
Andrew Nembhard,https://www.basketball-reference.com/players/n/nembhan01.html,2023,2022-10-28,IND,WAS,@,"W, 127-117",,16:02,1,2,1,1,0,0,0,1,1,2,0,0,1,2,3
Andrew Nembhard,https://www.basketball-reference.com/players/n/nembhan01.html,2023,2022-10-29,IND,BRK,@,"W, 125-116",,16:33,1,6,1,3,2,2,0,2,2,5,0,0,0,3,5
Andrew Nembhard,https://www.basketball-reference.com/players/n/nembhan01.html,2023,2022-10-31,IND,BRK,@,"L, 109-116",,06:45,0,1,0,1,0,0,1,0,1,0,1,1,1,1,0
Andrew Nembhard,https://www.basketball-reference.com/players/n/nembhan01.html,2023,,,,,,,,,,,,,,,,,,,,,,
Andrew Nembhard,https://www.basketball-reference.com/players/n/nembhan01.html,2023,2022-11-04,IND,MIA,,"W, 101-99",,27:46,2,8,0,4,0,0,0,3,3,6,0,0,1,4,4
Andrew Nembhard,https://www.basketball-reference.com/players/n/nembhan01.html,2023,2022-11-07,IND,NOP,,"W, 129-122",,33:34,6,11,3,4,0,0,1,2,3,5,2,0,3,3,15
Andrew Nembhard,https://www.basketball-reference.com/players/n/nembhan01.html,2023,2022-11-09,IND,DEN,,"L, 119-122",,28:56,3,6,1,3,1,1,0,4,4,4,2,0,4,2,8
Andrew Nembhard,https://www.basketball-reference.com/players/n/nembhan01.html,2023,2022-11-12,IND,TOR,,"W, 118-104",,21:33,3,5,2,3,0,0,0,2,2,3,0,0,1,3,8
Andrew Nembhard,https://www.basketball-reference.com/players/n/nembhan01.html,2023,2022-11-16,IND,CHO,@,"W, 125-113",,21:30,5,6,1,2,2,2,0,2,2,0,3,0,0,4,13
Andrew Nembhard,https://www.basketball-reference.com/players/n/nembhan01.html,2023,2022-11-18,IND,HOU,@,"W, 99-91",,21:27,3,6,2,4,0,0,0,1,1,4,0,0,0,4,8
Andrew Nembhard,https://www.basketball-reference.com/players/n/nembhan01.html,2023,2022-11-19,IND,ORL,,"W, 114-113",,17:54,0,2,0,1,0,0,1,1,2,2,1,0,0,1,0
Andrew Nembhard,https://www.basketball-reference.com/players/n/nembhan01.html,2023,2022-11-21,IND,ORL,,"W, 123-102",,,,,,,,,,,,,,,,,
Andrew Nembhard,https://www.basketball-reference.com/players/n/nembhan01.html,2023,2022-11-23,IND,MIN,,"L, 101-115",,,,,,,,,,,,,,,,,
Andrew Nembhard,https://www.basketball-reference.com/players/n/nembhan01.html,2023,2022-11-25,IND,BRK,,"W, 128-117",,,,,,,,,,,,,,,,,
Andrew Nembhard,https://www.basketball-reference.com/players/n/nembhan01.html,2023,2022-11-27,IND,LAC,@,"L, 100-114",,,,,,,,,,,,,,,,,
Andrew Nembhard,https://www.basketball-reference.com/players/n/nembhan01.html,2023,2022-11-28,IND,LAL,@,"W, 116-115",,28:46,4,8,4,7,0,0,1,3,4,1,1,2,2,4,12
Andrew Nembhard,https://www.basketball-reference.com/players/n/nembhan01.html,2023,2022-11-30,IND,SAC,@,"L, 114-137",,26:57,3,7,0,3,0,0,0,2,2,4,0,0,2,3,6
Andrew Nembhard,https://www.basketball-reference.com/players/n/nembhan01.html,2023,2022-12-02,IND,UTA,@,"L, 119-139",,35:27,4,10,2,5,3,3,2,2,4,10,2,0,2,5,13
Andrew Nembhard,https://www.basketball-reference.com/players/n/nembhan01.html,2023,2022-12-04,IND,POR,@,"L, 100-116",,37:20,7,12,2,6,0,0,1,5,6,8,1,0,3,2,16
Andrew Nembhard,https://www.basketball-reference.com/players/n/nembhan01.html,2023,2022-12-05,IND,GSW,@,"W, 112-104",,41:18,13,21,5,7,0,1,0,8,8,13,1,0,4,3,31
Andrew Nembhard,https://www.basketball-reference.com/players/n/nembhan01.html,2023,2022-12-07,IND,MIN,@,"L, 115-121",,31:45,3,10,1,4,0,0,1,5,6,3,2,0,3,3,7
Andrew Nembhard,https://www.basketball-reference.com/players/n/nembhan01.html,2023,2022-12-09,IND,WAS,,"W, 121-111",,29:22,1,3,1,3,0,0,0,3,3,2,1,0,0,6,3
Andrew Nembhard,https://www.basketball-reference.com/players/n/nembhan01.html,2023,2022-12-10,IND,BRK,,"L, 133-136",,31:43,2,6,1,4,0,0,0,2,2,7,2,0,2,2,5
Andrew Nembhard,https://www.basketball-reference.com/players/n/nembhan01.html,2023,2022-12-12,IND,MIA,,"L, 82-87",,34:04,6,12,3,7,3,4,0,5,5,2,1,1,3,3,18
Andrew Nembhard,https://www.basketball-reference.com/players/n/nembhan01.html,2023,2022-12-14,IND,GSW,,"W, 125-119",,30:53,4,6,0,1,0,0,0,3,3,3,1,0,1,3,8
Andrew Nembhard,https://www.basketball-reference.com/players/n/nembhan01.html,2023,2022-12-16,IND,CLE,@,"L, 112-118",,28:55,2,5,0,1,1,1,0,1,1,2,0,1,2,4,5
Andrew Nembhard,https://www.basketball-reference.com/players/n/nembhan01.html,2023,2022-12-18,IND,NYK,,"L, 106-109",,27:23,2,5,0,3,0,0,0,2,2,1,1,0,1,5,4
Andrew Nembhard,https://www.basketball-reference.com/players/n/nembhan01.html,2023,2022-12-21,IND,BOS,@,"W, 117-112",,34:24,4,9,0,1,0,0,2,3,5,5,1,1,2,4,8
Andrew Nembhard,https://www.basketball-reference.com/players/n/nembhan01.html,2023,2022-12-23,IND,MIA,@,"W, 111-108",,34:18,4,11,2,8,0,0,1,3,4,3,2,0,2,4,10
Andrew Nembhard,https://www.basketball-reference.com/players/n/nembhan01.html,2023,2022-12-26,IND,NOP,@,"L, 93-113",,22:25,2,4,1,2,0,0,0,5,5,2,1,0,3,2,5
Andrew Nembhard,https://www.basketball-reference.com/players/n/nembhan01.html,2023,2022-12-27,IND,ATL,,"W, 129-114",,26:57,2,6,1,2,0,0,0,3,3,5,2,0,1,1,5
Andrew Nembhard,https://www.basketball-reference.com/players/n/nembhan01.html,2023,2022-12-29,IND,CLE,,"W, 135-126",,27:39,1,1,1,1,0,0,0,3,3,4,0,0,1,1,3
Andrew Nembhard,https://www.basketball-reference.com/players/n/nembhan01.html,2023,2022-12-31,IND,LAC,,"W, 131-130",,35:06,3,5,0,1,0,0,1,3,4,4,0,1,3,3,6
Andrew Nembhard,https://www.basketball-reference.com/players/n/nembhan01.html,2023,2023-01-02,IND,TOR,,"W, 122-114",,19:40,2,4,1,2,0,0,2,0,2,3,0,0,1,3,5
Andrew Nembhard,https://www.basketball-reference.com/players/n/nembhan01.html,2023,2023-01-04,IND,PHI,@,"L, 126-129 (OT)",,41:09,5,11,1,4,1,1,1,3,4,2,0,0,3,3,12
Andrew Nembhard,https://www.basketball-reference.com/players/n/nembhan01.html,2023,2023-01-06,IND,POR,,"W, 108-99",,35:43,4,7,1,1,0,0,0,4,4,1,2,0,1,0,9
Andrew Nembhard,https://www.basketball-reference.com/players/n/nembhan01.html,2023,2023-01-08,IND,CHO,,"W, 116-111",,31:54,7,11,4,5,1,1,0,0,0,4,4,1,4,4,19
Andrew Nembhard,https://www.basketball-reference.com/players/n/nembhan01.html,2023,2023-01-11,IND,NYK,@,"L, 113-119",,34:18,4,10,1,3,2,2,1,2,3,4,0,0,1,5,11
Andrew Nembhard,https://www.basketball-reference.com/players/n/nembhan01.html,2023,2023-01-13,IND,ATL,,"L, 111-113",,33:48,2,16,1,6,1,1,2,4,6,5,1,1,1,1,6
Andrew Nembhard,https://www.basketball-reference.com/players/n/nembhan01.html,2023,2023-01-14,IND,MEM,,"L, 112-130",,23:38,2,9,2,6,1,1,0,1,1,7,0,0,2,1,7
Andrew Nembhard,https://www.basketball-reference.com/players/n/nembhan01.html,2023,2023-01-16,IND,MIL,@,"L, 119-132",,32:40,3,9,1,6,0,0,0,2,2,9,2,0,4,1,7
Andrew Nembhard,https://www.basketball-reference.com/players/n/nembhan01.html,2023,2023-01-18,IND,OKC,@,"L, 106-126",,27:26,7,16,2,4,2,2,2,3,5,7,2,0,1,4,18
Andrew Nembhard,https://www.basketball-reference.com/players/n/nembhan01.html,2023,2023-01-20,IND,DEN,@,"L, 111-134",,24:54,2,10,1,8,0,0,0,1,1,6,1,0,5,5,5
Andrew Nembhard,https://www.basketball-reference.com/players/n/nembhan01.html,2023,2023-01-21,IND,PHO,@,"L, 107-112",,21:10,2,9,0,5,0,0,1,0,1,4,1,0,1,5,4
Andrew Nembhard,https://www.basketball-reference.com/players/n/nembhan01.html,2023,2023-01-24,IND,CHI,,"W, 116-110",,,,,,,,,,,,,,,,,
Andrew Nembhard,https://www.basketball-reference.com/players/n/nembhan01.html,2023,2023-01-25,IND,ORL,@,"L, 120-126",,,,,,,,,,,,,,,,,
Andrew Nembhard,https://www.basketball-reference.com/players/n/nembhan01.html,2023,2023-01-27,IND,MIL,,"L, 131-141",,19:58,4,9,0,1,1,2,0,0,0,4,1,0,4,0,9
Andrew Nembhard,https://www.basketball-reference.com/players/n/nembhan01.html,2023,2023-01-29,IND,MEM,@,"L, 100-112",,28:04,5,13,1,7,1,1,2,1,3,3,0,0,3,1,12
Andrew Nembhard,https://www.basketball-reference.com/players/n/nembhan01.html,2023,2023-02-02,IND,LAL,,"L, 111-112",,33:08,3,8,1,2,0,0,0,4,4,6,1,0,3,1,7
Andrew Nembhard,https://www.basketball-reference.com/players/n/nembhan01.html,2023,2023-02-03,IND,SAC,,"W, 107-104",,34:31,4,10,1,5,0,0,0,1,1,5,3,0,1,2,9
Andrew Nembhard,https://www.basketball-reference.com/players/n/nembhan01.html,2023,2023-02-05,IND,CLE,,"L, 103-122",,27:33,2,4,1,2,1,1,0,2,2,7,1,0,1,1,6
Andrew Nembhard,https://www.basketball-reference.com/players/n/nembhan01.html,2023,2023-02-08,IND,MIA,@,"L, 111-116",,28:21,4,9,1,2,1,2,1,0,1,1,0,1,2,2,10
Andrew Nembhard,https://www.basketball-reference.com/players/n/nembhan01.html,2023,2023-02-10,IND,PHO,,"L, 104-117",,26:03,0,5,0,1,0,0,0,1,1,10,0,0,3,1,0
Andrew Nembhard,https://www.basketball-reference.com/players/n/nembhan01.html,2023,2023-02-11,IND,WAS,@,"L, 113-127",,19:40,3,7,1,3,0,0,0,2,2,2,1,0,1,2,7
Andrew Nembhard,https://www.basketball-reference.com/players/n/nembhan01.html,2023,2023-02-13,IND,UTA,,"L, 117-123",,23:09,1,2,0,1,0,0,1,2,3,3,1,0,0,3,2
Andrew Nembhard,https://www.basketball-reference.com/players/n/nembhan01.html,2023,2023-02-15,IND,CHI,,"W, 117-113",,21:25,2,3,0,1,0,0,0,1,1,5,1,0,0,4,4
Andrew Nembhard,https://www.basketball-reference.com/players/n/nembhan01.html,2023,2023-02-23,IND,BOS,,"L, 138-142 (OT)",,23:03,2,7,1,5,0,0,0,0,0,1,0,0,1,0,5
Andrew Nembhard,https://www.basketball-reference.com/players/n/nembhan01.html,2023,2023-02-25,IND,ORL,@,"W, 121-108",,24:13,5,11,3,6,0,0,0,2,2,3,2,0,0,2,13
Andrew Nembhard,https://www.basketball-reference.com/players/n/nembhan01.html,2023,2023-02-28,IND,DAL,@,"W, 124-122",,31:37,1,6,1,5,0,2,1,2,3,5,0,1,0,1,3
Andrew Nembhard,https://www.basketball-reference.com/players/n/nembhan01.html,2023,2023-03-02,IND,SAS,@,"L, 99-110",,20:57,0,8,0,3,4,4,0,2,2,2,0,0,1,0,4
Andrew Nembhard,https://www.basketball-reference.com/players/n/nembhan01.html,2023,2023-03-05,IND,CHI,@,"W, 125-122",,19:31,2,5,0,3,0,0,0,0,0,1,1,1,0,2,4
Andrew Nembhard,https://www.basketball-reference.com/players/n/nembhan01.html,2023,2023-03-06,IND,PHI,,"L, 143-147",,19:07,3,4,1,2,0,0,0,4,4,1,2,0,0,0,7
Andrew Nembhard,https://www.basketball-reference.com/players/n/nembhan01.html,2023,2023-03-09,IND,HOU,,"W, 134-125 (OT)",,25:33,6,7,2,2,0,0,0,2,2,1,2,0,1,3,14
Andrew Nembhard,https://www.basketball-reference.com/players/n/nembhan01.html,2023,2023-03-11,IND,DET,@,"W, 121-115",,32:45,6,15,2,6,5,6,0,3,3,8,0,0,2,0,19
Andrew Nembhard,https://www.basketball-reference.com/players/n/nembhan01.html,2023,2023-03-13,IND,DET,@,"L, 97-117",,35:59,6,14,1,3,2,3,1,3,4,7,0,0,3,3,15
Andrew Nembhard,https://www.basketball-reference.com/players/n/nembhan01.html,2023,2023-03-16,IND,MIL,@,"W, 139-123",,27:46,10,21,4,9,0,2,1,0,1,5,0,0,0,2,24
Andrew Nembhard,https://www.basketball-reference.com/players/n/nembhan01.html,2023,2023-03-18,IND,PHI,,"L, 121-141",,36:57,9,14,2,4,2,2,0,1,1,2,0,0,1,1,22
Andrew Nembhard,https://www.basketball-reference.com/players/n/nembhan01.html,2023,2023-03-20,IND,CHO,@,"L, 109-115",,28:56,1,6,0,0,0,0,0,2,2,6,0,0,3,3,2
Andrew Nembhard,https://www.basketball-reference.com/players/n/nembhan01.html,2023,2023-03-22,IND,TOR,@,"W, 118-114",,35:18,11,17,3,5,0,0,0,2,2,10,0,0,2,5,25
Andrew Nembhard,https://www.basketball-reference.com/players/n/nembhan01.html,2023,2023-03-24,IND,BOS,@,"L, 95-120",,23:32,3,5,0,1,0,0,0,2,2,3,2,0,0,0,6
Andrew Nembhard,https://www.basketball-reference.com/players/n/nembhan01.html,2023,2023-03-25,IND,ATL,@,"L, 130-143",,27:20,5,8,2,4,0,0,0,2,2,4,0,1,3,2,12
Andrew Nembhard,https://www.basketball-reference.com/players/n/nembhan01.html,2023,2023-03-27,IND,DAL,,"L, 104-127",,36:19,8,16,1,4,0,0,1,4,5,5,1,0,0,3,17
Andrew Nembhard,https://www.basketball-reference.com/players/n/nembhan01.html,2023,2023-03-29,IND,MIL,,"L, 136-149",,27:41,6,15,1,4,2,2,0,2,2,15,0,0,1,2,15
Andrew Nembhard,https://www.basketball-reference.com/players/n/nembhan01.html,2023,2023-03-31,IND,OKC,,"W, 121-117",,31:10,7,16,3,7,1,2,2,1,3,6,0,0,4,4,18
Andrew Nembhard,https://www.basketball-reference.com/players/n/nembhan01.html,2023,2023-04-02,IND,CLE,@,"L, 105-115",,31:21,6,14,1,2,0,0,0,2,2,8,3,0,3,1,13
Andrew Nembhard,https://www.basketball-reference.com/players/n/nembhan01.html,2023,2023-04-05,IND,NYK,,"L, 129-138",,31:41,5,13,1,2,1,2,1,2,3,9,1,0,4,3,12
Andrew Nembhard,https://www.basketball-reference.com/players/n/nembhan01.html,2023,2023-04-07,IND,DET,,"L, 115-122",,30:05,5,8,0,0,2,2,1,3,4,10,0,0,4,1,12
Andrew Nembhard,https://www.basketball-reference.com/players/n/nembhan01.html,2023,2023-04-09,IND,NYK,@,"W, 141-136",,37:34,7,13,1,3,4,5,0,3,3,9,3,0,2,1,19
Moussa Diabaté,https://www.basketball-reference.com/players/d/diabamo01.html,2023,2022-10-20,LAC,LAL,@,"W, 103-97",,,,,,,,,,,,,,,,,
Moussa Diabaté,https://www.basketball-reference.com/players/d/diabamo01.html,2023,2022-10-22,LAC,SAC,@,"W, 111-109",,,,,,,,,,,,,,,,,
Moussa Diabaté,https://www.basketball-reference.com/players/d/diabamo01.html,2023,2022-10-23,LAC,PHO,,"L, 95-112",,,,,,,,,,,,,,,,,
Moussa Diabaté,https://www.basketball-reference.com/players/d/diabamo01.html,2023,2022-10-25,LAC,OKC,@,"L, 94-108",,,,,,,,,,,,,,,,,
Moussa Diabaté,https://www.basketball-reference.com/players/d/diabamo01.html,2023,2022-10-27,LAC,OKC,@,"L, 110-118",,01:47,1,1,0,0,1,1,0,2,2,1,1,0,0,0,3
Moussa Diabaté,https://www.basketball-reference.com/players/d/diabamo01.html,2023,2022-10-30,LAC,NOP,,"L, 91-112",,04:31,0,0,0,0,0,0,0,0,0,0,0,0,0,0,0
Moussa Diabaté,https://www.basketball-reference.com/players/d/diabamo01.html,2023,2022-10-31,LAC,HOU,,"W, 95-93",,,,,,,,,,,,,,,,,
Moussa Diabaté,https://www.basketball-reference.com/players/d/diabamo01.html,2023,,,,,,,,,,,,,,,,,,,,,,
Moussa Diabaté,https://www.basketball-reference.com/players/d/diabamo01.html,2023,2022-11-02,LAC,HOU,@,"W, 109-101",,,,,,,,,,,,,,,,,
Moussa Diabaté,https://www.basketball-reference.com/players/d/diabamo01.html,2023,2022-11-04,LAC,SAS,@,"W, 113-106",,,,,,,,,,,,,,,,,
Moussa Diabaté,https://www.basketball-reference.com/players/d/diabamo01.html,2023,2022-11-06,LAC,UTA,,"L, 102-110",,,,,,,,,,,,,,,,,
Moussa Diabaté,https://www.basketball-reference.com/players/d/diabamo01.html,2023,2022-11-07,LAC,CLE,,"W, 119-117",,,,,,,,,,,,,,,,,
Moussa Diabaté,https://www.basketball-reference.com/players/d/diabamo01.html,2023,2022-11-09,LAC,LAL,,"W, 114-101",,,,,,,,,,,,,,,,,
Moussa Diabaté,https://www.basketball-reference.com/players/d/diabamo01.html,2023,2022-11-12,LAC,BRK,,"L, 95-110",,,,,,,,,,,,,,,,,
Moussa Diabaté,https://www.basketball-reference.com/players/d/diabamo01.html,2023,2022-11-14,LAC,HOU,@,"W, 122-106",,,,,,,,,,,,,,,,,
Moussa Diabaté,https://www.basketball-reference.com/players/d/diabamo01.html,2023,2022-11-15,LAC,DAL,@,"L, 101-103",,,,,,,,,,,,,,,,,
Moussa Diabaté,https://www.basketball-reference.com/players/d/diabamo01.html,2023,2022-11-17,LAC,DET,,"W, 96-91",,,,,,,,,,,,,,,,,
Moussa Diabaté,https://www.basketball-reference.com/players/d/diabamo01.html,2023,2022-11-19,LAC,SAS,,"W, 119-97",,,,,,,,,,,,,,,,,
Moussa Diabaté,https://www.basketball-reference.com/players/d/diabamo01.html,2023,2022-11-21,LAC,UTA,,"W, 121-114",,,,,,,,,,,,,,,,,
Moussa Diabaté,https://www.basketball-reference.com/players/d/diabamo01.html,2023,2022-11-23,LAC,GSW,@,"L, 107-124",,,,,,,,,,,,,,,,,
Moussa Diabaté,https://www.basketball-reference.com/players/d/diabamo01.html,2023,2022-11-25,LAC,DEN,,"L, 104-114",,,,,,,,,,,,,,,,,
Moussa Diabaté,https://www.basketball-reference.com/players/d/diabamo01.html,2023,2022-11-27,LAC,IND,,"W, 114-100",,,,,,,,,,,,,,,,,
Moussa Diabaté,https://www.basketball-reference.com/players/d/diabamo01.html,2023,2022-11-29,LAC,POR,@,"W, 118-112",,12:19,1,1,0,0,1,2,2,2,4,0,1,1,0,2,3
Moussa Diabaté,https://www.basketball-reference.com/players/d/diabamo01.html,2023,2022-11-30,LAC,UTA,@,"L, 112-125",,16:00,4,8,0,0,3,3,6,2,8,0,0,0,0,2,11
Moussa Diabaté,https://www.basketball-reference.com/players/d/diabamo01.html,2023,2022-12-03,LAC,SAC,,"L, 96-123",,18:43,1,1,0,0,2,2,2,3,5,0,0,0,3,1,4
Moussa Diabaté,https://www.basketball-reference.com/players/d/diabamo01.html,2023,2022-12-05,LAC,CHO,@,"W, 119-117",,,,,,,,,,,,,,,,,
Moussa Diabaté,https://www.basketball-reference.com/players/d/diabamo01.html,2023,2022-12-07,LAC,ORL,@,"L, 111-116 (OT)",,,,,,,,,,,,,,,,,
Moussa Diabaté,https://www.basketball-reference.com/players/d/diabamo01.html,2023,2022-12-08,LAC,MIA,@,"L, 110-115",,,,,,,,,,,,,,,,,
Moussa Diabaté,https://www.basketball-reference.com/players/d/diabamo01.html,2023,2022-12-10,LAC,WAS,@,"W, 114-107",,,,,,,,,,,,,,,,,
Moussa Diabaté,https://www.basketball-reference.com/players/d/diabamo01.html,2023,2022-12-12,LAC,BOS,,"W, 113-93",,03:16,1,2,0,0,0,0,2,1,3,0,0,0,0,0,2
Moussa Diabaté,https://www.basketball-reference.com/players/d/diabamo01.html,2023,2022-12-14,LAC,MIN,,"W, 99-88",,,,,,,,,,,,,,,,,
Moussa Diabaté,https://www.basketball-reference.com/players/d/diabamo01.html,2023,2022-12-15,LAC,PHO,,"L, 95-111",,15:51,4,9,0,0,0,1,6,2,8,1,1,0,2,4,8
Moussa Diabaté,https://www.basketball-reference.com/players/d/diabamo01.html,2023,2022-12-17,LAC,WAS,,"W, 102-93",,17:48,1,2,0,0,0,0,2,0,2,0,0,0,0,1,2
Moussa Diabaté,https://www.basketball-reference.com/players/d/diabamo01.html,2023,2022-12-21,LAC,CHO,,"W, 126-105",,,,,,,,,,,,,,,,,
Moussa Diabaté,https://www.basketball-reference.com/players/d/diabamo01.html,2023,2022-12-23,LAC,PHI,@,"L, 114-119",,,,,,,,,,,,,,,,,
Moussa Diabaté,https://www.basketball-reference.com/players/d/diabamo01.html,2023,2022-12-26,LAC,DET,@,"W, 142-131 (OT)",,,,,,,,,,,,,,,,,
Moussa Diabaté,https://www.basketball-reference.com/players/d/diabamo01.html,2023,2022-12-27,LAC,TOR,@,"W, 124-113",,,,,,,,,,,,,,,,,
Moussa Diabaté,https://www.basketball-reference.com/players/d/diabamo01.html,2023,2022-12-29,LAC,BOS,@,"L, 110-116",,,,,,,,,,,,,,,,,
Moussa Diabaté,https://www.basketball-reference.com/players/d/diabamo01.html,2023,2022-12-31,LAC,IND,@,"L, 130-131",,,,,,,,,,,,,,,,,
Moussa Diabaté,https://www.basketball-reference.com/players/d/diabamo01.html,2023,2023-01-02,LAC,MIA,,"L, 100-110",,,,,,,,,,,,,,,,,
Moussa Diabaté,https://www.basketball-reference.com/players/d/diabamo01.html,2023,2023-01-05,LAC,DEN,@,"L, 91-122",,,,,,,,,,,,,,,,,
Moussa Diabaté,https://www.basketball-reference.com/players/d/diabamo01.html,2023,2023-01-06,LAC,MIN,@,"L, 115-128",,,,,,,,,,,,,,,,,
Moussa Diabaté,https://www.basketball-reference.com/players/d/diabamo01.html,2023,2023-01-08,LAC,ATL,,"L, 108-112",,,,,,,,,,,,,,,,,
Moussa Diabaté,https://www.basketball-reference.com/players/d/diabamo01.html,2023,2023-01-10,LAC,DAL,,"W, 113-101",,,,,,,,,,,,,,,,,
Moussa Diabaté,https://www.basketball-reference.com/players/d/diabamo01.html,2023,2023-01-13,LAC,DEN,,"L, 103-115",,,,,,,,,,,,,,,,,
Moussa Diabaté,https://www.basketball-reference.com/players/d/diabamo01.html,2023,2023-01-15,LAC,HOU,,"W, 121-100",,,,,,,,,,,,,,,,,
Moussa Diabaté,https://www.basketball-reference.com/players/d/diabamo01.html,2023,2023-01-17,LAC,PHI,,"L, 110-120",,,,,,,,,,,,,,,,,
Moussa Diabaté,https://www.basketball-reference.com/players/d/diabamo01.html,2023,2023-01-18,LAC,UTA,@,"L, 103-126",,21:32,1,4,0,0,1,4,3,3,6,0,1,3,2,3,3
Moussa Diabaté,https://www.basketball-reference.com/players/d/diabamo01.html,2023,2023-01-20,LAC,SAS,@,"W, 131-126",,05:43,0,0,0,0,0,0,0,0,0,0,0,0,0,0,0
Moussa Diabaté,https://www.basketball-reference.com/players/d/diabamo01.html,2023,2023-01-22,LAC,DAL,@,"W, 112-98",,,,,,,,,,,,,,,,,
Moussa Diabaté,https://www.basketball-reference.com/players/d/diabamo01.html,2023,2023-01-24,LAC,LAL,@,"W, 133-115",,02:03,0,0,0,0,0,0,0,0,0,0,0,0,0,0,0
Moussa Diabaté,https://www.basketball-reference.com/players/d/diabamo01.html,2023,2023-01-26,LAC,SAS,,"W, 138-100",,07:07,1,3,0,0,0,0,1,0,1,0,0,1,0,0,2
Moussa Diabaté,https://www.basketball-reference.com/players/d/diabamo01.html,2023,2023-01-28,LAC,ATL,@,"W, 120-113",,04:59,0,0,0,0,0,0,0,0,0,0,0,0,0,0,0
Moussa Diabaté,https://www.basketball-reference.com/players/d/diabamo01.html,2023,2023-01-29,LAC,CLE,@,"L, 99-122",,29:51,5,8,1,2,2,3,4,1,5,1,1,0,1,0,13
Moussa Diabaté,https://www.basketball-reference.com/players/d/diabamo01.html,2023,2023-01-31,LAC,CHI,@,"W, 108-103",,,,,,,,,,,,,,,,,
Moussa Diabaté,https://www.basketball-reference.com/players/d/diabamo01.html,2023,2023-02-02,LAC,MIL,@,"L, 105-106",,,,,,,,,,,,,,,,,
Moussa Diabaté,https://www.basketball-reference.com/players/d/diabamo01.html,2023,2023-02-04,LAC,NYK,@,"W, 134-128 (OT)",,,,,,,,,,,,,,,,,
Moussa Diabaté,https://www.basketball-reference.com/players/d/diabamo01.html,2023,2023-02-06,LAC,BRK,@,"W, 124-116",,,,,,,,,,,,,,,,,
Moussa Diabaté,https://www.basketball-reference.com/players/d/diabamo01.html,2023,2023-02-08,LAC,DAL,,"L, 104-110",,02:14,0,0,0,0,0,0,0,0,0,0,0,0,0,0,0
Moussa Diabaté,https://www.basketball-reference.com/players/d/diabamo01.html,2023,2023-02-10,LAC,MIL,,"L, 106-119",,04:30,1,1,0,0,0,0,1,0,1,0,0,1,0,0,2
Moussa Diabaté,https://www.basketball-reference.com/players/d/diabamo01.html,2023,2023-02-14,LAC,GSW,,"W, 134-124",,02:28,0,0,0,0,0,0,0,0,0,0,0,0,1,0,0
Moussa Diabaté,https://www.basketball-reference.com/players/d/diabamo01.html,2023,2023-02-16,LAC,PHO,@,"W, 116-107",,,,,,,,,,,,,,,,,
Moussa Diabaté,https://www.basketball-reference.com/players/d/diabamo01.html,2023,2023-02-24,LAC,SAC,,"L, 175-176 (2OT)",,,,,,,,,,,,,,,,,
Moussa Diabaté,https://www.basketball-reference.com/players/d/diabamo01.html,2023,2023-02-26,LAC,DEN,@,"L, 124-134 (OT)",,01:03,0,0,0,0,0,0,0,0,0,0,0,0,0,0,0
Moussa Diabaté,https://www.basketball-reference.com/players/d/diabamo01.html,2023,2023-02-28,LAC,MIN,,"L, 101-108",,,,,,,,,,,,,,,,,
Moussa Diabaté,https://www.basketball-reference.com/players/d/diabamo01.html,2023,2023-03-02,LAC,GSW,@,"L, 91-115",,,,,,,,,,,,,,,,,
Moussa Diabaté,https://www.basketball-reference.com/players/d/diabamo01.html,2023,2023-03-03,LAC,SAC,@,"L, 127-128",,,,,,,,,,,,,,,,,
Moussa Diabaté,https://www.basketball-reference.com/players/d/diabamo01.html,2023,2023-03-05,LAC,MEM,,"W, 135-129",,,,,,,,,,,,,,,,,
Moussa Diabaté,https://www.basketball-reference.com/players/d/diabamo01.html,2023,2023-03-08,LAC,TOR,,"W, 108-100",,,,,,,,,,,,,,,,,
Moussa Diabaté,https://www.basketball-reference.com/players/d/diabamo01.html,2023,2023-03-11,LAC,NYK,,"W, 106-95",,,,,,,,,,,,,,,,,
Moussa Diabaté,https://www.basketball-reference.com/players/d/diabamo01.html,2023,2023-03-15,LAC,GSW,,"W, 134-126",,,,,,,,,,,,,,,,,
Moussa Diabaté,https://www.basketball-reference.com/players/d/diabamo01.html,2023,2023-03-18,LAC,ORL,,"L, 108-113",,,,,,,,,,,,,,,,,
Moussa Diabaté,https://www.basketball-reference.com/players/d/diabamo01.html,2023,2023-03-19,LAC,POR,@,"W, 117-102",,,,,,,,,,,,,,,,,
Moussa Diabaté,https://www.basketball-reference.com/players/d/diabamo01.html,2023,2023-03-21,LAC,OKC,,"L, 100-101",,,,,,,,,,,,,,,,,
Moussa Diabaté,https://www.basketball-reference.com/players/d/diabamo01.html,2023,2023-03-23,LAC,OKC,,"W, 127-105",,,,,,,,,,,,,,,,,
Moussa Diabaté,https://www.basketball-reference.com/players/d/diabamo01.html,2023,2023-03-25,LAC,NOP,,"L, 110-131",,08:16,1,2,0,0,0,0,0,0,0,0,1,0,0,2,2
Moussa Diabaté,https://www.basketball-reference.com/players/d/diabamo01.html,2023,2023-03-27,LAC,CHI,,"W, 124-112",,04:27,1,2,0,0,0,0,0,0,0,1,1,1,0,0,2
Moussa Diabaté,https://www.basketball-reference.com/players/d/diabamo01.html,2023,2023-03-29,LAC,MEM,@,"W, 141-132",,,,,,,,,,,,,,,,,
Moussa Diabaté,https://www.basketball-reference.com/players/d/diabamo01.html,2023,2023-03-31,LAC,MEM,@,"L, 94-108",,09:20,0,2,0,0,0,0,2,2,4,0,0,1,0,0,0
Moussa Diabaté,https://www.basketball-reference.com/players/d/diabamo01.html,2023,2023-04-01,LAC,NOP,@,"L, 114-122",,,,,,,,,,,,,,,,,
Moussa Diabaté,https://www.basketball-reference.com/players/d/diabamo01.html,2023,2023-04-05,LAC,LAL,,"W, 125-118",,,,,,,,,,,,,,,,,
Moussa Diabaté,https://www.basketball-reference.com/players/d/diabamo01.html,2023,2023-04-08,LAC,POR,,"W, 136-125",,01:41,1,1,0,0,0,0,0,1,1,0,0,0,0,0,2
Moussa Diabaté,https://www.basketball-reference.com/players/d/diabamo01.html,2023,2023-04-09,LAC,PHO,@,"W, 119-114",,,,,,,,,,,,,,,,,
Jason Preston,https://www.basketball-reference.com/players/p/prestja01.html,2023,2022-10-20,LAC,LAL,@,"W, 103-97",,,,,,,,,,,,,,,,,
Jason Preston,https://www.basketball-reference.com/players/p/prestja01.html,2023,2022-10-22,LAC,SAC,@,"W, 111-109",,,,,,,,,,,,,,,,,
Jason Preston,https://www.basketball-reference.com/players/p/prestja01.html,2023,2022-10-23,LAC,PHO,,"L, 95-112",,02:53,0,1,0,1,0,2,0,0,0,0,0,0,0,0,0
Jason Preston,https://www.basketball-reference.com/players/p/prestja01.html,2023,2022-10-25,LAC,OKC,@,"L, 94-108",,,,,,,,,,,,,,,,,
Jason Preston,https://www.basketball-reference.com/players/p/prestja01.html,2023,2022-10-27,LAC,OKC,@,"L, 110-118",,,,,,,,,,,,,,,,,
Jason Preston,https://www.basketball-reference.com/players/p/prestja01.html,2023,2022-10-30,LAC,NOP,,"L, 91-112",,,,,,,,,,,,,,,,,
Jason Preston,https://www.basketball-reference.com/players/p/prestja01.html,2023,2022-10-31,LAC,HOU,,"W, 95-93",,,,,,,,,,,,,,,,,
Jason Preston,https://www.basketball-reference.com/players/p/prestja01.html,2023,,,,,,,,,,,,,,,,,,,,,,
Jason Preston,https://www.basketball-reference.com/players/p/prestja01.html,2023,2022-11-02,LAC,HOU,@,"W, 109-101",,,,,,,,,,,,,,,,,
Jason Preston,https://www.basketball-reference.com/players/p/prestja01.html,2023,2022-11-04,LAC,SAS,@,"W, 113-106",,,,,,,,,,,,,,,,,
Jason Preston,https://www.basketball-reference.com/players/p/prestja01.html,2023,2022-11-06,LAC,UTA,,"L, 102-110",,,,,,,,,,,,,,,,,
Jason Preston,https://www.basketball-reference.com/players/p/prestja01.html,2023,2022-11-07,LAC,CLE,,"W, 119-117",,,,,,,,,,,,,,,,,
Jason Preston,https://www.basketball-reference.com/players/p/prestja01.html,2023,2022-11-09,LAC,LAL,,"W, 114-101",,,,,,,,,,,,,,,,,
Jason Preston,https://www.basketball-reference.com/players/p/prestja01.html,2023,2022-11-12,LAC,BRK,,"L, 95-110",,,,,,,,,,,,,,,,,
Jason Preston,https://www.basketball-reference.com/players/p/prestja01.html,2023,2022-11-14,LAC,HOU,@,"W, 122-106",,,,,,,,,,,,,,,,,
Jason Preston,https://www.basketball-reference.com/players/p/prestja01.html,2023,2022-11-15,LAC,DAL,@,"L, 101-103",,,,,,,,,,,,,,,,,
Jason Preston,https://www.basketball-reference.com/players/p/prestja01.html,2023,2022-11-17,LAC,DET,,"W, 96-91",,,,,,,,,,,,,,,,,
Jason Preston,https://www.basketball-reference.com/players/p/prestja01.html,2023,2022-11-19,LAC,SAS,,"W, 119-97",,,,,,,,,,,,,,,,,
Jason Preston,https://www.basketball-reference.com/players/p/prestja01.html,2023,2022-11-21,LAC,UTA,,"W, 121-114",,,,,,,,,,,,,,,,,
Jason Preston,https://www.basketball-reference.com/players/p/prestja01.html,2023,2022-11-23,LAC,GSW,@,"L, 107-124",,,,,,,,,,,,,,,,,
Jason Preston,https://www.basketball-reference.com/players/p/prestja01.html,2023,2022-11-25,LAC,DEN,,"L, 104-114",,,,,,,,,,,,,,,,,
Jason Preston,https://www.basketball-reference.com/players/p/prestja01.html,2023,2022-11-27,LAC,IND,,"W, 114-100",,,,,,,,,,,,,,,,,
Jason Preston,https://www.basketball-reference.com/players/p/prestja01.html,2023,2022-11-29,LAC,POR,@,"W, 118-112",,06:06,1,1,1,1,0,0,0,0,0,1,0,0,0,1,3
Jason Preston,https://www.basketball-reference.com/players/p/prestja01.html,2023,2022-11-30,LAC,UTA,@,"L, 112-125",,03:29,1,2,0,0,0,0,1,0,1,1,0,0,0,0,2
Jason Preston,https://www.basketball-reference.com/players/p/prestja01.html,2023,2022-12-03,LAC,SAC,,"L, 96-123",,14:40,4,9,1,5,0,0,0,2,2,3,0,0,2,1,9
Jason Preston,https://www.basketball-reference.com/players/p/prestja01.html,2023,2022-12-05,LAC,CHO,@,"W, 119-117",,,,,,,,,,,,,,,,,
Jason Preston,https://www.basketball-reference.com/players/p/prestja01.html,2023,2022-12-07,LAC,ORL,@,"L, 111-116 (OT)",,,,,,,,,,,,,,,,,
Jason Preston,https://www.basketball-reference.com/players/p/prestja01.html,2023,2022-12-08,LAC,MIA,@,"L, 110-115",,,,,,,,,,,,,,,,,
Jason Preston,https://www.basketball-reference.com/players/p/prestja01.html,2023,2022-12-10,LAC,WAS,@,"W, 114-107",,,,,,,,,,,,,,,,,
Jason Preston,https://www.basketball-reference.com/players/p/prestja01.html,2023,2022-12-12,LAC,BOS,,"W, 113-93",,,,,,,,,,,,,,,,,
Jason Preston,https://www.basketball-reference.com/players/p/prestja01.html,2023,2022-12-14,LAC,MIN,,"W, 99-88",,,,,,,,,,,,,,,,,
Jason Preston,https://www.basketball-reference.com/players/p/prestja01.html,2023,2022-12-15,LAC,PHO,,"L, 95-111",,16:26,0,3,0,1,0,0,0,2,2,3,0,0,2,2,0
Jason Preston,https://www.basketball-reference.com/players/p/prestja01.html,2023,2022-12-17,LAC,WAS,,"W, 102-93",,,,,,,,,,,,,,,,,
Jason Preston,https://www.basketball-reference.com/players/p/prestja01.html,2023,2022-12-21,LAC,CHO,,"W, 126-105",,,,,,,,,,,,,,,,,
Jason Preston,https://www.basketball-reference.com/players/p/prestja01.html,2023,2022-12-23,LAC,PHI,@,"L, 114-119",,,,,,,,,,,,,,,,,
Jason Preston,https://www.basketball-reference.com/players/p/prestja01.html,2023,2022-12-26,LAC,DET,@,"W, 142-131 (OT)",,,,,,,,,,,,,,,,,
Jason Preston,https://www.basketball-reference.com/players/p/prestja01.html,2023,2022-12-27,LAC,TOR,@,"W, 124-113",,,,,,,,,,,,,,,,,
Jason Preston,https://www.basketball-reference.com/players/p/prestja01.html,2023,2022-12-29,LAC,BOS,@,"L, 110-116",,,,,,,,,,,,,,,,,
Jason Preston,https://www.basketball-reference.com/players/p/prestja01.html,2023,2022-12-31,LAC,IND,@,"L, 130-131",,,,,,,,,,,,,,,,,
Jason Preston,https://www.basketball-reference.com/players/p/prestja01.html,2023,2023-01-02,LAC,MIA,,"L, 100-110",,,,,,,,,,,,,,,,,
Jason Preston,https://www.basketball-reference.com/players/p/prestja01.html,2023,2023-01-05,LAC,DEN,@,"L, 91-122",,15:21,2,4,2,2,0,0,0,4,4,3,1,0,0,1,6
Jason Preston,https://www.basketball-reference.com/players/p/prestja01.html,2023,2023-01-06,LAC,MIN,@,"L, 115-128",,05:14,0,1,0,1,0,0,0,1,1,3,0,0,0,0,0
Jason Preston,https://www.basketball-reference.com/players/p/prestja01.html,2023,2023-01-08,LAC,ATL,,"L, 108-112",,,,,,,,,,,,,,,,,
Jason Preston,https://www.basketball-reference.com/players/p/prestja01.html,2023,2023-01-10,LAC,DAL,,"W, 113-101",,,,,,,,,,,,,,,,,
Jason Preston,https://www.basketball-reference.com/players/p/prestja01.html,2023,2023-01-13,LAC,DEN,,"L, 103-115",,,,,,,,,,,,,,,,,
Jason Preston,https://www.basketball-reference.com/players/p/prestja01.html,2023,2023-01-15,LAC,HOU,,"W, 121-100",,02:40,0,0,0,0,0,0,0,0,0,0,0,0,0,0,0
Jason Preston,https://www.basketball-reference.com/players/p/prestja01.html,2023,2023-01-17,LAC,PHI,,"L, 110-120",,03:16,1,2,0,1,0,0,0,1,1,2,0,0,0,0,2
Jason Preston,https://www.basketball-reference.com/players/p/prestja01.html,2023,2023-01-18,LAC,UTA,@,"L, 103-126",,04:39,1,3,0,1,0,0,0,4,4,0,0,0,1,0,2
Jason Preston,https://www.basketball-reference.com/players/p/prestja01.html,2023,2023-01-20,LAC,SAS,@,"W, 131-126",,,,,,,,,,,,,,,,,
Jason Preston,https://www.basketball-reference.com/players/p/prestja01.html,2023,2023-01-22,LAC,DAL,@,"W, 112-98",,,,,,,,,,,,,,,,,
Jason Preston,https://www.basketball-reference.com/players/p/prestja01.html,2023,2023-01-24,LAC,LAL,@,"W, 133-115",,,,,,,,,,,,,,,,,
Jason Preston,https://www.basketball-reference.com/players/p/prestja01.html,2023,2023-01-26,LAC,SAS,,"W, 138-100",,06:15,1,2,1,2,0,0,0,4,4,3,0,0,0,0,3
Jason Preston,https://www.basketball-reference.com/players/p/prestja01.html,2023,2023-01-28,LAC,ATL,@,"W, 120-113",,,,,,,,,,,,,,,,,
Jason Preston,https://www.basketball-reference.com/players/p/prestja01.html,2023,2023-01-29,LAC,CLE,@,"L, 99-122",,36:36,6,12,0,3,0,0,1,2,3,8,1,0,4,2,12
Jason Preston,https://www.basketball-reference.com/players/p/prestja01.html,2023,2023-01-31,LAC,CHI,@,"W, 108-103",,,,,,,,,,,,,,,,,
Jason Preston,https://www.basketball-reference.com/players/p/prestja01.html,2023,2023-02-02,LAC,MIL,@,"L, 105-106",,,,,,,,,,,,,,,,,
Jason Preston,https://www.basketball-reference.com/players/p/prestja01.html,2023,2023-02-04,LAC,NYK,@,"W, 134-128 (OT)",,,,,,,,,,,,,,,,,
Jason Preston,https://www.basketball-reference.com/players/p/prestja01.html,2023,2023-02-06,LAC,BRK,@,"W, 124-116",,,,,,,,,,,,,,,,,
Jason Preston,https://www.basketball-reference.com/players/p/prestja01.html,2023,2023-02-08,LAC,DAL,,"L, 104-110",,,,,,,,,,,,,,,,,
Jason Preston,https://www.basketball-reference.com/players/p/prestja01.html,2023,2023-02-10,LAC,MIL,,"L, 106-119",,04:30,1,1,0,0,0,0,0,0,0,0,0,0,1,0,2
Jason Preston,https://www.basketball-reference.com/players/p/prestja01.html,2023,2023-02-14,LAC,GSW,,"W, 134-124",,,,,,,,,,,,,,,,,
Jason Preston,https://www.basketball-reference.com/players/p/prestja01.html,2023,2023-02-16,LAC,PHO,@,"W, 116-107",,,,,,,,,,,,,,,,,
Jason Preston,https://www.basketball-reference.com/players/p/prestja01.html,2023,2023-02-24,LAC,SAC,,"L, 175-176 (2OT)",,,,,,,,,,,,,,,,,
Jason Preston,https://www.basketball-reference.com/players/p/prestja01.html,2023,2023-02-26,LAC,DEN,@,"L, 124-134 (OT)",,,,,,,,,,,,,,,,,
Jason Preston,https://www.basketball-reference.com/players/p/prestja01.html,2023,2023-02-28,LAC,MIN,,"L, 101-108",,,,,,,,,,,,,,,,,
Jason Preston,https://www.basketball-reference.com/players/p/prestja01.html,2023,2023-03-02,LAC,GSW,@,"L, 91-115",,,,,,,,,,,,,,,,,
Jason Preston,https://www.basketball-reference.com/players/p/prestja01.html,2023,2023-03-03,LAC,SAC,@,"L, 127-128",,,,,,,,,,,,,,,,,
Jason Preston,https://www.basketball-reference.com/players/p/prestja01.html,2023,2023-03-05,LAC,MEM,,"W, 135-129",,,,,,,,,,,,,,,,,
Jason Preston,https://www.basketball-reference.com/players/p/prestja01.html,2023,2023-03-08,LAC,TOR,,"W, 108-100",,,,,,,,,,,,,,,,,
Jason Preston,https://www.basketball-reference.com/players/p/prestja01.html,2023,2023-03-11,LAC,NYK,,"W, 106-95",,,,,,,,,,,,,,,,,
Jason Preston,https://www.basketball-reference.com/players/p/prestja01.html,2023,2023-03-15,LAC,GSW,,"W, 134-126",,,,,,,,,,,,,,,,,
Jason Preston,https://www.basketball-reference.com/players/p/prestja01.html,2023,2023-03-18,LAC,ORL,,"L, 108-113",,,,,,,,,,,,,,,,,
Jason Preston,https://www.basketball-reference.com/players/p/prestja01.html,2023,2023-03-19,LAC,POR,@,"W, 117-102",,,,,,,,,,,,,,,,,
Jason Preston,https://www.basketball-reference.com/players/p/prestja01.html,2023,2023-03-21,LAC,OKC,,"L, 100-101",,,,,,,,,,,,,,,,,
Jason Preston,https://www.basketball-reference.com/players/p/prestja01.html,2023,2023-03-23,LAC,OKC,,"W, 127-105",,,,,,,,,,,,,,,,,
Jason Preston,https://www.basketball-reference.com/players/p/prestja01.html,2023,2023-03-25,LAC,NOP,,"L, 110-131",,,,,,,,,,,,,,,,,
Jason Preston,https://www.basketball-reference.com/players/p/prestja01.html,2023,2023-03-27,LAC,CHI,,"W, 124-112",,,,,,,,,,,,,,,,,
Jason Preston,https://www.basketball-reference.com/players/p/prestja01.html,2023,2023-03-29,LAC,MEM,@,"W, 141-132",,,,,,,,,,,,,,,,,
Jason Preston,https://www.basketball-reference.com/players/p/prestja01.html,2023,2023-03-31,LAC,MEM,@,"L, 94-108",,,,,,,,,,,,,,,,,
Jason Preston,https://www.basketball-reference.com/players/p/prestja01.html,2023,2023-04-01,LAC,NOP,@,"L, 114-122",,,,,,,,,,,,,,,,,
Jason Preston,https://www.basketball-reference.com/players/p/prestja01.html,2023,2023-04-05,LAC,LAL,,"W, 125-118",,,,,,,,,,,,,,,,,
Jason Preston,https://www.basketball-reference.com/players/p/prestja01.html,2023,2023-04-08,LAC,POR,,"W, 136-125",,01:41,0,0,0,0,0,0,0,0,0,0,0,0,0,0,0
Jason Preston,https://www.basketball-reference.com/players/p/prestja01.html,2023,2023-04-09,LAC,PHO,@,"W, 119-114",,,,,,,,,,,,,,,,,
Max Christie,https://www.basketball-reference.com/players/c/chrisma02.html,2023,2022-10-18,LAL,GSW,@,"L, 109-123",,01:52,1,1,1,1,0,0,0,1,1,0,0,0,0,0,3
Max Christie,https://www.basketball-reference.com/players/c/chrisma02.html,2023,2022-10-20,LAL,LAC,,"L, 97-103",,,,,,,,,,,,,,,,,
Max Christie,https://www.basketball-reference.com/players/c/chrisma02.html,2023,2022-10-23,LAL,POR,,"L, 104-106",,,,,,,,,,,,,,,,,
Max Christie,https://www.basketball-reference.com/players/c/chrisma02.html,2023,2022-10-26,LAL,DEN,@,"L, 99-110",,02:46,0,0,0,0,2,2,0,1,1,1,0,0,0,0,2
Max Christie,https://www.basketball-reference.com/players/c/chrisma02.html,2023,2022-10-28,LAL,MIN,@,"L, 102-111",,,,,,,,,,,,,,,,,
Max Christie,https://www.basketball-reference.com/players/c/chrisma02.html,2023,2022-10-30,LAL,DEN,,"W, 121-110",,,,,,,,,,,,,,,,,
Max Christie,https://www.basketball-reference.com/players/c/chrisma02.html,2023,,,,,,,,,,,,,,,,,,,,,,
Max Christie,https://www.basketball-reference.com/players/c/chrisma02.html,2023,2022-11-02,LAL,NOP,,"W, 120-117 (OT)",,,,,,,,,,,,,,,,,
Max Christie,https://www.basketball-reference.com/players/c/chrisma02.html,2023,2022-11-04,LAL,UTA,,"L, 116-130",,01:17,0,1,0,0,0,0,0,0,0,0,0,0,0,0,0
Max Christie,https://www.basketball-reference.com/players/c/chrisma02.html,2023,2022-11-06,LAL,CLE,,"L, 100-114",,04:50,1,1,0,0,0,0,0,0,0,0,0,0,0,1,2
Max Christie,https://www.basketball-reference.com/players/c/chrisma02.html,2023,2022-11-07,LAL,UTA,@,"L, 116-139",,29:03,3,7,2,4,0,0,1,0,1,2,2,0,1,0,8
Max Christie,https://www.basketball-reference.com/players/c/chrisma02.html,2023,2022-11-09,LAL,LAC,@,"L, 101-114",,14:28,1,1,1,1,0,0,0,5,5,0,0,0,1,2,3
Max Christie,https://www.basketball-reference.com/players/c/chrisma02.html,2023,2022-11-11,LAL,SAC,,"L, 114-120",,16:43,2,5,2,5,1,2,0,4,4,1,1,0,0,1,7
Max Christie,https://www.basketball-reference.com/players/c/chrisma02.html,2023,2022-11-13,LAL,BRK,,"W, 116-103",,20:39,0,1,0,0,0,0,0,9,9,0,0,0,0,0,0
Max Christie,https://www.basketball-reference.com/players/c/chrisma02.html,2023,2022-11-18,LAL,DET,,"W, 128-121",,,,,,,,,,,,,,,,,
Max Christie,https://www.basketball-reference.com/players/c/chrisma02.html,2023,2022-11-20,LAL,SAS,,"W, 123-92",,,,,,,,,,,,,,,,,
Max Christie,https://www.basketball-reference.com/players/c/chrisma02.html,2023,2022-11-22,LAL,PHO,@,"L, 105-115",,,,,,,,,,,,,,,,,
Max Christie,https://www.basketball-reference.com/players/c/chrisma02.html,2023,2022-11-25,LAL,SAS,@,"W, 105-94",,01:37,0,0,0,0,0,0,0,0,0,0,0,0,0,0,0
Max Christie,https://www.basketball-reference.com/players/c/chrisma02.html,2023,2022-11-26,LAL,SAS,@,"W, 143-138",,,,,,,,,,,,,,,,,
Max Christie,https://www.basketball-reference.com/players/c/chrisma02.html,2023,2022-11-28,LAL,IND,,"L, 115-116",,,,,,,,,,,,,,,,,
Max Christie,https://www.basketball-reference.com/players/c/chrisma02.html,2023,2022-11-30,LAL,POR,,"W, 128-109",,18:40,1,6,1,5,0,0,0,1,1,1,0,0,0,1,3
Max Christie,https://www.basketball-reference.com/players/c/chrisma02.html,2023,2022-12-02,LAL,MIL,@,"W, 133-129",,,,,,,,,,,,,,,,,
Max Christie,https://www.basketball-reference.com/players/c/chrisma02.html,2023,2022-12-04,LAL,WAS,@,"W, 130-119",,,,,,,,,,,,,,,,,
Max Christie,https://www.basketball-reference.com/players/c/chrisma02.html,2023,2022-12-06,LAL,CLE,@,"L, 102-116",,,,,,,,,,,,,,,,,
Max Christie,https://www.basketball-reference.com/players/c/chrisma02.html,2023,2022-12-07,LAL,TOR,@,"L, 113-126",,13:21,2,5,1,3,0,0,0,3,3,0,0,0,1,1,5
Max Christie,https://www.basketball-reference.com/players/c/chrisma02.html,2023,2022-12-09,LAL,PHI,@,"L, 122-133 (OT)",,,,,,,,,,,,,,,,,
Max Christie,https://www.basketball-reference.com/players/c/chrisma02.html,2023,2022-12-11,LAL,DET,@,"W, 124-117",,,,,,,,,,,,,,,,,
Max Christie,https://www.basketball-reference.com/players/c/chrisma02.html,2023,2022-12-13,LAL,BOS,,"L, 118-122 (OT)",,,,,,,,,,,,,,,,,
Max Christie,https://www.basketball-reference.com/players/c/chrisma02.html,2023,2022-12-16,LAL,DEN,,"W, 126-108",,15:56,2,5,2,3,0,0,2,1,3,0,0,1,0,1,6
Max Christie,https://www.basketball-reference.com/players/c/chrisma02.html,2023,2022-12-18,LAL,WAS,,"W, 119-117",,23:40,3,6,2,5,0,0,0,4,4,0,0,1,0,0,8
Max Christie,https://www.basketball-reference.com/players/c/chrisma02.html,2023,2022-12-19,LAL,PHO,@,"L, 104-130",,27:03,1,9,0,3,0,0,2,4,6,1,0,0,1,0,2
Max Christie,https://www.basketball-reference.com/players/c/chrisma02.html,2023,2022-12-21,LAL,SAC,@,"L, 120-134",,26:23,2,3,2,2,0,0,0,4,4,3,0,0,0,2,6
Max Christie,https://www.basketball-reference.com/players/c/chrisma02.html,2023,2022-12-23,LAL,CHO,,"L, 130-134",,10:17,0,1,0,1,0,0,0,0,0,0,0,0,1,1,0
Max Christie,https://www.basketball-reference.com/players/c/chrisma02.html,2023,2022-12-25,LAL,DAL,@,"L, 115-124",,04:37,0,1,0,1,2,2,0,1,1,0,0,0,0,1,2
Max Christie,https://www.basketball-reference.com/players/c/chrisma02.html,2023,2022-12-27,LAL,ORL,@,"W, 129-110",,04:58,0,0,0,0,0,0,0,0,0,0,0,0,0,0,0
Max Christie,https://www.basketball-reference.com/players/c/chrisma02.html,2023,2022-12-28,LAL,MIA,@,"L, 98-112",,00:27,0,0,0,0,0,0,0,0,0,0,0,0,0,0,0
Max Christie,https://www.basketball-reference.com/players/c/chrisma02.html,2023,2022-12-30,LAL,ATL,@,"W, 130-121",,,,,,,,,,,,,,,,,
Max Christie,https://www.basketball-reference.com/players/c/chrisma02.html,2023,2023-01-02,LAL,CHO,@,"W, 121-115",,,,,,,,,,,,,,,,,
Max Christie,https://www.basketball-reference.com/players/c/chrisma02.html,2023,2023-01-04,LAL,MIA,,"W, 112-109",,06:45,0,2,0,2,0,0,0,1,1,1,0,0,1,1,0
Max Christie,https://www.basketball-reference.com/players/c/chrisma02.html,2023,2023-01-06,LAL,ATL,,"W, 130-114",,16:05,3,5,2,2,0,0,0,1,1,3,0,1,2,2,8
Max Christie,https://www.basketball-reference.com/players/c/chrisma02.html,2023,2023-01-07,LAL,SAC,@,"W, 136-134",,23:50,1,2,0,0,0,0,0,2,2,0,0,0,0,1,2
Max Christie,https://www.basketball-reference.com/players/c/chrisma02.html,2023,2023-01-09,LAL,DEN,@,"L, 109-122",,25:52,6,8,2,3,0,0,0,3,3,1,0,0,0,1,14
Max Christie,https://www.basketball-reference.com/players/c/chrisma02.html,2023,2023-01-12,LAL,DAL,,"L, 115-119 (2OT)",,28:44,3,6,1,3,0,0,2,3,5,0,0,1,1,2,7
Max Christie,https://www.basketball-reference.com/players/c/chrisma02.html,2023,2023-01-15,LAL,PHI,,"L, 112-113",,14:31,1,4,0,1,0,0,0,2,2,0,0,0,0,2,2
Max Christie,https://www.basketball-reference.com/players/c/chrisma02.html,2023,2023-01-16,LAL,HOU,,"W, 140-132",,05:11,0,0,0,0,0,0,0,0,0,0,0,0,0,0,0
Max Christie,https://www.basketball-reference.com/players/c/chrisma02.html,2023,2023-01-18,LAL,SAC,,"L, 111-116",,27:10,3,8,2,6,4,4,0,3,3,1,2,0,0,3,12
Max Christie,https://www.basketball-reference.com/players/c/chrisma02.html,2023,2023-01-20,LAL,MEM,,"W, 122-121",,14:04,1,1,1,1,0,0,0,1,1,1,0,0,0,0,3
Max Christie,https://www.basketball-reference.com/players/c/chrisma02.html,2023,2023-01-22,LAL,POR,@,"W, 121-112",,16:11,0,1,0,1,0,0,0,2,2,0,0,1,0,1,0
Max Christie,https://www.basketball-reference.com/players/c/chrisma02.html,2023,2023-01-24,LAL,LAC,,"L, 115-133",,17:28,2,3,1,2,0,0,0,2,2,0,1,0,0,0,5
Max Christie,https://www.basketball-reference.com/players/c/chrisma02.html,2023,2023-01-25,LAL,SAS,,"W, 113-104",,24:23,1,2,1,2,2,2,0,4,4,1,1,1,1,0,5
Max Christie,https://www.basketball-reference.com/players/c/chrisma02.html,2023,2023-01-28,LAL,BOS,@,"L, 121-125 (OT)",,,,,,,,,,,,,,,,,
Max Christie,https://www.basketball-reference.com/players/c/chrisma02.html,2023,2023-01-30,LAL,BRK,@,"L, 104-121",,07:46,1,2,0,1,1,2,0,1,1,0,0,0,1,2,3
Max Christie,https://www.basketball-reference.com/players/c/chrisma02.html,2023,2023-01-31,LAL,NYK,@,"W, 129-123 (OT)",,12:38,2,3,2,3,0,0,0,2,2,0,0,0,0,5,6
Max Christie,https://www.basketball-reference.com/players/c/chrisma02.html,2023,2023-02-02,LAL,IND,@,"W, 112-111",,,,,,,,,,,,,,,,,
Max Christie,https://www.basketball-reference.com/players/c/chrisma02.html,2023,2023-02-04,LAL,NOP,@,"L, 126-131",,,,,,,,,,,,,,,,,
Max Christie,https://www.basketball-reference.com/players/c/chrisma02.html,2023,2023-02-07,LAL,OKC,,"L, 130-133",,,,,,,,,,,,,,,,,
Max Christie,https://www.basketball-reference.com/players/c/chrisma02.html,2023,2023-02-09,LAL,MIL,,"L, 106-115",,12:23,0,2,0,0,0,0,0,0,0,1,0,0,0,0,0
Max Christie,https://www.basketball-reference.com/players/c/chrisma02.html,2023,2023-02-11,LAL,GSW,@,"W, 109-103",,,,,,,,,,,,,,,,,
Max Christie,https://www.basketball-reference.com/players/c/chrisma02.html,2023,2023-02-13,LAL,POR,@,"L, 115-127",,06:42,0,1,0,1,2,2,0,2,2,1,1,1,2,1,2
Max Christie,https://www.basketball-reference.com/players/c/chrisma02.html,2023,2023-02-15,LAL,NOP,,"W, 120-102",,,,,,,,,,,,,,,,,
Max Christie,https://www.basketball-reference.com/players/c/chrisma02.html,2023,2023-02-23,LAL,GSW,,"W, 124-111",,,,,,,,,,,,,,,,,
Max Christie,https://www.basketball-reference.com/players/c/chrisma02.html,2023,2023-02-26,LAL,DAL,@,"W, 111-108",,,,,,,,,,,,,,,,,
Max Christie,https://www.basketball-reference.com/players/c/chrisma02.html,2023,2023-02-28,LAL,MEM,@,"L, 109-121",,01:15,0,0,0,0,0,0,0,0,0,0,0,0,0,0,0
Max Christie,https://www.basketball-reference.com/players/c/chrisma02.html,2023,2023-03-01,LAL,OKC,@,"W, 123-117",,05:56,1,2,0,0,0,0,0,0,0,0,1,0,0,1,2
Max Christie,https://www.basketball-reference.com/players/c/chrisma02.html,2023,2023-03-03,LAL,MIN,,"L, 102-110",,,,,,,,,,,,,,,,,
Max Christie,https://www.basketball-reference.com/players/c/chrisma02.html,2023,2023-03-05,LAL,GSW,,"W, 113-105",,,,,,,,,,,,,,,,,
Max Christie,https://www.basketball-reference.com/players/c/chrisma02.html,2023,2023-03-07,LAL,MEM,,"W, 112-103",,,,,,,,,,,,,,,,,
Max Christie,https://www.basketball-reference.com/players/c/chrisma02.html,2023,2023-03-10,LAL,TOR,,"W, 122-112",,,,,,,,,,,,,,,,,
Max Christie,https://www.basketball-reference.com/players/c/chrisma02.html,2023,2023-03-12,LAL,NYK,,"L, 108-112",,,,,,,,,,,,,,,,,
Max Christie,https://www.basketball-reference.com/players/c/chrisma02.html,2023,2023-03-14,LAL,NOP,@,"W, 123-108",,01:34,0,0,0,0,0,0,0,0,0,0,0,0,0,0,0
Max Christie,https://www.basketball-reference.com/players/c/chrisma02.html,2023,2023-03-15,LAL,HOU,@,"L, 110-114",,,,,,,,,,,,,,,,,
Max Christie,https://www.basketball-reference.com/players/c/chrisma02.html,2023,2023-03-17,LAL,DAL,,"L, 110-111",,,,,,,,,,,,,,,,,
Max Christie,https://www.basketball-reference.com/players/c/chrisma02.html,2023,2023-03-19,LAL,ORL,,"W, 111-105",,,,,,,,,,,,,,,,,
Max Christie,https://www.basketball-reference.com/players/c/chrisma02.html,2023,2023-03-22,LAL,PHO,,"W, 122-111",,,,,,,,,,,,,,,,,
Max Christie,https://www.basketball-reference.com/players/c/chrisma02.html,2023,2023-03-24,LAL,OKC,,"W, 116-111",,,,,,,,,,,,,,,,,
Max Christie,https://www.basketball-reference.com/players/c/chrisma02.html,2023,2023-03-26,LAL,CHI,,"L, 108-118",,,,,,,,,,,,,,,,,
Max Christie,https://www.basketball-reference.com/players/c/chrisma02.html,2023,2023-03-29,LAL,CHI,@,"W, 121-110",,,,,,,,,,,,,,,,,
Max Christie,https://www.basketball-reference.com/players/c/chrisma02.html,2023,2023-03-31,LAL,MIN,@,"W, 123-111",,,,,,,,,,,,,,,,,
Max Christie,https://www.basketball-reference.com/players/c/chrisma02.html,2023,2023-04-02,LAL,HOU,@,"W, 134-109",,03:48,0,1,0,0,0,0,0,1,1,2,0,0,0,0,0
Max Christie,https://www.basketball-reference.com/players/c/chrisma02.html,2023,2023-04-04,LAL,UTA,@,"W, 135-133 (OT)",,,,,,,,,,,,,,,,,
Max Christie,https://www.basketball-reference.com/players/c/chrisma02.html,2023,2023-04-05,LAL,LAC,@,"L, 118-125",,,,,,,,,,,,,,,,,
Max Christie,https://www.basketball-reference.com/players/c/chrisma02.html,2023,2023-04-07,LAL,PHO,,"W, 121-107",,00:52,0,0,0,0,0,0,0,0,0,0,0,0,0,0,0
Max Christie,https://www.basketball-reference.com/players/c/chrisma02.html,2023,2023-04-09,LAL,UTA,,"W, 128-117",,00:39,0,0,0,0,0,0,0,0,0,0,0,0,0,0,0
Scotty Pippen Jr.,https://www.basketball-reference.com/players/p/pippesc02.html,2023,2022-10-18,LAL,GSW,@,"L, 109-123",,01:52,0,0,0,0,2,2,0,0,0,0,0,0,0,0,2
Scotty Pippen Jr.,https://www.basketball-reference.com/players/p/pippesc02.html,2023,2022-10-20,LAL,LAC,,"L, 97-103",,,,,,,,,,,,,,,,,
Scotty Pippen Jr.,https://www.basketball-reference.com/players/p/pippesc02.html,2023,2022-10-23,LAL,POR,,"L, 104-106",,,,,,,,,,,,,,,,,
Scotty Pippen Jr.,https://www.basketball-reference.com/players/p/pippesc02.html,2023,2022-10-26,LAL,DEN,@,"L, 99-110",,,,,,,,,,,,,,,,,
Scotty Pippen Jr.,https://www.basketball-reference.com/players/p/pippesc02.html,2023,2022-10-28,LAL,MIN,@,"L, 102-111",,,,,,,,,,,,,,,,,
Scotty Pippen Jr.,https://www.basketball-reference.com/players/p/pippesc02.html,2023,2022-10-30,LAL,DEN,,"W, 121-110",,,,,,,,,,,,,,,,,
Scotty Pippen Jr.,https://www.basketball-reference.com/players/p/pippesc02.html,2023,,,,,,,,,,,,,,,,,,,,,,
Scotty Pippen Jr.,https://www.basketball-reference.com/players/p/pippesc02.html,2023,2022-11-02,LAL,NOP,,"W, 120-117 (OT)",,,,,,,,,,,,,,,,,
Scotty Pippen Jr.,https://www.basketball-reference.com/players/p/pippesc02.html,2023,2022-11-04,LAL,UTA,,"L, 116-130",,,,,,,,,,,,,,,,,
Scotty Pippen Jr.,https://www.basketball-reference.com/players/p/pippesc02.html,2023,2022-11-06,LAL,CLE,,"L, 100-114",,,,,,,,,,,,,,,,,
Scotty Pippen Jr.,https://www.basketball-reference.com/players/p/pippesc02.html,2023,2022-11-07,LAL,UTA,@,"L, 116-139",,06:29,0,2,0,0,1,2,1,1,2,0,0,0,1,2,1
Scotty Pippen Jr.,https://www.basketball-reference.com/players/p/pippesc02.html,2023,2022-11-09,LAL,LAC,@,"L, 101-114",,,,,,,,,,,,,,,,,
Scotty Pippen Jr.,https://www.basketball-reference.com/players/p/pippesc02.html,2023,2022-11-11,LAL,SAC,,"L, 114-120",,,,,,,,,,,,,,,,,
Scotty Pippen Jr.,https://www.basketball-reference.com/players/p/pippesc02.html,2023,2022-11-13,LAL,BRK,,"W, 116-103",,,,,,,,,,,,,,,,,
Scotty Pippen Jr.,https://www.basketball-reference.com/players/p/pippesc02.html,2023,2022-11-18,LAL,DET,,"W, 128-121",,,,,,,,,,,,,,,,,
Scotty Pippen Jr.,https://www.basketball-reference.com/players/p/pippesc02.html,2023,2022-11-20,LAL,SAS,,"W, 123-92",,,,,,,,,,,,,,,,,
Scotty Pippen Jr.,https://www.basketball-reference.com/players/p/pippesc02.html,2023,2022-11-22,LAL,PHO,@,"L, 105-115",,,,,,,,,,,,,,,,,
Scotty Pippen Jr.,https://www.basketball-reference.com/players/p/pippesc02.html,2023,2022-11-25,LAL,SAS,@,"W, 105-94",,,,,,,,,,,,,,,,,
Scotty Pippen Jr.,https://www.basketball-reference.com/players/p/pippesc02.html,2023,2022-11-26,LAL,SAS,@,"W, 143-138",,,,,,,,,,,,,,,,,
Scotty Pippen Jr.,https://www.basketball-reference.com/players/p/pippesc02.html,2023,2022-11-28,LAL,IND,,"L, 115-116",,,,,,,,,,,,,,,,,
Scotty Pippen Jr.,https://www.basketball-reference.com/players/p/pippesc02.html,2023,2022-11-30,LAL,POR,,"W, 128-109",,,,,,,,,,,,,,,,,
Scotty Pippen Jr.,https://www.basketball-reference.com/players/p/pippesc02.html,2023,2022-12-02,LAL,MIL,@,"W, 133-129",,,,,,,,,,,,,,,,,
Scotty Pippen Jr.,https://www.basketball-reference.com/players/p/pippesc02.html,2023,2022-12-04,LAL,WAS,@,"W, 130-119",,,,,,,,,,,,,,,,,
Scotty Pippen Jr.,https://www.basketball-reference.com/players/p/pippesc02.html,2023,2022-12-06,LAL,CLE,@,"L, 102-116",,,,,,,,,,,,,,,,,
Scotty Pippen Jr.,https://www.basketball-reference.com/players/p/pippesc02.html,2023,2022-12-07,LAL,TOR,@,"L, 113-126",,,,,,,,,,,,,,,,,
Scotty Pippen Jr.,https://www.basketball-reference.com/players/p/pippesc02.html,2023,2022-12-09,LAL,PHI,@,"L, 122-133 (OT)",,,,,,,,,,,,,,,,,
Scotty Pippen Jr.,https://www.basketball-reference.com/players/p/pippesc02.html,2023,2022-12-11,LAL,DET,@,"W, 124-117",,,,,,,,,,,,,,,,,
Scotty Pippen Jr.,https://www.basketball-reference.com/players/p/pippesc02.html,2023,2022-12-13,LAL,BOS,,"L, 118-122 (OT)",,,,,,,,,,,,,,,,,
Scotty Pippen Jr.,https://www.basketball-reference.com/players/p/pippesc02.html,2023,2022-12-16,LAL,DEN,,"W, 126-108",,,,,,,,,,,,,,,,,
Scotty Pippen Jr.,https://www.basketball-reference.com/players/p/pippesc02.html,2023,2022-12-18,LAL,WAS,,"W, 119-117",,,,,,,,,,,,,,,,,
Scotty Pippen Jr.,https://www.basketball-reference.com/players/p/pippesc02.html,2023,2022-12-19,LAL,PHO,@,"L, 104-130",,14:30,1,5,1,2,1,2,1,1,2,1,1,1,1,1,4
Scotty Pippen Jr.,https://www.basketball-reference.com/players/p/pippesc02.html,2023,2022-12-21,LAL,SAC,@,"L, 120-134",,,,,,,,,,,,,,,,,
Scotty Pippen Jr.,https://www.basketball-reference.com/players/p/pippesc02.html,2023,2022-12-23,LAL,CHO,,"L, 130-134",,,,,,,,,,,,,,,,,
Scotty Pippen Jr.,https://www.basketball-reference.com/players/p/pippesc02.html,2023,2022-12-25,LAL,DAL,@,"L, 115-124",,,,,,,,,,,,,,,,,
Scotty Pippen Jr.,https://www.basketball-reference.com/players/p/pippesc02.html,2023,2022-12-27,LAL,ORL,@,"W, 129-110",,,,,,,,,,,,,,,,,
Scotty Pippen Jr.,https://www.basketball-reference.com/players/p/pippesc02.html,2023,2022-12-28,LAL,MIA,@,"L, 98-112",,,,,,,,,,,,,,,,,
Scotty Pippen Jr.,https://www.basketball-reference.com/players/p/pippesc02.html,2023,2022-12-30,LAL,ATL,@,"W, 130-121",,,,,,,,,,,,,,,,,
Scotty Pippen Jr.,https://www.basketball-reference.com/players/p/pippesc02.html,2023,2023-01-02,LAL,CHO,@,"W, 121-115",,,,,,,,,,,,,,,,,
Scotty Pippen Jr.,https://www.basketball-reference.com/players/p/pippesc02.html,2023,2023-01-04,LAL,MIA,,"W, 112-109",,,,,,,,,,,,,,,,,
Scotty Pippen Jr.,https://www.basketball-reference.com/players/p/pippesc02.html,2023,2023-01-06,LAL,ATL,,"W, 130-114",,01:17,0,1,0,1,0,0,0,0,0,0,0,0,0,0,0
Scotty Pippen Jr.,https://www.basketball-reference.com/players/p/pippesc02.html,2023,2023-01-07,LAL,SAC,@,"W, 136-134",,,,,,,,,,,,,,,,,
Scotty Pippen Jr.,https://www.basketball-reference.com/players/p/pippesc02.html,2023,2023-01-09,LAL,DEN,@,"L, 109-122",,02:16,2,2,0,0,0,1,0,0,0,0,1,0,0,0,4
Scotty Pippen Jr.,https://www.basketball-reference.com/players/p/pippesc02.html,2023,2023-01-12,LAL,DAL,,"L, 115-119 (2OT)",,,,,,,,,,,,,,,,,
Scotty Pippen Jr.,https://www.basketball-reference.com/players/p/pippesc02.html,2023,2023-01-15,LAL,PHI,,"L, 112-113",,,,,,,,,,,,,,,,,
Scotty Pippen Jr.,https://www.basketball-reference.com/players/p/pippesc02.html,2023,2023-01-16,LAL,HOU,,"W, 140-132",,,,,,,,,,,,,,,,,
Scotty Pippen Jr.,https://www.basketball-reference.com/players/p/pippesc02.html,2023,2023-01-18,LAL,SAC,,"L, 111-116",,,,,,,,,,,,,,,,,
Scotty Pippen Jr.,https://www.basketball-reference.com/players/p/pippesc02.html,2023,2023-01-20,LAL,MEM,,"W, 122-121",,,,,,,,,,,,,,,,,
Scotty Pippen Jr.,https://www.basketball-reference.com/players/p/pippesc02.html,2023,2023-01-22,LAL,POR,@,"W, 121-112",,,,,,,,,,,,,,,,,
Scotty Pippen Jr.,https://www.basketball-reference.com/players/p/pippesc02.html,2023,2023-01-24,LAL,LAC,,"L, 115-133",,05:07,1,2,0,0,1,2,0,0,0,1,0,0,0,0,3
Scotty Pippen Jr.,https://www.basketball-reference.com/players/p/pippesc02.html,2023,2023-01-25,LAL,SAS,,"W, 113-104",,,,,,,,,,,,,,,,,
Scotty Pippen Jr.,https://www.basketball-reference.com/players/p/pippesc02.html,2023,2023-01-28,LAL,BOS,@,"L, 121-125 (OT)",,,,,,,,,,,,,,,,,
Scotty Pippen Jr.,https://www.basketball-reference.com/players/p/pippesc02.html,2023,2023-01-30,LAL,BRK,@,"L, 104-121",,,,,,,,,,,,,,,,,
Scotty Pippen Jr.,https://www.basketball-reference.com/players/p/pippesc02.html,2023,2023-01-31,LAL,NYK,@,"W, 129-123 (OT)",,,,,,,,,,,,,,,,,
Scotty Pippen Jr.,https://www.basketball-reference.com/players/p/pippesc02.html,2023,2023-02-02,LAL,IND,@,"W, 112-111",,,,,,,,,,,,,,,,,
Scotty Pippen Jr.,https://www.basketball-reference.com/players/p/pippesc02.html,2023,2023-02-04,LAL,NOP,@,"L, 126-131",,,,,,,,,,,,,,,,,
Scotty Pippen Jr.,https://www.basketball-reference.com/players/p/pippesc02.html,2023,2023-02-07,LAL,OKC,,"L, 130-133",,,,,,,,,,,,,,,,,
Scotty Pippen Jr.,https://www.basketball-reference.com/players/p/pippesc02.html,2023,2023-02-09,LAL,MIL,,"L, 106-115",,,,,,,,,,,,,,,,,
Scotty Pippen Jr.,https://www.basketball-reference.com/players/p/pippesc02.html,2023,2023-02-11,LAL,GSW,@,"W, 109-103",,,,,,,,,,,,,,,,,
Scotty Pippen Jr.,https://www.basketball-reference.com/players/p/pippesc02.html,2023,2023-02-13,LAL,POR,@,"L, 115-127",,,,,,,,,,,,,,,,,
Scotty Pippen Jr.,https://www.basketball-reference.com/players/p/pippesc02.html,2023,2023-02-15,LAL,NOP,,"W, 120-102",,,,,,,,,,,,,,,,,
Scotty Pippen Jr.,https://www.basketball-reference.com/players/p/pippesc02.html,2023,2023-02-23,LAL,GSW,,"W, 124-111",,,,,,,,,,,,,,,,,
Scotty Pippen Jr.,https://www.basketball-reference.com/players/p/pippesc02.html,2023,2023-02-26,LAL,DAL,@,"W, 111-108",,,,,,,,,,,,,,,,,
Scotty Pippen Jr.,https://www.basketball-reference.com/players/p/pippesc02.html,2023,2023-02-28,LAL,MEM,@,"L, 109-121",,,,,,,,,,,,,,,,,
Scotty Pippen Jr.,https://www.basketball-reference.com/players/p/pippesc02.html,2023,2023-03-01,LAL,OKC,@,"W, 123-117",,,,,,,,,,,,,,,,,
Scotty Pippen Jr.,https://www.basketball-reference.com/players/p/pippesc02.html,2023,2023-03-03,LAL,MIN,,"L, 102-110",,,,,,,,,,,,,,,,,
Scotty Pippen Jr.,https://www.basketball-reference.com/players/p/pippesc02.html,2023,2023-03-05,LAL,GSW,,"W, 113-105",,,,,,,,,,,,,,,,,
Scotty Pippen Jr.,https://www.basketball-reference.com/players/p/pippesc02.html,2023,2023-03-07,LAL,MEM,,"W, 112-103",,,,,,,,,,,,,,,,,
Scotty Pippen Jr.,https://www.basketball-reference.com/players/p/pippesc02.html,2023,2023-03-10,LAL,TOR,,"W, 122-112",,,,,,,,,,,,,,,,,
Scotty Pippen Jr.,https://www.basketball-reference.com/players/p/pippesc02.html,2023,2023-03-12,LAL,NYK,,"L, 108-112",,,,,,,,,,,,,,,,,
Scotty Pippen Jr.,https://www.basketball-reference.com/players/p/pippesc02.html,2023,2023-03-14,LAL,NOP,@,"W, 123-108",,,,,,,,,,,,,,,,,
Scotty Pippen Jr.,https://www.basketball-reference.com/players/p/pippesc02.html,2023,2023-03-15,LAL,HOU,@,"L, 110-114",,,,,,,,,,,,,,,,,
Scotty Pippen Jr.,https://www.basketball-reference.com/players/p/pippesc02.html,2023,2023-03-17,LAL,DAL,,"L, 110-111",,,,,,,,,,,,,,,,,
Scotty Pippen Jr.,https://www.basketball-reference.com/players/p/pippesc02.html,2023,2023-03-19,LAL,ORL,,"W, 111-105",,,,,,,,,,,,,,,,,
Scotty Pippen Jr.,https://www.basketball-reference.com/players/p/pippesc02.html,2023,2023-03-22,LAL,PHO,,"W, 122-111",,,,,,,,,,,,,,,,,
Scotty Pippen Jr.,https://www.basketball-reference.com/players/p/pippesc02.html,2023,2023-03-24,LAL,OKC,,"W, 116-111",,,,,,,,,,,,,,,,,
Scotty Pippen Jr.,https://www.basketball-reference.com/players/p/pippesc02.html,2023,2023-03-26,LAL,CHI,,"L, 108-118",,,,,,,,,,,,,,,,,
Scotty Pippen Jr.,https://www.basketball-reference.com/players/p/pippesc02.html,2023,2023-03-29,LAL,CHI,@,"W, 121-110",,,,,,,,,,,,,,,,,
Scotty Pippen Jr.,https://www.basketball-reference.com/players/p/pippesc02.html,2023,2023-03-31,LAL,MIN,@,"W, 123-111",,,,,,,,,,,,,,,,,
Scotty Pippen Jr.,https://www.basketball-reference.com/players/p/pippesc02.html,2023,2023-04-02,LAL,HOU,@,"W, 134-109",,,,,,,,,,,,,,,,,
Scotty Pippen Jr.,https://www.basketball-reference.com/players/p/pippesc02.html,2023,2023-04-04,LAL,UTA,@,"W, 135-133 (OT)",,,,,,,,,,,,,,,,,
Scotty Pippen Jr.,https://www.basketball-reference.com/players/p/pippesc02.html,2023,2023-04-05,LAL,LAC,@,"L, 118-125",,,,,,,,,,,,,,,,,
Scotty Pippen Jr.,https://www.basketball-reference.com/players/p/pippesc02.html,2023,2023-04-07,LAL,PHO,,"W, 121-107",,,,,,,,,,,,,,,,,
Scotty Pippen Jr.,https://www.basketball-reference.com/players/p/pippesc02.html,2023,2023-04-09,LAL,UTA,,"W, 128-117",,,,,,,,,,,,,,,,,
Cole Swider,https://www.basketball-reference.com/players/s/swideco01.html,2023,2022-10-18,LAL,GSW,@,"L, 109-123",,01:52,0,1,0,1,0,0,0,1,1,1,0,0,0,0,0
Cole Swider,https://www.basketball-reference.com/players/s/swideco01.html,2023,2022-10-20,LAL,LAC,,"L, 97-103",,,,,,,,,,,,,,,,,
Cole Swider,https://www.basketball-reference.com/players/s/swideco01.html,2023,2022-10-23,LAL,POR,,"L, 104-106",,,,,,,,,,,,,,,,,
Cole Swider,https://www.basketball-reference.com/players/s/swideco01.html,2023,2022-10-26,LAL,DEN,@,"L, 99-110",,,,,,,,,,,,,,,,,
Cole Swider,https://www.basketball-reference.com/players/s/swideco01.html,2023,2022-10-28,LAL,MIN,@,"L, 102-111",,,,,,,,,,,,,,,,,
Cole Swider,https://www.basketball-reference.com/players/s/swideco01.html,2023,2022-10-30,LAL,DEN,,"W, 121-110",,,,,,,,,,,,,,,,,
Cole Swider,https://www.basketball-reference.com/players/s/swideco01.html,2023,,,,,,,,,,,,,,,,,,,,,,
Cole Swider,https://www.basketball-reference.com/players/s/swideco01.html,2023,2022-11-02,LAL,NOP,,"W, 120-117 (OT)",,,,,,,,,,,,,,,,,
Cole Swider,https://www.basketball-reference.com/players/s/swideco01.html,2023,2022-11-04,LAL,UTA,,"L, 116-130",,,,,,,,,,,,,,,,,
Cole Swider,https://www.basketball-reference.com/players/s/swideco01.html,2023,2022-11-06,LAL,CLE,,"L, 100-114",,,,,,,,,,,,,,,,,
Cole Swider,https://www.basketball-reference.com/players/s/swideco01.html,2023,2022-11-07,LAL,UTA,@,"L, 116-139",,,,,,,,,,,,,,,,,
Cole Swider,https://www.basketball-reference.com/players/s/swideco01.html,2023,2022-11-09,LAL,LAC,@,"L, 101-114",,,,,,,,,,,,,,,,,
Cole Swider,https://www.basketball-reference.com/players/s/swideco01.html,2023,2022-11-11,LAL,SAC,,"L, 114-120",,,,,,,,,,,,,,,,,
Cole Swider,https://www.basketball-reference.com/players/s/swideco01.html,2023,2022-11-13,LAL,BRK,,"W, 116-103",,,,,,,,,,,,,,,,,
Cole Swider,https://www.basketball-reference.com/players/s/swideco01.html,2023,2022-11-18,LAL,DET,,"W, 128-121",,,,,,,,,,,,,,,,,
Cole Swider,https://www.basketball-reference.com/players/s/swideco01.html,2023,2022-11-20,LAL,SAS,,"W, 123-92",,,,,,,,,,,,,,,,,
Cole Swider,https://www.basketball-reference.com/players/s/swideco01.html,2023,2022-11-22,LAL,PHO,@,"L, 105-115",,,,,,,,,,,,,,,,,
Cole Swider,https://www.basketball-reference.com/players/s/swideco01.html,2023,2022-11-25,LAL,SAS,@,"W, 105-94",,,,,,,,,,,,,,,,,
Cole Swider,https://www.basketball-reference.com/players/s/swideco01.html,2023,2022-11-26,LAL,SAS,@,"W, 143-138",,,,,,,,,,,,,,,,,
Cole Swider,https://www.basketball-reference.com/players/s/swideco01.html,2023,2022-11-28,LAL,IND,,"L, 115-116",,,,,,,,,,,,,,,,,
Cole Swider,https://www.basketball-reference.com/players/s/swideco01.html,2023,2022-11-30,LAL,POR,,"W, 128-109",,,,,,,,,,,,,,,,,
Cole Swider,https://www.basketball-reference.com/players/s/swideco01.html,2023,2022-12-02,LAL,MIL,@,"W, 133-129",,,,,,,,,,,,,,,,,
Cole Swider,https://www.basketball-reference.com/players/s/swideco01.html,2023,2022-12-04,LAL,WAS,@,"W, 130-119",,,,,,,,,,,,,,,,,
Cole Swider,https://www.basketball-reference.com/players/s/swideco01.html,2023,2022-12-06,LAL,CLE,@,"L, 102-116",,,,,,,,,,,,,,,,,
Cole Swider,https://www.basketball-reference.com/players/s/swideco01.html,2023,2022-12-07,LAL,TOR,@,"L, 113-126",,,,,,,,,,,,,,,,,
Cole Swider,https://www.basketball-reference.com/players/s/swideco01.html,2023,2022-12-09,LAL,PHI,@,"L, 122-133 (OT)",,,,,,,,,,,,,,,,,
Cole Swider,https://www.basketball-reference.com/players/s/swideco01.html,2023,2022-12-11,LAL,DET,@,"W, 124-117",,,,,,,,,,,,,,,,,
Cole Swider,https://www.basketball-reference.com/players/s/swideco01.html,2023,2022-12-13,LAL,BOS,,"L, 118-122 (OT)",,,,,,,,,,,,,,,,,
Cole Swider,https://www.basketball-reference.com/players/s/swideco01.html,2023,2022-12-16,LAL,DEN,,"W, 126-108",,,,,,,,,,,,,,,,,
Cole Swider,https://www.basketball-reference.com/players/s/swideco01.html,2023,2022-12-18,LAL,WAS,,"W, 119-117",,,,,,,,,,,,,,,,,
Cole Swider,https://www.basketball-reference.com/players/s/swideco01.html,2023,2022-12-19,LAL,PHO,@,"L, 104-130",,,,,,,,,,,,,,,,,
Cole Swider,https://www.basketball-reference.com/players/s/swideco01.html,2023,2022-12-21,LAL,SAC,@,"L, 120-134",,,,,,,,,,,,,,,,,
Cole Swider,https://www.basketball-reference.com/players/s/swideco01.html,2023,2022-12-23,LAL,CHO,,"L, 130-134",,,,,,,,,,,,,,,,,
Cole Swider,https://www.basketball-reference.com/players/s/swideco01.html,2023,2022-12-25,LAL,DAL,@,"L, 115-124",,,,,,,,,,,,,,,,,
Cole Swider,https://www.basketball-reference.com/players/s/swideco01.html,2023,2022-12-27,LAL,ORL,@,"W, 129-110",,,,,,,,,,,,,,,,,
Cole Swider,https://www.basketball-reference.com/players/s/swideco01.html,2023,2022-12-28,LAL,MIA,@,"L, 98-112",,,,,,,,,,,,,,,,,
Cole Swider,https://www.basketball-reference.com/players/s/swideco01.html,2023,2022-12-30,LAL,ATL,@,"W, 130-121",,,,,,,,,,,,,,,,,
Cole Swider,https://www.basketball-reference.com/players/s/swideco01.html,2023,2023-01-02,LAL,CHO,@,"W, 121-115",,,,,,,,,,,,,,,,,
Cole Swider,https://www.basketball-reference.com/players/s/swideco01.html,2023,2023-01-04,LAL,MIA,,"W, 112-109",,,,,,,,,,,,,,,,,
Cole Swider,https://www.basketball-reference.com/players/s/swideco01.html,2023,2023-01-06,LAL,ATL,,"W, 130-114",,01:17,1,1,1,1,0,0,0,0,0,0,0,0,0,0,3
Cole Swider,https://www.basketball-reference.com/players/s/swideco01.html,2023,2023-01-07,LAL,SAC,@,"W, 136-134",,,,,,,,,,,,,,,,,
Cole Swider,https://www.basketball-reference.com/players/s/swideco01.html,2023,2023-01-09,LAL,DEN,@,"L, 109-122",,25:40,2,6,2,5,0,0,0,5,5,3,0,0,0,2,6
Cole Swider,https://www.basketball-reference.com/players/s/swideco01.html,2023,2023-01-12,LAL,DAL,,"L, 115-119 (2OT)",,03:07,0,0,0,0,0,0,0,0,0,0,0,0,0,1,0
Cole Swider,https://www.basketball-reference.com/players/s/swideco01.html,2023,2023-01-15,LAL,PHI,,"L, 112-113",,,,,,,,,,,,,,,,,
Cole Swider,https://www.basketball-reference.com/players/s/swideco01.html,2023,2023-01-16,LAL,HOU,,"W, 140-132",,,,,,,,,,,,,,,,,
Cole Swider,https://www.basketball-reference.com/players/s/swideco01.html,2023,2023-01-18,LAL,SAC,,"L, 111-116",,,,,,,,,,,,,,,,,
Cole Swider,https://www.basketball-reference.com/players/s/swideco01.html,2023,2023-01-20,LAL,MEM,,"W, 122-121",,,,,,,,,,,,,,,,,
Cole Swider,https://www.basketball-reference.com/players/s/swideco01.html,2023,2023-01-22,LAL,POR,@,"W, 121-112",,,,,,,,,,,,,,,,,
Cole Swider,https://www.basketball-reference.com/players/s/swideco01.html,2023,2023-01-24,LAL,LAC,,"L, 115-133",,05:07,0,1,0,1,0,0,1,0,1,0,0,0,0,0,0
Cole Swider,https://www.basketball-reference.com/players/s/swideco01.html,2023,2023-01-25,LAL,SAS,,"W, 113-104",,,,,,,,,,,,,,,,,
Cole Swider,https://www.basketball-reference.com/players/s/swideco01.html,2023,2023-01-28,LAL,BOS,@,"L, 121-125 (OT)",,,,,,,,,,,,,,,,,
Cole Swider,https://www.basketball-reference.com/players/s/swideco01.html,2023,2023-01-30,LAL,BRK,@,"L, 104-121",,,,,,,,,,,,,,,,,
Cole Swider,https://www.basketball-reference.com/players/s/swideco01.html,2023,2023-01-31,LAL,NYK,@,"W, 129-123 (OT)",,,,,,,,,,,,,,,,,
Cole Swider,https://www.basketball-reference.com/players/s/swideco01.html,2023,2023-02-02,LAL,IND,@,"W, 112-111",,,,,,,,,,,,,,,,,
Cole Swider,https://www.basketball-reference.com/players/s/swideco01.html,2023,2023-02-04,LAL,NOP,@,"L, 126-131",,,,,,,,,,,,,,,,,
Cole Swider,https://www.basketball-reference.com/players/s/swideco01.html,2023,2023-02-07,LAL,OKC,,"L, 130-133",,,,,,,,,,,,,,,,,
Cole Swider,https://www.basketball-reference.com/players/s/swideco01.html,2023,2023-02-09,LAL,MIL,,"L, 106-115",,03:25,0,0,0,0,0,0,0,0,0,0,0,0,0,0,0
Cole Swider,https://www.basketball-reference.com/players/s/swideco01.html,2023,2023-02-11,LAL,GSW,@,"W, 109-103",,,,,,,,,,,,,,,,,
Cole Swider,https://www.basketball-reference.com/players/s/swideco01.html,2023,2023-02-13,LAL,POR,@,"L, 115-127",,,,,,,,,,,,,,,,,
Cole Swider,https://www.basketball-reference.com/players/s/swideco01.html,2023,2023-02-15,LAL,NOP,,"W, 120-102",,,,,,,,,,,,,,,,,
Cole Swider,https://www.basketball-reference.com/players/s/swideco01.html,2023,2023-02-23,LAL,GSW,,"W, 124-111",,,,,,,,,,,,,,,,,
Cole Swider,https://www.basketball-reference.com/players/s/swideco01.html,2023,2023-02-26,LAL,DAL,@,"W, 111-108",,,,,,,,,,,,,,,,,
Cole Swider,https://www.basketball-reference.com/players/s/swideco01.html,2023,2023-02-28,LAL,MEM,@,"L, 109-121",,,,,,,,,,,,,,,,,
Cole Swider,https://www.basketball-reference.com/players/s/swideco01.html,2023,2023-03-01,LAL,OKC,@,"W, 123-117",,,,,,,,,,,,,,,,,
Cole Swider,https://www.basketball-reference.com/players/s/swideco01.html,2023,2023-03-03,LAL,MIN,,"L, 102-110",,,,,,,,,,,,,,,,,
Cole Swider,https://www.basketball-reference.com/players/s/swideco01.html,2023,2023-03-05,LAL,GSW,,"W, 113-105",,,,,,,,,,,,,,,,,
Cole Swider,https://www.basketball-reference.com/players/s/swideco01.html,2023,2023-03-07,LAL,MEM,,"W, 112-103",,,,,,,,,,,,,,,,,
Cole Swider,https://www.basketball-reference.com/players/s/swideco01.html,2023,2023-03-10,LAL,TOR,,"W, 122-112",,,,,,,,,,,,,,,,,
Cole Swider,https://www.basketball-reference.com/players/s/swideco01.html,2023,2023-03-12,LAL,NYK,,"L, 108-112",,,,,,,,,,,,,,,,,
Cole Swider,https://www.basketball-reference.com/players/s/swideco01.html,2023,2023-03-14,LAL,NOP,@,"W, 123-108",,,,,,,,,,,,,,,,,
Cole Swider,https://www.basketball-reference.com/players/s/swideco01.html,2023,2023-03-15,LAL,HOU,@,"L, 110-114",,,,,,,,,,,,,,,,,
Cole Swider,https://www.basketball-reference.com/players/s/swideco01.html,2023,2023-03-17,LAL,DAL,,"L, 110-111",,,,,,,,,,,,,,,,,
Cole Swider,https://www.basketball-reference.com/players/s/swideco01.html,2023,2023-03-19,LAL,ORL,,"W, 111-105",,,,,,,,,,,,,,,,,
Cole Swider,https://www.basketball-reference.com/players/s/swideco01.html,2023,2023-03-22,LAL,PHO,,"W, 122-111",,,,,,,,,,,,,,,,,
Cole Swider,https://www.basketball-reference.com/players/s/swideco01.html,2023,2023-03-24,LAL,OKC,,"W, 116-111",,,,,,,,,,,,,,,,,
Cole Swider,https://www.basketball-reference.com/players/s/swideco01.html,2023,2023-03-26,LAL,CHI,,"L, 108-118",,,,,,,,,,,,,,,,,
Cole Swider,https://www.basketball-reference.com/players/s/swideco01.html,2023,2023-03-29,LAL,CHI,@,"W, 121-110",,,,,,,,,,,,,,,,,
Cole Swider,https://www.basketball-reference.com/players/s/swideco01.html,2023,2023-03-31,LAL,MIN,@,"W, 123-111",,,,,,,,,,,,,,,,,
Cole Swider,https://www.basketball-reference.com/players/s/swideco01.html,2023,2023-04-02,LAL,HOU,@,"W, 134-109",,,,,,,,,,,,,,,,,
Cole Swider,https://www.basketball-reference.com/players/s/swideco01.html,2023,2023-04-04,LAL,UTA,@,"W, 135-133 (OT)",,,,,,,,,,,,,,,,,
Cole Swider,https://www.basketball-reference.com/players/s/swideco01.html,2023,2023-04-05,LAL,LAC,@,"L, 118-125",,,,,,,,,,,,,,,,,
Cole Swider,https://www.basketball-reference.com/players/s/swideco01.html,2023,2023-04-07,LAL,PHO,,"W, 121-107",,,,,,,,,,,,,,,,,
Cole Swider,https://www.basketball-reference.com/players/s/swideco01.html,2023,2023-04-09,LAL,UTA,,"W, 128-117",,00:39,0,0,0,0,0,0,0,0,0,0,0,0,0,0,0
Kennedy Chandler,https://www.basketball-reference.com/players/c/chandke01.html,2023,2022-10-19,MEM,NYK,,"W, 115-112 (OT)",,,,,,,,,,,,,,,,,
Kennedy Chandler,https://www.basketball-reference.com/players/c/chandke01.html,2023,2022-10-21,MEM,HOU,@,"W, 129-122",,,,,,,,,,,,,,,,,
Kennedy Chandler,https://www.basketball-reference.com/players/c/chandke01.html,2023,2022-10-22,MEM,DAL,@,"L, 96-137",,08:54,0,2,0,0,0,1,0,0,0,2,0,2,2,0,0
Kennedy Chandler,https://www.basketball-reference.com/players/c/chandke01.html,2023,2022-10-24,MEM,BRK,,"W, 134-124",,,,,,,,,,,,,,,,,
Kennedy Chandler,https://www.basketball-reference.com/players/c/chandke01.html,2023,2022-10-27,MEM,SAC,@,"W, 125-110",,00:34,0,0,0,0,0,0,0,0,0,0,0,0,0,0,0
Kennedy Chandler,https://www.basketball-reference.com/players/c/chandke01.html,2023,2022-10-29,MEM,UTA,@,"L, 123-124",,13:46,2,4,0,1,0,0,0,0,0,1,0,0,1,1,4
Kennedy Chandler,https://www.basketball-reference.com/players/c/chandke01.html,2023,2022-10-31,MEM,UTA,@,"L, 105-121",,12:11,1,3,0,1,1,3,0,1,1,3,0,0,1,1,3
Kennedy Chandler,https://www.basketball-reference.com/players/c/chandke01.html,2023,,,,,,,,,,,,,,,,,,,,,,
Kennedy Chandler,https://www.basketball-reference.com/players/c/chandke01.html,2023,2022-11-02,MEM,POR,@,"W, 111-106",,,,,,,,,,,,,,,,,
Kennedy Chandler,https://www.basketball-reference.com/players/c/chandke01.html,2023,2022-11-04,MEM,CHO,,"W, 130-99",,10:21,1,5,0,1,0,0,0,2,2,4,2,0,1,0,2
Kennedy Chandler,https://www.basketball-reference.com/players/c/chandke01.html,2023,2022-11-06,MEM,WAS,,"W, 103-97",,,,,,,,,,,,,,,,,
Kennedy Chandler,https://www.basketball-reference.com/players/c/chandke01.html,2023,2022-11-07,MEM,BOS,,"L, 106-109",,,,,,,,,,,,,,,,,
Kennedy Chandler,https://www.basketball-reference.com/players/c/chandke01.html,2023,2022-11-09,MEM,SAS,@,"W, 124-122 (OT)",,,,,,,,,,,,,,,,,
Kennedy Chandler,https://www.basketball-reference.com/players/c/chandke01.html,2023,2022-11-11,MEM,MIN,,"W, 114-103",,,,,,,,,,,,,,,,,
Kennedy Chandler,https://www.basketball-reference.com/players/c/chandke01.html,2023,2022-11-13,MEM,WAS,@,"L, 92-102",,11:45,2,5,1,3,0,0,1,2,3,2,0,0,1,1,5
Kennedy Chandler,https://www.basketball-reference.com/players/c/chandke01.html,2023,2022-11-15,MEM,NOP,@,"L, 102-113",,,,,,,,,,,,,,,,,
Kennedy Chandler,https://www.basketball-reference.com/players/c/chandke01.html,2023,2022-11-18,MEM,OKC,,"W, 121-110",,,,,,,,,,,,,,,,,
Kennedy Chandler,https://www.basketball-reference.com/players/c/chandke01.html,2023,2022-11-20,MEM,BRK,@,"L, 115-127",,13:39,2,5,0,1,2,3,0,3,3,3,1,0,0,1,6
Kennedy Chandler,https://www.basketball-reference.com/players/c/chandke01.html,2023,2022-11-22,MEM,SAC,,"L, 109-113",,,,,,,,,,,,,,,,,
Kennedy Chandler,https://www.basketball-reference.com/players/c/chandke01.html,2023,2022-11-25,MEM,NOP,,"W, 132-111",,07:47,0,3,0,0,0,0,1,0,1,1,1,0,1,1,0
Kennedy Chandler,https://www.basketball-reference.com/players/c/chandke01.html,2023,2022-11-27,MEM,NYK,@,"W, 127-123",,,,,,,,,,,,,,,,,
Kennedy Chandler,https://www.basketball-reference.com/players/c/chandke01.html,2023,2022-11-30,MEM,MIN,@,"L, 101-109",,,,,,,,,,,,,,,,,
Kennedy Chandler,https://www.basketball-reference.com/players/c/chandke01.html,2023,2022-12-02,MEM,PHI,,"W, 117-109",,,,,,,,,,,,,,,,,
Kennedy Chandler,https://www.basketball-reference.com/players/c/chandke01.html,2023,2022-12-04,MEM,DET,@,"W, 122-112",,,,,,,,,,,,,,,,,
Kennedy Chandler,https://www.basketball-reference.com/players/c/chandke01.html,2023,2022-12-05,MEM,MIA,,"W, 101-93",,25:44,4,11,1,4,0,0,0,3,3,5,2,1,1,0,9
Kennedy Chandler,https://www.basketball-reference.com/players/c/chandke01.html,2023,2022-12-07,MEM,OKC,,"W, 123-102",,,,,,,,,,,,,,,,,
Kennedy Chandler,https://www.basketball-reference.com/players/c/chandke01.html,2023,2022-12-09,MEM,DET,,"W, 114-103",,01:03,0,0,0,0,0,0,0,1,1,0,0,0,0,0,0
Kennedy Chandler,https://www.basketball-reference.com/players/c/chandke01.html,2023,2022-12-12,MEM,ATL,,"W, 128-103",,22:50,4,5,0,1,0,0,0,6,6,7,1,1,4,0,8
Kennedy Chandler,https://www.basketball-reference.com/players/c/chandke01.html,2023,2022-12-15,MEM,MIL,,"W, 142-101",,12:00,1,3,0,0,0,0,0,1,1,5,1,0,1,2,2
Kennedy Chandler,https://www.basketball-reference.com/players/c/chandke01.html,2023,2022-12-17,MEM,OKC,@,"L, 109-115",,04:34,1,2,0,0,0,0,1,0,1,0,0,0,0,0,2
Kennedy Chandler,https://www.basketball-reference.com/players/c/chandke01.html,2023,2022-12-20,MEM,DEN,@,"L, 91-105",,01:52,0,0,0,0,0,0,0,1,1,0,0,0,0,0,0
Kennedy Chandler,https://www.basketball-reference.com/players/c/chandke01.html,2023,2022-12-23,MEM,PHO,@,"W, 125-100",,,,,,,,,,,,,,,,,
Kennedy Chandler,https://www.basketball-reference.com/players/c/chandke01.html,2023,2022-12-25,MEM,GSW,@,"L, 109-123",,,,,,,,,,,,,,,,,
Kennedy Chandler,https://www.basketball-reference.com/players/c/chandke01.html,2023,2022-12-27,MEM,PHO,,"L, 108-125",,07:12,2,3,0,0,1,2,0,0,0,1,0,0,0,0,5
Kennedy Chandler,https://www.basketball-reference.com/players/c/chandke01.html,2023,2022-12-29,MEM,TOR,@,"W, 119-106",,,,,,,,,,,,,,,,,
Kennedy Chandler,https://www.basketball-reference.com/players/c/chandke01.html,2023,2022-12-31,MEM,NOP,,"W, 116-101",,01:29,0,0,0,0,0,0,0,0,0,0,0,0,0,0,0
Kennedy Chandler,https://www.basketball-reference.com/players/c/chandke01.html,2023,2023-01-01,MEM,SAC,,"W, 118-108",,14:03,2,3,0,0,0,0,0,1,1,2,1,1,0,2,4
Kennedy Chandler,https://www.basketball-reference.com/players/c/chandke01.html,2023,2023-01-04,MEM,CHO,@,"W, 131-107",,06:34,1,2,0,0,1,2,1,1,2,1,0,0,1,0,3
Kennedy Chandler,https://www.basketball-reference.com/players/c/chandke01.html,2023,2023-01-05,MEM,ORL,@,"W, 123-115",,,,,,,,,,,,,,,,,
Kennedy Chandler,https://www.basketball-reference.com/players/c/chandke01.html,2023,2023-01-08,MEM,UTA,,"W, 123-118",,14:01,1,2,0,0,0,0,1,0,1,4,1,0,1,2,2
Kennedy Chandler,https://www.basketball-reference.com/players/c/chandke01.html,2023,2023-01-09,MEM,SAS,,"W, 121-113",,12:58,1,4,0,1,0,0,0,2,2,4,0,0,0,2,2
Kennedy Chandler,https://www.basketball-reference.com/players/c/chandke01.html,2023,2023-01-11,MEM,SAS,,"W, 135-129",,,,,,,,,,,,,,,,,
Kennedy Chandler,https://www.basketball-reference.com/players/c/chandke01.html,2023,2023-01-14,MEM,IND,@,"W, 130-112",,06:22,0,1,0,0,0,0,0,0,0,0,0,0,0,0,0
Kennedy Chandler,https://www.basketball-reference.com/players/c/chandke01.html,2023,2023-01-16,MEM,PHO,,"W, 136-106",,04:43,1,2,0,0,0,0,1,0,1,1,0,0,0,0,2
Kennedy Chandler,https://www.basketball-reference.com/players/c/chandke01.html,2023,2023-01-18,MEM,CLE,,"W, 115-114",,,,,,,,,,,,,,,,,
Kennedy Chandler,https://www.basketball-reference.com/players/c/chandke01.html,2023,2023-01-20,MEM,LAL,@,"L, 121-122",,,,,,,,,,,,,,,,,
Kennedy Chandler,https://www.basketball-reference.com/players/c/chandke01.html,2023,2023-01-22,MEM,PHO,@,"L, 110-112",,,,,,,,,,,,,,,,,
Kennedy Chandler,https://www.basketball-reference.com/players/c/chandke01.html,2023,2023-01-23,MEM,SAC,@,"L, 100-133",,05:27,0,1,0,1,0,0,0,0,0,0,0,0,1,0,0
Kennedy Chandler,https://www.basketball-reference.com/players/c/chandke01.html,2023,2023-01-25,MEM,GSW,@,"L, 120-122",,,,,,,,,,,,,,,,,
Kennedy Chandler,https://www.basketball-reference.com/players/c/chandke01.html,2023,2023-01-27,MEM,MIN,@,"L, 100-111",,,,,,,,,,,,,,,,,
Kennedy Chandler,https://www.basketball-reference.com/players/c/chandke01.html,2023,2023-01-29,MEM,IND,,"W, 112-100",,,,,,,,,,,,,,,,,
Kennedy Chandler,https://www.basketball-reference.com/players/c/chandke01.html,2023,2023-02-01,MEM,POR,,"L, 112-122",,,,,,,,,,,,,,,,,
Kennedy Chandler,https://www.basketball-reference.com/players/c/chandke01.html,2023,2023-02-02,MEM,CLE,@,"L, 113-128",,,,,,,,,,,,,,,,,
Kennedy Chandler,https://www.basketball-reference.com/players/c/chandke01.html,2023,2023-02-05,MEM,TOR,,"L, 103-106",,,,,,,,,,,,,,,,,
Kennedy Chandler,https://www.basketball-reference.com/players/c/chandke01.html,2023,2023-02-07,MEM,CHI,,"W, 104-89",,,,,,,,,,,,,,,,,
Kennedy Chandler,https://www.basketball-reference.com/players/c/chandke01.html,2023,2023-02-10,MEM,MIN,,"W, 128-107",,01:39,0,0,0,0,0,0,0,0,0,0,0,0,0,0,0
Kennedy Chandler,https://www.basketball-reference.com/players/c/chandke01.html,2023,2023-02-12,MEM,BOS,@,"L, 109-119",,,,,,,,,,,,,,,,,
Kennedy Chandler,https://www.basketball-reference.com/players/c/chandke01.html,2023,2023-02-15,MEM,UTA,,"W, 117-111",,,,,,,,,,,,,,,,,
Kennedy Chandler,https://www.basketball-reference.com/players/c/chandke01.html,2023,2023-02-23,MEM,PHI,@,"L, 105-110",,,,,,,,,,,,,,,,,
Kennedy Chandler,https://www.basketball-reference.com/players/c/chandke01.html,2023,2023-02-25,MEM,DEN,,"W, 112-94",,04:15,1,2,0,0,0,0,1,0,1,1,1,0,0,0,2
Kennedy Chandler,https://www.basketball-reference.com/players/c/chandke01.html,2023,2023-02-28,MEM,LAL,,"W, 121-109",,00:59,0,0,0,0,0,0,0,0,0,0,0,0,0,0,0
Kennedy Chandler,https://www.basketball-reference.com/players/c/chandke01.html,2023,2023-03-01,MEM,HOU,@,"W, 113-99",,,,,,,,,,,,,,,,,
Kennedy Chandler,https://www.basketball-reference.com/players/c/chandke01.html,2023,2023-03-03,MEM,DEN,@,"L, 97-113",,02:37,0,0,0,0,0,0,0,1,1,0,0,0,0,0,0
Kennedy Chandler,https://www.basketball-reference.com/players/c/chandke01.html,2023,2023-03-05,MEM,LAC,@,"L, 129-135",,,,,,,,,,,,,,,,,
Kennedy Chandler,https://www.basketball-reference.com/players/c/chandke01.html,2023,2023-03-07,MEM,LAL,@,"L, 103-112",,,,,,,,,,,,,,,,,
Kennedy Chandler,https://www.basketball-reference.com/players/c/chandke01.html,2023,2023-03-09,MEM,GSW,,"W, 131-110",,01:43,0,0,0,0,0,0,0,0,0,0,0,0,0,0,0
Kennedy Chandler,https://www.basketball-reference.com/players/c/chandke01.html,2023,2023-03-11,MEM,DAL,,"W, 112-108",,,,,,,,,,,,,,,,,
Kennedy Chandler,https://www.basketball-reference.com/players/c/chandke01.html,2023,2023-03-13,MEM,DAL,@,"W, 104-88",,02:36,0,0,0,0,0,0,0,0,0,0,0,0,0,0,0
Kennedy Chandler,https://www.basketball-reference.com/players/c/chandke01.html,2023,2023-03-15,MEM,MIA,@,"L, 119-138",,07:52,2,2,0,0,1,2,0,0,0,3,0,0,0,0,5
Kennedy Chandler,https://www.basketball-reference.com/players/c/chandke01.html,2023,2023-03-17,MEM,SAS,@,"W, 126-120 (OT)",,,,,,,,,,,,,,,,,
Kennedy Chandler,https://www.basketball-reference.com/players/c/chandke01.html,2023,2023-03-18,MEM,GSW,,"W, 133-119",,03:00,0,1,0,0,0,0,0,0,0,1,0,0,0,0,0
Kennedy Chandler,https://www.basketball-reference.com/players/c/chandke01.html,2023,2023-03-20,MEM,DAL,,"W, 112-108",,,,,,,,,,,,,,,,,
Kennedy Chandler,https://www.basketball-reference.com/players/c/chandke01.html,2023,2023-03-22,MEM,HOU,,"W, 130-125",,,,,,,,,,,,,,,,,
Kennedy Chandler,https://www.basketball-reference.com/players/c/chandke01.html,2023,2023-03-24,MEM,HOU,,"W, 151-114",,10:00,2,5,0,1,0,0,0,1,1,3,0,0,0,0,4
Kennedy Chandler,https://www.basketball-reference.com/players/c/chandke01.html,2023,2023-03-26,MEM,ATL,@,"W, 123-119",,,,,,,,,,,,,,,,,
Kennedy Chandler,https://www.basketball-reference.com/players/c/chandke01.html,2023,2023-03-28,MEM,ORL,,"W, 113-108",,,,,,,,,,,,,,,,,
Kennedy Chandler,https://www.basketball-reference.com/players/c/chandke01.html,2023,2023-03-29,MEM,LAC,,"L, 132-141",,12:43,2,3,0,0,0,0,0,2,2,3,1,0,1,2,4
Kennedy Chandler,https://www.basketball-reference.com/players/c/chandke01.html,2023,2023-03-31,MEM,LAC,,"W, 108-94",,,,,,,,,,,,,,,,,
Kennedy Chandler,https://www.basketball-reference.com/players/c/chandke01.html,2023,2023-04-02,MEM,CHI,@,"L, 107-128",,01:29,0,0,0,0,0,0,0,0,0,0,0,0,0,0,0
Kennedy Chandler,https://www.basketball-reference.com/players/c/chandke01.html,2023,2023-04-04,MEM,POR,,"W, 119-109",,,,,,,,,,,,,,,,,
Kennedy Chandler,https://www.basketball-reference.com/players/c/chandke01.html,2023,2023-04-05,MEM,NOP,@,"L, 131-138 (OT)",,10:09,1,2,0,0,0,0,0,1,1,1,0,0,0,0,2
Kennedy Chandler,https://www.basketball-reference.com/players/c/chandke01.html,2023,2023-04-07,MEM,MIL,@,"W, 137-114",,02:38,1,2,0,0,0,0,2,0,2,0,0,0,1,0,2
Jacob Gilyard,https://www.basketball-reference.com/players/g/gilyaja01.html,2023,2023-04-09,MEM,OKC,@,"L, 100-115",,40:47,1,3,1,3,0,0,0,4,4,7,3,0,2,3,3
Jake LaRavia,https://www.basketball-reference.com/players/l/laravja01.html,2023,2022-10-19,MEM,NYK,,"W, 115-112 (OT)",,12:32,1,2,1,2,2,2,1,1,2,1,1,1,0,2,5
Jake LaRavia,https://www.basketball-reference.com/players/l/laravja01.html,2023,2022-10-21,MEM,HOU,@,"W, 129-122",,15:10,4,7,3,4,1,1,2,3,5,0,0,1,1,3,12
Jake LaRavia,https://www.basketball-reference.com/players/l/laravja01.html,2023,2022-10-22,MEM,DAL,@,"L, 96-137",,22:26,2,6,2,5,0,0,0,2,2,0,0,0,1,5,6
Jake LaRavia,https://www.basketball-reference.com/players/l/laravja01.html,2023,2022-10-24,MEM,BRK,,"W, 134-124",,11:03,0,2,0,0,0,0,1,1,2,0,0,0,0,2,0
Jake LaRavia,https://www.basketball-reference.com/players/l/laravja01.html,2023,2022-10-27,MEM,SAC,@,"W, 125-110",,29:50,5,6,3,4,0,0,2,7,9,1,1,0,0,5,13
Jake LaRavia,https://www.basketball-reference.com/players/l/laravja01.html,2023,2022-10-29,MEM,UTA,@,"L, 123-124",,,,,,,,,,,,,,,,,
Jake LaRavia,https://www.basketball-reference.com/players/l/laravja01.html,2023,2022-10-31,MEM,UTA,@,"L, 105-121",,,,,,,,,,,,,,,,,
Jake LaRavia,https://www.basketball-reference.com/players/l/laravja01.html,2023,,,,,,,,,,,,,,,,,,,,,,
Jake LaRavia,https://www.basketball-reference.com/players/l/laravja01.html,2023,2022-11-02,MEM,POR,@,"W, 111-106",,,,,,,,,,,,,,,,,
Jake LaRavia,https://www.basketball-reference.com/players/l/laravja01.html,2023,2022-11-04,MEM,CHO,,"W, 130-99",,19:10,1,4,0,2,2,2,1,8,9,0,0,0,1,0,4
Jake LaRavia,https://www.basketball-reference.com/players/l/laravja01.html,2023,2022-11-06,MEM,WAS,,"W, 103-97",,16:10,2,3,2,3,0,0,0,1,1,1,0,0,0,2,6
Jake LaRavia,https://www.basketball-reference.com/players/l/laravja01.html,2023,2022-11-07,MEM,BOS,,"L, 106-109",,24:36,2,4,2,4,0,0,0,3,3,1,1,0,1,2,6
Jake LaRavia,https://www.basketball-reference.com/players/l/laravja01.html,2023,2022-11-09,MEM,SAS,@,"W, 124-122 (OT)",,16:44,3,4,0,1,0,0,0,0,0,0,1,0,1,3,6
Jake LaRavia,https://www.basketball-reference.com/players/l/laravja01.html,2023,2022-11-11,MEM,MIN,,"W, 114-103",,12:08,0,4,0,4,0,0,2,0,2,1,1,0,1,1,0
Jake LaRavia,https://www.basketball-reference.com/players/l/laravja01.html,2023,2022-11-13,MEM,WAS,@,"L, 92-102",,25:53,1,5,0,2,0,0,0,5,5,3,1,1,3,2,2
Jake LaRavia,https://www.basketball-reference.com/players/l/laravja01.html,2023,2022-11-15,MEM,NOP,@,"L, 102-113",,,,,,,,,,,,,,,,,
Jake LaRavia,https://www.basketball-reference.com/players/l/laravja01.html,2023,2022-11-18,MEM,OKC,,"W, 121-110",,09:28,1,3,0,2,0,0,0,1,1,1,0,0,0,2,2
Jake LaRavia,https://www.basketball-reference.com/players/l/laravja01.html,2023,2022-11-20,MEM,BRK,@,"L, 115-127",,28:51,4,12,3,9,0,0,1,3,4,3,1,0,2,1,11
Jake LaRavia,https://www.basketball-reference.com/players/l/laravja01.html,2023,2022-11-22,MEM,SAC,,"L, 109-113",,09:52,0,1,0,1,0,0,0,0,0,2,1,0,1,0,0
Jake LaRavia,https://www.basketball-reference.com/players/l/laravja01.html,2023,2022-11-25,MEM,NOP,,"W, 132-111",,26:12,1,5,1,4,0,0,2,2,4,0,0,0,1,2,3
Jake LaRavia,https://www.basketball-reference.com/players/l/laravja01.html,2023,2022-11-27,MEM,NYK,@,"W, 127-123",,15:20,2,2,2,2,0,0,1,0,1,2,1,0,2,1,6
Jake LaRavia,https://www.basketball-reference.com/players/l/laravja01.html,2023,2022-11-30,MEM,MIN,@,"L, 101-109",,,,,,,,,,,,,,,,,
Jake LaRavia,https://www.basketball-reference.com/players/l/laravja01.html,2023,2022-12-02,MEM,PHI,,"W, 117-109",,,,,,,,,,,,,,,,,
Jake LaRavia,https://www.basketball-reference.com/players/l/laravja01.html,2023,2022-12-04,MEM,DET,@,"W, 122-112",,,,,,,,,,,,,,,,,
Jake LaRavia,https://www.basketball-reference.com/players/l/laravja01.html,2023,2022-12-05,MEM,MIA,,"W, 101-93",,,,,,,,,,,,,,,,,
Jake LaRavia,https://www.basketball-reference.com/players/l/laravja01.html,2023,2022-12-07,MEM,OKC,,"W, 123-102",,,,,,,,,,,,,,,,,
Jake LaRavia,https://www.basketball-reference.com/players/l/laravja01.html,2023,2022-12-09,MEM,DET,,"W, 114-103",,,,,,,,,,,,,,,,,
Jake LaRavia,https://www.basketball-reference.com/players/l/laravja01.html,2023,2022-12-12,MEM,ATL,,"W, 128-103",,04:07,0,0,0,0,0,0,1,0,1,0,0,0,0,0,0
Jake LaRavia,https://www.basketball-reference.com/players/l/laravja01.html,2023,2022-12-15,MEM,MIL,,"W, 142-101",,12:00,1,2,0,1,0,0,2,0,2,1,1,0,0,2,2
Jake LaRavia,https://www.basketball-reference.com/players/l/laravja01.html,2023,2022-12-17,MEM,OKC,@,"L, 109-115",,,,,,,,,,,,,,,,,
Jake LaRavia,https://www.basketball-reference.com/players/l/laravja01.html,2023,2022-12-20,MEM,DEN,@,"L, 91-105",,01:52,0,0,0,0,0,0,0,0,0,0,0,0,0,0,0
Jake LaRavia,https://www.basketball-reference.com/players/l/laravja01.html,2023,2022-12-23,MEM,PHO,@,"W, 125-100",,04:40,0,0,0,0,0,0,0,1,1,1,0,0,0,2,0
Jake LaRavia,https://www.basketball-reference.com/players/l/laravja01.html,2023,2022-12-25,MEM,GSW,@,"L, 109-123",,,,,,,,,,,,,,,,,
Jake LaRavia,https://www.basketball-reference.com/players/l/laravja01.html,2023,2022-12-27,MEM,PHO,,"L, 108-125",,07:12,0,1,0,1,1,2,0,0,0,0,0,0,0,0,1
Jake LaRavia,https://www.basketball-reference.com/players/l/laravja01.html,2023,2022-12-29,MEM,TOR,@,"W, 119-106",,,,,,,,,,,,,,,,,
Jake LaRavia,https://www.basketball-reference.com/players/l/laravja01.html,2023,2022-12-31,MEM,NOP,,"W, 116-101",,01:29,0,0,0,0,0,0,0,0,0,0,0,0,0,1,0
Jake LaRavia,https://www.basketball-reference.com/players/l/laravja01.html,2023,2023-01-01,MEM,SAC,,"W, 118-108",,04:01,0,0,0,0,0,0,0,0,0,0,0,0,0,0,0
Jake LaRavia,https://www.basketball-reference.com/players/l/laravja01.html,2023,2023-01-04,MEM,CHO,@,"W, 131-107",,,,,,,,,,,,,,,,,
Jake LaRavia,https://www.basketball-reference.com/players/l/laravja01.html,2023,2023-01-05,MEM,ORL,@,"W, 123-115",,,,,,,,,,,,,,,,,
Jake LaRavia,https://www.basketball-reference.com/players/l/laravja01.html,2023,2023-01-08,MEM,UTA,,"W, 123-118",,,,,,,,,,,,,,,,,
Jake LaRavia,https://www.basketball-reference.com/players/l/laravja01.html,2023,2023-01-09,MEM,SAS,,"W, 121-113",,,,,,,,,,,,,,,,,
Jake LaRavia,https://www.basketball-reference.com/players/l/laravja01.html,2023,2023-01-11,MEM,SAS,,"W, 135-129",,,,,,,,,,,,,,,,,
Jake LaRavia,https://www.basketball-reference.com/players/l/laravja01.html,2023,2023-01-14,MEM,IND,@,"W, 130-112",,14:26,2,4,1,3,0,0,0,1,1,3,0,1,2,4,5
Jake LaRavia,https://www.basketball-reference.com/players/l/laravja01.html,2023,2023-01-16,MEM,PHO,,"W, 136-106",,03:57,0,2,0,2,0,0,0,0,0,0,1,0,0,0,0
Jake LaRavia,https://www.basketball-reference.com/players/l/laravja01.html,2023,2023-01-18,MEM,CLE,,"W, 115-114",,,,,,,,,,,,,,,,,
Jake LaRavia,https://www.basketball-reference.com/players/l/laravja01.html,2023,2023-01-20,MEM,LAL,@,"L, 121-122",,,,,,,,,,,,,,,,,
Jake LaRavia,https://www.basketball-reference.com/players/l/laravja01.html,2023,2023-01-22,MEM,PHO,@,"L, 110-112",,,,,,,,,,,,,,,,,
Jake LaRavia,https://www.basketball-reference.com/players/l/laravja01.html,2023,2023-01-23,MEM,SAC,@,"L, 100-133",,05:27,0,0,0,0,0,0,0,1,1,0,1,0,0,0,0
Jake LaRavia,https://www.basketball-reference.com/players/l/laravja01.html,2023,2023-01-25,MEM,GSW,@,"L, 120-122",,,,,,,,,,,,,,,,,
Jake LaRavia,https://www.basketball-reference.com/players/l/laravja01.html,2023,2023-01-27,MEM,MIN,@,"L, 100-111",,12:44,2,3,1,2,1,2,0,2,2,0,0,0,0,0,6
Jake LaRavia,https://www.basketball-reference.com/players/l/laravja01.html,2023,2023-01-29,MEM,IND,,"W, 112-100",,05:25,0,2,0,2,0,0,0,0,0,0,0,0,0,1,0
Jake LaRavia,https://www.basketball-reference.com/players/l/laravja01.html,2023,2023-02-01,MEM,POR,,"L, 112-122",,,,,,,,,,,,,,,,,
Jake LaRavia,https://www.basketball-reference.com/players/l/laravja01.html,2023,2023-02-02,MEM,CLE,@,"L, 113-128",,06:59,0,2,0,2,0,0,0,1,1,0,0,0,1,4,0
Jake LaRavia,https://www.basketball-reference.com/players/l/laravja01.html,2023,2023-02-05,MEM,TOR,,"L, 103-106",,,,,,,,,,,,,,,,,
Jake LaRavia,https://www.basketball-reference.com/players/l/laravja01.html,2023,2023-02-07,MEM,CHI,,"W, 104-89",,,,,,,,,,,,,,,,,
Jake LaRavia,https://www.basketball-reference.com/players/l/laravja01.html,2023,2023-02-10,MEM,MIN,,"W, 128-107",,01:39,0,0,0,0,0,0,0,0,0,0,0,0,0,0,0
Jake LaRavia,https://www.basketball-reference.com/players/l/laravja01.html,2023,2023-02-12,MEM,BOS,@,"L, 109-119",,,,,,,,,,,,,,,,,
Jake LaRavia,https://www.basketball-reference.com/players/l/laravja01.html,2023,2023-02-15,MEM,UTA,,"W, 117-111",,,,,,,,,,,,,,,,,
Jake LaRavia,https://www.basketball-reference.com/players/l/laravja01.html,2023,2023-02-23,MEM,PHI,@,"L, 105-110",,,,,,,,,,,,,,,,,
Jake LaRavia,https://www.basketball-reference.com/players/l/laravja01.html,2023,2023-02-25,MEM,DEN,,"W, 112-94",,04:15,0,1,0,1,0,0,0,0,0,0,0,0,0,0,0
Jake LaRavia,https://www.basketball-reference.com/players/l/laravja01.html,2023,2023-02-28,MEM,LAL,,"W, 121-109",,,,,,,,,,,,,,,,,
Jake LaRavia,https://www.basketball-reference.com/players/l/laravja01.html,2023,2023-03-01,MEM,HOU,@,"W, 113-99",,,,,,,,,,,,,,,,,
Jake LaRavia,https://www.basketball-reference.com/players/l/laravja01.html,2023,2023-03-03,MEM,DEN,@,"L, 97-113",,02:37,1,2,1,2,0,0,1,0,1,0,0,0,0,0,3
Jake LaRavia,https://www.basketball-reference.com/players/l/laravja01.html,2023,2023-03-05,MEM,LAC,@,"L, 129-135",,,,,,,,,,,,,,,,,
Jake LaRavia,https://www.basketball-reference.com/players/l/laravja01.html,2023,2023-03-07,MEM,LAL,@,"L, 103-112",,,,,,,,,,,,,,,,,
Jake LaRavia,https://www.basketball-reference.com/players/l/laravja01.html,2023,2023-03-09,MEM,GSW,,"W, 131-110",,,,,,,,,,,,,,,,,
Jake LaRavia,https://www.basketball-reference.com/players/l/laravja01.html,2023,2023-03-11,MEM,DAL,,"W, 112-108",,,,,,,,,,,,,,,,,
Jake LaRavia,https://www.basketball-reference.com/players/l/laravja01.html,2023,2023-03-13,MEM,DAL,@,"W, 104-88",,,,,,,,,,,,,,,,,
Jake LaRavia,https://www.basketball-reference.com/players/l/laravja01.html,2023,2023-03-15,MEM,MIA,@,"L, 119-138",,,,,,,,,,,,,,,,,
Jake LaRavia,https://www.basketball-reference.com/players/l/laravja01.html,2023,2023-03-17,MEM,SAS,@,"W, 126-120 (OT)",,,,,,,,,,,,,,,,,
Jake LaRavia,https://www.basketball-reference.com/players/l/laravja01.html,2023,2023-03-18,MEM,GSW,,"W, 133-119",,03:00,0,2,0,2,0,0,0,0,0,0,0,0,0,1,0
Jake LaRavia,https://www.basketball-reference.com/players/l/laravja01.html,2023,2023-03-20,MEM,DAL,,"W, 112-108",,,,,,,,,,,,,,,,,
Jake LaRavia,https://www.basketball-reference.com/players/l/laravja01.html,2023,2023-03-22,MEM,HOU,,"W, 130-125",,,,,,,,,,,,,,,,,
Jake LaRavia,https://www.basketball-reference.com/players/l/laravja01.html,2023,2023-03-24,MEM,HOU,,"W, 151-114",,,,,,,,,,,,,,,,,
Jake LaRavia,https://www.basketball-reference.com/players/l/laravja01.html,2023,2023-03-26,MEM,ATL,@,"W, 123-119",,,,,,,,,,,,,,,,,
Jake LaRavia,https://www.basketball-reference.com/players/l/laravja01.html,2023,2023-03-28,MEM,ORL,,"W, 113-108",,,,,,,,,,,,,,,,,
Jake LaRavia,https://www.basketball-reference.com/players/l/laravja01.html,2023,2023-03-29,MEM,LAC,,"L, 132-141",,21:30,2,4,2,4,0,0,2,1,3,0,0,0,0,1,6
Jake LaRavia,https://www.basketball-reference.com/players/l/laravja01.html,2023,2023-03-31,MEM,LAC,,"W, 108-94",,,,,,,,,,,,,,,,,
Jake LaRavia,https://www.basketball-reference.com/players/l/laravja01.html,2023,2023-04-02,MEM,CHI,@,"L, 107-128",,01:29,0,0,0,0,0,0,0,0,0,0,0,0,0,0,0
Jake LaRavia,https://www.basketball-reference.com/players/l/laravja01.html,2023,2023-04-04,MEM,POR,,"W, 119-109",,,,,,,,,,,,,,,,,
Jake LaRavia,https://www.basketball-reference.com/players/l/laravja01.html,2023,2023-04-05,MEM,NOP,@,"L, 131-138 (OT)",,,,,,,,,,,,,,,,,
Jake LaRavia,https://www.basketball-reference.com/players/l/laravja01.html,2023,2023-04-07,MEM,MIL,@,"W, 137-114",,,,,,,,,,,,,,,,,
Jake LaRavia,https://www.basketball-reference.com/players/l/laravja01.html,2023,2023-04-09,MEM,OKC,@,"L, 100-115",,,,,,,,,,,,,,,,,
Kenneth Lofton Jr.,https://www.basketball-reference.com/players/l/loftoke01.html,2023,2022-10-19,MEM,NYK,,"W, 115-112 (OT)",,,,,,,,,,,,,,,,,
Kenneth Lofton Jr.,https://www.basketball-reference.com/players/l/loftoke01.html,2023,2022-10-21,MEM,HOU,@,"W, 129-122",,,,,,,,,,,,,,,,,
Kenneth Lofton Jr.,https://www.basketball-reference.com/players/l/loftoke01.html,2023,2022-10-22,MEM,DAL,@,"L, 96-137",,08:54,2,4,0,1,0,1,0,1,1,1,0,0,0,3,4
Kenneth Lofton Jr.,https://www.basketball-reference.com/players/l/loftoke01.html,2023,2022-10-24,MEM,BRK,,"W, 134-124",,,,,,,,,,,,,,,,,
Kenneth Lofton Jr.,https://www.basketball-reference.com/players/l/loftoke01.html,2023,2022-10-27,MEM,SAC,@,"W, 125-110",,00:25,0,0,0,0,0,0,0,0,0,0,0,0,0,0,0
Kenneth Lofton Jr.,https://www.basketball-reference.com/players/l/loftoke01.html,2023,2022-10-29,MEM,UTA,@,"L, 123-124",,,,,,,,,,,,,,,,,
Kenneth Lofton Jr.,https://www.basketball-reference.com/players/l/loftoke01.html,2023,2022-10-31,MEM,UTA,@,"L, 105-121",,04:40,2,5,0,0,1,2,1,0,1,0,0,0,0,0,5
Kenneth Lofton Jr.,https://www.basketball-reference.com/players/l/loftoke01.html,2023,,,,,,,,,,,,,,,,,,,,,,
Kenneth Lofton Jr.,https://www.basketball-reference.com/players/l/loftoke01.html,2023,2022-11-02,MEM,POR,@,"W, 111-106",,,,,,,,,,,,,,,,,
Kenneth Lofton Jr.,https://www.basketball-reference.com/players/l/loftoke01.html,2023,2022-11-04,MEM,CHO,,"W, 130-99",,,,,,,,,,,,,,,,,
Kenneth Lofton Jr.,https://www.basketball-reference.com/players/l/loftoke01.html,2023,2022-11-06,MEM,WAS,,"W, 103-97",,,,,,,,,,,,,,,,,
Kenneth Lofton Jr.,https://www.basketball-reference.com/players/l/loftoke01.html,2023,2022-11-07,MEM,BOS,,"L, 106-109",,,,,,,,,,,,,,,,,
Kenneth Lofton Jr.,https://www.basketball-reference.com/players/l/loftoke01.html,2023,2022-11-09,MEM,SAS,@,"W, 124-122 (OT)",,,,,,,,,,,,,,,,,
Kenneth Lofton Jr.,https://www.basketball-reference.com/players/l/loftoke01.html,2023,2022-11-11,MEM,MIN,,"W, 114-103",,,,,,,,,,,,,,,,,
Kenneth Lofton Jr.,https://www.basketball-reference.com/players/l/loftoke01.html,2023,2022-11-13,MEM,WAS,@,"L, 92-102",,,,,,,,,,,,,,,,,
Kenneth Lofton Jr.,https://www.basketball-reference.com/players/l/loftoke01.html,2023,2022-11-15,MEM,NOP,@,"L, 102-113",,,,,,,,,,,,,,,,,
Kenneth Lofton Jr.,https://www.basketball-reference.com/players/l/loftoke01.html,2023,2022-11-18,MEM,OKC,,"W, 121-110",,,,,,,,,,,,,,,,,
Kenneth Lofton Jr.,https://www.basketball-reference.com/players/l/loftoke01.html,2023,2022-11-20,MEM,BRK,@,"L, 115-127",,,,,,,,,,,,,,,,,
Kenneth Lofton Jr.,https://www.basketball-reference.com/players/l/loftoke01.html,2023,2022-11-22,MEM,SAC,,"L, 109-113",,,,,,,,,,,,,,,,,
Kenneth Lofton Jr.,https://www.basketball-reference.com/players/l/loftoke01.html,2023,2022-11-25,MEM,NOP,,"W, 132-111",,04:43,1,3,0,0,0,0,0,1,1,2,0,0,1,0,2
Kenneth Lofton Jr.,https://www.basketball-reference.com/players/l/loftoke01.html,2023,2022-11-27,MEM,NYK,@,"W, 127-123",,,,,,,,,,,,,,,,,
Kenneth Lofton Jr.,https://www.basketball-reference.com/players/l/loftoke01.html,2023,2022-11-30,MEM,MIN,@,"L, 101-109",,,,,,,,,,,,,,,,,
Kenneth Lofton Jr.,https://www.basketball-reference.com/players/l/loftoke01.html,2023,2022-12-02,MEM,PHI,,"W, 117-109",,,,,,,,,,,,,,,,,
Kenneth Lofton Jr.,https://www.basketball-reference.com/players/l/loftoke01.html,2023,2022-12-04,MEM,DET,@,"W, 122-112",,,,,,,,,,,,,,,,,
Kenneth Lofton Jr.,https://www.basketball-reference.com/players/l/loftoke01.html,2023,2022-12-05,MEM,MIA,,"W, 101-93",,,,,,,,,,,,,,,,,
Kenneth Lofton Jr.,https://www.basketball-reference.com/players/l/loftoke01.html,2023,2022-12-07,MEM,OKC,,"W, 123-102",,,,,,,,,,,,,,,,,
Kenneth Lofton Jr.,https://www.basketball-reference.com/players/l/loftoke01.html,2023,2022-12-09,MEM,DET,,"W, 114-103",,,,,,,,,,,,,,,,,
Kenneth Lofton Jr.,https://www.basketball-reference.com/players/l/loftoke01.html,2023,2022-12-12,MEM,ATL,,"W, 128-103",,04:07,2,2,0,0,0,0,0,1,1,1,0,0,0,0,4
Kenneth Lofton Jr.,https://www.basketball-reference.com/players/l/loftoke01.html,2023,2022-12-15,MEM,MIL,,"W, 142-101",,,,,,,,,,,,,,,,,
Kenneth Lofton Jr.,https://www.basketball-reference.com/players/l/loftoke01.html,2023,2022-12-17,MEM,OKC,@,"L, 109-115",,,,,,,,,,,,,,,,,
Kenneth Lofton Jr.,https://www.basketball-reference.com/players/l/loftoke01.html,2023,2022-12-20,MEM,DEN,@,"L, 91-105",,,,,,,,,,,,,,,,,
Kenneth Lofton Jr.,https://www.basketball-reference.com/players/l/loftoke01.html,2023,2022-12-23,MEM,PHO,@,"W, 125-100",,,,,,,,,,,,,,,,,
Kenneth Lofton Jr.,https://www.basketball-reference.com/players/l/loftoke01.html,2023,2022-12-25,MEM,GSW,@,"L, 109-123",,,,,,,,,,,,,,,,,
Kenneth Lofton Jr.,https://www.basketball-reference.com/players/l/loftoke01.html,2023,2022-12-27,MEM,PHO,,"L, 108-125",,,,,,,,,,,,,,,,,
Kenneth Lofton Jr.,https://www.basketball-reference.com/players/l/loftoke01.html,2023,2022-12-29,MEM,TOR,@,"W, 119-106",,,,,,,,,,,,,,,,,
Kenneth Lofton Jr.,https://www.basketball-reference.com/players/l/loftoke01.html,2023,2022-12-31,MEM,NOP,,"W, 116-101",,,,,,,,,,,,,,,,,
Kenneth Lofton Jr.,https://www.basketball-reference.com/players/l/loftoke01.html,2023,2023-01-01,MEM,SAC,,"W, 118-108",,00:58,0,1,0,1,0,0,0,0,0,0,0,0,0,0,0
Kenneth Lofton Jr.,https://www.basketball-reference.com/players/l/loftoke01.html,2023,2023-01-04,MEM,CHO,@,"W, 131-107",,,,,,,,,,,,,,,,,
Kenneth Lofton Jr.,https://www.basketball-reference.com/players/l/loftoke01.html,2023,2023-01-05,MEM,ORL,@,"W, 123-115",,,,,,,,,,,,,,,,,
Kenneth Lofton Jr.,https://www.basketball-reference.com/players/l/loftoke01.html,2023,2023-01-08,MEM,UTA,,"W, 123-118",,,,,,,,,,,,,,,,,
Kenneth Lofton Jr.,https://www.basketball-reference.com/players/l/loftoke01.html,2023,2023-01-09,MEM,SAS,,"W, 121-113",,,,,,,,,,,,,,,,,
Kenneth Lofton Jr.,https://www.basketball-reference.com/players/l/loftoke01.html,2023,2023-01-11,MEM,SAS,,"W, 135-129",,,,,,,,,,,,,,,,,
Kenneth Lofton Jr.,https://www.basketball-reference.com/players/l/loftoke01.html,2023,2023-01-14,MEM,IND,@,"W, 130-112",,,,,,,,,,,,,,,,,
Kenneth Lofton Jr.,https://www.basketball-reference.com/players/l/loftoke01.html,2023,2023-01-16,MEM,PHO,,"W, 136-106",,,,,,,,,,,,,,,,,
Kenneth Lofton Jr.,https://www.basketball-reference.com/players/l/loftoke01.html,2023,2023-01-18,MEM,CLE,,"W, 115-114",,,,,,,,,,,,,,,,,
Kenneth Lofton Jr.,https://www.basketball-reference.com/players/l/loftoke01.html,2023,2023-01-20,MEM,LAL,@,"L, 121-122",,,,,,,,,,,,,,,,,
Kenneth Lofton Jr.,https://www.basketball-reference.com/players/l/loftoke01.html,2023,2023-01-22,MEM,PHO,@,"L, 110-112",,,,,,,,,,,,,,,,,
Kenneth Lofton Jr.,https://www.basketball-reference.com/players/l/loftoke01.html,2023,2023-01-23,MEM,SAC,@,"L, 100-133",,05:27,0,2,0,1,2,2,0,0,0,0,0,0,1,1,2
Kenneth Lofton Jr.,https://www.basketball-reference.com/players/l/loftoke01.html,2023,2023-01-25,MEM,GSW,@,"L, 120-122",,,,,,,,,,,,,,,,,
Kenneth Lofton Jr.,https://www.basketball-reference.com/players/l/loftoke01.html,2023,2023-01-27,MEM,MIN,@,"L, 100-111",,,,,,,,,,,,,,,,,
Kenneth Lofton Jr.,https://www.basketball-reference.com/players/l/loftoke01.html,2023,2023-01-29,MEM,IND,,"W, 112-100",,,,,,,,,,,,,,,,,
Kenneth Lofton Jr.,https://www.basketball-reference.com/players/l/loftoke01.html,2023,2023-02-01,MEM,POR,,"L, 112-122",,,,,,,,,,,,,,,,,
Kenneth Lofton Jr.,https://www.basketball-reference.com/players/l/loftoke01.html,2023,2023-02-02,MEM,CLE,@,"L, 113-128",,,,,,,,,,,,,,,,,
Kenneth Lofton Jr.,https://www.basketball-reference.com/players/l/loftoke01.html,2023,2023-02-05,MEM,TOR,,"L, 103-106",,,,,,,,,,,,,,,,,
Kenneth Lofton Jr.,https://www.basketball-reference.com/players/l/loftoke01.html,2023,2023-02-07,MEM,CHI,,"W, 104-89",,,,,,,,,,,,,,,,,
Kenneth Lofton Jr.,https://www.basketball-reference.com/players/l/loftoke01.html,2023,2023-02-10,MEM,MIN,,"W, 128-107",,01:39,0,1,0,0,0,0,0,1,1,0,0,0,0,1,0
Kenneth Lofton Jr.,https://www.basketball-reference.com/players/l/loftoke01.html,2023,2023-02-12,MEM,BOS,@,"L, 109-119",,,,,,,,,,,,,,,,,
Kenneth Lofton Jr.,https://www.basketball-reference.com/players/l/loftoke01.html,2023,2023-02-15,MEM,UTA,,"W, 117-111",,,,,,,,,,,,,,,,,
Kenneth Lofton Jr.,https://www.basketball-reference.com/players/l/loftoke01.html,2023,2023-02-23,MEM,PHI,@,"L, 105-110",,,,,,,,,,,,,,,,,
Kenneth Lofton Jr.,https://www.basketball-reference.com/players/l/loftoke01.html,2023,2023-02-25,MEM,DEN,,"W, 112-94",,04:15,1,2,0,1,0,0,0,0,0,1,1,0,0,0,2
Kenneth Lofton Jr.,https://www.basketball-reference.com/players/l/loftoke01.html,2023,2023-02-28,MEM,LAL,,"W, 121-109",,00:59,0,0,0,0,0,0,0,0,0,0,0,0,0,0,0
Kenneth Lofton Jr.,https://www.basketball-reference.com/players/l/loftoke01.html,2023,2023-03-01,MEM,HOU,@,"W, 113-99",,,,,,,,,,,,,,,,,
Kenneth Lofton Jr.,https://www.basketball-reference.com/players/l/loftoke01.html,2023,2023-03-03,MEM,DEN,@,"L, 97-113",,02:37,0,1,0,0,0,0,0,0,0,2,0,0,0,0,0
Kenneth Lofton Jr.,https://www.basketball-reference.com/players/l/loftoke01.html,2023,2023-03-05,MEM,LAC,@,"L, 129-135",,,,,,,,,,,,,,,,,
Kenneth Lofton Jr.,https://www.basketball-reference.com/players/l/loftoke01.html,2023,2023-03-07,MEM,LAL,@,"L, 103-112",,,,,,,,,,,,,,,,,
Kenneth Lofton Jr.,https://www.basketball-reference.com/players/l/loftoke01.html,2023,2023-03-09,MEM,GSW,,"W, 131-110",,01:43,1,1,1,1,0,0,0,0,0,1,0,0,0,1,3
Kenneth Lofton Jr.,https://www.basketball-reference.com/players/l/loftoke01.html,2023,2023-03-11,MEM,DAL,,"W, 112-108",,,,,,,,,,,,,,,,,
Kenneth Lofton Jr.,https://www.basketball-reference.com/players/l/loftoke01.html,2023,2023-03-13,MEM,DAL,@,"W, 104-88",,02:36,1,3,0,0,0,0,2,1,3,0,0,0,0,1,2
Kenneth Lofton Jr.,https://www.basketball-reference.com/players/l/loftoke01.html,2023,2023-03-15,MEM,MIA,@,"L, 119-138",,12:00,4,6,2,2,0,0,1,2,3,2,0,0,1,3,10
Kenneth Lofton Jr.,https://www.basketball-reference.com/players/l/loftoke01.html,2023,2023-03-17,MEM,SAS,@,"W, 126-120 (OT)",,13:31,4,6,1,2,2,4,3,4,7,1,0,1,2,2,11
Kenneth Lofton Jr.,https://www.basketball-reference.com/players/l/loftoke01.html,2023,2023-03-18,MEM,GSW,,"W, 133-119",,03:00,1,3,0,2,0,0,1,0,1,0,0,0,0,1,2
Kenneth Lofton Jr.,https://www.basketball-reference.com/players/l/loftoke01.html,2023,2023-03-20,MEM,DAL,,"W, 112-108",,,,,,,,,,,,,,,,,
Kenneth Lofton Jr.,https://www.basketball-reference.com/players/l/loftoke01.html,2023,2023-03-22,MEM,HOU,,"W, 130-125",,13:46,2,3,0,0,1,2,1,3,4,2,0,0,0,4,5
Kenneth Lofton Jr.,https://www.basketball-reference.com/players/l/loftoke01.html,2023,2023-03-24,MEM,HOU,,"W, 151-114",,10:00,5,9,1,1,0,0,0,2,2,3,2,1,0,1,11
Kenneth Lofton Jr.,https://www.basketball-reference.com/players/l/loftoke01.html,2023,2023-03-26,MEM,ATL,@,"W, 123-119",,,,,,,,,,,,,,,,,
Kenneth Lofton Jr.,https://www.basketball-reference.com/players/l/loftoke01.html,2023,2023-03-28,MEM,ORL,,"W, 113-108",,,,,,,,,,,,,,,,,
Kenneth Lofton Jr.,https://www.basketball-reference.com/players/l/loftoke01.html,2023,2023-03-29,MEM,LAC,,"L, 132-141",,09:09,1,4,0,0,1,2,1,3,4,1,0,0,1,1,3
Kenneth Lofton Jr.,https://www.basketball-reference.com/players/l/loftoke01.html,2023,2023-03-31,MEM,LAC,,"W, 108-94",,,,,,,,,,,,,,,,,
Kenneth Lofton Jr.,https://www.basketball-reference.com/players/l/loftoke01.html,2023,2023-04-02,MEM,CHI,@,"L, 107-128",,01:29,0,0,0,0,0,0,0,1,1,0,0,0,2,1,0
Kenneth Lofton Jr.,https://www.basketball-reference.com/players/l/loftoke01.html,2023,2023-04-04,MEM,POR,,"W, 119-109",,03:42,1,2,0,1,1,1,0,1,1,0,0,0,0,0,3
Kenneth Lofton Jr.,https://www.basketball-reference.com/players/l/loftoke01.html,2023,2023-04-05,MEM,NOP,@,"L, 131-138 (OT)",,22:49,3,9,0,1,0,1,3,2,5,3,1,0,1,3,6
Kenneth Lofton Jr.,https://www.basketball-reference.com/players/l/loftoke01.html,2023,2023-04-07,MEM,MIL,@,"W, 137-114",,03:04,1,1,1,1,0,0,0,1,1,0,0,0,1,2,3
Kenneth Lofton Jr.,https://www.basketball-reference.com/players/l/loftoke01.html,2023,2023-04-09,MEM,OKC,@,"L, 100-115",,40:21,17,25,0,2,8,12,6,8,14,0,1,0,2,3,42
David Roddy,https://www.basketball-reference.com/players/r/roddyda01.html,2023,2022-10-19,MEM,NYK,,"W, 115-112 (OT)",,12:46,0,6,0,2,0,0,2,0,2,1,0,0,0,1,0
David Roddy,https://www.basketball-reference.com/players/r/roddyda01.html,2023,2022-10-21,MEM,HOU,@,"W, 129-122",,22:32,3,6,2,5,0,0,0,2,2,0,1,0,2,4,8
David Roddy,https://www.basketball-reference.com/players/r/roddyda01.html,2023,2022-10-22,MEM,DAL,@,"L, 96-137",,23:26,5,12,0,4,2,2,1,2,3,1,0,0,1,4,12
David Roddy,https://www.basketball-reference.com/players/r/roddyda01.html,2023,2022-10-24,MEM,BRK,,"W, 134-124",,07:40,0,5,0,4,0,0,0,1,1,1,0,0,0,1,0
David Roddy,https://www.basketball-reference.com/players/r/roddyda01.html,2023,2022-10-27,MEM,SAC,@,"W, 125-110",,18:15,1,4,0,3,0,0,0,3,3,1,0,0,0,0,2
David Roddy,https://www.basketball-reference.com/players/r/roddyda01.html,2023,2022-10-29,MEM,UTA,@,"L, 123-124",,27:09,4,5,2,3,0,0,2,5,7,2,2,2,2,3,10
David Roddy,https://www.basketball-reference.com/players/r/roddyda01.html,2023,2022-10-31,MEM,UTA,@,"L, 105-121",,28:48,0,8,0,4,2,2,2,4,6,0,2,1,0,1,2
David Roddy,https://www.basketball-reference.com/players/r/roddyda01.html,2023,,,,,,,,,,,,,,,,,,,,,,
David Roddy,https://www.basketball-reference.com/players/r/roddyda01.html,2023,2022-11-02,MEM,POR,@,"W, 111-106",,19:01,3,6,3,6,1,2,0,1,1,2,2,0,0,3,10
David Roddy,https://www.basketball-reference.com/players/r/roddyda01.html,2023,2022-11-04,MEM,CHO,,"W, 130-99",,27:41,4,8,2,5,1,2,1,1,2,0,0,1,1,3,11
David Roddy,https://www.basketball-reference.com/players/r/roddyda01.html,2023,2022-11-06,MEM,WAS,,"W, 103-97",,15:34,1,3,1,2,0,0,0,1,1,0,0,0,0,0,3
David Roddy,https://www.basketball-reference.com/players/r/roddyda01.html,2023,2022-11-07,MEM,BOS,,"L, 106-109",,04:45,0,1,0,0,0,0,2,0,2,0,0,0,0,0,0
David Roddy,https://www.basketball-reference.com/players/r/roddyda01.html,2023,2022-11-09,MEM,SAS,@,"W, 124-122 (OT)",,09:03,3,6,0,2,0,0,0,1,1,0,0,0,0,1,6
David Roddy,https://www.basketball-reference.com/players/r/roddyda01.html,2023,2022-11-11,MEM,MIN,,"W, 114-103",,06:12,2,2,1,1,0,0,1,1,2,1,0,0,0,0,5
David Roddy,https://www.basketball-reference.com/players/r/roddyda01.html,2023,2022-11-13,MEM,WAS,@,"L, 92-102",,27:40,5,11,0,3,1,2,1,4,5,0,0,1,1,0,11
David Roddy,https://www.basketball-reference.com/players/r/roddyda01.html,2023,2022-11-15,MEM,NOP,@,"L, 102-113",,14:30,1,3,1,2,0,0,0,1,1,1,0,0,0,1,3
David Roddy,https://www.basketball-reference.com/players/r/roddyda01.html,2023,2022-11-18,MEM,OKC,,"W, 121-110",,15:00,1,3,0,2,2,3,2,1,3,0,0,0,2,1,4
David Roddy,https://www.basketball-reference.com/players/r/roddyda01.html,2023,2022-11-20,MEM,BRK,@,"L, 115-127",,24:17,3,8,1,3,2,2,1,3,4,1,0,0,0,4,9
David Roddy,https://www.basketball-reference.com/players/r/roddyda01.html,2023,2022-11-22,MEM,SAC,,"L, 109-113",,14:51,1,3,1,3,0,0,0,2,2,0,0,0,1,1,3
David Roddy,https://www.basketball-reference.com/players/r/roddyda01.html,2023,2022-11-25,MEM,NOP,,"W, 132-111",,24:29,4,11,2,5,1,1,0,2,2,0,0,0,2,3,11
David Roddy,https://www.basketball-reference.com/players/r/roddyda01.html,2023,2022-11-27,MEM,NYK,@,"W, 127-123",,12:33,2,4,2,4,0,0,1,0,1,0,0,0,0,2,6
David Roddy,https://www.basketball-reference.com/players/r/roddyda01.html,2023,2022-11-30,MEM,MIN,@,"L, 101-109",,25:03,5,8,3,4,0,0,0,5,5,0,1,0,2,0,13
David Roddy,https://www.basketball-reference.com/players/r/roddyda01.html,2023,2022-12-02,MEM,PHI,,"W, 117-109",,24:58,3,5,1,3,0,1,0,3,3,1,0,0,1,1,7
David Roddy,https://www.basketball-reference.com/players/r/roddyda01.html,2023,2022-12-04,MEM,DET,@,"W, 122-112",,24:02,1,5,1,3,1,2,0,1,1,1,0,0,1,1,4
David Roddy,https://www.basketball-reference.com/players/r/roddyda01.html,2023,2022-12-05,MEM,MIA,,"W, 101-93",,33:37,2,8,0,3,2,2,1,4,5,2,0,2,0,1,6
David Roddy,https://www.basketball-reference.com/players/r/roddyda01.html,2023,2022-12-07,MEM,OKC,,"W, 123-102",,15:11,3,5,2,4,0,0,0,1,1,3,0,0,2,1,8
David Roddy,https://www.basketball-reference.com/players/r/roddyda01.html,2023,2022-12-09,MEM,DET,,"W, 114-103",,15:09,1,3,1,2,4,6,1,0,1,0,0,2,1,2,7
David Roddy,https://www.basketball-reference.com/players/r/roddyda01.html,2023,2022-12-12,MEM,ATL,,"W, 128-103",,21:48,5,9,0,3,1,1,0,3,3,0,0,0,1,2,11
David Roddy,https://www.basketball-reference.com/players/r/roddyda01.html,2023,2022-12-15,MEM,MIL,,"W, 142-101",,23:31,7,13,1,6,0,0,1,6,7,2,0,0,2,1,15
David Roddy,https://www.basketball-reference.com/players/r/roddyda01.html,2023,2022-12-17,MEM,OKC,@,"L, 109-115",,19:15,3,11,1,6,0,1,1,6,7,1,1,0,1,1,7
David Roddy,https://www.basketball-reference.com/players/r/roddyda01.html,2023,2022-12-20,MEM,DEN,@,"L, 91-105",,22:59,3,8,1,5,1,4,0,1,1,1,3,1,1,0,8
David Roddy,https://www.basketball-reference.com/players/r/roddyda01.html,2023,2022-12-23,MEM,PHO,@,"W, 125-100",,04:40,2,4,1,2,0,0,0,1,1,0,0,0,0,1,5
David Roddy,https://www.basketball-reference.com/players/r/roddyda01.html,2023,2022-12-25,MEM,GSW,@,"L, 109-123",,,,,,,,,,,,,,,,,
David Roddy,https://www.basketball-reference.com/players/r/roddyda01.html,2023,2022-12-27,MEM,PHO,,"L, 108-125",,07:12,1,3,0,2,0,0,0,1,1,1,0,0,1,1,2
David Roddy,https://www.basketball-reference.com/players/r/roddyda01.html,2023,2022-12-29,MEM,TOR,@,"W, 119-106",,,,,,,,,,,,,,,,,
David Roddy,https://www.basketball-reference.com/players/r/roddyda01.html,2023,2022-12-31,MEM,NOP,,"W, 116-101",,28:15,1,5,0,4,0,0,0,2,2,0,2,1,4,5,2
David Roddy,https://www.basketball-reference.com/players/r/roddyda01.html,2023,2023-01-01,MEM,SAC,,"W, 118-108",,15:06,2,6,0,3,1,4,2,2,4,2,0,0,0,1,5
David Roddy,https://www.basketball-reference.com/players/r/roddyda01.html,2023,2023-01-04,MEM,CHO,@,"W, 131-107",,19:07,3,4,0,1,3,4,0,3,3,1,0,0,0,0,9
David Roddy,https://www.basketball-reference.com/players/r/roddyda01.html,2023,2023-01-05,MEM,ORL,@,"W, 123-115",,17:00,3,6,2,3,0,2,0,1,1,0,0,0,0,4,8
David Roddy,https://www.basketball-reference.com/players/r/roddyda01.html,2023,2023-01-08,MEM,UTA,,"W, 123-118",,17:16,3,4,1,2,0,0,0,3,3,1,1,0,1,0,7
David Roddy,https://www.basketball-reference.com/players/r/roddyda01.html,2023,2023-01-09,MEM,SAS,,"W, 121-113",,,,,,,,,,,,,,,,,
David Roddy,https://www.basketball-reference.com/players/r/roddyda01.html,2023,2023-01-11,MEM,SAS,,"W, 135-129",,,,,,,,,,,,,,,,,
David Roddy,https://www.basketball-reference.com/players/r/roddyda01.html,2023,2023-01-14,MEM,IND,@,"W, 130-112",,17:32,3,6,1,2,0,0,1,2,3,1,1,1,2,2,7
David Roddy,https://www.basketball-reference.com/players/r/roddyda01.html,2023,2023-01-16,MEM,PHO,,"W, 136-106",,18:14,4,8,2,3,0,0,1,7,8,0,1,0,1,2,10
David Roddy,https://www.basketball-reference.com/players/r/roddyda01.html,2023,2023-01-18,MEM,CLE,,"W, 115-114",,,,,,,,,,,,,,,,,
David Roddy,https://www.basketball-reference.com/players/r/roddyda01.html,2023,2023-01-20,MEM,LAL,@,"L, 121-122",,,,,,,,,,,,,,,,,
David Roddy,https://www.basketball-reference.com/players/r/roddyda01.html,2023,2023-01-22,MEM,PHO,@,"L, 110-112",,,,,,,,,,,,,,,,,
David Roddy,https://www.basketball-reference.com/players/r/roddyda01.html,2023,2023-01-23,MEM,SAC,@,"L, 100-133",,17:36,0,4,0,2,0,0,0,1,1,1,2,0,1,3,0
David Roddy,https://www.basketball-reference.com/players/r/roddyda01.html,2023,2023-01-25,MEM,GSW,@,"L, 120-122",,03:05,0,0,0,0,0,0,0,0,0,0,0,0,1,0,0
David Roddy,https://www.basketball-reference.com/players/r/roddyda01.html,2023,2023-01-27,MEM,MIN,@,"L, 100-111",,15:35,2,6,0,1,0,0,1,0,1,0,1,0,4,2,4
David Roddy,https://www.basketball-reference.com/players/r/roddyda01.html,2023,2023-01-29,MEM,IND,,"W, 112-100",,16:09,4,7,1,3,2,2,2,1,3,0,0,0,0,1,11
David Roddy,https://www.basketball-reference.com/players/r/roddyda01.html,2023,2023-02-01,MEM,POR,,"L, 112-122",,,,,,,,,,,,,,,,,
David Roddy,https://www.basketball-reference.com/players/r/roddyda01.html,2023,2023-02-02,MEM,CLE,@,"L, 113-128",,10:35,3,7,0,1,2,2,2,2,4,0,1,0,2,2,8
David Roddy,https://www.basketball-reference.com/players/r/roddyda01.html,2023,2023-02-05,MEM,TOR,,"L, 103-106",,13:07,2,3,1,1,1,1,1,0,1,1,2,0,1,1,6
David Roddy,https://www.basketball-reference.com/players/r/roddyda01.html,2023,2023-02-07,MEM,CHI,,"W, 104-89",,,,,,,,,,,,,,,,,
David Roddy,https://www.basketball-reference.com/players/r/roddyda01.html,2023,2023-02-10,MEM,MIN,,"W, 128-107",,14:19,2,2,1,1,0,0,1,1,2,0,0,0,1,2,5
David Roddy,https://www.basketball-reference.com/players/r/roddyda01.html,2023,2023-02-12,MEM,BOS,@,"L, 109-119",,,,,,,,,,,,,,,,,
David Roddy,https://www.basketball-reference.com/players/r/roddyda01.html,2023,2023-02-15,MEM,UTA,,"W, 117-111",,,,,,,,,,,,,,,,,
David Roddy,https://www.basketball-reference.com/players/r/roddyda01.html,2023,2023-02-23,MEM,PHI,@,"L, 105-110",,14:22,4,6,1,3,0,0,0,2,2,0,0,0,1,2,9
David Roddy,https://www.basketball-reference.com/players/r/roddyda01.html,2023,2023-02-25,MEM,DEN,,"W, 112-94",,04:15,0,2,0,1,0,0,0,1,1,0,0,0,0,0,0
David Roddy,https://www.basketball-reference.com/players/r/roddyda01.html,2023,2023-02-28,MEM,LAL,,"W, 121-109",,00:59,0,0,0,0,0,0,0,0,0,0,0,0,0,0,0
David Roddy,https://www.basketball-reference.com/players/r/roddyda01.html,2023,2023-03-01,MEM,HOU,@,"W, 113-99",,,,,,,,,,,,,,,,,
David Roddy,https://www.basketball-reference.com/players/r/roddyda01.html,2023,2023-03-03,MEM,DEN,@,"L, 97-113",,02:37,0,1,0,1,0,0,0,0,0,0,0,0,0,0,0
David Roddy,https://www.basketball-reference.com/players/r/roddyda01.html,2023,2023-03-05,MEM,LAC,@,"L, 129-135",,25:00,4,7,0,2,0,0,0,3,3,3,2,0,1,4,8
David Roddy,https://www.basketball-reference.com/players/r/roddyda01.html,2023,2023-03-07,MEM,LAL,@,"L, 103-112",,09:37,1,5,1,4,2,2,0,2,2,1,0,0,0,1,5
David Roddy,https://www.basketball-reference.com/players/r/roddyda01.html,2023,2023-03-09,MEM,GSW,,"W, 131-110",,06:43,3,5,0,2,0,2,0,3,3,1,0,1,0,0,6
David Roddy,https://www.basketball-reference.com/players/r/roddyda01.html,2023,2023-03-11,MEM,DAL,,"W, 112-108",,22:32,10,13,4,7,0,1,1,3,4,0,2,1,2,0,24
David Roddy,https://www.basketball-reference.com/players/r/roddyda01.html,2023,2023-03-13,MEM,DAL,@,"W, 104-88",,26:15,8,11,3,5,0,0,2,3,5,1,1,1,1,3,19
David Roddy,https://www.basketball-reference.com/players/r/roddyda01.html,2023,2023-03-15,MEM,MIA,@,"L, 119-138",,17:51,2,7,2,5,2,2,1,1,2,1,0,0,0,1,8
David Roddy,https://www.basketball-reference.com/players/r/roddyda01.html,2023,2023-03-17,MEM,SAS,@,"W, 126-120 (OT)",,12:41,1,4,0,2,0,0,0,2,2,0,0,0,0,3,2
David Roddy,https://www.basketball-reference.com/players/r/roddyda01.html,2023,2023-03-18,MEM,GSW,,"W, 133-119",,20:03,3,5,3,4,2,4,1,1,2,1,0,0,0,2,11
David Roddy,https://www.basketball-reference.com/players/r/roddyda01.html,2023,2023-03-20,MEM,DAL,,"W, 112-108",,20:18,2,9,0,3,0,0,2,4,6,1,0,0,1,2,4
David Roddy,https://www.basketball-reference.com/players/r/roddyda01.html,2023,2023-03-22,MEM,HOU,,"W, 130-125",,24:41,4,9,1,5,4,4,3,0,3,1,0,1,0,2,13
David Roddy,https://www.basketball-reference.com/players/r/roddyda01.html,2023,2023-03-24,MEM,HOU,,"W, 151-114",,24:00,2,5,0,3,0,0,0,2,2,2,0,0,1,2,4
David Roddy,https://www.basketball-reference.com/players/r/roddyda01.html,2023,2023-03-26,MEM,ATL,@,"W, 123-119",,12:28,2,6,1,3,1,2,0,1,1,1,0,0,0,2,6
David Roddy,https://www.basketball-reference.com/players/r/roddyda01.html,2023,2023-03-28,MEM,ORL,,"W, 113-108",,10:59,0,5,0,2,0,0,2,2,4,1,0,0,0,0,0
David Roddy,https://www.basketball-reference.com/players/r/roddyda01.html,2023,2023-03-29,MEM,LAC,,"L, 132-141",,31:04,3,8,2,5,0,0,1,4,5,1,1,0,0,2,8
David Roddy,https://www.basketball-reference.com/players/r/roddyda01.html,2023,2023-03-31,MEM,LAC,,"W, 108-94",,20:08,2,5,0,1,0,0,3,4,7,2,0,0,1,2,4
David Roddy,https://www.basketball-reference.com/players/r/roddyda01.html,2023,2023-04-02,MEM,CHI,@,"L, 107-128",,11:46,1,3,1,2,0,0,1,2,3,2,0,1,1,2,3
David Roddy,https://www.basketball-reference.com/players/r/roddyda01.html,2023,2023-04-04,MEM,POR,,"W, 119-109",,27:04,6,9,4,6,0,0,1,1,2,1,0,1,1,2,16
David Roddy,https://www.basketball-reference.com/players/r/roddyda01.html,2023,2023-04-05,MEM,NOP,@,"L, 131-138 (OT)",,38:07,3,7,1,4,0,0,0,6,6,2,0,0,1,3,7
David Roddy,https://www.basketball-reference.com/players/r/roddyda01.html,2023,2023-04-07,MEM,MIL,@,"W, 137-114",,15:45,2,4,0,1,0,0,1,0,1,2,0,1,1,1,4
David Roddy,https://www.basketball-reference.com/players/r/roddyda01.html,2023,2023-04-09,MEM,OKC,@,"L, 100-115",,42:33,6,19,2,8,0,0,0,4,4,5,0,0,2,1,14
Vince Williams Jr.,https://www.basketball-reference.com/players/w/willivi01.html,2023,2022-10-19,MEM,NYK,,"W, 115-112 (OT)",,,,,,,,,,,,,,,,,
Vince Williams Jr.,https://www.basketball-reference.com/players/w/willivi01.html,2023,2022-10-21,MEM,HOU,@,"W, 129-122",,,,,,,,,,,,,,,,,
Vince Williams Jr.,https://www.basketball-reference.com/players/w/willivi01.html,2023,2022-10-22,MEM,DAL,@,"L, 96-137",,06:16,0,2,0,2,0,0,0,0,0,0,0,0,0,2,0
Vince Williams Jr.,https://www.basketball-reference.com/players/w/willivi01.html,2023,2022-10-24,MEM,BRK,,"W, 134-124",,,,,,,,,,,,,,,,,
Vince Williams Jr.,https://www.basketball-reference.com/players/w/willivi01.html,2023,2022-10-27,MEM,SAC,@,"W, 125-110",,,,,,,,,,,,,,,,,
Vince Williams Jr.,https://www.basketball-reference.com/players/w/willivi01.html,2023,2022-10-29,MEM,UTA,@,"L, 123-124",,,,,,,,,,,,,,,,,
Vince Williams Jr.,https://www.basketball-reference.com/players/w/willivi01.html,2023,2022-10-31,MEM,UTA,@,"L, 105-121",,04:40,1,3,0,2,0,0,1,2,3,1,1,0,0,0,2
Vince Williams Jr.,https://www.basketball-reference.com/players/w/willivi01.html,2023,,,,,,,,,,,,,,,,,,,,,,
Vince Williams Jr.,https://www.basketball-reference.com/players/w/willivi01.html,2023,2022-11-02,MEM,POR,@,"W, 111-106",,,,,,,,,,,,,,,,,
Vince Williams Jr.,https://www.basketball-reference.com/players/w/willivi01.html,2023,2022-11-04,MEM,CHO,,"W, 130-99",,07:23,0,1,0,1,0,0,0,0,0,1,1,1,0,2,0
Vince Williams Jr.,https://www.basketball-reference.com/players/w/willivi01.html,2023,2022-11-06,MEM,WAS,,"W, 103-97",,,,,,,,,,,,,,,,,
Vince Williams Jr.,https://www.basketball-reference.com/players/w/willivi01.html,2023,2022-11-07,MEM,BOS,,"L, 106-109",,,,,,,,,,,,,,,,,
Vince Williams Jr.,https://www.basketball-reference.com/players/w/willivi01.html,2023,2022-11-09,MEM,SAS,@,"W, 124-122 (OT)",,,,,,,,,,,,,,,,,
Vince Williams Jr.,https://www.basketball-reference.com/players/w/willivi01.html,2023,2022-11-11,MEM,MIN,,"W, 114-103",,,,,,,,,,,,,,,,,
Vince Williams Jr.,https://www.basketball-reference.com/players/w/willivi01.html,2023,2022-11-13,MEM,WAS,@,"L, 92-102",,,,,,,,,,,,,,,,,
Vince Williams Jr.,https://www.basketball-reference.com/players/w/willivi01.html,2023,2022-11-15,MEM,NOP,@,"L, 102-113",,,,,,,,,,,,,,,,,
Vince Williams Jr.,https://www.basketball-reference.com/players/w/willivi01.html,2023,2022-11-18,MEM,OKC,,"W, 121-110",,,,,,,,,,,,,,,,,
Vince Williams Jr.,https://www.basketball-reference.com/players/w/willivi01.html,2023,2022-11-20,MEM,BRK,@,"L, 115-127",,02:39,1,1,0,0,0,0,0,0,0,0,0,0,0,0,2
Vince Williams Jr.,https://www.basketball-reference.com/players/w/willivi01.html,2023,2022-11-22,MEM,SAC,,"L, 109-113",,,,,,,,,,,,,,,,,
Vince Williams Jr.,https://www.basketball-reference.com/players/w/willivi01.html,2023,2022-11-25,MEM,NOP,,"W, 132-111",,04:43,1,1,1,1,0,0,0,0,0,0,0,0,0,0,3
Vince Williams Jr.,https://www.basketball-reference.com/players/w/willivi01.html,2023,2022-11-27,MEM,NYK,@,"W, 127-123",,,,,,,,,,,,,,,,,
Vince Williams Jr.,https://www.basketball-reference.com/players/w/willivi01.html,2023,2022-11-30,MEM,MIN,@,"L, 101-109",,,,,,,,,,,,,,,,,
Vince Williams Jr.,https://www.basketball-reference.com/players/w/willivi01.html,2023,2022-12-02,MEM,PHI,,"W, 117-109",,,,,,,,,,,,,,,,,
Vince Williams Jr.,https://www.basketball-reference.com/players/w/willivi01.html,2023,2022-12-04,MEM,DET,@,"W, 122-112",,,,,,,,,,,,,,,,,
Vince Williams Jr.,https://www.basketball-reference.com/players/w/willivi01.html,2023,2022-12-05,MEM,MIA,,"W, 101-93",,13:55,0,3,0,2,0,0,0,2,2,0,2,0,0,1,0
Vince Williams Jr.,https://www.basketball-reference.com/players/w/willivi01.html,2023,2022-12-07,MEM,OKC,,"W, 123-102",,,,,,,,,,,,,,,,,
Vince Williams Jr.,https://www.basketball-reference.com/players/w/willivi01.html,2023,2022-12-09,MEM,DET,,"W, 114-103",,,,,,,,,,,,,,,,,
Vince Williams Jr.,https://www.basketball-reference.com/players/w/willivi01.html,2023,2022-12-12,MEM,ATL,,"W, 128-103",,,,,,,,,,,,,,,,,
Vince Williams Jr.,https://www.basketball-reference.com/players/w/willivi01.html,2023,2022-12-15,MEM,MIL,,"W, 142-101",,,,,,,,,,,,,,,,,
Vince Williams Jr.,https://www.basketball-reference.com/players/w/willivi01.html,2023,2022-12-17,MEM,OKC,@,"L, 109-115",,,,,,,,,,,,,,,,,
Vince Williams Jr.,https://www.basketball-reference.com/players/w/willivi01.html,2023,2022-12-20,MEM,DEN,@,"L, 91-105",,,,,,,,,,,,,,,,,
Vince Williams Jr.,https://www.basketball-reference.com/players/w/willivi01.html,2023,2022-12-23,MEM,PHO,@,"W, 125-100",,,,,,,,,,,,,,,,,
Vince Williams Jr.,https://www.basketball-reference.com/players/w/willivi01.html,2023,2022-12-25,MEM,GSW,@,"L, 109-123",,,,,,,,,,,,,,,,,
Vince Williams Jr.,https://www.basketball-reference.com/players/w/willivi01.html,2023,2022-12-27,MEM,PHO,,"L, 108-125",,,,,,,,,,,,,,,,,
Vince Williams Jr.,https://www.basketball-reference.com/players/w/willivi01.html,2023,2022-12-29,MEM,TOR,@,"W, 119-106",,,,,,,,,,,,,,,,,
Vince Williams Jr.,https://www.basketball-reference.com/players/w/willivi01.html,2023,2022-12-31,MEM,NOP,,"W, 116-101",,,,,,,,,,,,,,,,,
Vince Williams Jr.,https://www.basketball-reference.com/players/w/willivi01.html,2023,2023-01-01,MEM,SAC,,"W, 118-108",,00:58,0,0,0,0,0,0,0,0,0,0,0,0,0,0,0
Vince Williams Jr.,https://www.basketball-reference.com/players/w/willivi01.html,2023,2023-01-04,MEM,CHO,@,"W, 131-107",,03:44,0,0,0,0,0,0,0,0,0,1,0,0,0,0,0
Vince Williams Jr.,https://www.basketball-reference.com/players/w/willivi01.html,2023,2023-01-05,MEM,ORL,@,"W, 123-115",,,,,,,,,,,,,,,,,
Vince Williams Jr.,https://www.basketball-reference.com/players/w/willivi01.html,2023,2023-01-08,MEM,UTA,,"W, 123-118",,,,,,,,,,,,,,,,,
Vince Williams Jr.,https://www.basketball-reference.com/players/w/willivi01.html,2023,2023-01-09,MEM,SAS,,"W, 121-113",,,,,,,,,,,,,,,,,
Vince Williams Jr.,https://www.basketball-reference.com/players/w/willivi01.html,2023,2023-01-11,MEM,SAS,,"W, 135-129",,,,,,,,,,,,,,,,,
Vince Williams Jr.,https://www.basketball-reference.com/players/w/willivi01.html,2023,2023-01-14,MEM,IND,@,"W, 130-112",,,,,,,,,,,,,,,,,
Vince Williams Jr.,https://www.basketball-reference.com/players/w/willivi01.html,2023,2023-01-16,MEM,PHO,,"W, 136-106",,,,,,,,,,,,,,,,,
Vince Williams Jr.,https://www.basketball-reference.com/players/w/willivi01.html,2023,2023-01-18,MEM,CLE,,"W, 115-114",,,,,,,,,,,,,,,,,
Vince Williams Jr.,https://www.basketball-reference.com/players/w/willivi01.html,2023,2023-01-20,MEM,LAL,@,"L, 121-122",,,,,,,,,,,,,,,,,
Vince Williams Jr.,https://www.basketball-reference.com/players/w/willivi01.html,2023,2023-01-22,MEM,PHO,@,"L, 110-112",,,,,,,,,,,,,,,,,
Vince Williams Jr.,https://www.basketball-reference.com/players/w/willivi01.html,2023,2023-01-23,MEM,SAC,@,"L, 100-133",,04:15,0,2,0,1,0,0,1,1,2,0,0,0,1,1,0
Vince Williams Jr.,https://www.basketball-reference.com/players/w/willivi01.html,2023,2023-01-25,MEM,GSW,@,"L, 120-122",,,,,,,,,,,,,,,,,
Vince Williams Jr.,https://www.basketball-reference.com/players/w/willivi01.html,2023,2023-01-27,MEM,MIN,@,"L, 100-111",,,,,,,,,,,,,,,,,
Vince Williams Jr.,https://www.basketball-reference.com/players/w/willivi01.html,2023,2023-01-29,MEM,IND,,"W, 112-100",,,,,,,,,,,,,,,,,
Vince Williams Jr.,https://www.basketball-reference.com/players/w/willivi01.html,2023,2023-02-01,MEM,POR,,"L, 112-122",,,,,,,,,,,,,,,,,
Vince Williams Jr.,https://www.basketball-reference.com/players/w/willivi01.html,2023,2023-02-02,MEM,CLE,@,"L, 113-128",,,,,,,,,,,,,,,,,
Vince Williams Jr.,https://www.basketball-reference.com/players/w/willivi01.html,2023,2023-02-05,MEM,TOR,,"L, 103-106",,,,,,,,,,,,,,,,,
Vince Williams Jr.,https://www.basketball-reference.com/players/w/willivi01.html,2023,2023-02-07,MEM,CHI,,"W, 104-89",,,,,,,,,,,,,,,,,
Vince Williams Jr.,https://www.basketball-reference.com/players/w/willivi01.html,2023,2023-02-10,MEM,MIN,,"W, 128-107",,,,,,,,,,,,,,,,,
Vince Williams Jr.,https://www.basketball-reference.com/players/w/willivi01.html,2023,2023-02-12,MEM,BOS,@,"L, 109-119",,,,,,,,,,,,,,,,,
Vince Williams Jr.,https://www.basketball-reference.com/players/w/willivi01.html,2023,2023-02-15,MEM,UTA,,"W, 117-111",,,,,,,,,,,,,,,,,
Vince Williams Jr.,https://www.basketball-reference.com/players/w/willivi01.html,2023,2023-02-23,MEM,PHI,@,"L, 105-110",,,,,,,,,,,,,,,,,
Vince Williams Jr.,https://www.basketball-reference.com/players/w/willivi01.html,2023,2023-02-25,MEM,DEN,,"W, 112-94",,,,,,,,,,,,,,,,,
Vince Williams Jr.,https://www.basketball-reference.com/players/w/willivi01.html,2023,2023-02-28,MEM,LAL,,"W, 121-109",,00:41,0,0,0,0,0,0,0,0,0,0,0,0,0,0,0
Vince Williams Jr.,https://www.basketball-reference.com/players/w/willivi01.html,2023,2023-03-01,MEM,HOU,@,"W, 113-99",,,,,,,,,,,,,,,,,
Vince Williams Jr.,https://www.basketball-reference.com/players/w/willivi01.html,2023,2023-03-03,MEM,DEN,@,"L, 97-113",,02:37,1,1,1,1,0,0,0,0,0,0,0,0,0,0,3
Vince Williams Jr.,https://www.basketball-reference.com/players/w/willivi01.html,2023,2023-03-05,MEM,LAC,@,"L, 129-135",,,,,,,,,,,,,,,,,
Vince Williams Jr.,https://www.basketball-reference.com/players/w/willivi01.html,2023,2023-03-07,MEM,LAL,@,"L, 103-112",,,,,,,,,,,,,,,,,
Vince Williams Jr.,https://www.basketball-reference.com/players/w/willivi01.html,2023,2023-03-09,MEM,GSW,,"W, 131-110",,,,,,,,,,,,,,,,,
Vince Williams Jr.,https://www.basketball-reference.com/players/w/willivi01.html,2023,2023-03-11,MEM,DAL,,"W, 112-108",,,,,,,,,,,,,,,,,
Vince Williams Jr.,https://www.basketball-reference.com/players/w/willivi01.html,2023,2023-03-13,MEM,DAL,@,"W, 104-88",,,,,,,,,,,,,,,,,
Vince Williams Jr.,https://www.basketball-reference.com/players/w/willivi01.html,2023,2023-03-15,MEM,MIA,@,"L, 119-138",,,,,,,,,,,,,,,,,
Vince Williams Jr.,https://www.basketball-reference.com/players/w/willivi01.html,2023,2023-03-17,MEM,SAS,@,"W, 126-120 (OT)",,,,,,,,,,,,,,,,,
Vince Williams Jr.,https://www.basketball-reference.com/players/w/willivi01.html,2023,2023-03-18,MEM,GSW,,"W, 133-119",,,,,,,,,,,,,,,,,
Vince Williams Jr.,https://www.basketball-reference.com/players/w/willivi01.html,2023,2023-03-20,MEM,DAL,,"W, 112-108",,,,,,,,,,,,,,,,,
Vince Williams Jr.,https://www.basketball-reference.com/players/w/willivi01.html,2023,2023-03-22,MEM,HOU,,"W, 130-125",,,,,,,,,,,,,,,,,
Vince Williams Jr.,https://www.basketball-reference.com/players/w/willivi01.html,2023,2023-03-24,MEM,HOU,,"W, 151-114",,,,,,,,,,,,,,,,,
Vince Williams Jr.,https://www.basketball-reference.com/players/w/willivi01.html,2023,2023-03-26,MEM,ATL,@,"W, 123-119",,,,,,,,,,,,,,,,,
Vince Williams Jr.,https://www.basketball-reference.com/players/w/willivi01.html,2023,2023-03-28,MEM,ORL,,"W, 113-108",,,,,,,,,,,,,,,,,
Vince Williams Jr.,https://www.basketball-reference.com/players/w/willivi01.html,2023,2023-03-29,MEM,LAC,,"L, 132-141",,,,,,,,,,,,,,,,,
Vince Williams Jr.,https://www.basketball-reference.com/players/w/willivi01.html,2023,2023-03-31,MEM,LAC,,"W, 108-94",,,,,,,,,,,,,,,,,
Vince Williams Jr.,https://www.basketball-reference.com/players/w/willivi01.html,2023,2023-04-02,MEM,CHI,@,"L, 107-128",,01:29,0,1,0,1,0,0,0,0,0,0,0,0,0,0,0
Vince Williams Jr.,https://www.basketball-reference.com/players/w/willivi01.html,2023,2023-04-04,MEM,POR,,"W, 119-109",,,,,,,,,,,,,,,,,
Vince Williams Jr.,https://www.basketball-reference.com/players/w/willivi01.html,2023,2023-04-05,MEM,NOP,@,"L, 131-138 (OT)",,00:36,1,2,0,1,0,0,0,0,0,0,0,0,0,0,2
Vince Williams Jr.,https://www.basketball-reference.com/players/w/willivi01.html,2023,2023-04-07,MEM,MIL,@,"W, 137-114",,02:38,1,2,1,2,0,0,0,0,0,0,0,0,0,1,3
Vince Williams Jr.,https://www.basketball-reference.com/players/w/willivi01.html,2023,2023-04-09,MEM,OKC,@,"L, 100-115",,48:00,6,21,1,14,2,2,2,6,8,1,2,1,4,5,15
Jamaree Bouyea,https://www.basketball-reference.com/players/b/bouyeja01.html,2023,2023-02-08,MIA,IND,,"W, 116-111",,,,,,,,,,,,,,,,,
Jamaree Bouyea,https://www.basketball-reference.com/players/b/bouyeja01.html,2023,2023-02-10,MIA,HOU,,"W, 97-95",,14:06,1,3,0,1,0,0,0,0,0,0,1,0,2,2,2
Jamaree Bouyea,https://www.basketball-reference.com/players/b/bouyeja01.html,2023,2023-02-11,MIA,ORL,@,"W, 107-103 (OT)",,09:18,0,0,0,0,0,0,0,0,0,0,0,1,1,1,0
Jamaree Bouyea,https://www.basketball-reference.com/players/b/bouyeja01.html,2023,2023-02-13,MIA,DEN,,"L, 108-112",,28:16,4,8,2,4,0,0,1,1,2,3,3,1,1,0,10
Jamaree Bouyea,https://www.basketball-reference.com/players/b/bouyeja01.html,2023,2023-02-15,MIA,BRK,@,"L, 105-116",,13:20,1,2,0,0,1,2,0,3,3,1,0,0,0,2,3
Jamaree Bouyea,https://www.basketball-reference.com/players/b/bouyeja01.html,2023,,,,,,,,,,,,,,,,,,,,,,
Jamaree Bouyea,https://www.basketball-reference.com/players/b/bouyeja01.html,2023,2023-03-04,WAS,TOR,,"L, 109-116 (OT)",,,,,,,,,,,,,,,,,
Jamaree Bouyea,https://www.basketball-reference.com/players/b/bouyeja01.html,2023,2023-03-05,WAS,MIL,,"L, 111-117",,,,,,,,,,,,,,,,,
Jamaree Bouyea,https://www.basketball-reference.com/players/b/bouyeja01.html,2023,2023-03-07,WAS,DET,@,"W, 119-117",,,,,,,,,,,,,,,,,
Jamaree Bouyea,https://www.basketball-reference.com/players/b/bouyeja01.html,2023,2023-03-08,WAS,ATL,,"L, 120-122",,,,,,,,,,,,,,,,,
Jamaree Bouyea,https://www.basketball-reference.com/players/b/bouyeja01.html,2023,2023-03-10,WAS,ATL,,"L, 107-114",,,,,,,,,,,,,,,,,
Jamaree Bouyea,https://www.basketball-reference.com/players/b/bouyeja01.html,2023,2023-03-12,WAS,PHI,@,"L, 93-112",,05:32,0,1,0,1,0,0,0,1,1,0,0,0,0,1,0
Jamal Cain,https://www.basketball-reference.com/players/c/cainja01.html,2023,2022-10-19,MIA,CHI,,"L, 108-116",,,,,,,,,,,,,,,,,
Jamal Cain,https://www.basketball-reference.com/players/c/cainja01.html,2023,2022-10-21,MIA,BOS,,"L, 104-111",,,,,,,,,,,,,,,,,
Jamal Cain,https://www.basketball-reference.com/players/c/cainja01.html,2023,2022-10-22,MIA,TOR,,"W, 112-109",,,,,,,,,,,,,,,,,
Jamal Cain,https://www.basketball-reference.com/players/c/cainja01.html,2023,2022-10-24,MIA,TOR,,"L, 90-98",,,,,,,,,,,,,,,,,
Jamal Cain,https://www.basketball-reference.com/players/c/cainja01.html,2023,2022-10-26,MIA,POR,@,"W, 119-98",,,,,,,,,,,,,,,,,
Jamal Cain,https://www.basketball-reference.com/players/c/cainja01.html,2023,2022-10-27,MIA,GSW,@,"L, 110-123",,,,,,,,,,,,,,,,,
Jamal Cain,https://www.basketball-reference.com/players/c/cainja01.html,2023,2022-10-29,MIA,SAC,@,"L, 113-119",,,,,,,,,,,,,,,,,
Jamal Cain,https://www.basketball-reference.com/players/c/cainja01.html,2023,,,,,,,,,,,,,,,,,,,,,,
Jamal Cain,https://www.basketball-reference.com/players/c/cainja01.html,2023,2022-11-01,MIA,GSW,,"W, 116-109",,,,,,,,,,,,,,,,,
Jamal Cain,https://www.basketball-reference.com/players/c/cainja01.html,2023,2022-11-02,MIA,SAC,,"W, 110-107",,,,,,,,,,,,,,,,,
Jamal Cain,https://www.basketball-reference.com/players/c/cainja01.html,2023,2022-11-04,MIA,IND,@,"L, 99-101",,,,,,,,,,,,,,,,,
Jamal Cain,https://www.basketball-reference.com/players/c/cainja01.html,2023,2022-11-07,MIA,POR,,"L, 107-110",,,,,,,,,,,,,,,,,
Jamal Cain,https://www.basketball-reference.com/players/c/cainja01.html,2023,2022-11-10,MIA,CHO,,"W, 117-112 (OT)",,,,,,,,,,,,,,,,,
Jamal Cain,https://www.basketball-reference.com/players/c/cainja01.html,2023,2022-11-12,MIA,CHO,,"W, 132-115",,01:38,1,1,1,1,0,0,0,0,0,0,1,0,0,0,3
Jamal Cain,https://www.basketball-reference.com/players/c/cainja01.html,2023,2022-11-14,MIA,PHO,,"W, 113-112",,,,,,,,,,,,,,,,,
Jamal Cain,https://www.basketball-reference.com/players/c/cainja01.html,2023,2022-11-16,MIA,TOR,@,"L, 104-112",,06:04,0,3,0,2,0,0,0,1,1,0,0,0,0,1,0
Jamal Cain,https://www.basketball-reference.com/players/c/cainja01.html,2023,2022-11-18,MIA,WAS,@,"L, 106-107 (OT)",,17:31,1,2,0,1,2,4,1,5,6,1,0,0,0,1,4
Jamal Cain,https://www.basketball-reference.com/players/c/cainja01.html,2023,2022-11-20,MIA,CLE,@,"L, 87-113",,11:54,4,6,0,0,0,0,1,0,1,1,1,0,1,2,8
Jamal Cain,https://www.basketball-reference.com/players/c/cainja01.html,2023,2022-11-21,MIA,MIN,@,"L, 101-105",,24:58,5,7,0,0,0,0,0,2,2,1,1,0,0,1,10
Jamal Cain,https://www.basketball-reference.com/players/c/cainja01.html,2023,2022-11-23,MIA,WAS,,"W, 113-105",,17:43,2,6,0,2,2,2,4,2,6,2,2,0,1,3,6
Jamal Cain,https://www.basketball-reference.com/players/c/cainja01.html,2023,2022-11-25,MIA,WAS,,"W, 110-107",,11:33,2,3,0,0,0,0,1,2,3,0,0,0,0,1,4
Jamal Cain,https://www.basketball-reference.com/players/c/cainja01.html,2023,2022-11-27,MIA,ATL,@,"W, 106-98",,01:38,0,0,0,0,0,0,0,0,0,0,0,0,0,1,0
Jamal Cain,https://www.basketball-reference.com/players/c/cainja01.html,2023,2022-11-30,MIA,BOS,@,"L, 121-134",,,,,,,,,,,,,,,,,
Jamal Cain,https://www.basketball-reference.com/players/c/cainja01.html,2023,2022-12-02,MIA,BOS,@,"W, 120-116 (OT)",,,,,,,,,,,,,,,,,
Jamal Cain,https://www.basketball-reference.com/players/c/cainja01.html,2023,2022-12-05,MIA,MEM,@,"L, 93-101",,,,,,,,,,,,,,,,,
Jamal Cain,https://www.basketball-reference.com/players/c/cainja01.html,2023,2022-12-06,MIA,DET,,"L, 96-116",,,,,,,,,,,,,,,,,
Jamal Cain,https://www.basketball-reference.com/players/c/cainja01.html,2023,2022-12-08,MIA,LAC,,"W, 115-110",,,,,,,,,,,,,,,,,
Jamal Cain,https://www.basketball-reference.com/players/c/cainja01.html,2023,2022-12-10,MIA,SAS,,"L, 111-115",,,,,,,,,,,,,,,,,
Jamal Cain,https://www.basketball-reference.com/players/c/cainja01.html,2023,2022-12-12,MIA,IND,@,"W, 87-82",,,,,,,,,,,,,,,,,
Jamal Cain,https://www.basketball-reference.com/players/c/cainja01.html,2023,2022-12-14,MIA,OKC,@,"W, 110-108",,,,,,,,,,,,,,,,,
Jamal Cain,https://www.basketball-reference.com/players/c/cainja01.html,2023,2022-12-15,MIA,HOU,@,"W, 111-108",,,,,,,,,,,,,,,,,
Jamal Cain,https://www.basketball-reference.com/players/c/cainja01.html,2023,2022-12-17,MIA,SAS,@,"W, 111-101",,,,,,,,,,,,,,,,,
Jamal Cain,https://www.basketball-reference.com/players/c/cainja01.html,2023,2022-12-20,MIA,CHI,,"L, 103-113",,07:51,1,2,0,0,1,2,0,2,2,0,0,0,0,0,3
Jamal Cain,https://www.basketball-reference.com/players/c/cainja01.html,2023,2022-12-23,MIA,IND,,"L, 108-111",,,,,,,,,,,,,,,,,
Jamal Cain,https://www.basketball-reference.com/players/c/cainja01.html,2023,2022-12-26,MIA,MIN,,"W, 113-110",,,,,,,,,,,,,,,,,
Jamal Cain,https://www.basketball-reference.com/players/c/cainja01.html,2023,2022-12-28,MIA,LAL,,"W, 112-98",,,,,,,,,,,,,,,,,
Jamal Cain,https://www.basketball-reference.com/players/c/cainja01.html,2023,2022-12-30,MIA,DEN,@,"L, 119-124",,,,,,,,,,,,,,,,,
Jamal Cain,https://www.basketball-reference.com/players/c/cainja01.html,2023,2022-12-31,MIA,UTA,@,"W, 126-123",,04:09,1,1,0,0,0,1,1,0,1,0,0,0,0,0,2
Jamal Cain,https://www.basketball-reference.com/players/c/cainja01.html,2023,2023-01-02,MIA,LAC,@,"W, 110-100",,,,,,,,,,,,,,,,,
Jamal Cain,https://www.basketball-reference.com/players/c/cainja01.html,2023,2023-01-04,MIA,LAL,@,"L, 109-112",,,,,,,,,,,,,,,,,
Jamal Cain,https://www.basketball-reference.com/players/c/cainja01.html,2023,2023-01-06,MIA,PHO,@,"W, 104-96",,,,,,,,,,,,,,,,,
Jamal Cain,https://www.basketball-reference.com/players/c/cainja01.html,2023,2023-01-08,MIA,BRK,,"L, 101-102",,,,,,,,,,,,,,,,,
Jamal Cain,https://www.basketball-reference.com/players/c/cainja01.html,2023,2023-01-10,MIA,OKC,,"W, 112-111",,32:52,3,6,1,2,5,5,2,3,5,3,0,0,1,3,12
Jamal Cain,https://www.basketball-reference.com/players/c/cainja01.html,2023,2023-01-12,MIA,MIL,,"W, 108-102",,20:56,3,7,0,2,0,0,1,3,4,0,2,0,1,0,6
Jamal Cain,https://www.basketball-reference.com/players/c/cainja01.html,2023,2023-01-14,MIA,MIL,,"W, 111-95",,22:04,2,4,0,1,2,2,1,6,7,0,1,0,0,2,6
Jamal Cain,https://www.basketball-reference.com/players/c/cainja01.html,2023,2023-01-16,MIA,ATL,@,"L, 113-121",,,,,,,,,,,,,,,,,
Jamal Cain,https://www.basketball-reference.com/players/c/cainja01.html,2023,2023-01-18,MIA,NOP,@,"W, 124-98",,,,,,,,,,,,,,,,,
Jamal Cain,https://www.basketball-reference.com/players/c/cainja01.html,2023,2023-01-20,MIA,DAL,@,"L, 90-115",,,,,,,,,,,,,,,,,
Jamal Cain,https://www.basketball-reference.com/players/c/cainja01.html,2023,2023-01-22,MIA,NOP,,"W, 100-96",,,,,,,,,,,,,,,,,
Jamal Cain,https://www.basketball-reference.com/players/c/cainja01.html,2023,2023-01-24,MIA,BOS,,"W, 98-95",,,,,,,,,,,,,,,,,
Jamal Cain,https://www.basketball-reference.com/players/c/cainja01.html,2023,2023-01-27,MIA,ORL,,"W, 110-105",,,,,,,,,,,,,,,,,
Jamal Cain,https://www.basketball-reference.com/players/c/cainja01.html,2023,2023-01-29,MIA,CHO,@,"L, 117-122",,,,,,,,,,,,,,,,,
Jamal Cain,https://www.basketball-reference.com/players/c/cainja01.html,2023,2023-01-31,MIA,CLE,@,"W, 100-97",,,,,,,,,,,,,,,,,
Jamal Cain,https://www.basketball-reference.com/players/c/cainja01.html,2023,2023-02-02,MIA,NYK,@,"L, 104-106",,,,,,,,,,,,,,,,,
Jamal Cain,https://www.basketball-reference.com/players/c/cainja01.html,2023,2023-02-04,MIA,MIL,@,"L, 115-123",,,,,,,,,,,,,,,,,
Jamal Cain,https://www.basketball-reference.com/players/c/cainja01.html,2023,2023-02-08,MIA,IND,,"W, 116-111",,,,,,,,,,,,,,,,,
Jamal Cain,https://www.basketball-reference.com/players/c/cainja01.html,2023,2023-02-10,MIA,HOU,,"W, 97-95",,,,,,,,,,,,,,,,,
Jamal Cain,https://www.basketball-reference.com/players/c/cainja01.html,2023,2023-02-11,MIA,ORL,@,"W, 107-103 (OT)",,,,,,,,,,,,,,,,,
Jamal Cain,https://www.basketball-reference.com/players/c/cainja01.html,2023,2023-02-13,MIA,DEN,,"L, 108-112",,,,,,,,,,,,,,,,,
Jamal Cain,https://www.basketball-reference.com/players/c/cainja01.html,2023,2023-02-15,MIA,BRK,@,"L, 105-116",,,,,,,,,,,,,,,,,
Jamal Cain,https://www.basketball-reference.com/players/c/cainja01.html,2023,2023-02-24,MIA,MIL,@,"L, 99-128",,05:09,1,2,0,1,0,0,0,1,1,1,0,0,0,0,2
Jamal Cain,https://www.basketball-reference.com/players/c/cainja01.html,2023,2023-02-25,MIA,CHO,@,"L, 103-108",,,,,,,,,,,,,,,,,
Jamal Cain,https://www.basketball-reference.com/players/c/cainja01.html,2023,2023-02-27,MIA,PHI,@,"W, 101-99",,,,,,,,,,,,,,,,,
Jamal Cain,https://www.basketball-reference.com/players/c/cainja01.html,2023,2023-03-01,MIA,PHI,,"L, 96-119",,,,,,,,,,,,,,,,,
Jamal Cain,https://www.basketball-reference.com/players/c/cainja01.html,2023,2023-03-03,MIA,NYK,,"L, 120-122",,,,,,,,,,,,,,,,,
Jamal Cain,https://www.basketball-reference.com/players/c/cainja01.html,2023,2023-03-04,MIA,ATL,,"W, 117-109",,,,,,,,,,,,,,,,,
Jamal Cain,https://www.basketball-reference.com/players/c/cainja01.html,2023,2023-03-06,MIA,ATL,,"W, 130-128",,,,,,,,,,,,,,,,,
Jamal Cain,https://www.basketball-reference.com/players/c/cainja01.html,2023,2023-03-08,MIA,CLE,,"L, 100-104",,,,,,,,,,,,,,,,,
Jamal Cain,https://www.basketball-reference.com/players/c/cainja01.html,2023,2023-03-10,MIA,CLE,,"W, 119-115",,,,,,,,,,,,,,,,,
Jamal Cain,https://www.basketball-reference.com/players/c/cainja01.html,2023,2023-03-11,MIA,ORL,@,"L, 114-126 (OT)",,00:10,0,0,0,0,0,0,0,0,0,0,0,0,0,0,0
Jamal Cain,https://www.basketball-reference.com/players/c/cainja01.html,2023,2023-03-13,MIA,UTA,,"W, 119-115",,,,,,,,,,,,,,,,,
Jamal Cain,https://www.basketball-reference.com/players/c/cainja01.html,2023,2023-03-15,MIA,MEM,,"W, 138-119",,,,,,,,,,,,,,,,,
Jamal Cain,https://www.basketball-reference.com/players/c/cainja01.html,2023,2023-03-18,MIA,CHI,@,"L, 99-113",,,,,,,,,,,,,,,,,
Jamal Cain,https://www.basketball-reference.com/players/c/cainja01.html,2023,2023-03-19,MIA,DET,@,"W, 112-100",,,,,,,,,,,,,,,,,
Jamal Cain,https://www.basketball-reference.com/players/c/cainja01.html,2023,2023-03-22,MIA,NYK,,"W, 127-120",,,,,,,,,,,,,,,,,
Jamal Cain,https://www.basketball-reference.com/players/c/cainja01.html,2023,2023-03-25,MIA,BRK,,"L, 100-129",,,,,,,,,,,,,,,,,
Jamal Cain,https://www.basketball-reference.com/players/c/cainja01.html,2023,2023-03-28,MIA,TOR,@,"L, 92-106",,,,,,,,,,,,,,,,,
Jamal Cain,https://www.basketball-reference.com/players/c/cainja01.html,2023,2023-03-29,MIA,NYK,@,"L, 92-101",,,,,,,,,,,,,,,,,
Jamal Cain,https://www.basketball-reference.com/players/c/cainja01.html,2023,2023-04-01,MIA,DAL,,"W, 129-122",,,,,,,,,,,,,,,,,
Jamal Cain,https://www.basketball-reference.com/players/c/cainja01.html,2023,2023-04-04,MIA,DET,@,"W, 118-105",,,,,,,,,,,,,,,,,
Jamal Cain,https://www.basketball-reference.com/players/c/cainja01.html,2023,2023-04-06,MIA,PHI,@,"W, 129-101",,04:45,1,1,0,0,0,0,0,1,1,1,0,0,0,1,2
Jamal Cain,https://www.basketball-reference.com/players/c/cainja01.html,2023,2023-04-07,MIA,WAS,@,"L, 108-114",,30:36,4,8,1,4,3,3,3,4,7,1,1,1,0,4,12
Jamal Cain,https://www.basketball-reference.com/players/c/cainja01.html,2023,2023-04-09,MIA,ORL,,"W, 123-110",,18:31,6,7,4,4,2,3,0,5,5,1,2,0,2,1,18
Nikola Jović,https://www.basketball-reference.com/players/j/jovicni01.html,2023,2022-10-19,MIA,CHI,,"L, 108-116",,,,,,,,,,,,,,,,,
Nikola Jović,https://www.basketball-reference.com/players/j/jovicni01.html,2023,2022-10-21,MIA,BOS,,"L, 104-111",,,,,,,,,,,,,,,,,
Nikola Jović,https://www.basketball-reference.com/players/j/jovicni01.html,2023,2022-10-22,MIA,TOR,,"W, 112-109",,,,,,,,,,,,,,,,,
Nikola Jović,https://www.basketball-reference.com/players/j/jovicni01.html,2023,2022-10-24,MIA,TOR,,"L, 90-98",,,,,,,,,,,,,,,,,
Nikola Jović,https://www.basketball-reference.com/players/j/jovicni01.html,2023,2022-10-26,MIA,POR,@,"W, 119-98",,13:43,1,3,0,1,0,0,1,1,2,0,1,0,1,5,2
Nikola Jović,https://www.basketball-reference.com/players/j/jovicni01.html,2023,2022-10-27,MIA,GSW,@,"L, 110-123",,07:36,2,4,0,2,0,0,0,0,0,1,1,0,0,0,4
Nikola Jović,https://www.basketball-reference.com/players/j/jovicni01.html,2023,2022-10-29,MIA,SAC,@,"L, 113-119",,00:50,0,0,0,0,0,0,0,0,0,0,0,0,0,0,0
Nikola Jović,https://www.basketball-reference.com/players/j/jovicni01.html,2023,,,,,,,,,,,,,,,,,,,,,,
Nikola Jović,https://www.basketball-reference.com/players/j/jovicni01.html,2023,2022-11-01,MIA,GSW,,"W, 116-109",,,,,,,,,,,,,,,,,
Nikola Jović,https://www.basketball-reference.com/players/j/jovicni01.html,2023,2022-11-02,MIA,SAC,,"W, 110-107",,,,,,,,,,,,,,,,,
Nikola Jović,https://www.basketball-reference.com/players/j/jovicni01.html,2023,2022-11-04,MIA,IND,@,"L, 99-101",,,,,,,,,,,,,,,,,
Nikola Jović,https://www.basketball-reference.com/players/j/jovicni01.html,2023,2022-11-07,MIA,POR,,"L, 107-110",,,,,,,,,,,,,,,,,
Nikola Jović,https://www.basketball-reference.com/players/j/jovicni01.html,2023,2022-11-10,MIA,CHO,,"W, 117-112 (OT)",,,,,,,,,,,,,,,,,
Nikola Jović,https://www.basketball-reference.com/players/j/jovicni01.html,2023,2022-11-12,MIA,CHO,,"W, 132-115",,01:38,1,1,1,1,0,0,0,0,0,0,0,0,1,0,3
Nikola Jović,https://www.basketball-reference.com/players/j/jovicni01.html,2023,2022-11-14,MIA,PHO,,"W, 113-112",,,,,,,,,,,,,,,,,
Nikola Jović,https://www.basketball-reference.com/players/j/jovicni01.html,2023,2022-11-16,MIA,TOR,@,"L, 104-112",,23:49,4,8,1,3,4,4,1,2,3,1,1,0,2,1,13
Nikola Jović,https://www.basketball-reference.com/players/j/jovicni01.html,2023,2022-11-18,MIA,WAS,@,"L, 106-107 (OT)",,30:14,4,10,1,3,9,10,2,4,6,0,0,0,0,2,18
Nikola Jović,https://www.basketball-reference.com/players/j/jovicni01.html,2023,2022-11-20,MIA,CLE,@,"L, 87-113",,32:13,2,9,1,6,2,2,2,2,4,5,1,0,1,2,7
Nikola Jović,https://www.basketball-reference.com/players/j/jovicni01.html,2023,2022-11-21,MIA,MIN,@,"L, 101-105",,22:53,1,5,0,3,2,2,1,4,5,3,1,0,1,1,4
Nikola Jović,https://www.basketball-reference.com/players/j/jovicni01.html,2023,2022-11-23,MIA,WAS,,"W, 113-105",,12:28,3,7,1,3,0,0,0,5,5,0,0,0,2,0,7
Nikola Jović,https://www.basketball-reference.com/players/j/jovicni01.html,2023,2022-11-25,MIA,WAS,,"W, 110-107",,14:28,3,6,0,3,1,1,0,1,1,0,1,1,0,1,7
Nikola Jović,https://www.basketball-reference.com/players/j/jovicni01.html,2023,2022-11-27,MIA,ATL,@,"W, 106-98",,,,,,,,,,,,,,,,,
Nikola Jović,https://www.basketball-reference.com/players/j/jovicni01.html,2023,2022-11-30,MIA,BOS,@,"L, 121-134",,,,,,,,,,,,,,,,,
Nikola Jović,https://www.basketball-reference.com/players/j/jovicni01.html,2023,2022-12-02,MIA,BOS,@,"W, 120-116 (OT)",,,,,,,,,,,,,,,,,
Nikola Jović,https://www.basketball-reference.com/players/j/jovicni01.html,2023,2022-12-05,MIA,MEM,@,"L, 93-101",,,,,,,,,,,,,,,,,
Nikola Jović,https://www.basketball-reference.com/players/j/jovicni01.html,2023,2022-12-06,MIA,DET,,"L, 96-116",,09:00,2,4,1,3,0,0,1,0,1,0,0,0,1,1,5
Nikola Jović,https://www.basketball-reference.com/players/j/jovicni01.html,2023,2022-12-08,MIA,LAC,,"W, 115-110",,,,,,,,,,,,,,,,,
Nikola Jović,https://www.basketball-reference.com/players/j/jovicni01.html,2023,2022-12-10,MIA,SAS,,"L, 111-115",,,,,,,,,,,,,,,,,
Nikola Jović,https://www.basketball-reference.com/players/j/jovicni01.html,2023,2022-12-12,MIA,IND,@,"W, 87-82",,,,,,,,,,,,,,,,,
Nikola Jović,https://www.basketball-reference.com/players/j/jovicni01.html,2023,2022-12-14,MIA,OKC,@,"W, 110-108",,,,,,,,,,,,,,,,,
Nikola Jović,https://www.basketball-reference.com/players/j/jovicni01.html,2023,2022-12-15,MIA,HOU,@,"W, 111-108",,,,,,,,,,,,,,,,,
Nikola Jović,https://www.basketball-reference.com/players/j/jovicni01.html,2023,2022-12-17,MIA,SAS,@,"W, 111-101",,14:47,1,3,1,2,0,0,0,1,1,0,1,0,1,2,3
Nikola Jović,https://www.basketball-reference.com/players/j/jovicni01.html,2023,2022-12-20,MIA,CHI,,"L, 103-113",,01:21,0,1,0,1,0,0,0,0,0,0,0,0,0,0,0
Nikola Jović,https://www.basketball-reference.com/players/j/jovicni01.html,2023,2022-12-23,MIA,IND,,"L, 108-111",,,,,,,,,,,,,,,,,
Nikola Jović,https://www.basketball-reference.com/players/j/jovicni01.html,2023,2022-12-26,MIA,MIN,,"W, 113-110",,18:57,4,8,1,4,0,0,1,2,3,0,0,1,0,4,9
Nikola Jović,https://www.basketball-reference.com/players/j/jovicni01.html,2023,2022-12-28,MIA,LAL,,"W, 112-98",,00:27,0,0,0,0,0,0,0,0,0,0,0,0,0,0,0
Nikola Jović,https://www.basketball-reference.com/players/j/jovicni01.html,2023,2022-12-30,MIA,DEN,@,"L, 119-124",,,,,,,,,,,,,,,,,
Nikola Jović,https://www.basketball-reference.com/players/j/jovicni01.html,2023,2022-12-31,MIA,UTA,@,"W, 126-123",,,,,,,,,,,,,,,,,
Nikola Jović,https://www.basketball-reference.com/players/j/jovicni01.html,2023,2023-01-02,MIA,LAC,@,"W, 110-100",,,,,,,,,,,,,,,,,
Nikola Jović,https://www.basketball-reference.com/players/j/jovicni01.html,2023,2023-01-04,MIA,LAL,@,"L, 109-112",,,,,,,,,,,,,,,,,
Nikola Jović,https://www.basketball-reference.com/players/j/jovicni01.html,2023,2023-01-06,MIA,PHO,@,"W, 104-96",,,,,,,,,,,,,,,,,
Nikola Jović,https://www.basketball-reference.com/players/j/jovicni01.html,2023,2023-01-08,MIA,BRK,,"L, 101-102",,,,,,,,,,,,,,,,,
Nikola Jović,https://www.basketball-reference.com/players/j/jovicni01.html,2023,2023-01-10,MIA,OKC,,"W, 112-111",,,,,,,,,,,,,,,,,
Nikola Jović,https://www.basketball-reference.com/players/j/jovicni01.html,2023,2023-01-12,MIA,MIL,,"W, 108-102",,,,,,,,,,,,,,,,,
Nikola Jović,https://www.basketball-reference.com/players/j/jovicni01.html,2023,2023-01-14,MIA,MIL,,"W, 111-95",,,,,,,,,,,,,,,,,
Nikola Jović,https://www.basketball-reference.com/players/j/jovicni01.html,2023,2023-01-16,MIA,ATL,@,"L, 113-121",,,,,,,,,,,,,,,,,
Nikola Jović,https://www.basketball-reference.com/players/j/jovicni01.html,2023,2023-01-18,MIA,NOP,@,"W, 124-98",,,,,,,,,,,,,,,,,
Nikola Jović,https://www.basketball-reference.com/players/j/jovicni01.html,2023,2023-01-20,MIA,DAL,@,"L, 90-115",,,,,,,,,,,,,,,,,
Nikola Jović,https://www.basketball-reference.com/players/j/jovicni01.html,2023,2023-01-22,MIA,NOP,,"W, 100-96",,,,,,,,,,,,,,,,,
Nikola Jović,https://www.basketball-reference.com/players/j/jovicni01.html,2023,2023-01-24,MIA,BOS,,"W, 98-95",,,,,,,,,,,,,,,,,
Nikola Jović,https://www.basketball-reference.com/players/j/jovicni01.html,2023,2023-01-27,MIA,ORL,,"W, 110-105",,,,,,,,,,,,,,,,,
Nikola Jović,https://www.basketball-reference.com/players/j/jovicni01.html,2023,2023-01-29,MIA,CHO,@,"L, 117-122",,,,,,,,,,,,,,,,,
Nikola Jović,https://www.basketball-reference.com/players/j/jovicni01.html,2023,2023-01-31,MIA,CLE,@,"W, 100-97",,,,,,,,,,,,,,,,,
Nikola Jović,https://www.basketball-reference.com/players/j/jovicni01.html,2023,2023-02-02,MIA,NYK,@,"L, 104-106",,,,,,,,,,,,,,,,,
Nikola Jović,https://www.basketball-reference.com/players/j/jovicni01.html,2023,2023-02-04,MIA,MIL,@,"L, 115-123",,,,,,,,,,,,,,,,,
Nikola Jović,https://www.basketball-reference.com/players/j/jovicni01.html,2023,2023-02-08,MIA,IND,,"W, 116-111",,,,,,,,,,,,,,,,,
Nikola Jović,https://www.basketball-reference.com/players/j/jovicni01.html,2023,2023-02-10,MIA,HOU,,"W, 97-95",,,,,,,,,,,,,,,,,
Nikola Jović,https://www.basketball-reference.com/players/j/jovicni01.html,2023,2023-02-11,MIA,ORL,@,"W, 107-103 (OT)",,,,,,,,,,,,,,,,,
Nikola Jović,https://www.basketball-reference.com/players/j/jovicni01.html,2023,2023-02-13,MIA,DEN,,"L, 108-112",,,,,,,,,,,,,,,,,
Nikola Jović,https://www.basketball-reference.com/players/j/jovicni01.html,2023,2023-02-15,MIA,BRK,@,"L, 105-116",,,,,,,,,,,,,,,,,
Nikola Jović,https://www.basketball-reference.com/players/j/jovicni01.html,2023,2023-02-24,MIA,MIL,@,"L, 99-128",,,,,,,,,,,,,,,,,
Nikola Jović,https://www.basketball-reference.com/players/j/jovicni01.html,2023,2023-02-25,MIA,CHO,@,"L, 103-108",,,,,,,,,,,,,,,,,
Nikola Jović,https://www.basketball-reference.com/players/j/jovicni01.html,2023,2023-02-27,MIA,PHI,@,"W, 101-99",,,,,,,,,,,,,,,,,
Nikola Jović,https://www.basketball-reference.com/players/j/jovicni01.html,2023,2023-03-01,MIA,PHI,,"L, 96-119",,,,,,,,,,,,,,,,,
Nikola Jović,https://www.basketball-reference.com/players/j/jovicni01.html,2023,2023-03-03,MIA,NYK,,"L, 120-122",,,,,,,,,,,,,,,,,
Nikola Jović,https://www.basketball-reference.com/players/j/jovicni01.html,2023,2023-03-04,MIA,ATL,,"W, 117-109",,,,,,,,,,,,,,,,,
Nikola Jović,https://www.basketball-reference.com/players/j/jovicni01.html,2023,2023-03-06,MIA,ATL,,"W, 130-128",,,,,,,,,,,,,,,,,
Nikola Jović,https://www.basketball-reference.com/players/j/jovicni01.html,2023,2023-03-08,MIA,CLE,,"L, 100-104",,,,,,,,,,,,,,,,,
Nikola Jović,https://www.basketball-reference.com/players/j/jovicni01.html,2023,2023-03-10,MIA,CLE,,"W, 119-115",,,,,,,,,,,,,,,,,
Nikola Jović,https://www.basketball-reference.com/players/j/jovicni01.html,2023,2023-03-11,MIA,ORL,@,"L, 114-126 (OT)",,,,,,,,,,,,,,,,,
Nikola Jović,https://www.basketball-reference.com/players/j/jovicni01.html,2023,2023-03-13,MIA,UTA,,"W, 119-115",,,,,,,,,,,,,,,,,
Nikola Jović,https://www.basketball-reference.com/players/j/jovicni01.html,2023,2023-03-15,MIA,MEM,,"W, 138-119",,,,,,,,,,,,,,,,,
Nikola Jović,https://www.basketball-reference.com/players/j/jovicni01.html,2023,2023-03-18,MIA,CHI,@,"L, 99-113",,,,,,,,,,,,,,,,,
Nikola Jović,https://www.basketball-reference.com/players/j/jovicni01.html,2023,2023-03-19,MIA,DET,@,"W, 112-100",,,,,,,,,,,,,,,,,
Nikola Jović,https://www.basketball-reference.com/players/j/jovicni01.html,2023,2023-03-22,MIA,NYK,,"W, 127-120",,,,,,,,,,,,,,,,,
Nikola Jović,https://www.basketball-reference.com/players/j/jovicni01.html,2023,2023-03-25,MIA,BRK,,"L, 100-129",,,,,,,,,,,,,,,,,
Nikola Jović,https://www.basketball-reference.com/players/j/jovicni01.html,2023,2023-03-28,MIA,TOR,@,"L, 92-106",,,,,,,,,,,,,,,,,
Nikola Jović,https://www.basketball-reference.com/players/j/jovicni01.html,2023,2023-03-29,MIA,NYK,@,"L, 92-101",,,,,,,,,,,,,,,,,
Nikola Jović,https://www.basketball-reference.com/players/j/jovicni01.html,2023,2023-04-01,MIA,DAL,,"W, 129-122",,,,,,,,,,,,,,,,,
Nikola Jović,https://www.basketball-reference.com/players/j/jovicni01.html,2023,2023-04-04,MIA,DET,@,"W, 118-105",,,,,,,,,,,,,,,,,
Nikola Jović,https://www.basketball-reference.com/players/j/jovicni01.html,2023,2023-04-06,MIA,PHI,@,"W, 129-101",,,,,,,,,,,,,,,,,
Nikola Jović,https://www.basketball-reference.com/players/j/jovicni01.html,2023,2023-04-07,MIA,WAS,@,"L, 108-114",,,,,,,,,,,,,,,,,
Nikola Jović,https://www.basketball-reference.com/players/j/jovicni01.html,2023,2023-04-09,MIA,ORL,,"W, 123-110",,,,,,,,,,,,,,,,,
Orlando Robinson,https://www.basketball-reference.com/players/r/robinor01.html,2023,2022-11-14,MIA,PHO,,"W, 113-112",,,,,,,,,,,,,,,,,
Orlando Robinson,https://www.basketball-reference.com/players/r/robinor01.html,2023,2022-11-16,MIA,TOR,@,"L, 104-112",,,,,,,,,,,,,,,,,
Orlando Robinson,https://www.basketball-reference.com/players/r/robinor01.html,2023,2022-11-18,MIA,WAS,@,"L, 106-107 (OT)",,32:12,6,10,0,2,2,3,1,6,7,0,1,1,1,5,14
Orlando Robinson,https://www.basketball-reference.com/players/r/robinor01.html,2023,2022-11-20,MIA,CLE,@,"L, 87-113",,07:53,0,3,0,1,0,0,1,1,2,1,1,0,0,0,0
Orlando Robinson,https://www.basketball-reference.com/players/r/robinor01.html,2023,2022-11-21,MIA,MIN,@,"L, 101-105",,,,,,,,,,,,,,,,,
Orlando Robinson,https://www.basketball-reference.com/players/r/robinor01.html,2023,2022-11-23,MIA,WAS,,"W, 113-105",,,,,,,,,,,,,,,,,
Orlando Robinson,https://www.basketball-reference.com/players/r/robinor01.html,2023,2022-11-25,MIA,WAS,,"W, 110-107",,,,,,,,,,,,,,,,,
Orlando Robinson,https://www.basketball-reference.com/players/r/robinor01.html,2023,2022-11-27,MIA,ATL,@,"W, 106-98",,,,,,,,,,,,,,,,,
Orlando Robinson,https://www.basketball-reference.com/players/r/robinor01.html,2023,,,,,,,,,,,,,,,,,,,,,,
Orlando Robinson,https://www.basketball-reference.com/players/r/robinor01.html,2023,2022-12-12,MIA,IND,@,"W, 87-82",,,,,,,,,,,,,,,,,
Orlando Robinson,https://www.basketball-reference.com/players/r/robinor01.html,2023,2022-12-14,MIA,OKC,@,"W, 110-108",,,,,,,,,,,,,,,,,
Orlando Robinson,https://www.basketball-reference.com/players/r/robinor01.html,2023,2022-12-15,MIA,HOU,@,"W, 111-108",,35:31,3,7,0,2,3,4,1,5,6,3,3,2,2,4,9
Orlando Robinson,https://www.basketball-reference.com/players/r/robinor01.html,2023,2022-12-17,MIA,SAS,@,"W, 111-101",,04:27,1,1,0,0,0,0,0,1,1,1,0,0,0,0,2
Orlando Robinson,https://www.basketball-reference.com/players/r/robinor01.html,2023,2022-12-20,MIA,CHI,,"L, 103-113",,01:21,1,1,0,0,0,0,1,0,1,1,0,0,0,0,2
Orlando Robinson,https://www.basketball-reference.com/players/r/robinor01.html,2023,2022-12-23,MIA,IND,,"L, 108-111",,10:16,0,2,0,0,0,0,1,2,3,0,0,0,1,2,0
Orlando Robinson,https://www.basketball-reference.com/players/r/robinor01.html,2023,2022-12-26,MIA,MIN,,"W, 113-110",,26:45,7,9,0,0,1,1,7,2,9,4,1,1,1,5,15
Orlando Robinson,https://www.basketball-reference.com/players/r/robinor01.html,2023,2022-12-28,MIA,LAL,,"W, 112-98",,08:45,0,2,0,0,0,0,1,1,2,1,0,0,0,1,0
Orlando Robinson,https://www.basketball-reference.com/players/r/robinor01.html,2023,2022-12-30,MIA,DEN,@,"L, 119-124",,17:46,4,5,0,0,5,6,2,3,5,0,0,1,0,2,13
Orlando Robinson,https://www.basketball-reference.com/players/r/robinor01.html,2023,2022-12-31,MIA,UTA,@,"W, 126-123",,11:55,1,3,0,0,0,0,1,2,3,1,0,0,1,2,2
Orlando Robinson,https://www.basketball-reference.com/players/r/robinor01.html,2023,2023-01-02,MIA,LAC,@,"W, 110-100",,11:07,3,5,0,0,0,0,3,3,6,0,0,0,0,1,6
Orlando Robinson,https://www.basketball-reference.com/players/r/robinor01.html,2023,2023-01-04,MIA,LAL,@,"L, 109-112",,03:33,0,0,0,0,0,0,0,0,0,0,1,0,1,1,0
Orlando Robinson,https://www.basketball-reference.com/players/r/robinor01.html,2023,2023-01-06,MIA,PHO,@,"W, 104-96",,,,,,,,,,,,,,,,,
Orlando Robinson,https://www.basketball-reference.com/players/r/robinor01.html,2023,2023-01-08,MIA,BRK,,"L, 101-102",,19:41,3,4,0,0,0,0,2,7,9,2,0,0,1,0,6
Orlando Robinson,https://www.basketball-reference.com/players/r/robinor01.html,2023,2023-01-10,MIA,OKC,,"W, 112-111",,24:27,2,2,0,0,0,0,1,5,6,0,1,1,1,5,4
Orlando Robinson,https://www.basketball-reference.com/players/r/robinor01.html,2023,2023-01-12,MIA,MIL,,"W, 108-102",,13:51,2,4,0,0,0,0,1,4,5,0,1,0,0,1,4
Orlando Robinson,https://www.basketball-reference.com/players/r/robinor01.html,2023,2023-01-14,MIA,MIL,,"W, 111-95",,17:02,2,4,0,0,0,0,5,3,8,1,0,1,1,1,4
Orlando Robinson,https://www.basketball-reference.com/players/r/robinor01.html,2023,2023-01-16,MIA,ATL,@,"L, 113-121",,11:50,0,1,0,0,0,0,0,1,1,1,0,0,0,2,0
Orlando Robinson,https://www.basketball-reference.com/players/r/robinor01.html,2023,2023-01-18,MIA,NOP,@,"W, 124-98",,17:26,4,7,0,0,2,2,2,2,4,1,2,0,0,5,10
Orlando Robinson,https://www.basketball-reference.com/players/r/robinor01.html,2023,2023-01-20,MIA,DAL,@,"L, 90-115",,10:58,0,0,0,0,0,2,0,5,5,0,0,0,1,2,0
Orlando Robinson,https://www.basketball-reference.com/players/r/robinor01.html,2023,2023-01-22,MIA,NOP,,"W, 100-96",,13:25,0,1,0,0,1,2,1,2,3,1,0,0,0,1,1
Orlando Robinson,https://www.basketball-reference.com/players/r/robinor01.html,2023,2023-01-24,MIA,BOS,,"W, 98-95",,10:40,1,1,0,0,3,4,1,4,5,0,0,1,0,1,5
Orlando Robinson,https://www.basketball-reference.com/players/r/robinor01.html,2023,2023-01-27,MIA,ORL,,"W, 110-105",,11:28,0,1,0,0,0,0,1,3,4,0,0,1,1,1,0
Orlando Robinson,https://www.basketball-reference.com/players/r/robinor01.html,2023,2023-01-29,MIA,CHO,@,"L, 117-122",,12:02,0,1,0,0,2,2,2,1,3,0,1,0,1,1,2
Orlando Robinson,https://www.basketball-reference.com/players/r/robinor01.html,2023,2023-01-31,MIA,CLE,@,"W, 100-97",,10:41,1,4,0,0,1,1,2,1,3,1,0,2,0,1,3
Orlando Robinson,https://www.basketball-reference.com/players/r/robinor01.html,2023,2023-02-02,MIA,NYK,@,"L, 104-106",,,,,,,,,,,,,,,,,
Orlando Robinson,https://www.basketball-reference.com/players/r/robinor01.html,2023,2023-02-04,MIA,MIL,@,"L, 115-123",,,,,,,,,,,,,,,,,
Orlando Robinson,https://www.basketball-reference.com/players/r/robinor01.html,2023,2023-02-08,MIA,IND,,"W, 116-111",,11:06,1,2,0,0,0,0,2,0,2,1,0,0,0,1,2
Orlando Robinson,https://www.basketball-reference.com/players/r/robinor01.html,2023,2023-02-10,MIA,HOU,,"W, 97-95",,14:02,0,0,0,0,0,0,0,3,3,0,0,1,1,4,0
Orlando Robinson,https://www.basketball-reference.com/players/r/robinor01.html,2023,2023-02-11,MIA,ORL,@,"W, 107-103 (OT)",,09:37,1,1,0,0,1,2,2,2,4,1,0,0,1,1,3
Orlando Robinson,https://www.basketball-reference.com/players/r/robinor01.html,2023,2023-02-13,MIA,DEN,,"L, 108-112",,13:34,3,3,0,0,0,0,2,4,6,0,0,0,0,2,6
Orlando Robinson,https://www.basketball-reference.com/players/r/robinor01.html,2023,2023-02-15,MIA,BRK,@,"L, 105-116",,03:59,0,2,0,0,0,0,1,1,2,0,0,0,0,0,0
Orlando Robinson,https://www.basketball-reference.com/players/r/robinor01.html,2023,2023-02-24,MIA,MIL,@,"L, 99-128",,,,,,,,,,,,,,,,,
Orlando Robinson,https://www.basketball-reference.com/players/r/robinor01.html,2023,2023-02-25,MIA,CHO,@,"L, 103-108",,,,,,,,,,,,,,,,,
Orlando Robinson,https://www.basketball-reference.com/players/r/robinor01.html,2023,2023-02-27,MIA,PHI,@,"W, 101-99",,,,,,,,,,,,,,,,,
Orlando Robinson,https://www.basketball-reference.com/players/r/robinor01.html,2023,2023-03-01,MIA,PHI,,"L, 96-119",,,,,,,,,,,,,,,,,
Orlando Robinson,https://www.basketball-reference.com/players/r/robinor01.html,2023,2023-03-03,MIA,NYK,,"L, 120-122",,,,,,,,,,,,,,,,,
Orlando Robinson,https://www.basketball-reference.com/players/r/robinor01.html,2023,2023-03-04,MIA,ATL,,"W, 117-109",,,,,,,,,,,,,,,,,
Orlando Robinson,https://www.basketball-reference.com/players/r/robinor01.html,2023,2023-03-06,MIA,ATL,,"W, 130-128",,,,,,,,,,,,,,,,,
Orlando Robinson,https://www.basketball-reference.com/players/r/robinor01.html,2023,2023-03-08,MIA,CLE,,"L, 100-104",,,,,,,,,,,,,,,,,
Orlando Robinson,https://www.basketball-reference.com/players/r/robinor01.html,2023,2023-03-10,MIA,CLE,,"W, 119-115",,,,,,,,,,,,,,,,,
Orlando Robinson,https://www.basketball-reference.com/players/r/robinor01.html,2023,2023-03-11,MIA,ORL,@,"L, 114-126 (OT)",,,,,,,,,,,,,,,,,
Orlando Robinson,https://www.basketball-reference.com/players/r/robinor01.html,2023,2023-03-13,MIA,UTA,,"W, 119-115",,,,,,,,,,,,,,,,,
Orlando Robinson,https://www.basketball-reference.com/players/r/robinor01.html,2023,2023-03-15,MIA,MEM,,"W, 138-119",,,,,,,,,,,,,,,,,
Orlando Robinson,https://www.basketball-reference.com/players/r/robinor01.html,2023,2023-03-18,MIA,CHI,@,"L, 99-113",,,,,,,,,,,,,,,,,
Orlando Robinson,https://www.basketball-reference.com/players/r/robinor01.html,2023,2023-03-19,MIA,DET,@,"W, 112-100",,,,,,,,,,,,,,,,,
Orlando Robinson,https://www.basketball-reference.com/players/r/robinor01.html,2023,2023-03-22,MIA,NYK,,"W, 127-120",,,,,,,,,,,,,,,,,
Orlando Robinson,https://www.basketball-reference.com/players/r/robinor01.html,2023,2023-03-25,MIA,BRK,,"L, 100-129",,,,,,,,,,,,,,,,,
Orlando Robinson,https://www.basketball-reference.com/players/r/robinor01.html,2023,2023-03-28,MIA,TOR,@,"L, 92-106",,,,,,,,,,,,,,,,,
Orlando Robinson,https://www.basketball-reference.com/players/r/robinor01.html,2023,2023-03-29,MIA,NYK,@,"L, 92-101",,,,,,,,,,,,,,,,,
Orlando Robinson,https://www.basketball-reference.com/players/r/robinor01.html,2023,2023-04-01,MIA,DAL,,"W, 129-122",,,,,,,,,,,,,,,,,
Orlando Robinson,https://www.basketball-reference.com/players/r/robinor01.html,2023,2023-04-04,MIA,DET,@,"W, 118-105",,,,,,,,,,,,,,,,,
Orlando Robinson,https://www.basketball-reference.com/players/r/robinor01.html,2023,2023-04-06,MIA,PHI,@,"W, 129-101",,,,,,,,,,,,,,,,,
Orlando Robinson,https://www.basketball-reference.com/players/r/robinor01.html,2023,2023-04-07,MIA,WAS,@,"L, 108-114",,16:13,1,2,0,0,1,2,3,2,5,2,0,0,1,1,3
Orlando Robinson,https://www.basketball-reference.com/players/r/robinor01.html,2023,2023-04-09,MIA,ORL,,"W, 123-110",,11:33,0,1,0,1,0,0,1,2,3,2,0,0,0,0,0
Dru Smith,https://www.basketball-reference.com/players/s/smithdr01.html,2023,2022-10-19,MIA,CHI,,"L, 108-116",,,,,,,,,,,,,,,,,
Dru Smith,https://www.basketball-reference.com/players/s/smithdr01.html,2023,2022-10-21,MIA,BOS,,"L, 104-111",,,,,,,,,,,,,,,,,
Dru Smith,https://www.basketball-reference.com/players/s/smithdr01.html,2023,2022-10-22,MIA,TOR,,"W, 112-109",,,,,,,,,,,,,,,,,
Dru Smith,https://www.basketball-reference.com/players/s/smithdr01.html,2023,2022-10-24,MIA,TOR,,"L, 90-98",,,,,,,,,,,,,,,,,
Dru Smith,https://www.basketball-reference.com/players/s/smithdr01.html,2023,2022-10-26,MIA,POR,@,"W, 119-98",,05:37,1,3,0,2,0,0,0,1,1,0,1,0,0,1,2
Dru Smith,https://www.basketball-reference.com/players/s/smithdr01.html,2023,2022-10-27,MIA,GSW,@,"L, 110-123",,,,,,,,,,,,,,,,,
Dru Smith,https://www.basketball-reference.com/players/s/smithdr01.html,2023,2022-10-29,MIA,SAC,@,"L, 113-119",,,,,,,,,,,,,,,,,
Dru Smith,https://www.basketball-reference.com/players/s/smithdr01.html,2023,,,,,,,,,,,,,,,,,,,,,,
Dru Smith,https://www.basketball-reference.com/players/s/smithdr01.html,2023,2022-11-01,MIA,GSW,,"W, 116-109",,,,,,,,,,,,,,,,,
Dru Smith,https://www.basketball-reference.com/players/s/smithdr01.html,2023,2022-11-02,MIA,SAC,,"W, 110-107",,,,,,,,,,,,,,,,,
Dru Smith,https://www.basketball-reference.com/players/s/smithdr01.html,2023,2022-11-04,MIA,IND,@,"L, 99-101",,,,,,,,,,,,,,,,,
Dru Smith,https://www.basketball-reference.com/players/s/smithdr01.html,2023,2022-11-07,MIA,POR,,"L, 107-110",,,,,,,,,,,,,,,,,
Dru Smith,https://www.basketball-reference.com/players/s/smithdr01.html,2023,2022-11-10,MIA,CHO,,"W, 117-112 (OT)",,,,,,,,,,,,,,,,,
Dru Smith,https://www.basketball-reference.com/players/s/smithdr01.html,2023,2022-11-12,MIA,CHO,,"W, 132-115",,,,,,,,,,,,,,,,,
Dru Smith,https://www.basketball-reference.com/players/s/smithdr01.html,2023,2022-11-25,MIA,WAS,,"W, 110-107",,15:55,1,3,0,0,0,0,0,3,3,1,1,2,1,5,2
Dru Smith,https://www.basketball-reference.com/players/s/smithdr01.html,2023,2022-11-27,MIA,ATL,@,"W, 106-98",,20:41,2,3,1,1,0,0,0,3,3,1,1,1,0,0,5
Dru Smith,https://www.basketball-reference.com/players/s/smithdr01.html,2023,2022-11-30,MIA,BOS,@,"L, 121-134",,,,,,,,,,,,,,,,,
Dru Smith,https://www.basketball-reference.com/players/s/smithdr01.html,2023,2022-12-02,MIA,BOS,@,"W, 120-116 (OT)",,,,,,,,,,,,,,,,,
Dru Smith,https://www.basketball-reference.com/players/s/smithdr01.html,2023,2022-12-05,MIA,MEM,@,"L, 93-101",,,,,,,,,,,,,,,,,
Dru Smith,https://www.basketball-reference.com/players/s/smithdr01.html,2023,2022-12-06,MIA,DET,,"L, 96-116",,02:35,0,0,0,0,0,0,1,0,1,0,0,0,0,0,0
Dru Smith,https://www.basketball-reference.com/players/s/smithdr01.html,2023,2022-12-08,MIA,LAC,,"W, 115-110",,22:07,1,5,0,3,0,0,0,1,1,3,1,0,0,4,2
Dru Smith,https://www.basketball-reference.com/players/s/smithdr01.html,2023,2022-12-10,MIA,SAS,,"L, 111-115",,,,,,,,,,,,,,,,,
Dru Smith,https://www.basketball-reference.com/players/s/smithdr01.html,2023,2023-01-15,BRK,OKC,,"L, 102-112",,,,,,,,,,,,,,,,,
Dru Smith,https://www.basketball-reference.com/players/s/smithdr01.html,2023,2023-01-17,BRK,SAS,@,"L, 98-106",,,,,,,,,,,,,,,,,
Dru Smith,https://www.basketball-reference.com/players/s/smithdr01.html,2023,2023-01-19,BRK,PHO,@,"L, 112-117",,,,,,,,,,,,,,,,,
Dru Smith,https://www.basketball-reference.com/players/s/smithdr01.html,2023,2023-01-20,BRK,UTA,@,"W, 117-106",,,,,,,,,,,,,,,,,
Dru Smith,https://www.basketball-reference.com/players/s/smithdr01.html,2023,2023-01-22,BRK,GSW,@,"W, 120-116",,,,,,,,,,,,,,,,,
Dru Smith,https://www.basketball-reference.com/players/s/smithdr01.html,2023,2023-01-25,BRK,PHI,@,"L, 133-137",,,,,,,,,,,,,,,,,
Dru Smith,https://www.basketball-reference.com/players/s/smithdr01.html,2023,2023-01-26,BRK,DET,,"L, 122-130",,,,,,,,,,,,,,,,,
Dru Smith,https://www.basketball-reference.com/players/s/smithdr01.html,2023,2023-01-28,BRK,NYK,,"W, 122-115",,,,,,,,,,,,,,,,,
Dru Smith,https://www.basketball-reference.com/players/s/smithdr01.html,2023,2023-01-30,BRK,LAL,,"W, 121-104",,,,,,,,,,,,,,,,,
Dru Smith,https://www.basketball-reference.com/players/s/smithdr01.html,2023,2023-02-01,BRK,BOS,@,"L, 96-139",,,,,,,,,,,,,,,,,
Dru Smith,https://www.basketball-reference.com/players/s/smithdr01.html,2023,2023-02-04,BRK,WAS,,"W, 125-123",,,,,,,,,,,,,,,,,
Dru Smith,https://www.basketball-reference.com/players/s/smithdr01.html,2023,2023-02-06,BRK,LAC,,"L, 116-124",,13:17,1,3,0,2,0,0,0,4,4,4,1,0,0,1,2
Dru Smith,https://www.basketball-reference.com/players/s/smithdr01.html,2023,2023-02-07,BRK,PHO,,"L, 112-116",,11:59,2,3,1,1,0,0,0,2,2,0,2,0,1,2,5
Dru Smith,https://www.basketball-reference.com/players/s/smithdr01.html,2023,2023-02-09,BRK,CHI,,"W, 116-105",,,,,,,,,,,,,,,,,
Dru Smith,https://www.basketball-reference.com/players/s/smithdr01.html,2023,2023-02-11,BRK,PHI,,"L, 98-101",,,,,,,,,,,,,,,,,
Dru Smith,https://www.basketball-reference.com/players/s/smithdr01.html,2023,2023-02-13,BRK,NYK,@,"L, 106-124",,04:19,2,3,0,1,0,0,0,0,0,1,1,0,0,0,4
Dru Smith,https://www.basketball-reference.com/players/s/smithdr01.html,2023,2023-02-15,BRK,MIA,,"W, 116-105",,,,,,,,,,,,,,,,,
Dru Smith,https://www.basketball-reference.com/players/s/smithdr01.html,2023,2023-02-24,BRK,CHI,@,"L, 87-131",,,,,,,,,,,,,,,,,
Dru Smith,https://www.basketball-reference.com/players/s/smithdr01.html,2023,2023-02-26,BRK,ATL,@,"L, 127-129",,,,,,,,,,,,,,,,,
Dru Smith,https://www.basketball-reference.com/players/s/smithdr01.html,2023,2023-02-28,BRK,MIL,,"L, 104-118",,04:39,1,3,1,2,0,0,0,0,0,0,1,0,0,0,3
Dru Smith,https://www.basketball-reference.com/players/s/smithdr01.html,2023,2023-03-01,BRK,NYK,@,"L, 118-142",,,,,,,,,,,,,,,,,
Dru Smith,https://www.basketball-reference.com/players/s/smithdr01.html,2023,2023-03-03,BRK,BOS,@,"W, 115-105",,,,,,,,,,,,,,,,,
Dru Smith,https://www.basketball-reference.com/players/s/smithdr01.html,2023,2023-03-05,BRK,CHO,,"W, 102-86",,,,,,,,,,,,,,,,,
Dru Smith,https://www.basketball-reference.com/players/s/smithdr01.html,2023,2023-03-07,BRK,HOU,@,"W, 118-96",,,,,,,,,,,,,,,,,
Dru Smith,https://www.basketball-reference.com/players/s/smithdr01.html,2023,2023-03-09,BRK,MIL,@,"L, 113-118",,22:27,7,13,2,6,1,1,1,2,3,5,0,1,0,2,17
Dru Smith,https://www.basketball-reference.com/players/s/smithdr01.html,2023,2023-03-10,BRK,MIN,@,"W, 124-123 (OT)",,,,,,,,,,,,,,,,,
Dru Smith,https://www.basketball-reference.com/players/s/smithdr01.html,2023,2023-03-12,BRK,DEN,@,"W, 122-120",,,,,,,,,,,,,,,,,
Dru Smith,https://www.basketball-reference.com/players/s/smithdr01.html,2023,2023-03-14,BRK,OKC,@,"L, 107-121",,,,,,,,,,,,,,,,,
Dru Smith,https://www.basketball-reference.com/players/s/smithdr01.html,2023,2023-03-16,BRK,SAC,,"L, 96-101",,,,,,,,,,,,,,,,,
Dru Smith,https://www.basketball-reference.com/players/s/smithdr01.html,2023,2023-03-19,BRK,DEN,,"L, 102-108",,,,,,,,,,,,,,,,,
Dru Smith,https://www.basketball-reference.com/players/s/smithdr01.html,2023,2023-03-21,BRK,CLE,,"L, 109-115",,,,,,,,,,,,,,,,,
Dru Smith,https://www.basketball-reference.com/players/s/smithdr01.html,2023,2023-03-23,BRK,CLE,,"L, 114-116",,,,,,,,,,,,,,,,,
Dru Smith,https://www.basketball-reference.com/players/s/smithdr01.html,2023,2023-03-25,BRK,MIA,@,"W, 129-100",,03:30,0,0,0,0,0,0,0,1,1,0,0,0,0,1,0
Dru Smith,https://www.basketball-reference.com/players/s/smithdr01.html,2023,2023-03-26,BRK,ORL,@,"L, 106-119",,03:53,0,1,0,1,0,0,0,0,0,1,0,0,0,1,0
Dru Smith,https://www.basketball-reference.com/players/s/smithdr01.html,2023,2023-03-29,BRK,HOU,,"W, 123-114",,,,,,,,,,,,,,,,,
Dru Smith,https://www.basketball-reference.com/players/s/smithdr01.html,2023,2023-03-31,BRK,ATL,,"W, 124-107",,,,,,,,,,,,,,,,,
Dru Smith,https://www.basketball-reference.com/players/s/smithdr01.html,2023,2023-04-02,BRK,UTA,,"W, 111-110",,,,,,,,,,,,,,,,,
Dru Smith,https://www.basketball-reference.com/players/s/smithdr01.html,2023,2023-04-04,BRK,MIN,,"L, 102-107",,,,,,,,,,,,,,,,,
Dru Smith,https://www.basketball-reference.com/players/s/smithdr01.html,2023,2023-04-05,BRK,DET,@,"W, 123-108",,01:05,0,0,0,0,0,0,0,0,0,0,0,0,0,0,0
Dru Smith,https://www.basketball-reference.com/players/s/smithdr01.html,2023,2023-04-07,BRK,ORL,,"W, 101-84",,02:36,0,1,0,0,0,0,0,1,1,3,0,0,0,2,0
Dru Smith,https://www.basketball-reference.com/players/s/smithdr01.html,2023,2023-04-09,BRK,PHI,,"L, 105-134",,23:44,0,4,0,0,2,2,0,4,4,3,1,0,1,4,2
MarJon Beauchamp,https://www.basketball-reference.com/players/b/beaucma01.html,2023,2022-10-20,MIL,PHI,@,"W, 90-88",,,,,,,,,,,,,,,,,
MarJon Beauchamp,https://www.basketball-reference.com/players/b/beaucma01.html,2023,2022-10-22,MIL,HOU,,"W, 125-105",,02:14,1,1,0,0,0,0,0,0,0,0,0,0,0,0,2
MarJon Beauchamp,https://www.basketball-reference.com/players/b/beaucma01.html,2023,2022-10-26,MIL,BRK,,"W, 110-99",,,,,,,,,,,,,,,,,
MarJon Beauchamp,https://www.basketball-reference.com/players/b/beaucma01.html,2023,2022-10-28,MIL,NYK,,"W, 119-108",,,,,,,,,,,,,,,,,
MarJon Beauchamp,https://www.basketball-reference.com/players/b/beaucma01.html,2023,2022-10-29,MIL,ATL,,"W, 123-115",,06:48,1,1,1,1,0,0,0,0,0,0,0,0,2,1,3
MarJon Beauchamp,https://www.basketball-reference.com/players/b/beaucma01.html,2023,2022-10-31,MIL,DET,,"W, 110-108",,03:40,0,2,0,1,0,0,0,1,1,0,0,1,0,0,0
MarJon Beauchamp,https://www.basketball-reference.com/players/b/beaucma01.html,2023,,,,,,,,,,,,,,,,,,,,,,
MarJon Beauchamp,https://www.basketball-reference.com/players/b/beaucma01.html,2023,2022-11-02,MIL,DET,,"W, 116-91",,16:06,0,3,0,3,3,4,1,3,4,1,2,0,2,2,3
MarJon Beauchamp,https://www.basketball-reference.com/players/b/beaucma01.html,2023,2022-11-04,MIL,MIN,@,"W, 115-102",,18:23,6,10,2,4,0,1,0,5,5,0,0,0,2,2,14
MarJon Beauchamp,https://www.basketball-reference.com/players/b/beaucma01.html,2023,2022-11-05,MIL,OKC,,"W, 108-94",,24:48,1,9,0,6,0,0,3,2,5,0,1,0,2,6,2
MarJon Beauchamp,https://www.basketball-reference.com/players/b/beaucma01.html,2023,2022-11-07,MIL,ATL,@,"L, 98-117",,10:33,1,4,1,4,1,2,0,2,2,0,0,0,0,1,4
MarJon Beauchamp,https://www.basketball-reference.com/players/b/beaucma01.html,2023,2022-11-09,MIL,OKC,@,"W, 136-132 (2OT)",,29:55,7,13,5,8,0,0,3,5,8,0,2,0,2,5,19
MarJon Beauchamp,https://www.basketball-reference.com/players/b/beaucma01.html,2023,2022-11-11,MIL,SAS,@,"L, 93-111",,34:23,4,13,0,6,0,0,1,3,4,2,1,0,0,2,8
MarJon Beauchamp,https://www.basketball-reference.com/players/b/beaucma01.html,2023,2022-11-14,MIL,ATL,,"L, 106-121",,34:11,7,9,3,4,3,3,2,6,8,1,0,1,2,2,20
MarJon Beauchamp,https://www.basketball-reference.com/players/b/beaucma01.html,2023,2022-11-16,MIL,CLE,,"W, 113-98",,26:38,1,8,0,3,0,0,4,1,5,1,0,0,2,2,2
MarJon Beauchamp,https://www.basketball-reference.com/players/b/beaucma01.html,2023,2022-11-18,MIL,PHI,@,"L, 102-110",,14:35,0,3,0,1,0,0,0,2,2,1,0,0,1,1,0
MarJon Beauchamp,https://www.basketball-reference.com/players/b/beaucma01.html,2023,2022-11-21,MIL,POR,,"W, 119-111",,05:12,0,1,0,0,0,0,0,0,0,0,1,0,1,1,0
MarJon Beauchamp,https://www.basketball-reference.com/players/b/beaucma01.html,2023,2022-11-23,MIL,CHI,,"L, 113-118",,,,,,,,,,,,,,,,,
MarJon Beauchamp,https://www.basketball-reference.com/players/b/beaucma01.html,2023,2022-11-25,MIL,CLE,,"W, 117-102",,03:03,1,1,0,0,0,0,0,0,0,0,0,0,1,1,2
MarJon Beauchamp,https://www.basketball-reference.com/players/b/beaucma01.html,2023,2022-11-27,MIL,DAL,,"W, 124-115",,01:58,0,0,0,0,0,0,0,0,0,0,0,0,1,0,0
MarJon Beauchamp,https://www.basketball-reference.com/players/b/beaucma01.html,2023,2022-11-30,MIL,NYK,@,"W, 109-103",,,,,,,,,,,,,,,,,
MarJon Beauchamp,https://www.basketball-reference.com/players/b/beaucma01.html,2023,2022-12-02,MIL,LAL,,"L, 129-133",,,,,,,,,,,,,,,,,
MarJon Beauchamp,https://www.basketball-reference.com/players/b/beaucma01.html,2023,2022-12-03,MIL,CHO,@,"W, 105-96",,,,,,,,,,,,,,,,,
MarJon Beauchamp,https://www.basketball-reference.com/players/b/beaucma01.html,2023,2022-12-05,MIL,ORL,@,"W, 109-102",,,,,,,,,,,,,,,,,
MarJon Beauchamp,https://www.basketball-reference.com/players/b/beaucma01.html,2023,2022-12-07,MIL,SAC,,"W, 126-113",,,,,,,,,,,,,,,,,
MarJon Beauchamp,https://www.basketball-reference.com/players/b/beaucma01.html,2023,2022-12-09,MIL,DAL,@,"W, 106-105",,,,,,,,,,,,,,,,,
MarJon Beauchamp,https://www.basketball-reference.com/players/b/beaucma01.html,2023,2022-12-11,MIL,HOU,@,"L, 92-97",,,,,,,,,,,,,,,,,
MarJon Beauchamp,https://www.basketball-reference.com/players/b/beaucma01.html,2023,2022-12-13,MIL,GSW,,"W, 128-111",,04:58,1,4,1,1,0,0,2,1,3,0,0,0,1,1,3
MarJon Beauchamp,https://www.basketball-reference.com/players/b/beaucma01.html,2023,2022-12-15,MIL,MEM,@,"L, 101-142",,21:52,4,9,1,6,3,5,2,1,3,2,2,0,0,1,12
MarJon Beauchamp,https://www.basketball-reference.com/players/b/beaucma01.html,2023,2022-12-17,MIL,UTA,,"W, 123-97",,19:23,5,9,4,7,4,4,0,3,3,2,1,0,1,3,18
MarJon Beauchamp,https://www.basketball-reference.com/players/b/beaucma01.html,2023,2022-12-19,MIL,NOP,@,"W, 128-119",,15:53,2,4,2,4,0,0,0,3,3,1,1,0,2,0,6
MarJon Beauchamp,https://www.basketball-reference.com/players/b/beaucma01.html,2023,2022-12-21,MIL,CLE,@,"L, 106-114",,20:12,4,7,3,5,0,0,1,0,1,0,0,0,1,4,11
MarJon Beauchamp,https://www.basketball-reference.com/players/b/beaucma01.html,2023,2022-12-23,MIL,BRK,@,"L, 100-118",,15:18,2,6,2,5,0,0,0,0,0,0,0,0,0,2,6
MarJon Beauchamp,https://www.basketball-reference.com/players/b/beaucma01.html,2023,2022-12-25,MIL,BOS,@,"L, 118-139",,03:41,2,3,1,2,0,0,0,0,0,0,0,0,0,0,5
MarJon Beauchamp,https://www.basketball-reference.com/players/b/beaucma01.html,2023,2022-12-28,MIL,CHI,@,"L, 113-119 (OT)",,01:37,0,1,0,0,0,0,1,0,1,0,0,0,0,0,0
MarJon Beauchamp,https://www.basketball-reference.com/players/b/beaucma01.html,2023,2022-12-30,MIL,MIN,,"W, 123-114",,14:56,2,6,0,3,1,2,1,1,2,1,1,0,1,3,5
MarJon Beauchamp,https://www.basketball-reference.com/players/b/beaucma01.html,2023,2023-01-01,MIL,WAS,,"L, 95-118",,25:00,4,12,2,9,1,2,3,1,4,0,1,0,2,2,11
MarJon Beauchamp,https://www.basketball-reference.com/players/b/beaucma01.html,2023,2023-01-03,MIL,WAS,,"W, 123-113",,15:45,2,4,0,0,0,0,2,0,2,1,1,0,0,1,4
MarJon Beauchamp,https://www.basketball-reference.com/players/b/beaucma01.html,2023,2023-01-04,MIL,TOR,@,"W, 104-101 (OT)",,22:00,4,6,2,3,0,0,2,2,4,2,0,0,3,3,10
MarJon Beauchamp,https://www.basketball-reference.com/players/b/beaucma01.html,2023,2023-01-06,MIL,CHO,,"L, 109-138",,23:19,2,6,0,3,2,2,0,2,2,2,0,0,1,2,6
MarJon Beauchamp,https://www.basketball-reference.com/players/b/beaucma01.html,2023,2023-01-09,MIL,NYK,@,"W, 111-107",,11:16,3,6,2,4,0,0,2,3,5,1,0,0,0,3,8
MarJon Beauchamp,https://www.basketball-reference.com/players/b/beaucma01.html,2023,2023-01-11,MIL,ATL,@,"W, 114-105",,21:20,3,9,2,7,0,0,0,1,1,4,0,0,0,0,8
MarJon Beauchamp,https://www.basketball-reference.com/players/b/beaucma01.html,2023,2023-01-12,MIL,MIA,@,"L, 102-108",,18:01,0,3,0,2,0,0,1,1,2,0,1,0,2,1,0
MarJon Beauchamp,https://www.basketball-reference.com/players/b/beaucma01.html,2023,2023-01-14,MIL,MIA,@,"L, 95-111",,10:23,0,4,0,3,0,0,1,0,1,0,0,0,0,0,0
MarJon Beauchamp,https://www.basketball-reference.com/players/b/beaucma01.html,2023,2023-01-16,MIL,IND,,"W, 132-119",,,,,,,,,,,,,,,,,
MarJon Beauchamp,https://www.basketball-reference.com/players/b/beaucma01.html,2023,2023-01-17,MIL,TOR,,"W, 130-122",,,,,,,,,,,,,,,,,
MarJon Beauchamp,https://www.basketball-reference.com/players/b/beaucma01.html,2023,2023-01-21,MIL,CLE,@,"L, 102-114",,,,,,,,,,,,,,,,,
MarJon Beauchamp,https://www.basketball-reference.com/players/b/beaucma01.html,2023,2023-01-23,MIL,DET,@,"W, 150-130",,07:33,3,6,1,2,0,0,0,0,0,1,0,0,1,1,7
MarJon Beauchamp,https://www.basketball-reference.com/players/b/beaucma01.html,2023,2023-01-25,MIL,DEN,,"W, 107-99",,,,,,,,,,,,,,,,,
MarJon Beauchamp,https://www.basketball-reference.com/players/b/beaucma01.html,2023,2023-01-27,MIL,IND,@,"W, 141-131",,,,,,,,,,,,,,,,,
MarJon Beauchamp,https://www.basketball-reference.com/players/b/beaucma01.html,2023,2023-01-29,MIL,NOP,,"W, 135-110",,01:14,0,0,0,0,0,0,0,0,0,0,0,0,0,0,0
MarJon Beauchamp,https://www.basketball-reference.com/players/b/beaucma01.html,2023,2023-01-31,MIL,CHO,,"W, 124-115",,,,,,,,,,,,,,,,,
MarJon Beauchamp,https://www.basketball-reference.com/players/b/beaucma01.html,2023,2023-02-02,MIL,LAC,,"W, 106-105",,,,,,,,,,,,,,,,,
MarJon Beauchamp,https://www.basketball-reference.com/players/b/beaucma01.html,2023,2023-02-04,MIL,MIA,,"W, 123-115",,,,,,,,,,,,,,,,,
MarJon Beauchamp,https://www.basketball-reference.com/players/b/beaucma01.html,2023,2023-02-06,MIL,POR,@,"W, 127-108",,13:28,2,4,1,3,0,0,0,4,4,0,0,0,1,2,5
MarJon Beauchamp,https://www.basketball-reference.com/players/b/beaucma01.html,2023,2023-02-09,MIL,LAL,@,"W, 115-106",,05:27,1,4,1,4,0,0,0,1,1,0,0,0,2,2,3
MarJon Beauchamp,https://www.basketball-reference.com/players/b/beaucma01.html,2023,2023-02-10,MIL,LAC,@,"W, 119-106",,15:57,4,7,1,3,1,2,0,0,0,2,2,1,0,1,10
MarJon Beauchamp,https://www.basketball-reference.com/players/b/beaucma01.html,2023,2023-02-14,MIL,BOS,,"W, 131-125 (OT)",,,,,,,,,,,,,,,,,
MarJon Beauchamp,https://www.basketball-reference.com/players/b/beaucma01.html,2023,2023-02-16,MIL,CHI,@,"W, 112-100",,22:09,0,3,0,1,2,2,2,2,4,1,1,1,0,1,2
MarJon Beauchamp,https://www.basketball-reference.com/players/b/beaucma01.html,2023,2023-02-24,MIL,MIA,,"W, 128-99",,04:38,0,1,0,1,0,0,0,2,2,0,0,0,0,1,0
MarJon Beauchamp,https://www.basketball-reference.com/players/b/beaucma01.html,2023,2023-02-26,MIL,PHO,,"W, 104-101",,,,,,,,,,,,,,,,,
MarJon Beauchamp,https://www.basketball-reference.com/players/b/beaucma01.html,2023,2023-02-28,MIL,BRK,@,"W, 118-104",,03:35,0,2,0,1,0,0,0,0,0,0,0,0,1,0,0
MarJon Beauchamp,https://www.basketball-reference.com/players/b/beaucma01.html,2023,2023-03-01,MIL,ORL,,"W, 139-117",,04:33,0,1,0,0,0,0,0,0,0,0,0,0,0,0,0
MarJon Beauchamp,https://www.basketball-reference.com/players/b/beaucma01.html,2023,2023-03-04,MIL,PHI,,"L, 130-133",,,,,,,,,,,,,,,,,
MarJon Beauchamp,https://www.basketball-reference.com/players/b/beaucma01.html,2023,2023-03-05,MIL,WAS,@,"W, 117-111",,,,,,,,,,,,,,,,,
MarJon Beauchamp,https://www.basketball-reference.com/players/b/beaucma01.html,2023,2023-03-07,MIL,ORL,@,"W, 134-123",,,,,,,,,,,,,,,,,
MarJon Beauchamp,https://www.basketball-reference.com/players/b/beaucma01.html,2023,2023-03-09,MIL,BRK,,"W, 118-113",,,,,,,,,,,,,,,,,
MarJon Beauchamp,https://www.basketball-reference.com/players/b/beaucma01.html,2023,2023-03-11,MIL,GSW,@,"L, 116-125 (OT)",,,,,,,,,,,,,,,,,
MarJon Beauchamp,https://www.basketball-reference.com/players/b/beaucma01.html,2023,2023-03-13,MIL,SAC,@,"W, 133-124",,,,,,,,,,,,,,,,,
MarJon Beauchamp,https://www.basketball-reference.com/players/b/beaucma01.html,2023,2023-03-14,MIL,PHO,@,"W, 116-104",,,,,,,,,,,,,,,,,
MarJon Beauchamp,https://www.basketball-reference.com/players/b/beaucma01.html,2023,2023-03-16,MIL,IND,,"L, 123-139",,02:13,0,1,0,0,0,0,0,0,0,0,0,0,0,0,0
MarJon Beauchamp,https://www.basketball-reference.com/players/b/beaucma01.html,2023,2023-03-19,MIL,TOR,,"W, 118-111",,,,,,,,,,,,,,,,,
MarJon Beauchamp,https://www.basketball-reference.com/players/b/beaucma01.html,2023,2023-03-22,MIL,SAS,,"W, 130-94",,06:12,2,2,1,1,2,4,0,2,2,0,0,0,0,0,7
MarJon Beauchamp,https://www.basketball-reference.com/players/b/beaucma01.html,2023,2023-03-24,MIL,UTA,@,"W, 144-116",,09:56,2,4,0,2,0,0,0,2,2,1,0,0,0,2,4
MarJon Beauchamp,https://www.basketball-reference.com/players/b/beaucma01.html,2023,2023-03-25,MIL,DEN,@,"L, 106-129",,05:54,2,2,1,1,0,0,0,1,1,0,0,0,0,0,5
MarJon Beauchamp,https://www.basketball-reference.com/players/b/beaucma01.html,2023,2023-03-27,MIL,DET,@,"W, 126-117",,,,,,,,,,,,,,,,,
MarJon Beauchamp,https://www.basketball-reference.com/players/b/beaucma01.html,2023,2023-03-29,MIL,IND,@,"W, 149-136",,02:14,0,0,0,0,0,0,0,1,1,0,0,1,2,0,0
MarJon Beauchamp,https://www.basketball-reference.com/players/b/beaucma01.html,2023,2023-03-30,MIL,BOS,,"L, 99-140",,10:14,1,3,1,2,0,0,1,2,3,0,1,0,1,1,3
MarJon Beauchamp,https://www.basketball-reference.com/players/b/beaucma01.html,2023,2023-04-02,MIL,PHI,,"W, 117-104",,01:26,0,0,0,0,0,0,1,0,1,0,0,0,0,1,0
MarJon Beauchamp,https://www.basketball-reference.com/players/b/beaucma01.html,2023,2023-04-04,MIL,WAS,@,"W, 140-128",,13:17,2,4,1,3,0,0,1,0,1,0,0,0,0,3,5
MarJon Beauchamp,https://www.basketball-reference.com/players/b/beaucma01.html,2023,2023-04-05,MIL,CHI,,"W, 105-92",,00:39,0,0,0,0,0,0,0,0,0,0,0,0,0,0,0
MarJon Beauchamp,https://www.basketball-reference.com/players/b/beaucma01.html,2023,2023-04-07,MIL,MEM,,"L, 114-137",,43:05,3,12,3,8,4,4,1,5,6,4,2,2,3,2,13
MarJon Beauchamp,https://www.basketball-reference.com/players/b/beaucma01.html,2023,2023-04-09,MIL,TOR,@,"L, 105-121",,30:14,4,10,2,5,0,0,0,6,6,4,0,0,2,2,10
A.J. Green,https://www.basketball-reference.com/players/g/greenaj01.html,2023,2022-10-20,MIL,PHI,@,"W, 90-88",,,,,,,,,,,,,,,,,
A.J. Green,https://www.basketball-reference.com/players/g/greenaj01.html,2023,2022-10-22,MIL,HOU,,"W, 125-105",,02:14,0,0,0,0,0,0,0,0,0,1,0,0,0,0,0
A.J. Green,https://www.basketball-reference.com/players/g/greenaj01.html,2023,2022-10-26,MIL,BRK,,"W, 110-99",,,,,,,,,,,,,,,,,
A.J. Green,https://www.basketball-reference.com/players/g/greenaj01.html,2023,2022-10-28,MIL,NYK,,"W, 119-108",,,,,,,,,,,,,,,,,
A.J. Green,https://www.basketball-reference.com/players/g/greenaj01.html,2023,2022-10-29,MIL,ATL,,"W, 123-115",,,,,,,,,,,,,,,,,
A.J. Green,https://www.basketball-reference.com/players/g/greenaj01.html,2023,2022-10-31,MIL,DET,,"W, 110-108",,,,,,,,,,,,,,,,,
A.J. Green,https://www.basketball-reference.com/players/g/greenaj01.html,2023,,,,,,,,,,,,,,,,,,,,,,
A.J. Green,https://www.basketball-reference.com/players/g/greenaj01.html,2023,2022-11-02,MIL,DET,,"W, 116-91",,,,,,,,,,,,,,,,,
A.J. Green,https://www.basketball-reference.com/players/g/greenaj01.html,2023,2022-11-04,MIL,MIN,@,"W, 115-102",,,,,,,,,,,,,,,,,
A.J. Green,https://www.basketball-reference.com/players/g/greenaj01.html,2023,2022-11-05,MIL,OKC,,"W, 108-94",,,,,,,,,,,,,,,,,
A.J. Green,https://www.basketball-reference.com/players/g/greenaj01.html,2023,2022-11-07,MIL,ATL,@,"L, 98-117",,,,,,,,,,,,,,,,,
A.J. Green,https://www.basketball-reference.com/players/g/greenaj01.html,2023,2022-11-09,MIL,OKC,@,"W, 136-132 (2OT)",,,,,,,,,,,,,,,,,
A.J. Green,https://www.basketball-reference.com/players/g/greenaj01.html,2023,2022-11-11,MIL,SAS,@,"L, 93-111",,,,,,,,,,,,,,,,,
A.J. Green,https://www.basketball-reference.com/players/g/greenaj01.html,2023,2022-11-14,MIL,ATL,,"L, 106-121",,,,,,,,,,,,,,,,,
A.J. Green,https://www.basketball-reference.com/players/g/greenaj01.html,2023,2022-11-16,MIL,CLE,,"W, 113-98",,15:15,1,4,1,4,0,0,1,2,3,0,1,0,0,2,3
A.J. Green,https://www.basketball-reference.com/players/g/greenaj01.html,2023,2022-11-18,MIL,PHI,@,"L, 102-110",,,,,,,,,,,,,,,,,
A.J. Green,https://www.basketball-reference.com/players/g/greenaj01.html,2023,2022-11-21,MIL,POR,,"W, 119-111",,00:39,0,0,0,0,0,0,0,0,0,0,0,0,0,0,0
A.J. Green,https://www.basketball-reference.com/players/g/greenaj01.html,2023,2022-11-23,MIL,CHI,,"L, 113-118",,,,,,,,,,,,,,,,,
A.J. Green,https://www.basketball-reference.com/players/g/greenaj01.html,2023,2022-11-25,MIL,CLE,,"W, 117-102",,03:03,0,0,0,0,0,0,0,1,1,0,0,0,0,1,0
A.J. Green,https://www.basketball-reference.com/players/g/greenaj01.html,2023,2022-11-27,MIL,DAL,,"W, 124-115",,01:58,0,1,0,1,0,0,0,0,0,0,0,0,0,1,0
A.J. Green,https://www.basketball-reference.com/players/g/greenaj01.html,2023,2022-11-30,MIL,NYK,@,"W, 109-103",,00:02,0,0,0,0,0,0,0,0,0,0,0,0,0,0,0
A.J. Green,https://www.basketball-reference.com/players/g/greenaj01.html,2023,2022-12-02,MIL,LAL,,"L, 129-133",,,,,,,,,,,,,,,,,
A.J. Green,https://www.basketball-reference.com/players/g/greenaj01.html,2023,2022-12-03,MIL,CHO,@,"W, 105-96",,13:44,2,3,2,2,2,2,0,3,3,1,0,0,1,1,8
A.J. Green,https://www.basketball-reference.com/players/g/greenaj01.html,2023,2022-12-05,MIL,ORL,@,"W, 109-102",,10:10,4,6,3,5,1,1,0,0,0,0,0,0,0,2,12
A.J. Green,https://www.basketball-reference.com/players/g/greenaj01.html,2023,2022-12-07,MIL,SAC,,"W, 126-113",,01:18,0,0,0,0,0,0,0,0,0,0,0,0,0,0,0
A.J. Green,https://www.basketball-reference.com/players/g/greenaj01.html,2023,2022-12-09,MIL,DAL,@,"W, 106-105",,,,,,,,,,,,,,,,,
A.J. Green,https://www.basketball-reference.com/players/g/greenaj01.html,2023,2022-12-11,MIL,HOU,@,"L, 92-97",,,,,,,,,,,,,,,,,
A.J. Green,https://www.basketball-reference.com/players/g/greenaj01.html,2023,2022-12-13,MIL,GSW,,"W, 128-111",,02:53,1,2,0,1,0,0,0,0,0,1,0,0,0,1,2
A.J. Green,https://www.basketball-reference.com/players/g/greenaj01.html,2023,2022-12-15,MIL,MEM,@,"L, 101-142",,14:06,4,6,2,4,0,0,1,0,1,0,0,0,1,1,10
A.J. Green,https://www.basketball-reference.com/players/g/greenaj01.html,2023,2022-12-17,MIL,UTA,,"W, 123-97",,03:58,1,2,1,2,0,0,0,0,0,1,0,0,0,2,3
A.J. Green,https://www.basketball-reference.com/players/g/greenaj01.html,2023,2022-12-19,MIL,NOP,@,"W, 128-119",,,,,,,,,,,,,,,,,
A.J. Green,https://www.basketball-reference.com/players/g/greenaj01.html,2023,2022-12-21,MIL,CLE,@,"L, 106-114",,,,,,,,,,,,,,,,,
A.J. Green,https://www.basketball-reference.com/players/g/greenaj01.html,2023,2022-12-23,MIL,BRK,@,"L, 100-118",,,,,,,,,,,,,,,,,
A.J. Green,https://www.basketball-reference.com/players/g/greenaj01.html,2023,2022-12-25,MIL,BOS,@,"L, 118-139",,,,,,,,,,,,,,,,,
A.J. Green,https://www.basketball-reference.com/players/g/greenaj01.html,2023,2022-12-28,MIL,CHI,@,"L, 113-119 (OT)",,,,,,,,,,,,,,,,,
A.J. Green,https://www.basketball-reference.com/players/g/greenaj01.html,2023,2022-12-30,MIL,MIN,,"W, 123-114",,21:51,2,6,2,5,1,1,1,2,3,1,1,0,0,4,7
A.J. Green,https://www.basketball-reference.com/players/g/greenaj01.html,2023,2023-01-01,MIL,WAS,,"L, 95-118",,19:15,4,7,2,5,0,0,0,3,3,0,1,0,1,1,10
A.J. Green,https://www.basketball-reference.com/players/g/greenaj01.html,2023,2023-01-03,MIL,WAS,,"W, 123-113",,09:23,0,3,0,3,0,0,0,1,1,1,0,0,1,0,0
A.J. Green,https://www.basketball-reference.com/players/g/greenaj01.html,2023,2023-01-04,MIL,TOR,@,"W, 104-101 (OT)",,12:32,2,4,1,3,0,0,0,2,2,0,1,0,0,1,5
A.J. Green,https://www.basketball-reference.com/players/g/greenaj01.html,2023,2023-01-06,MIL,CHO,,"L, 109-138",,17:46,5,8,3,6,0,0,0,3,3,2,0,0,0,1,13
A.J. Green,https://www.basketball-reference.com/players/g/greenaj01.html,2023,2023-01-09,MIL,NYK,@,"W, 111-107",,,,,,,,,,,,,,,,,
A.J. Green,https://www.basketball-reference.com/players/g/greenaj01.html,2023,2023-01-11,MIL,ATL,@,"W, 114-105",,05:32,1,3,1,3,0,0,0,0,0,0,0,0,0,1,3
A.J. Green,https://www.basketball-reference.com/players/g/greenaj01.html,2023,2023-01-12,MIL,MIA,@,"L, 102-108",,19:14,5,10,5,10,0,0,1,2,3,0,0,0,0,1,15
A.J. Green,https://www.basketball-reference.com/players/g/greenaj01.html,2023,2023-01-14,MIL,MIA,@,"L, 95-111",,16:52,3,7,3,6,0,0,0,1,1,0,0,0,0,0,9
A.J. Green,https://www.basketball-reference.com/players/g/greenaj01.html,2023,2023-01-16,MIL,IND,,"W, 132-119",,11:54,2,7,2,6,0,0,0,0,0,1,1,0,0,2,6
A.J. Green,https://www.basketball-reference.com/players/g/greenaj01.html,2023,2023-01-17,MIL,TOR,,"W, 130-122",,06:02,0,0,0,0,0,0,0,1,1,2,0,0,1,0,0
A.J. Green,https://www.basketball-reference.com/players/g/greenaj01.html,2023,2023-01-21,MIL,CLE,@,"L, 102-114",,04:09,0,2,0,1,0,0,0,0,0,0,0,0,0,0,0
A.J. Green,https://www.basketball-reference.com/players/g/greenaj01.html,2023,2023-01-23,MIL,DET,@,"W, 150-130",,05:02,0,3,0,3,0,0,0,1,1,0,0,0,2,1,0
A.J. Green,https://www.basketball-reference.com/players/g/greenaj01.html,2023,2023-01-25,MIL,DEN,,"W, 107-99",,,,,,,,,,,,,,,,,
A.J. Green,https://www.basketball-reference.com/players/g/greenaj01.html,2023,2023-01-27,MIL,IND,@,"W, 141-131",,,,,,,,,,,,,,,,,
A.J. Green,https://www.basketball-reference.com/players/g/greenaj01.html,2023,2023-01-29,MIL,NOP,,"W, 135-110",,,,,,,,,,,,,,,,,
A.J. Green,https://www.basketball-reference.com/players/g/greenaj01.html,2023,2023-01-31,MIL,CHO,,"W, 124-115",,,,,,,,,,,,,,,,,
A.J. Green,https://www.basketball-reference.com/players/g/greenaj01.html,2023,2023-02-02,MIL,LAC,,"W, 106-105",,,,,,,,,,,,,,,,,
A.J. Green,https://www.basketball-reference.com/players/g/greenaj01.html,2023,2023-02-04,MIL,MIA,,"W, 123-115",,,,,,,,,,,,,,,,,
A.J. Green,https://www.basketball-reference.com/players/g/greenaj01.html,2023,2023-02-06,MIL,POR,@,"W, 127-108",,,,,,,,,,,,,,,,,
A.J. Green,https://www.basketball-reference.com/players/g/greenaj01.html,2023,2023-02-09,MIL,LAL,@,"W, 115-106",,,,,,,,,,,,,,,,,
A.J. Green,https://www.basketball-reference.com/players/g/greenaj01.html,2023,2023-02-10,MIL,LAC,@,"W, 119-106",,02:25,0,0,0,0,0,0,0,0,0,0,0,0,0,0,0
A.J. Green,https://www.basketball-reference.com/players/g/greenaj01.html,2023,2023-02-14,MIL,BOS,,"W, 131-125 (OT)",,,,,,,,,,,,,,,,,
A.J. Green,https://www.basketball-reference.com/players/g/greenaj01.html,2023,2023-02-16,MIL,CHI,@,"W, 112-100",,23:06,5,8,5,7,0,0,0,2,2,1,0,0,0,1,15
A.J. Green,https://www.basketball-reference.com/players/g/greenaj01.html,2023,2023-02-24,MIL,MIA,,"W, 128-99",,18:56,2,6,2,5,0,0,0,1,1,4,1,0,1,2,6
A.J. Green,https://www.basketball-reference.com/players/g/greenaj01.html,2023,2023-02-26,MIL,PHO,,"W, 104-101",,,,,,,,,,,,,,,,,
A.J. Green,https://www.basketball-reference.com/players/g/greenaj01.html,2023,2023-02-28,MIL,BRK,@,"W, 118-104",,03:19,0,1,0,0,0,0,1,1,2,2,0,0,0,0,0
A.J. Green,https://www.basketball-reference.com/players/g/greenaj01.html,2023,2023-03-01,MIL,ORL,,"W, 139-117",,17:19,4,7,4,7,0,0,0,2,2,1,0,0,0,2,12
A.J. Green,https://www.basketball-reference.com/players/g/greenaj01.html,2023,2023-03-04,MIL,PHI,,"L, 130-133",,,,,,,,,,,,,,,,,
A.J. Green,https://www.basketball-reference.com/players/g/greenaj01.html,2023,2023-03-05,MIL,WAS,@,"W, 117-111",,05:35,0,2,0,1,0,0,0,2,2,0,0,0,0,1,0
A.J. Green,https://www.basketball-reference.com/players/g/greenaj01.html,2023,2023-03-07,MIL,ORL,@,"W, 134-123",,,,,,,,,,,,,,,,,
A.J. Green,https://www.basketball-reference.com/players/g/greenaj01.html,2023,2023-03-09,MIL,BRK,,"W, 118-113",,,,,,,,,,,,,,,,,
A.J. Green,https://www.basketball-reference.com/players/g/greenaj01.html,2023,2023-03-11,MIL,GSW,@,"L, 116-125 (OT)",,,,,,,,,,,,,,,,,
A.J. Green,https://www.basketball-reference.com/players/g/greenaj01.html,2023,2023-03-13,MIL,SAC,@,"W, 133-124",,,,,,,,,,,,,,,,,
A.J. Green,https://www.basketball-reference.com/players/g/greenaj01.html,2023,2023-03-14,MIL,PHO,@,"W, 116-104",,04:35,0,0,0,0,0,0,0,1,1,0,0,0,0,0,0
A.J. Green,https://www.basketball-reference.com/players/g/greenaj01.html,2023,2023-03-16,MIL,IND,,"L, 123-139",,07:49,0,1,0,1,0,0,0,2,2,0,0,0,1,0,0
A.J. Green,https://www.basketball-reference.com/players/g/greenaj01.html,2023,2023-03-19,MIL,TOR,,"W, 118-111",,,,,,,,,,,,,,,,,
A.J. Green,https://www.basketball-reference.com/players/g/greenaj01.html,2023,2023-03-22,MIL,SAS,,"W, 130-94",,,,,,,,,,,,,,,,,
A.J. Green,https://www.basketball-reference.com/players/g/greenaj01.html,2023,2023-03-24,MIL,UTA,@,"W, 144-116",,,,,,,,,,,,,,,,,
A.J. Green,https://www.basketball-reference.com/players/g/greenaj01.html,2023,2023-03-25,MIL,DEN,@,"L, 106-129",,,,,,,,,,,,,,,,,
A.J. Green,https://www.basketball-reference.com/players/g/greenaj01.html,2023,2023-03-27,MIL,DET,@,"W, 126-117",,,,,,,,,,,,,,,,,
A.J. Green,https://www.basketball-reference.com/players/g/greenaj01.html,2023,2023-03-29,MIL,IND,@,"W, 149-136",,18:09,3,7,3,6,0,0,0,1,1,1,0,0,0,1,9
A.J. Green,https://www.basketball-reference.com/players/g/greenaj01.html,2023,2023-03-30,MIL,BOS,,"L, 99-140",,,,,,,,,,,,,,,,,
A.J. Green,https://www.basketball-reference.com/players/g/greenaj01.html,2023,2023-04-02,MIL,PHI,,"W, 117-104",,,,,,,,,,,,,,,,,
A.J. Green,https://www.basketball-reference.com/players/g/greenaj01.html,2023,2023-04-04,MIL,WAS,@,"W, 140-128",,,,,,,,,,,,,,,,,
A.J. Green,https://www.basketball-reference.com/players/g/greenaj01.html,2023,2023-04-05,MIL,CHI,,"W, 105-92",,10:13,0,3,0,3,0,0,1,3,4,0,0,0,0,0,0
A.J. Green,https://www.basketball-reference.com/players/g/greenaj01.html,2023,2023-04-07,MIL,MEM,,"L, 114-137",,14:37,2,6,2,5,0,0,0,2,2,2,0,0,0,1,6
A.J. Green,https://www.basketball-reference.com/players/g/greenaj01.html,2023,2023-04-09,MIL,TOR,@,"L, 105-121",,,,,,,,,,,,,,,,,
Josh Minott,https://www.basketball-reference.com/players/m/minotjo01.html,2023,2022-10-19,MIN,OKC,,"W, 115-108",,,,,,,,,,,,,,,,,
Josh Minott,https://www.basketball-reference.com/players/m/minotjo01.html,2023,2022-10-21,MIN,UTA,,"L, 126-132 (OT)",,,,,,,,,,,,,,,,,
Josh Minott,https://www.basketball-reference.com/players/m/minotjo01.html,2023,2022-10-23,MIN,OKC,@,"W, 116-106",,,,,,,,,,,,,,,,,
Josh Minott,https://www.basketball-reference.com/players/m/minotjo01.html,2023,2022-10-24,MIN,SAS,,"L, 106-115",,,,,,,,,,,,,,,,,
Josh Minott,https://www.basketball-reference.com/players/m/minotjo01.html,2023,2022-10-26,MIN,SAS,,"W, 134-122",,,,,,,,,,,,,,,,,
Josh Minott,https://www.basketball-reference.com/players/m/minotjo01.html,2023,2022-10-28,MIN,LAL,,"W, 111-102",,,,,,,,,,,,,,,,,
Josh Minott,https://www.basketball-reference.com/players/m/minotjo01.html,2023,2022-10-30,MIN,SAS,@,"L, 98-107",,,,,,,,,,,,,,,,,
Josh Minott,https://www.basketball-reference.com/players/m/minotjo01.html,2023,,,,,,,,,,,,,,,,,,,,,,
Josh Minott,https://www.basketball-reference.com/players/m/minotjo01.html,2023,2022-11-01,MIN,PHO,@,"L, 107-116",,,,,,,,,,,,,,,,,
Josh Minott,https://www.basketball-reference.com/players/m/minotjo01.html,2023,2022-11-04,MIN,MIL,,"L, 102-115",,,,,,,,,,,,,,,,,
Josh Minott,https://www.basketball-reference.com/players/m/minotjo01.html,2023,2022-11-05,MIN,HOU,,"W, 129-117",,,,,,,,,,,,,,,,,
Josh Minott,https://www.basketball-reference.com/players/m/minotjo01.html,2023,2022-11-07,MIN,NYK,,"L, 107-120",,,,,,,,,,,,,,,,,
Josh Minott,https://www.basketball-reference.com/players/m/minotjo01.html,2023,2022-11-09,MIN,PHO,,"L, 117-129",,,,,,,,,,,,,,,,,
Josh Minott,https://www.basketball-reference.com/players/m/minotjo01.html,2023,2022-11-11,MIN,MEM,@,"L, 103-114",,,,,,,,,,,,,,,,,
Josh Minott,https://www.basketball-reference.com/players/m/minotjo01.html,2023,2022-11-13,MIN,CLE,@,"W, 129-124",,,,,,,,,,,,,,,,,
Josh Minott,https://www.basketball-reference.com/players/m/minotjo01.html,2023,2022-11-16,MIN,ORL,@,"W, 126-108",,,,,,,,,,,,,,,,,
Josh Minott,https://www.basketball-reference.com/players/m/minotjo01.html,2023,2022-11-19,MIN,PHI,@,"W, 112-109",,,,,,,,,,,,,,,,,
Josh Minott,https://www.basketball-reference.com/players/m/minotjo01.html,2023,2022-11-21,MIN,MIA,,"W, 105-101",,,,,,,,,,,,,,,,,
Josh Minott,https://www.basketball-reference.com/players/m/minotjo01.html,2023,2022-11-23,MIN,IND,@,"W, 115-101",,,,,,,,,,,,,,,,,
Josh Minott,https://www.basketball-reference.com/players/m/minotjo01.html,2023,2022-11-25,MIN,CHO,@,"L, 108-110",,,,,,,,,,,,,,,,,
Josh Minott,https://www.basketball-reference.com/players/m/minotjo01.html,2023,2022-11-27,MIN,GSW,,"L, 114-137",,,,,,,,,,,,,,,,,
Josh Minott,https://www.basketball-reference.com/players/m/minotjo01.html,2023,2022-11-28,MIN,WAS,@,"L, 127-142",,04:30,1,1,0,0,2,2,2,1,3,1,0,1,0,1,4
Josh Minott,https://www.basketball-reference.com/players/m/minotjo01.html,2023,2022-11-30,MIN,MEM,,"W, 109-101",,,,,,,,,,,,,,,,,
Josh Minott,https://www.basketball-reference.com/players/m/minotjo01.html,2023,2022-12-03,MIN,OKC,,"L, 128-135",,,,,,,,,,,,,,,,,
Josh Minott,https://www.basketball-reference.com/players/m/minotjo01.html,2023,2022-12-07,MIN,IND,,"W, 121-115",,,,,,,,,,,,,,,,,
Josh Minott,https://www.basketball-reference.com/players/m/minotjo01.html,2023,2022-12-09,MIN,UTA,@,"W, 118-108",,,,,,,,,,,,,,,,,
Josh Minott,https://www.basketball-reference.com/players/m/minotjo01.html,2023,2022-12-10,MIN,POR,@,"L, 118-124",,,,,,,,,,,,,,,,,
Josh Minott,https://www.basketball-reference.com/players/m/minotjo01.html,2023,2022-12-12,MIN,POR,@,"L, 112-133",,04:03,0,1,0,0,0,0,0,0,0,0,1,0,0,0,0
Josh Minott,https://www.basketball-reference.com/players/m/minotjo01.html,2023,2022-12-14,MIN,LAC,@,"L, 88-99",,02:36,1,1,0,0,2,2,0,0,0,1,0,0,0,0,4
Josh Minott,https://www.basketball-reference.com/players/m/minotjo01.html,2023,2022-12-16,MIN,OKC,@,"W, 112-110",,,,,,,,,,,,,,,,,
Josh Minott,https://www.basketball-reference.com/players/m/minotjo01.html,2023,2022-12-18,MIN,CHI,,"W, 150-126",,01:45,1,1,0,0,0,0,0,0,0,0,0,0,0,0,2
Josh Minott,https://www.basketball-reference.com/players/m/minotjo01.html,2023,2022-12-19,MIN,DAL,,"W, 116-106",,00:53,0,0,0,0,0,0,0,0,0,0,0,0,0,0,0
Josh Minott,https://www.basketball-reference.com/players/m/minotjo01.html,2023,2022-12-21,MIN,DAL,,"L, 99-104",,,,,,,,,,,,,,,,,
Josh Minott,https://www.basketball-reference.com/players/m/minotjo01.html,2023,2022-12-23,MIN,BOS,@,"L, 109-121",,01:12,0,1,0,1,0,0,0,0,0,0,0,0,0,0,0
Josh Minott,https://www.basketball-reference.com/players/m/minotjo01.html,2023,2022-12-26,MIN,MIA,@,"L, 110-113",,,,,,,,,,,,,,,,,
Josh Minott,https://www.basketball-reference.com/players/m/minotjo01.html,2023,2022-12-28,MIN,NOP,@,"L, 118-119",,,,,,,,,,,,,,,,,
Josh Minott,https://www.basketball-reference.com/players/m/minotjo01.html,2023,2022-12-30,MIN,MIL,@,"L, 114-123",,,,,,,,,,,,,,,,,
Josh Minott,https://www.basketball-reference.com/players/m/minotjo01.html,2023,2022-12-31,MIN,DET,,"L, 104-116",,,,,,,,,,,,,,,,,
Josh Minott,https://www.basketball-reference.com/players/m/minotjo01.html,2023,2023-01-02,MIN,DEN,,"W, 124-111",,,,,,,,,,,,,,,,,
Josh Minott,https://www.basketball-reference.com/players/m/minotjo01.html,2023,2023-01-04,MIN,POR,,"W, 113-106",,,,,,,,,,,,,,,,,
Josh Minott,https://www.basketball-reference.com/players/m/minotjo01.html,2023,2023-01-06,MIN,LAC,,"W, 128-115",,01:23,0,0,0,0,0,0,0,2,2,0,0,1,0,1,0
Josh Minott,https://www.basketball-reference.com/players/m/minotjo01.html,2023,2023-01-08,MIN,HOU,@,"W, 104-96",,,,,,,,,,,,,,,,,
Josh Minott,https://www.basketball-reference.com/players/m/minotjo01.html,2023,2023-01-11,MIN,DET,@,"L, 118-135",,,,,,,,,,,,,,,,,
Josh Minott,https://www.basketball-reference.com/players/m/minotjo01.html,2023,2023-01-13,MIN,PHO,,"W, 121-116",,,,,,,,,,,,,,,,,
Josh Minott,https://www.basketball-reference.com/players/m/minotjo01.html,2023,2023-01-14,MIN,CLE,,"W, 110-102",,,,,,,,,,,,,,,,,
Josh Minott,https://www.basketball-reference.com/players/m/minotjo01.html,2023,2023-01-16,MIN,UTA,,"L, 125-126",,,,,,,,,,,,,,,,,
Josh Minott,https://www.basketball-reference.com/players/m/minotjo01.html,2023,2023-01-18,MIN,DEN,@,"L, 118-122",,,,,,,,,,,,,,,,,
Josh Minott,https://www.basketball-reference.com/players/m/minotjo01.html,2023,2023-01-19,MIN,TOR,,"W, 128-126",,,,,,,,,,,,,,,,,
Josh Minott,https://www.basketball-reference.com/players/m/minotjo01.html,2023,2023-01-21,MIN,HOU,,"W, 113-104",,,,,,,,,,,,,,,,,
Josh Minott,https://www.basketball-reference.com/players/m/minotjo01.html,2023,2023-01-23,MIN,HOU,@,"L, 114-119",,,,,,,,,,,,,,,,,
Josh Minott,https://www.basketball-reference.com/players/m/minotjo01.html,2023,2023-01-25,MIN,NOP,@,"W, 111-102",,,,,,,,,,,,,,,,,
Josh Minott,https://www.basketball-reference.com/players/m/minotjo01.html,2023,2023-01-27,MIN,MEM,,"W, 111-100",,,,,,,,,,,,,,,,,
Josh Minott,https://www.basketball-reference.com/players/m/minotjo01.html,2023,2023-01-28,MIN,SAC,,"W, 117-110",,,,,,,,,,,,,,,,,
Josh Minott,https://www.basketball-reference.com/players/m/minotjo01.html,2023,2023-01-30,MIN,SAC,,"L, 111-118 (OT)",,,,,,,,,,,,,,,,,
Josh Minott,https://www.basketball-reference.com/players/m/minotjo01.html,2023,2023-02-01,MIN,GSW,,"W, 119-114 (OT)",,,,,,,,,,,,,,,,,
Josh Minott,https://www.basketball-reference.com/players/m/minotjo01.html,2023,2023-02-03,MIN,ORL,,"L, 120-127",,,,,,,,,,,,,,,,,
Josh Minott,https://www.basketball-reference.com/players/m/minotjo01.html,2023,2023-02-05,MIN,DEN,,"W, 128-98",,04:16,1,3,0,0,0,0,0,1,1,1,0,0,0,0,2
Josh Minott,https://www.basketball-reference.com/players/m/minotjo01.html,2023,2023-02-07,MIN,DEN,@,"L, 112-146",,17:04,4,7,1,1,2,2,1,4,5,0,1,2,0,1,11
Josh Minott,https://www.basketball-reference.com/players/m/minotjo01.html,2023,2023-02-08,MIN,UTA,@,"W, 143-118",,29:01,6,12,0,2,0,0,2,9,11,0,1,2,0,4,12
Josh Minott,https://www.basketball-reference.com/players/m/minotjo01.html,2023,2023-02-10,MIN,MEM,@,"L, 107-128",,01:39,0,0,0,0,0,0,0,0,0,0,0,0,0,0,0
Josh Minott,https://www.basketball-reference.com/players/m/minotjo01.html,2023,2023-02-13,MIN,DAL,@,"W, 124-121",,,,,,,,,,,,,,,,,
Josh Minott,https://www.basketball-reference.com/players/m/minotjo01.html,2023,2023-02-16,MIN,WAS,,"L, 106-114",,,,,,,,,,,,,,,,,
Josh Minott,https://www.basketball-reference.com/players/m/minotjo01.html,2023,2023-02-24,MIN,CHO,,"L, 113-121",,,,,,,,,,,,,,,,,
Josh Minott,https://www.basketball-reference.com/players/m/minotjo01.html,2023,2023-02-26,MIN,GSW,@,"L, 104-109",,,,,,,,,,,,,,,,,
Josh Minott,https://www.basketball-reference.com/players/m/minotjo01.html,2023,2023-02-28,MIN,LAC,@,"W, 108-101",,,,,,,,,,,,,,,,,
Josh Minott,https://www.basketball-reference.com/players/m/minotjo01.html,2023,2023-03-03,MIN,LAL,@,"W, 110-102",,,,,,,,,,,,,,,,,
Josh Minott,https://www.basketball-reference.com/players/m/minotjo01.html,2023,2023-03-04,MIN,SAC,@,"W, 138-134",,,,,,,,,,,,,,,,,
Josh Minott,https://www.basketball-reference.com/players/m/minotjo01.html,2023,2023-03-07,MIN,PHI,,"L, 94-117",,05:25,0,1,0,1,0,0,0,0,0,0,0,0,0,0,0
Josh Minott,https://www.basketball-reference.com/players/m/minotjo01.html,2023,2023-03-10,MIN,BRK,,"L, 123-124 (OT)",,,,,,,,,,,,,,,,,
Josh Minott,https://www.basketball-reference.com/players/m/minotjo01.html,2023,2023-03-13,MIN,ATL,@,"W, 136-115",,02:09,2,3,1,1,0,0,0,0,0,0,0,0,0,1,5
Josh Minott,https://www.basketball-reference.com/players/m/minotjo01.html,2023,2023-03-15,MIN,BOS,,"L, 102-104",,,,,,,,,,,,,,,,,
Josh Minott,https://www.basketball-reference.com/players/m/minotjo01.html,2023,2023-03-17,MIN,CHI,@,"L, 131-139 (2OT)",,,,,,,,,,,,,,,,,
Josh Minott,https://www.basketball-reference.com/players/m/minotjo01.html,2023,2023-03-18,MIN,TOR,@,"L, 107-122",,15:44,2,3,0,0,2,2,0,3,3,1,1,0,3,2,6
Josh Minott,https://www.basketball-reference.com/players/m/minotjo01.html,2023,2023-03-20,MIN,NYK,@,"W, 140-134",,,,,,,,,,,,,,,,,
Josh Minott,https://www.basketball-reference.com/players/m/minotjo01.html,2023,2023-03-22,MIN,ATL,,"W, 125-124",,,,,,,,,,,,,,,,,
Josh Minott,https://www.basketball-reference.com/players/m/minotjo01.html,2023,2023-03-26,MIN,GSW,@,"W, 99-96",,,,,,,,,,,,,,,,,
Josh Minott,https://www.basketball-reference.com/players/m/minotjo01.html,2023,2023-03-27,MIN,SAC,@,"W, 119-115",,,,,,,,,,,,,,,,,
Josh Minott,https://www.basketball-reference.com/players/m/minotjo01.html,2023,2023-03-29,MIN,PHO,@,"L, 100-107",,,,,,,,,,,,,,,,,
Josh Minott,https://www.basketball-reference.com/players/m/minotjo01.html,2023,2023-03-31,MIN,LAL,,"L, 111-123",,,,,,,,,,,,,,,,,
Josh Minott,https://www.basketball-reference.com/players/m/minotjo01.html,2023,2023-04-02,MIN,POR,,"L, 105-107",,,,,,,,,,,,,,,,,
Josh Minott,https://www.basketball-reference.com/players/m/minotjo01.html,2023,2023-04-04,MIN,BRK,@,"W, 107-102",,,,,,,,,,,,,,,,,
Josh Minott,https://www.basketball-reference.com/players/m/minotjo01.html,2023,2023-04-08,MIN,SAS,@,"W, 151-131",,04:33,0,2,0,0,0,0,0,0,0,1,0,0,0,0,0
Josh Minott,https://www.basketball-reference.com/players/m/minotjo01.html,2023,2023-04-09,MIN,NOP,,"W, 113-108",,,,,,,,,,,,,,,,,
Wendell Moore Jr.,https://www.basketball-reference.com/players/m/moorewe01.html,2023,2022-10-19,MIN,OKC,,"W, 115-108",,,,,,,,,,,,,,,,,
Wendell Moore Jr.,https://www.basketball-reference.com/players/m/moorewe01.html,2023,2022-10-21,MIN,UTA,,"L, 126-132 (OT)",,,,,,,,,,,,,,,,,
Wendell Moore Jr.,https://www.basketball-reference.com/players/m/moorewe01.html,2023,2022-10-23,MIN,OKC,@,"W, 116-106",,02:29,0,1,0,1,0,0,0,0,0,0,0,0,1,0,0
Wendell Moore Jr.,https://www.basketball-reference.com/players/m/moorewe01.html,2023,2022-10-24,MIN,SAS,,"L, 106-115",,,,,,,,,,,,,,,,,
Wendell Moore Jr.,https://www.basketball-reference.com/players/m/moorewe01.html,2023,2022-10-26,MIN,SAS,,"W, 134-122",,,,,,,,,,,,,,,,,
Wendell Moore Jr.,https://www.basketball-reference.com/players/m/moorewe01.html,2023,2022-10-28,MIN,LAL,,"W, 111-102",,,,,,,,,,,,,,,,,
Wendell Moore Jr.,https://www.basketball-reference.com/players/m/moorewe01.html,2023,2022-10-30,MIN,SAS,@,"L, 98-107",,,,,,,,,,,,,,,,,
Wendell Moore Jr.,https://www.basketball-reference.com/players/m/moorewe01.html,2023,,,,,,,,,,,,,,,,,,,,,,
Wendell Moore Jr.,https://www.basketball-reference.com/players/m/moorewe01.html,2023,2022-11-01,MIN,PHO,@,"L, 107-116",,,,,,,,,,,,,,,,,
Wendell Moore Jr.,https://www.basketball-reference.com/players/m/moorewe01.html,2023,2022-11-04,MIN,MIL,,"L, 102-115",,,,,,,,,,,,,,,,,
Wendell Moore Jr.,https://www.basketball-reference.com/players/m/moorewe01.html,2023,2022-11-05,MIN,HOU,,"W, 129-117",,,,,,,,,,,,,,,,,
Wendell Moore Jr.,https://www.basketball-reference.com/players/m/moorewe01.html,2023,2022-11-07,MIN,NYK,,"L, 107-120",,,,,,,,,,,,,,,,,
Wendell Moore Jr.,https://www.basketball-reference.com/players/m/moorewe01.html,2023,2022-11-09,MIN,PHO,,"L, 117-129",,,,,,,,,,,,,,,,,
Wendell Moore Jr.,https://www.basketball-reference.com/players/m/moorewe01.html,2023,2022-11-11,MIN,MEM,@,"L, 103-114",,,,,,,,,,,,,,,,,
Wendell Moore Jr.,https://www.basketball-reference.com/players/m/moorewe01.html,2023,2022-11-13,MIN,CLE,@,"W, 129-124",,,,,,,,,,,,,,,,,
Wendell Moore Jr.,https://www.basketball-reference.com/players/m/moorewe01.html,2023,2022-11-16,MIN,ORL,@,"W, 126-108",,,,,,,,,,,,,,,,,
Wendell Moore Jr.,https://www.basketball-reference.com/players/m/moorewe01.html,2023,2022-11-19,MIN,PHI,@,"W, 112-109",,,,,,,,,,,,,,,,,
Wendell Moore Jr.,https://www.basketball-reference.com/players/m/moorewe01.html,2023,2022-11-21,MIN,MIA,,"W, 105-101",,,,,,,,,,,,,,,,,
Wendell Moore Jr.,https://www.basketball-reference.com/players/m/moorewe01.html,2023,2022-11-23,MIN,IND,@,"W, 115-101",,00:57,0,0,0,0,0,0,0,0,0,0,0,0,1,0,0
Wendell Moore Jr.,https://www.basketball-reference.com/players/m/moorewe01.html,2023,2022-11-25,MIN,CHO,@,"L, 108-110",,,,,,,,,,,,,,,,,
Wendell Moore Jr.,https://www.basketball-reference.com/players/m/moorewe01.html,2023,2022-11-27,MIN,GSW,,"L, 114-137",,03:25,0,1,0,1,0,1,0,1,1,0,0,0,0,0,0
Wendell Moore Jr.,https://www.basketball-reference.com/players/m/moorewe01.html,2023,2022-11-28,MIN,WAS,@,"L, 127-142",,04:30,0,2,0,0,2,2,0,2,2,0,0,0,0,1,2
Wendell Moore Jr.,https://www.basketball-reference.com/players/m/moorewe01.html,2023,2022-11-30,MIN,MEM,,"W, 109-101",,20:20,3,6,1,3,0,0,1,2,3,2,1,1,0,4,7
Wendell Moore Jr.,https://www.basketball-reference.com/players/m/moorewe01.html,2023,2022-12-03,MIN,OKC,,"L, 128-135",,16:01,4,6,1,3,0,0,0,0,0,1,0,0,2,1,9
Wendell Moore Jr.,https://www.basketball-reference.com/players/m/moorewe01.html,2023,2022-12-07,MIN,IND,,"W, 121-115",,03:22,0,0,0,0,0,0,0,0,0,0,0,0,0,0,0
Wendell Moore Jr.,https://www.basketball-reference.com/players/m/moorewe01.html,2023,2022-12-09,MIN,UTA,@,"W, 118-108",,03:44,0,1,0,1,0,0,0,0,0,0,0,0,0,0,0
Wendell Moore Jr.,https://www.basketball-reference.com/players/m/moorewe01.html,2023,2022-12-10,MIN,POR,@,"L, 118-124",,03:42,0,0,0,0,0,0,0,1,1,0,0,0,1,2,0
Wendell Moore Jr.,https://www.basketball-reference.com/players/m/moorewe01.html,2023,2022-12-12,MIN,POR,@,"L, 112-133",,04:03,2,3,0,1,0,0,0,1,1,1,1,0,0,0,4
Wendell Moore Jr.,https://www.basketball-reference.com/players/m/moorewe01.html,2023,2022-12-14,MIN,LAC,@,"L, 88-99",,15:05,1,1,0,0,2,2,0,2,2,1,2,1,1,0,4
Wendell Moore Jr.,https://www.basketball-reference.com/players/m/moorewe01.html,2023,2022-12-16,MIN,OKC,@,"W, 112-110",,06:37,0,3,0,1,0,0,0,0,0,3,1,0,0,0,0
Wendell Moore Jr.,https://www.basketball-reference.com/players/m/moorewe01.html,2023,2022-12-18,MIN,CHI,,"W, 150-126",,01:45,0,0,0,0,0,0,0,1,1,0,0,1,0,0,0
Wendell Moore Jr.,https://www.basketball-reference.com/players/m/moorewe01.html,2023,2022-12-19,MIN,DAL,,"W, 116-106",,04:30,1,1,0,0,0,0,1,0,1,0,0,0,0,2,2
Wendell Moore Jr.,https://www.basketball-reference.com/players/m/moorewe01.html,2023,2022-12-21,MIN,DAL,,"L, 99-104",,04:42,1,2,0,1,0,0,0,1,1,0,0,0,1,1,2
Wendell Moore Jr.,https://www.basketball-reference.com/players/m/moorewe01.html,2023,2022-12-23,MIN,BOS,@,"L, 109-121",,01:12,1,1,0,0,0,0,0,0,0,0,0,0,0,0,2
Wendell Moore Jr.,https://www.basketball-reference.com/players/m/moorewe01.html,2023,2022-12-26,MIN,MIA,@,"L, 110-113",,,,,,,,,,,,,,,,,
Wendell Moore Jr.,https://www.basketball-reference.com/players/m/moorewe01.html,2023,2022-12-28,MIN,NOP,@,"L, 118-119",,,,,,,,,,,,,,,,,
Wendell Moore Jr.,https://www.basketball-reference.com/players/m/moorewe01.html,2023,2022-12-30,MIN,MIL,@,"L, 114-123",,,,,,,,,,,,,,,,,
Wendell Moore Jr.,https://www.basketball-reference.com/players/m/moorewe01.html,2023,2022-12-31,MIN,DET,,"L, 104-116",,,,,,,,,,,,,,,,,
Wendell Moore Jr.,https://www.basketball-reference.com/players/m/moorewe01.html,2023,2023-01-02,MIN,DEN,,"W, 124-111",,,,,,,,,,,,,,,,,
Wendell Moore Jr.,https://www.basketball-reference.com/players/m/moorewe01.html,2023,2023-01-04,MIN,POR,,"W, 113-106",,,,,,,,,,,,,,,,,
Wendell Moore Jr.,https://www.basketball-reference.com/players/m/moorewe01.html,2023,2023-01-06,MIN,LAC,,"W, 128-115",,01:37,0,1,0,0,0,0,0,0,0,1,0,0,0,0,0
Wendell Moore Jr.,https://www.basketball-reference.com/players/m/moorewe01.html,2023,2023-01-08,MIN,HOU,@,"W, 104-96",,,,,,,,,,,,,,,,,
Wendell Moore Jr.,https://www.basketball-reference.com/players/m/moorewe01.html,2023,2023-01-11,MIN,DET,@,"L, 118-135",,,,,,,,,,,,,,,,,
Wendell Moore Jr.,https://www.basketball-reference.com/players/m/moorewe01.html,2023,2023-01-13,MIN,PHO,,"W, 121-116",,,,,,,,,,,,,,,,,
Wendell Moore Jr.,https://www.basketball-reference.com/players/m/moorewe01.html,2023,2023-01-14,MIN,CLE,,"W, 110-102",,,,,,,,,,,,,,,,,
Wendell Moore Jr.,https://www.basketball-reference.com/players/m/moorewe01.html,2023,2023-01-16,MIN,UTA,,"L, 125-126",,,,,,,,,,,,,,,,,
Wendell Moore Jr.,https://www.basketball-reference.com/players/m/moorewe01.html,2023,2023-01-18,MIN,DEN,@,"L, 118-122",,09:11,0,1,0,0,0,0,0,1,1,1,0,1,0,1,0
Wendell Moore Jr.,https://www.basketball-reference.com/players/m/moorewe01.html,2023,2023-01-19,MIN,TOR,,"W, 128-126",,03:26,0,1,0,1,0,0,0,0,0,0,0,0,0,0,0
Wendell Moore Jr.,https://www.basketball-reference.com/players/m/moorewe01.html,2023,2023-01-21,MIN,HOU,,"W, 113-104",,,,,,,,,,,,,,,,,
Wendell Moore Jr.,https://www.basketball-reference.com/players/m/moorewe01.html,2023,2023-01-23,MIN,HOU,@,"L, 114-119",,,,,,,,,,,,,,,,,
Wendell Moore Jr.,https://www.basketball-reference.com/players/m/moorewe01.html,2023,2023-01-25,MIN,NOP,@,"W, 111-102",,,,,,,,,,,,,,,,,
Wendell Moore Jr.,https://www.basketball-reference.com/players/m/moorewe01.html,2023,2023-01-27,MIN,MEM,,"W, 111-100",,,,,,,,,,,,,,,,,
Wendell Moore Jr.,https://www.basketball-reference.com/players/m/moorewe01.html,2023,2023-01-28,MIN,SAC,,"W, 117-110",,00:34,0,0,0,0,0,0,0,0,0,0,0,0,0,0,0
Wendell Moore Jr.,https://www.basketball-reference.com/players/m/moorewe01.html,2023,2023-01-30,MIN,SAC,,"L, 111-118 (OT)",,,,,,,,,,,,,,,,,
Wendell Moore Jr.,https://www.basketball-reference.com/players/m/moorewe01.html,2023,2023-02-01,MIN,GSW,,"W, 119-114 (OT)",,,,,,,,,,,,,,,,,
Wendell Moore Jr.,https://www.basketball-reference.com/players/m/moorewe01.html,2023,2023-02-03,MIN,ORL,,"L, 120-127",,,,,,,,,,,,,,,,,
Wendell Moore Jr.,https://www.basketball-reference.com/players/m/moorewe01.html,2023,2023-02-05,MIN,DEN,,"W, 128-98",,04:16,1,1,0,0,0,0,0,0,0,1,0,0,0,0,2
Wendell Moore Jr.,https://www.basketball-reference.com/players/m/moorewe01.html,2023,2023-02-07,MIN,DEN,@,"L, 112-146",,17:48,1,4,0,2,0,0,0,2,2,5,0,1,1,1,2
Wendell Moore Jr.,https://www.basketball-reference.com/players/m/moorewe01.html,2023,2023-02-08,MIN,UTA,@,"W, 143-118",,04:24,0,0,0,0,0,0,0,0,0,0,0,0,0,0,0
Wendell Moore Jr.,https://www.basketball-reference.com/players/m/moorewe01.html,2023,2023-02-10,MIN,MEM,@,"L, 107-128",,01:39,0,1,0,1,0,0,0,0,0,0,1,0,0,0,0
Wendell Moore Jr.,https://www.basketball-reference.com/players/m/moorewe01.html,2023,2023-02-13,MIN,DAL,@,"W, 124-121",,,,,,,,,,,,,,,,,
Wendell Moore Jr.,https://www.basketball-reference.com/players/m/moorewe01.html,2023,2023-02-16,MIN,WAS,,"L, 106-114",,,,,,,,,,,,,,,,,
Wendell Moore Jr.,https://www.basketball-reference.com/players/m/moorewe01.html,2023,2023-02-24,MIN,CHO,,"L, 113-121",,,,,,,,,,,,,,,,,
Wendell Moore Jr.,https://www.basketball-reference.com/players/m/moorewe01.html,2023,2023-02-26,MIN,GSW,@,"L, 104-109",,,,,,,,,,,,,,,,,
Wendell Moore Jr.,https://www.basketball-reference.com/players/m/moorewe01.html,2023,2023-02-28,MIN,LAC,@,"W, 108-101",,,,,,,,,,,,,,,,,
Wendell Moore Jr.,https://www.basketball-reference.com/players/m/moorewe01.html,2023,2023-03-03,MIN,LAL,@,"W, 110-102",,,,,,,,,,,,,,,,,
Wendell Moore Jr.,https://www.basketball-reference.com/players/m/moorewe01.html,2023,2023-03-04,MIN,SAC,@,"W, 138-134",,,,,,,,,,,,,,,,,
Wendell Moore Jr.,https://www.basketball-reference.com/players/m/moorewe01.html,2023,2023-03-07,MIN,PHI,,"L, 94-117",,04:41,1,2,0,1,0,0,0,0,0,1,1,0,0,0,2
Wendell Moore Jr.,https://www.basketball-reference.com/players/m/moorewe01.html,2023,2023-03-10,MIN,BRK,,"L, 123-124 (OT)",,,,,,,,,,,,,,,,,
Wendell Moore Jr.,https://www.basketball-reference.com/players/m/moorewe01.html,2023,2023-03-13,MIN,ATL,@,"W, 136-115",,01:48,0,0,0,0,0,0,0,0,0,1,0,0,0,0,0
Wendell Moore Jr.,https://www.basketball-reference.com/players/m/moorewe01.html,2023,2023-03-15,MIN,BOS,,"L, 102-104",,,,,,,,,,,,,,,,,
Wendell Moore Jr.,https://www.basketball-reference.com/players/m/moorewe01.html,2023,2023-03-17,MIN,CHI,@,"L, 131-139 (2OT)",,,,,,,,,,,,,,,,,
Wendell Moore Jr.,https://www.basketball-reference.com/players/m/moorewe01.html,2023,2023-03-18,MIN,TOR,@,"L, 107-122",,03:01,1,3,0,0,0,0,1,0,1,0,1,0,0,0,2
Wendell Moore Jr.,https://www.basketball-reference.com/players/m/moorewe01.html,2023,2023-03-20,MIN,NYK,@,"W, 140-134",,,,,,,,,,,,,,,,,
Wendell Moore Jr.,https://www.basketball-reference.com/players/m/moorewe01.html,2023,2023-03-22,MIN,ATL,,"W, 125-124",,,,,,,,,,,,,,,,,
Wendell Moore Jr.,https://www.basketball-reference.com/players/m/moorewe01.html,2023,2023-03-26,MIN,GSW,@,"W, 99-96",,,,,,,,,,,,,,,,,
Wendell Moore Jr.,https://www.basketball-reference.com/players/m/moorewe01.html,2023,2023-03-27,MIN,SAC,@,"W, 119-115",,,,,,,,,,,,,,,,,
Wendell Moore Jr.,https://www.basketball-reference.com/players/m/moorewe01.html,2023,2023-03-29,MIN,PHO,@,"L, 100-107",,,,,,,,,,,,,,,,,
Wendell Moore Jr.,https://www.basketball-reference.com/players/m/moorewe01.html,2023,2023-03-31,MIN,LAL,,"L, 111-123",,,,,,,,,,,,,,,,,
Wendell Moore Jr.,https://www.basketball-reference.com/players/m/moorewe01.html,2023,2023-04-02,MIN,POR,,"L, 105-107",,,,,,,,,,,,,,,,,
Wendell Moore Jr.,https://www.basketball-reference.com/players/m/moorewe01.html,2023,2023-04-04,MIN,BRK,@,"W, 107-102",,,,,,,,,,,,,,,,,
Wendell Moore Jr.,https://www.basketball-reference.com/players/m/moorewe01.html,2023,2023-04-08,MIN,SAS,@,"W, 151-131",,03:46,0,0,0,0,0,0,0,0,0,0,0,0,0,0,0
Wendell Moore Jr.,https://www.basketball-reference.com/players/m/moorewe01.html,2023,2023-04-09,MIN,NOP,,"W, 113-108",,00:04,1,1,0,0,0,0,1,0,1,0,0,0,0,0,2
Trevor Keels,https://www.basketball-reference.com/players/k/keelstr01.html,2023,2022-10-19,NYK,MEM,@,"L, 112-115 (OT)",,,,,,,,,,,,,,,,,
Trevor Keels,https://www.basketball-reference.com/players/k/keelstr01.html,2023,2022-10-21,NYK,DET,,"W, 130-106",,00:57,0,1,0,1,0,0,0,1,1,0,0,0,0,0,0
Trevor Keels,https://www.basketball-reference.com/players/k/keelstr01.html,2023,2022-10-24,NYK,ORL,,"W, 115-102",,,,,,,,,,,,,,,,,
Trevor Keels,https://www.basketball-reference.com/players/k/keelstr01.html,2023,2022-10-26,NYK,CHO,,"W, 134-131 (OT)",,,,,,,,,,,,,,,,,
Trevor Keels,https://www.basketball-reference.com/players/k/keelstr01.html,2023,2022-10-28,NYK,MIL,@,"L, 108-119",,,,,,,,,,,,,,,,,
Trevor Keels,https://www.basketball-reference.com/players/k/keelstr01.html,2023,2022-10-30,NYK,CLE,@,"L, 108-121",,,,,,,,,,,,,,,,,
Trevor Keels,https://www.basketball-reference.com/players/k/keelstr01.html,2023,,,,,,,,,,,,,,,,,,,,,,
Trevor Keels,https://www.basketball-reference.com/players/k/keelstr01.html,2023,2022-11-02,NYK,ATL,,"L, 99-112",,,,,,,,,,,,,,,,,
Trevor Keels,https://www.basketball-reference.com/players/k/keelstr01.html,2023,2022-11-04,NYK,PHI,@,"W, 106-104",,,,,,,,,,,,,,,,,
Trevor Keels,https://www.basketball-reference.com/players/k/keelstr01.html,2023,2022-11-05,NYK,BOS,,"L, 118-133",,,,,,,,,,,,,,,,,
Trevor Keels,https://www.basketball-reference.com/players/k/keelstr01.html,2023,2022-11-07,NYK,MIN,@,"W, 120-107",,,,,,,,,,,,,,,,,
Trevor Keels,https://www.basketball-reference.com/players/k/keelstr01.html,2023,2022-11-09,NYK,BRK,@,"L, 85-112",,,,,,,,,,,,,,,,,
Trevor Keels,https://www.basketball-reference.com/players/k/keelstr01.html,2023,2022-11-11,NYK,DET,,"W, 121-112",,,,,,,,,,,,,,,,,
Trevor Keels,https://www.basketball-reference.com/players/k/keelstr01.html,2023,2022-11-13,NYK,OKC,,"L, 135-145",,,,,,,,,,,,,,,,,
Trevor Keels,https://www.basketball-reference.com/players/k/keelstr01.html,2023,2022-11-15,NYK,UTA,@,"W, 118-111",,,,,,,,,,,,,,,,,
Trevor Keels,https://www.basketball-reference.com/players/k/keelstr01.html,2023,2022-11-16,NYK,DEN,@,"W, 106-103",,,,,,,,,,,,,,,,,
Trevor Keels,https://www.basketball-reference.com/players/k/keelstr01.html,2023,2022-11-18,NYK,GSW,@,"L, 101-111",,,,,,,,,,,,,,,,,
Trevor Keels,https://www.basketball-reference.com/players/k/keelstr01.html,2023,2022-11-20,NYK,PHO,@,"L, 95-116",,,,,,,,,,,,,,,,,
Trevor Keels,https://www.basketball-reference.com/players/k/keelstr01.html,2023,2022-11-21,NYK,OKC,@,"W, 129-119",,,,,,,,,,,,,,,,,
Trevor Keels,https://www.basketball-reference.com/players/k/keelstr01.html,2023,2022-11-25,NYK,POR,,"L, 129-132 (OT)",,,,,,,,,,,,,,,,,
Trevor Keels,https://www.basketball-reference.com/players/k/keelstr01.html,2023,2022-11-27,NYK,MEM,,"L, 123-127",,,,,,,,,,,,,,,,,
Trevor Keels,https://www.basketball-reference.com/players/k/keelstr01.html,2023,2022-11-29,NYK,DET,@,"W, 140-110",,,,,,,,,,,,,,,,,
Trevor Keels,https://www.basketball-reference.com/players/k/keelstr01.html,2023,2022-11-30,NYK,MIL,,"L, 103-109",,,,,,,,,,,,,,,,,
Trevor Keels,https://www.basketball-reference.com/players/k/keelstr01.html,2023,2022-12-03,NYK,DAL,,"L, 100-121",,,,,,,,,,,,,,,,,
Trevor Keels,https://www.basketball-reference.com/players/k/keelstr01.html,2023,2022-12-04,NYK,CLE,,"W, 92-81",,,,,,,,,,,,,,,,,
Trevor Keels,https://www.basketball-reference.com/players/k/keelstr01.html,2023,2022-12-07,NYK,ATL,,"W, 113-89",,,,,,,,,,,,,,,,,
Trevor Keels,https://www.basketball-reference.com/players/k/keelstr01.html,2023,2022-12-09,NYK,CHO,@,"W, 121-102",,,,,,,,,,,,,,,,,
Trevor Keels,https://www.basketball-reference.com/players/k/keelstr01.html,2023,2022-12-11,NYK,SAC,,"W, 112-99",,,,,,,,,,,,,,,,,
Trevor Keels,https://www.basketball-reference.com/players/k/keelstr01.html,2023,2022-12-14,NYK,CHI,@,"W, 128-120 (OT)",,,,,,,,,,,,,,,,,
Trevor Keels,https://www.basketball-reference.com/players/k/keelstr01.html,2023,2022-12-16,NYK,CHI,@,"W, 114-91",,,,,,,,,,,,,,,,,
Trevor Keels,https://www.basketball-reference.com/players/k/keelstr01.html,2023,2022-12-18,NYK,IND,@,"W, 109-106",,,,,,,,,,,,,,,,,
Trevor Keels,https://www.basketball-reference.com/players/k/keelstr01.html,2023,2022-12-20,NYK,GSW,,"W, 132-94",,,,,,,,,,,,,,,,,
Trevor Keels,https://www.basketball-reference.com/players/k/keelstr01.html,2023,2022-12-21,NYK,TOR,,"L, 106-113",,,,,,,,,,,,,,,,,
Trevor Keels,https://www.basketball-reference.com/players/k/keelstr01.html,2023,2022-12-23,NYK,CHI,,"L, 117-118",,,,,,,,,,,,,,,,,
Trevor Keels,https://www.basketball-reference.com/players/k/keelstr01.html,2023,2022-12-25,NYK,PHI,,"L, 112-119",,,,,,,,,,,,,,,,,
Trevor Keels,https://www.basketball-reference.com/players/k/keelstr01.html,2023,2022-12-27,NYK,DAL,@,"L, 121-126 (OT)",,,,,,,,,,,,,,,,,
Trevor Keels,https://www.basketball-reference.com/players/k/keelstr01.html,2023,2022-12-29,NYK,SAS,@,"L, 115-122",,,,,,,,,,,,,,,,,
Trevor Keels,https://www.basketball-reference.com/players/k/keelstr01.html,2023,2022-12-31,NYK,HOU,@,"W, 108-88",,,,,,,,,,,,,,,,,
Trevor Keels,https://www.basketball-reference.com/players/k/keelstr01.html,2023,2023-01-02,NYK,PHO,,"W, 102-83",,,,,,,,,,,,,,,,,
Trevor Keels,https://www.basketball-reference.com/players/k/keelstr01.html,2023,2023-01-04,NYK,SAS,,"W, 117-114",,,,,,,,,,,,,,,,,
Trevor Keels,https://www.basketball-reference.com/players/k/keelstr01.html,2023,2023-01-06,NYK,TOR,@,"W, 112-108",,,,,,,,,,,,,,,,,
Trevor Keels,https://www.basketball-reference.com/players/k/keelstr01.html,2023,2023-01-09,NYK,MIL,,"L, 107-111",,,,,,,,,,,,,,,,,
Trevor Keels,https://www.basketball-reference.com/players/k/keelstr01.html,2023,2023-01-11,NYK,IND,,"W, 119-113",,,,,,,,,,,,,,,,,
Trevor Keels,https://www.basketball-reference.com/players/k/keelstr01.html,2023,2023-01-13,NYK,WAS,@,"W, 112-108",,,,,,,,,,,,,,,,,
Trevor Keels,https://www.basketball-reference.com/players/k/keelstr01.html,2023,2023-01-15,NYK,DET,@,"W, 117-104",,,,,,,,,,,,,,,,,
Trevor Keels,https://www.basketball-reference.com/players/k/keelstr01.html,2023,2023-01-16,NYK,TOR,,"L, 121-123 (OT)",,,,,,,,,,,,,,,,,
Trevor Keels,https://www.basketball-reference.com/players/k/keelstr01.html,2023,2023-01-18,NYK,WAS,,"L, 105-116",,,,,,,,,,,,,,,,,
Trevor Keels,https://www.basketball-reference.com/players/k/keelstr01.html,2023,2023-01-20,NYK,ATL,@,"L, 124-139",,,,,,,,,,,,,,,,,
Trevor Keels,https://www.basketball-reference.com/players/k/keelstr01.html,2023,2023-01-22,NYK,TOR,@,"L, 116-125",,,,,,,,,,,,,,,,,
Trevor Keels,https://www.basketball-reference.com/players/k/keelstr01.html,2023,2023-01-24,NYK,CLE,,"W, 105-103",,,,,,,,,,,,,,,,,
Trevor Keels,https://www.basketball-reference.com/players/k/keelstr01.html,2023,2023-01-26,NYK,BOS,@,"W, 120-117 (OT)",,,,,,,,,,,,,,,,,
Trevor Keels,https://www.basketball-reference.com/players/k/keelstr01.html,2023,2023-01-28,NYK,BRK,@,"L, 115-122",,,,,,,,,,,,,,,,,
Trevor Keels,https://www.basketball-reference.com/players/k/keelstr01.html,2023,2023-01-31,NYK,LAL,,"L, 123-129 (OT)",,,,,,,,,,,,,,,,,
Trevor Keels,https://www.basketball-reference.com/players/k/keelstr01.html,2023,2023-02-02,NYK,MIA,,"W, 106-104",,,,,,,,,,,,,,,,,
Trevor Keels,https://www.basketball-reference.com/players/k/keelstr01.html,2023,2023-02-04,NYK,LAC,,"L, 128-134 (OT)",,,,,,,,,,,,,,,,,
Trevor Keels,https://www.basketball-reference.com/players/k/keelstr01.html,2023,2023-02-05,NYK,PHI,,"W, 108-97",,,,,,,,,,,,,,,,,
Trevor Keels,https://www.basketball-reference.com/players/k/keelstr01.html,2023,2023-02-07,NYK,ORL,@,"W, 102-98",,,,,,,,,,,,,,,,,
Trevor Keels,https://www.basketball-reference.com/players/k/keelstr01.html,2023,2023-02-10,NYK,PHI,@,"L, 108-119",,,,,,,,,,,,,,,,,
Trevor Keels,https://www.basketball-reference.com/players/k/keelstr01.html,2023,2023-02-11,NYK,UTA,,"W, 126-120",,,,,,,,,,,,,,,,,
Trevor Keels,https://www.basketball-reference.com/players/k/keelstr01.html,2023,2023-02-13,NYK,BRK,,"W, 124-106",,,,,,,,,,,,,,,,,
Trevor Keels,https://www.basketball-reference.com/players/k/keelstr01.html,2023,2023-02-15,NYK,ATL,@,"W, 122-101",,,,,,,,,,,,,,,,,
Trevor Keels,https://www.basketball-reference.com/players/k/keelstr01.html,2023,2023-02-24,NYK,WAS,@,"W, 115-109",,,,,,,,,,,,,,,,,
Trevor Keels,https://www.basketball-reference.com/players/k/keelstr01.html,2023,2023-02-25,NYK,NOP,,"W, 128-106",,,,,,,,,,,,,,,,,
Trevor Keels,https://www.basketball-reference.com/players/k/keelstr01.html,2023,2023-02-27,NYK,BOS,,"W, 109-94",,,,,,,,,,,,,,,,,
Trevor Keels,https://www.basketball-reference.com/players/k/keelstr01.html,2023,2023-03-01,NYK,BRK,,"W, 142-118",,02:56,1,2,1,2,0,0,0,1,1,0,0,0,0,0,3
Trevor Keels,https://www.basketball-reference.com/players/k/keelstr01.html,2023,2023-03-03,NYK,MIA,@,"W, 122-120",,,,,,,,,,,,,,,,,
Trevor Keels,https://www.basketball-reference.com/players/k/keelstr01.html,2023,2023-03-07,NYK,CHO,,"L, 105-112",,,,,,,,,,,,,,,,,
Trevor Keels,https://www.basketball-reference.com/players/k/keelstr01.html,2023,2023-03-14,NYK,POR,@,"W, 123-107",,,,,,,,,,,,,,,,,
Trevor Keels,https://www.basketball-reference.com/players/k/keelstr01.html,2023,2023-03-18,NYK,DEN,,"W, 116-110",,,,,,,,,,,,,,,,,
Trevor Keels,https://www.basketball-reference.com/players/k/keelstr01.html,2023,2023-03-20,NYK,MIN,,"L, 134-140",,,,,,,,,,,,,,,,,
Trevor Keels,https://www.basketball-reference.com/players/k/keelstr01.html,2023,2023-03-22,NYK,MIA,@,"L, 120-127",,,,,,,,,,,,,,,,,
Trevor Keels,https://www.basketball-reference.com/players/k/keelstr01.html,2023,2023-03-23,NYK,ORL,@,"L, 106-111",,,,,,,,,,,,,,,,,
Trevor Keels,https://www.basketball-reference.com/players/k/keelstr01.html,2023,2023-03-27,NYK,HOU,,"W, 137-115",,04:09,0,1,0,1,0,0,0,0,0,0,0,0,0,0,0
Trevor Keels,https://www.basketball-reference.com/players/k/keelstr01.html,2023,2023-03-29,NYK,MIA,,"W, 101-92",,,,,,,,,,,,,,,,,
Trevor Keels,https://www.basketball-reference.com/players/k/keelstr01.html,2023,2023-03-31,NYK,CLE,@,"W, 130-116",,,,,,,,,,,,,,,,,
Trevor Keels,https://www.basketball-reference.com/players/k/keelstr01.html,2023,2023-04-02,NYK,WAS,,"W, 118-109",,,,,,,,,,,,,,,,,
Trevor Keels,https://www.basketball-reference.com/players/k/keelstr01.html,2023,2023-04-05,NYK,IND,@,"W, 138-129",,,,,,,,,,,,,,,,,
Trevor Keels,https://www.basketball-reference.com/players/k/keelstr01.html,2023,2023-04-07,NYK,NOP,@,"L, 105-113",,,,,,,,,,,,,,,,,
Trevor Keels,https://www.basketball-reference.com/players/k/keelstr01.html,2023,2023-04-09,NYK,IND,,"L, 136-141",,,,,,,,,,,,,,,,,
Ousmane Dieng,https://www.basketball-reference.com/players/d/diengou01.html,2023,2022-10-19,OKC,MIN,@,"L, 108-115",,09:05,0,3,0,2,0,0,0,1,1,0,0,0,0,0,0
Ousmane Dieng,https://www.basketball-reference.com/players/d/diengou01.html,2023,2022-10-22,OKC,DEN,@,"L, 117-122",,07:03,0,2,0,0,0,0,0,0,0,0,0,0,0,0,0
Ousmane Dieng,https://www.basketball-reference.com/players/d/diengou01.html,2023,2022-10-23,OKC,MIN,,"L, 106-116",,23:27,2,6,1,3,0,0,1,5,6,3,1,2,1,2,5
Ousmane Dieng,https://www.basketball-reference.com/players/d/diengou01.html,2023,2022-10-25,OKC,LAC,,"W, 108-94",,10:19,1,4,0,3,0,0,0,1,1,1,0,0,0,0,2
Ousmane Dieng,https://www.basketball-reference.com/players/d/diengou01.html,2023,2022-10-27,OKC,LAC,,"W, 118-110",,12:43,1,3,0,2,0,0,0,0,0,1,0,0,0,1,2
Ousmane Dieng,https://www.basketball-reference.com/players/d/diengou01.html,2023,2022-10-29,OKC,DAL,@,"W, 117-111 (OT)",,,,,,,,,,,,,,,,,
Ousmane Dieng,https://www.basketball-reference.com/players/d/diengou01.html,2023,,,,,,,,,,,,,,,,,,,,,,
Ousmane Dieng,https://www.basketball-reference.com/players/d/diengou01.html,2023,2022-11-01,OKC,ORL,,"W, 116-108",,17:14,3,4,2,3,0,0,0,4,4,2,0,0,1,1,8
Ousmane Dieng,https://www.basketball-reference.com/players/d/diengou01.html,2023,2022-11-03,OKC,DEN,,"L, 110-122",,12:04,1,3,0,2,1,2,1,2,3,1,0,0,1,1,3
Ousmane Dieng,https://www.basketball-reference.com/players/d/diengou01.html,2023,2022-11-05,OKC,MIL,@,"L, 94-108",,22:19,3,4,2,3,0,0,1,3,4,5,0,0,0,0,8
Ousmane Dieng,https://www.basketball-reference.com/players/d/diengou01.html,2023,2022-11-07,OKC,DET,@,"L, 103-112",,20:29,1,7,0,4,0,0,0,1,1,2,0,0,0,0,2
Ousmane Dieng,https://www.basketball-reference.com/players/d/diengou01.html,2023,2022-11-09,OKC,MIL,,"L, 132-136 (2OT)",,,,,,,,,,,,,,,,,
Ousmane Dieng,https://www.basketball-reference.com/players/d/diengou01.html,2023,2022-11-11,OKC,TOR,,"W, 132-113",,,,,,,,,,,,,,,,,
Ousmane Dieng,https://www.basketball-reference.com/players/d/diengou01.html,2023,2022-11-13,OKC,NYK,@,"W, 145-135",,,,,,,,,,,,,,,,,
Ousmane Dieng,https://www.basketball-reference.com/players/d/diengou01.html,2023,2022-11-14,OKC,BOS,@,"L, 122-126",,,,,,,,,,,,,,,,,
Ousmane Dieng,https://www.basketball-reference.com/players/d/diengou01.html,2023,2022-11-16,OKC,WAS,@,"W, 121-120",,,,,,,,,,,,,,,,,
Ousmane Dieng,https://www.basketball-reference.com/players/d/diengou01.html,2023,2022-11-18,OKC,MEM,@,"L, 110-121",,,,,,,,,,,,,,,,,
Ousmane Dieng,https://www.basketball-reference.com/players/d/diengou01.html,2023,2022-11-21,OKC,NYK,,"L, 119-129",,,,,,,,,,,,,,,,,
Ousmane Dieng,https://www.basketball-reference.com/players/d/diengou01.html,2023,2022-11-23,OKC,DEN,,"L, 126-131 (OT)",,,,,,,,,,,,,,,,,
Ousmane Dieng,https://www.basketball-reference.com/players/d/diengou01.html,2023,2022-11-25,OKC,CHI,,"W, 123-119 (OT)",,,,,,,,,,,,,,,,,
Ousmane Dieng,https://www.basketball-reference.com/players/d/diengou01.html,2023,2022-11-26,OKC,HOU,@,"L, 105-118",,21:09,0,4,0,4,0,0,1,2,3,2,0,0,1,0,0
Ousmane Dieng,https://www.basketball-reference.com/players/d/diengou01.html,2023,2022-11-28,OKC,NOP,@,"L, 101-105",,11:23,2,4,2,3,0,0,0,3,3,0,1,2,1,2,6
Ousmane Dieng,https://www.basketball-reference.com/players/d/diengou01.html,2023,2022-11-30,OKC,SAS,,"W, 119-111",,22:39,5,6,0,1,0,2,0,7,7,1,0,0,0,2,10
Ousmane Dieng,https://www.basketball-reference.com/players/d/diengou01.html,2023,2022-12-03,OKC,MIN,@,"W, 135-128",,11:04,0,1,0,0,0,0,0,2,2,1,2,0,0,0,0
Ousmane Dieng,https://www.basketball-reference.com/players/d/diengou01.html,2023,2022-12-05,OKC,ATL,@,"W, 121-114",,18:35,6,8,3,4,0,0,2,3,5,1,1,0,2,3,15
Ousmane Dieng,https://www.basketball-reference.com/players/d/diengou01.html,2023,2022-12-07,OKC,MEM,@,"L, 102-123",,,,,,,,,,,,,,,,,
Ousmane Dieng,https://www.basketball-reference.com/players/d/diengou01.html,2023,2022-12-10,OKC,CLE,@,"L, 102-110",,,,,,,,,,,,,,,,,
Ousmane Dieng,https://www.basketball-reference.com/players/d/diengou01.html,2023,2022-12-12,OKC,DAL,@,"L, 114-121",,,,,,,,,,,,,,,,,
Ousmane Dieng,https://www.basketball-reference.com/players/d/diengou01.html,2023,2022-12-14,OKC,MIA,,"L, 108-110",,,,,,,,,,,,,,,,,
Ousmane Dieng,https://www.basketball-reference.com/players/d/diengou01.html,2023,2022-12-16,OKC,MIN,,"L, 110-112",,,,,,,,,,,,,,,,,
Ousmane Dieng,https://www.basketball-reference.com/players/d/diengou01.html,2023,2022-12-17,OKC,MEM,,"W, 115-109",,,,,,,,,,,,,,,,,
Ousmane Dieng,https://www.basketball-reference.com/players/d/diengou01.html,2023,2022-12-19,OKC,POR,,"W, 123-121",,,,,,,,,,,,,,,,,
Ousmane Dieng,https://www.basketball-reference.com/players/d/diengou01.html,2023,2022-12-21,OKC,POR,,"W, 101-98",,,,,,,,,,,,,,,,,
Ousmane Dieng,https://www.basketball-reference.com/players/d/diengou01.html,2023,2022-12-23,OKC,NOP,,"L, 125-128 (OT)",,,,,,,,,,,,,,,,,
Ousmane Dieng,https://www.basketball-reference.com/players/d/diengou01.html,2023,2022-12-27,OKC,SAS,,"W, 130-114",,,,,,,,,,,,,,,,,
Ousmane Dieng,https://www.basketball-reference.com/players/d/diengou01.html,2023,2022-12-29,OKC,CHO,@,"L, 113-121",,,,,,,,,,,,,,,,,
Ousmane Dieng,https://www.basketball-reference.com/players/d/diengou01.html,2023,2022-12-31,OKC,PHI,,"L, 96-115",,,,,,,,,,,,,,,,,
Ousmane Dieng,https://www.basketball-reference.com/players/d/diengou01.html,2023,2023-01-03,OKC,BOS,,"W, 150-117",,,,,,,,,,,,,,,,,
Ousmane Dieng,https://www.basketball-reference.com/players/d/diengou01.html,2023,2023-01-04,OKC,ORL,@,"L, 115-126",,,,,,,,,,,,,,,,,
Ousmane Dieng,https://www.basketball-reference.com/players/d/diengou01.html,2023,2023-01-06,OKC,WAS,,"W, 127-110",,,,,,,,,,,,,,,,,
Ousmane Dieng,https://www.basketball-reference.com/players/d/diengou01.html,2023,2023-01-08,OKC,DAL,,"W, 120-109",,,,,,,,,,,,,,,,,
Ousmane Dieng,https://www.basketball-reference.com/players/d/diengou01.html,2023,2023-01-10,OKC,MIA,@,"L, 111-112",,,,,,,,,,,,,,,,,
Ousmane Dieng,https://www.basketball-reference.com/players/d/diengou01.html,2023,2023-01-12,OKC,PHI,@,"W, 133-114",,,,,,,,,,,,,,,,,
Ousmane Dieng,https://www.basketball-reference.com/players/d/diengou01.html,2023,2023-01-13,OKC,CHI,@,"W, 124-110",,,,,,,,,,,,,,,,,
Ousmane Dieng,https://www.basketball-reference.com/players/d/diengou01.html,2023,2023-01-15,OKC,BRK,@,"W, 112-102",,,,,,,,,,,,,,,,,
Ousmane Dieng,https://www.basketball-reference.com/players/d/diengou01.html,2023,2023-01-18,OKC,IND,,"W, 126-106",,,,,,,,,,,,,,,,,
Ousmane Dieng,https://www.basketball-reference.com/players/d/diengou01.html,2023,2023-01-20,OKC,SAC,@,"L, 113-118",,,,,,,,,,,,,,,,,
Ousmane Dieng,https://www.basketball-reference.com/players/d/diengou01.html,2023,2023-01-22,OKC,DEN,@,"W, 101-99",,,,,,,,,,,,,,,,,
Ousmane Dieng,https://www.basketball-reference.com/players/d/diengou01.html,2023,2023-01-25,OKC,ATL,,"L, 132-137",,10:39,2,3,1,2,0,0,1,1,2,1,0,0,0,1,5
Ousmane Dieng,https://www.basketball-reference.com/players/d/diengou01.html,2023,2023-01-27,OKC,CLE,,"W, 112-100",,10:05,0,0,0,0,0,0,1,0,1,1,0,0,2,3,0
Ousmane Dieng,https://www.basketball-reference.com/players/d/diengou01.html,2023,2023-01-30,OKC,GSW,,"L, 120-128",,06:58,1,2,0,1,0,0,0,1,1,0,0,0,0,1,2
Ousmane Dieng,https://www.basketball-reference.com/players/d/diengou01.html,2023,2023-02-01,OKC,HOU,@,"L, 106-112",,15:16,1,6,0,3,0,0,0,1,1,1,0,2,0,0,2
Ousmane Dieng,https://www.basketball-reference.com/players/d/diengou01.html,2023,2023-02-04,OKC,HOU,,"W, 153-121",,21:52,3,7,2,5,1,1,0,4,4,3,0,0,3,5,9
Ousmane Dieng,https://www.basketball-reference.com/players/d/diengou01.html,2023,2023-02-06,OKC,GSW,@,"L, 114-141",,,,,,,,,,,,,,,,,
Ousmane Dieng,https://www.basketball-reference.com/players/d/diengou01.html,2023,2023-02-07,OKC,LAL,@,"W, 133-130",,,,,,,,,,,,,,,,,
Ousmane Dieng,https://www.basketball-reference.com/players/d/diengou01.html,2023,2023-02-10,OKC,POR,@,"W, 138-129",,,,,,,,,,,,,,,,,
Ousmane Dieng,https://www.basketball-reference.com/players/d/diengou01.html,2023,2023-02-13,OKC,NOP,,"L, 100-103",,,,,,,,,,,,,,,,,
Ousmane Dieng,https://www.basketball-reference.com/players/d/diengou01.html,2023,2023-02-15,OKC,HOU,,"W, 133-96",,,,,,,,,,,,,,,,,
Ousmane Dieng,https://www.basketball-reference.com/players/d/diengou01.html,2023,2023-02-23,OKC,UTA,@,"L, 119-120 (OT)",,,,,,,,,,,,,,,,,
Ousmane Dieng,https://www.basketball-reference.com/players/d/diengou01.html,2023,2023-02-24,OKC,PHO,@,"L, 115-124",,,,,,,,,,,,,,,,,
Ousmane Dieng,https://www.basketball-reference.com/players/d/diengou01.html,2023,2023-02-26,OKC,SAC,,"L, 115-124",,,,,,,,,,,,,,,,,
Ousmane Dieng,https://www.basketball-reference.com/players/d/diengou01.html,2023,2023-02-28,OKC,SAC,,"L, 117-123",,,,,,,,,,,,,,,,,
Ousmane Dieng,https://www.basketball-reference.com/players/d/diengou01.html,2023,2023-03-01,OKC,LAL,,"L, 117-123",,,,,,,,,,,,,,,,,
Ousmane Dieng,https://www.basketball-reference.com/players/d/diengou01.html,2023,2023-03-03,OKC,UTA,,"W, 130-103",,20:43,4,8,0,3,1,2,2,2,4,2,0,0,1,2,9
Ousmane Dieng,https://www.basketball-reference.com/players/d/diengou01.html,2023,2023-03-05,OKC,UTA,,"W, 129-119",,19:46,4,6,2,3,2,2,1,3,4,0,2,0,0,1,12
Ousmane Dieng,https://www.basketball-reference.com/players/d/diengou01.html,2023,2023-03-07,OKC,GSW,,"W, 137-128",,19:08,4,7,2,4,1,2,1,4,5,0,2,0,0,0,11
Ousmane Dieng,https://www.basketball-reference.com/players/d/diengou01.html,2023,2023-03-08,OKC,PHO,@,"L, 101-132",,28:22,5,13,2,6,0,0,0,7,7,2,1,0,2,2,12
Ousmane Dieng,https://www.basketball-reference.com/players/d/diengou01.html,2023,2023-03-11,OKC,NOP,@,"W, 110-96",,09:15,0,2,0,2,3,4,1,1,2,0,1,0,0,1,3
Ousmane Dieng,https://www.basketball-reference.com/players/d/diengou01.html,2023,2023-03-12,OKC,SAS,@,"W, 102-90",,27:34,7,15,2,6,1,2,0,8,8,0,0,0,0,3,17
Ousmane Dieng,https://www.basketball-reference.com/players/d/diengou01.html,2023,2023-03-14,OKC,BRK,,"W, 121-107",,12:26,2,8,0,4,0,0,1,1,2,0,0,0,1,1,4
Ousmane Dieng,https://www.basketball-reference.com/players/d/diengou01.html,2023,2023-03-16,OKC,TOR,@,"L, 111-128",,13:29,1,3,1,2,0,0,0,0,0,1,0,0,0,2,3
Ousmane Dieng,https://www.basketball-reference.com/players/d/diengou01.html,2023,2023-03-19,OKC,PHO,,"W, 124-120",,07:30,0,1,0,1,0,0,0,1,1,0,0,0,1,0,0
Ousmane Dieng,https://www.basketball-reference.com/players/d/diengou01.html,2023,2023-03-21,OKC,LAC,@,"W, 101-100",,08:10,1,4,1,3,0,0,0,1,1,1,0,0,0,0,3
Ousmane Dieng,https://www.basketball-reference.com/players/d/diengou01.html,2023,2023-03-23,OKC,LAC,@,"L, 105-127",,15:45,4,6,1,1,0,0,1,3,4,1,1,0,1,0,9
Ousmane Dieng,https://www.basketball-reference.com/players/d/diengou01.html,2023,2023-03-24,OKC,LAL,@,"L, 111-116",,01:56,0,1,0,1,0,0,0,1,1,0,0,0,1,1,0
Ousmane Dieng,https://www.basketball-reference.com/players/d/diengou01.html,2023,2023-03-26,OKC,POR,@,"W, 118-112",,12:49,2,5,0,2,0,0,1,0,1,0,1,0,1,1,4
Ousmane Dieng,https://www.basketball-reference.com/players/d/diengou01.html,2023,2023-03-28,OKC,CHO,,"L, 134-137",,12:53,0,1,0,1,0,0,0,2,2,0,0,0,0,1,0
Ousmane Dieng,https://www.basketball-reference.com/players/d/diengou01.html,2023,2023-03-29,OKC,DET,,"W, 107-106",,08:05,0,2,0,2,0,0,1,2,3,1,0,0,0,0,0
Ousmane Dieng,https://www.basketball-reference.com/players/d/diengou01.html,2023,2023-03-31,OKC,IND,@,"L, 117-121",,06:43,1,2,0,1,0,0,0,2,2,1,0,0,0,1,2
Ousmane Dieng,https://www.basketball-reference.com/players/d/diengou01.html,2023,2023-04-02,OKC,PHO,,"L, 118-128",,05:04,0,1,0,1,0,0,0,0,0,0,0,0,0,1,0
Ousmane Dieng,https://www.basketball-reference.com/players/d/diengou01.html,2023,2023-04-04,OKC,GSW,@,"L, 125-136",,07:55,1,2,0,1,1,1,1,0,1,2,0,0,2,1,3
Ousmane Dieng,https://www.basketball-reference.com/players/d/diengou01.html,2023,2023-04-06,OKC,UTA,@,"W, 114-98",,01:36,0,2,0,1,0,0,0,0,0,0,0,0,0,0,0
Ousmane Dieng,https://www.basketball-reference.com/players/d/diengou01.html,2023,2023-04-09,OKC,MEM,,"W, 115-100",,45:11,8,15,2,8,4,5,1,7,8,9,1,1,4,2,22
Jalen Williams,https://www.basketball-reference.com/players/w/willija06.html,2023,2022-10-19,OKC,MIN,@,"L, 108-115",,05:54,2,2,1,1,0,0,0,0,0,1,0,0,2,3,5
Jalen Williams,https://www.basketball-reference.com/players/w/willija06.html,2023,2022-10-22,OKC,DEN,@,"L, 117-122",,,,,,,,,,,,,,,,,
Jalen Williams,https://www.basketball-reference.com/players/w/willija06.html,2023,2022-10-23,OKC,MIN,,"L, 106-116",,,,,,,,,,,,,,,,,
Jalen Williams,https://www.basketball-reference.com/players/w/willija06.html,2023,2022-10-25,OKC,LAC,,"W, 108-94",,,,,,,,,,,,,,,,,
Jalen Williams,https://www.basketball-reference.com/players/w/willija06.html,2023,2022-10-27,OKC,LAC,,"W, 118-110",,,,,,,,,,,,,,,,,
Jalen Williams,https://www.basketball-reference.com/players/w/willija06.html,2023,2022-10-29,OKC,DAL,@,"W, 117-111 (OT)",,26:49,5,8,0,2,3,3,0,3,3,3,4,1,3,3,13
Jalen Williams,https://www.basketball-reference.com/players/w/willija06.html,2023,,,,,,,,,,,,,,,,,,,,,,
Jalen Williams,https://www.basketball-reference.com/players/w/willija06.html,2023,2022-11-01,OKC,ORL,,"W, 116-108",,21:46,3,7,0,1,0,0,0,1,1,0,2,0,2,1,6
Jalen Williams,https://www.basketball-reference.com/players/w/willija06.html,2023,2022-11-03,OKC,DEN,,"L, 110-122",,14:19,4,7,0,1,0,0,0,0,0,2,0,0,0,0,8
Jalen Williams,https://www.basketball-reference.com/players/w/willija06.html,2023,2022-11-05,OKC,MIL,@,"L, 94-108",,19:55,2,6,1,3,0,0,0,5,5,1,0,0,0,2,5
Jalen Williams,https://www.basketball-reference.com/players/w/willija06.html,2023,2022-11-07,OKC,DET,@,"L, 103-112",,30:34,3,6,0,0,0,0,1,1,2,2,1,1,1,4,6
Jalen Williams,https://www.basketball-reference.com/players/w/willija06.html,2023,2022-11-09,OKC,MIL,,"L, 132-136 (2OT)",,22:34,3,6,1,2,2,2,1,4,5,2,1,1,0,2,9
Jalen Williams,https://www.basketball-reference.com/players/w/willija06.html,2023,2022-11-11,OKC,TOR,,"W, 132-113",,30:29,5,10,0,5,0,0,1,2,3,11,1,0,2,5,10
Jalen Williams,https://www.basketball-reference.com/players/w/willija06.html,2023,2022-11-13,OKC,NYK,@,"W, 145-135",,19:49,4,6,0,1,0,0,0,0,0,0,0,0,2,3,8
Jalen Williams,https://www.basketball-reference.com/players/w/willija06.html,2023,2022-11-14,OKC,BOS,@,"L, 122-126",,36:00,6,9,2,5,0,1,0,6,6,2,0,1,1,3,14
Jalen Williams,https://www.basketball-reference.com/players/w/willija06.html,2023,2022-11-16,OKC,WAS,@,"W, 121-120",,27:39,4,11,2,4,0,0,2,2,4,6,0,0,3,2,10
Jalen Williams,https://www.basketball-reference.com/players/w/willija06.html,2023,2022-11-18,OKC,MEM,@,"L, 110-121",,33:33,6,12,2,5,2,2,0,6,6,7,2,0,1,4,16
Jalen Williams,https://www.basketball-reference.com/players/w/willija06.html,2023,2022-11-21,OKC,NYK,,"L, 119-129",,26:12,5,11,0,3,3,4,0,4,4,0,1,0,2,1,13
Jalen Williams,https://www.basketball-reference.com/players/w/willija06.html,2023,2022-11-23,OKC,DEN,,"L, 126-131 (OT)",,29:42,4,9,2,3,6,6,0,0,0,1,0,1,2,6,16
Jalen Williams,https://www.basketball-reference.com/players/w/willija06.html,2023,2022-11-25,OKC,CHI,,"W, 123-119 (OT)",,19:53,3,4,0,1,2,3,0,2,2,1,0,0,0,3,8
Jalen Williams,https://www.basketball-reference.com/players/w/willija06.html,2023,2022-11-26,OKC,HOU,@,"L, 105-118",,29:09,4,12,0,2,3,3,3,2,5,4,0,0,3,1,11
Jalen Williams,https://www.basketball-reference.com/players/w/willija06.html,2023,2022-11-28,OKC,NOP,@,"L, 101-105",,24:32,3,6,0,2,2,2,2,4,6,1,0,1,2,2,8
Jalen Williams,https://www.basketball-reference.com/players/w/willija06.html,2023,2022-11-30,OKC,SAS,,"W, 119-111",,33:25,11,15,2,3,3,5,1,5,6,2,0,0,3,3,27
Jalen Williams,https://www.basketball-reference.com/players/w/willija06.html,2023,2022-12-03,OKC,MIN,@,"W, 135-128",,27:10,4,6,1,1,2,4,0,1,1,3,0,0,2,3,11
Jalen Williams,https://www.basketball-reference.com/players/w/willija06.html,2023,2022-12-05,OKC,ATL,@,"W, 121-114",,31:18,6,10,0,1,0,0,1,6,7,1,0,1,0,2,12
Jalen Williams,https://www.basketball-reference.com/players/w/willija06.html,2023,2022-12-07,OKC,MEM,@,"L, 102-123",,25:34,3,11,1,4,0,0,1,2,3,3,1,0,1,4,7
Jalen Williams,https://www.basketball-reference.com/players/w/willija06.html,2023,2022-12-10,OKC,CLE,@,"L, 102-110",,29:15,4,6,0,2,3,6,0,0,0,3,2,0,1,3,11
Jalen Williams,https://www.basketball-reference.com/players/w/willija06.html,2023,2022-12-12,OKC,DAL,@,"L, 114-121",,38:11,8,13,1,4,0,0,0,2,2,4,0,1,2,2,17
Jalen Williams,https://www.basketball-reference.com/players/w/willija06.html,2023,2022-12-14,OKC,MIA,,"L, 108-110",,30:44,6,10,2,4,0,0,0,5,5,2,0,2,1,2,14
Jalen Williams,https://www.basketball-reference.com/players/w/willija06.html,2023,2022-12-16,OKC,MIN,,"L, 110-112",,32:44,5,8,0,3,3,5,1,3,4,3,0,0,4,2,13
Jalen Williams,https://www.basketball-reference.com/players/w/willija06.html,2023,2022-12-17,OKC,MEM,,"W, 115-109",,29:36,0,8,0,2,1,2,0,2,2,6,1,0,2,1,1
Jalen Williams,https://www.basketball-reference.com/players/w/willija06.html,2023,2022-12-19,OKC,POR,,"W, 123-121",,33:21,5,12,1,2,2,3,2,5,7,4,1,1,1,2,13
Jalen Williams,https://www.basketball-reference.com/players/w/willija06.html,2023,2022-12-21,OKC,POR,,"W, 101-98",,30:26,5,8,1,3,4,4,0,4,4,1,0,0,3,2,15
Jalen Williams,https://www.basketball-reference.com/players/w/willija06.html,2023,2022-12-23,OKC,NOP,,"L, 125-128 (OT)",,30:06,4,12,0,3,3,4,3,4,7,3,0,0,3,4,11
Jalen Williams,https://www.basketball-reference.com/players/w/willija06.html,2023,2022-12-27,OKC,SAS,,"W, 130-114",,30:54,7,12,0,1,1,1,2,7,9,3,1,2,0,2,15
Jalen Williams,https://www.basketball-reference.com/players/w/willija06.html,2023,2022-12-29,OKC,CHO,@,"L, 113-121",,27:01,5,9,2,4,3,4,2,3,5,1,1,0,0,2,15
Jalen Williams,https://www.basketball-reference.com/players/w/willija06.html,2023,2022-12-31,OKC,PHI,,"L, 96-115",,27:53,6,10,3,4,2,2,0,3,3,1,2,1,4,2,17
Jalen Williams,https://www.basketball-reference.com/players/w/willija06.html,2023,2023-01-03,OKC,BOS,,"W, 150-117",,33:13,10,18,0,4,1,3,0,3,3,6,4,0,0,3,21
Jalen Williams,https://www.basketball-reference.com/players/w/willija06.html,2023,2023-01-04,OKC,ORL,@,"L, 115-126",,27:59,2,8,0,2,0,0,0,3,3,4,5,1,1,2,4
Jalen Williams,https://www.basketball-reference.com/players/w/willija06.html,2023,2023-01-06,OKC,WAS,,"W, 127-110",,33:31,7,13,2,4,2,2,2,6,8,3,2,0,3,4,18
Jalen Williams,https://www.basketball-reference.com/players/w/willija06.html,2023,2023-01-08,OKC,DAL,,"W, 120-109",,24:55,5,11,0,2,0,0,2,2,4,2,0,3,1,1,10
Jalen Williams,https://www.basketball-reference.com/players/w/willija06.html,2023,2023-01-10,OKC,MIA,@,"L, 111-112",,32:13,5,9,1,2,1,2,0,0,0,5,2,1,1,4,12
Jalen Williams,https://www.basketball-reference.com/players/w/willija06.html,2023,2023-01-12,OKC,PHI,@,"W, 133-114",,27:26,6,11,2,3,0,0,1,4,5,4,1,1,2,2,14
Jalen Williams,https://www.basketball-reference.com/players/w/willija06.html,2023,2023-01-13,OKC,CHI,@,"W, 124-110",,34:04,10,12,1,3,1,1,1,7,8,3,2,0,0,2,22
Jalen Williams,https://www.basketball-reference.com/players/w/willija06.html,2023,2023-01-15,OKC,BRK,@,"W, 112-102",,34:55,0,9,0,4,1,2,0,6,6,3,1,1,1,2,1
Jalen Williams,https://www.basketball-reference.com/players/w/willija06.html,2023,2023-01-18,OKC,IND,,"W, 126-106",,34:13,4,10,1,4,2,2,2,5,7,6,4,1,1,4,11
Jalen Williams,https://www.basketball-reference.com/players/w/willija06.html,2023,2023-01-20,OKC,SAC,@,"L, 113-118",,31:30,5,9,1,3,2,2,0,1,1,2,1,0,3,5,13
Jalen Williams,https://www.basketball-reference.com/players/w/willija06.html,2023,2023-01-22,OKC,DEN,@,"W, 101-99",,28:52,1,6,0,2,2,2,1,5,6,2,1,1,0,3,4
Jalen Williams,https://www.basketball-reference.com/players/w/willija06.html,2023,2023-01-25,OKC,ATL,,"L, 132-137",,37:31,11,16,1,1,1,2,1,4,5,2,4,0,1,5,24
Jalen Williams,https://www.basketball-reference.com/players/w/willija06.html,2023,2023-01-27,OKC,CLE,,"W, 112-100",,32:41,7,12,3,3,0,1,1,2,3,0,0,0,3,1,17
Jalen Williams,https://www.basketball-reference.com/players/w/willija06.html,2023,2023-01-30,OKC,GSW,,"L, 120-128",,30:58,8,14,1,3,2,2,1,3,4,2,1,1,1,1,19
Jalen Williams,https://www.basketball-reference.com/players/w/willija06.html,2023,2023-02-01,OKC,HOU,@,"L, 106-112",,29:15,2,9,2,4,2,2,2,4,6,3,2,2,3,2,8
Jalen Williams,https://www.basketball-reference.com/players/w/willija06.html,2023,2023-02-04,OKC,HOU,,"W, 153-121",,30:10,0,3,0,2,2,2,2,4,6,7,0,0,1,1,2
Jalen Williams,https://www.basketball-reference.com/players/w/willija06.html,2023,2023-02-06,OKC,GSW,@,"L, 114-141",,25:24,3,7,0,2,2,6,0,5,5,1,3,1,1,1,8
Jalen Williams,https://www.basketball-reference.com/players/w/willija06.html,2023,2023-02-07,OKC,LAL,@,"W, 133-130",,39:47,10,19,3,6,2,2,3,4,7,2,6,1,3,3,25
Jalen Williams,https://www.basketball-reference.com/players/w/willija06.html,2023,2023-02-10,OKC,POR,@,"W, 138-129",,32:47,4,10,0,1,5,5,1,3,4,6,3,0,1,3,13
Jalen Williams,https://www.basketball-reference.com/players/w/willija06.html,2023,2023-02-13,OKC,NOP,,"L, 100-103",,39:10,9,15,2,3,2,2,2,5,7,4,2,1,1,1,22
Jalen Williams,https://www.basketball-reference.com/players/w/willija06.html,2023,2023-02-15,OKC,HOU,,"W, 133-96",,22:13,5,7,1,2,2,2,3,1,4,2,1,0,2,4,13
Jalen Williams,https://www.basketball-reference.com/players/w/willija06.html,2023,2023-02-23,OKC,UTA,@,"L, 119-120 (OT)",,37:35,4,10,1,4,0,0,3,3,6,2,1,0,1,4,9
Jalen Williams,https://www.basketball-reference.com/players/w/willija06.html,2023,2023-02-24,OKC,PHO,@,"L, 115-124",,28:19,8,14,1,3,5,6,4,2,6,4,1,0,2,4,22
Jalen Williams,https://www.basketball-reference.com/players/w/willija06.html,2023,2023-02-26,OKC,SAC,,"L, 115-124",,31:18,7,12,1,2,0,0,0,2,2,4,3,0,1,2,15
Jalen Williams,https://www.basketball-reference.com/players/w/willija06.html,2023,2023-02-28,OKC,SAC,,"L, 117-123",,32:44,9,16,1,3,8,9,1,4,5,8,2,0,1,3,27
Jalen Williams,https://www.basketball-reference.com/players/w/willija06.html,2023,2023-03-01,OKC,LAL,,"L, 117-123",,34:13,9,17,3,5,3,4,1,3,4,7,2,0,2,2,24
Jalen Williams,https://www.basketball-reference.com/players/w/willija06.html,2023,2023-03-03,OKC,UTA,,"W, 130-103",,33:11,8,13,1,2,3,4,1,5,6,4,4,1,1,3,20
Jalen Williams,https://www.basketball-reference.com/players/w/willija06.html,2023,2023-03-05,OKC,UTA,,"W, 129-119",,33:59,12,15,4,5,4,6,1,4,5,5,2,2,1,2,32
Jalen Williams,https://www.basketball-reference.com/players/w/willija06.html,2023,2023-03-07,OKC,GSW,,"W, 137-128",,,,,,,,,,,,,,,,,
Jalen Williams,https://www.basketball-reference.com/players/w/willija06.html,2023,2023-03-08,OKC,PHO,@,"L, 101-132",,,,,,,,,,,,,,,,,
Jalen Williams,https://www.basketball-reference.com/players/w/willija06.html,2023,2023-03-11,OKC,NOP,@,"W, 110-96",,36:33,7,10,0,0,3,3,1,3,4,2,3,0,3,0,17
Jalen Williams,https://www.basketball-reference.com/players/w/willija06.html,2023,2023-03-12,OKC,SAS,@,"W, 102-90",,35:05,7,18,1,4,6,7,4,3,7,10,0,0,4,2,21
Jalen Williams,https://www.basketball-reference.com/players/w/willija06.html,2023,2023-03-14,OKC,BRK,,"W, 121-107",,36:20,8,10,1,2,6,6,2,8,10,3,2,0,0,3,23
Jalen Williams,https://www.basketball-reference.com/players/w/willija06.html,2023,2023-03-16,OKC,TOR,@,"L, 111-128",,29:15,4,11,1,3,6,7,2,5,7,3,1,0,2,2,15
Jalen Williams,https://www.basketball-reference.com/players/w/willija06.html,2023,2023-03-19,OKC,PHO,,"W, 124-120",,27:59,1,6,0,2,3,4,1,9,10,5,2,1,3,3,5
Jalen Williams,https://www.basketball-reference.com/players/w/willija06.html,2023,2023-03-21,OKC,LAC,@,"W, 101-100",,37:11,8,15,2,4,2,2,3,5,8,3,1,1,2,2,20
Jalen Williams,https://www.basketball-reference.com/players/w/willija06.html,2023,2023-03-23,OKC,LAC,@,"L, 105-127",,31:54,7,12,2,4,0,0,1,2,3,4,0,0,2,4,16
Jalen Williams,https://www.basketball-reference.com/players/w/willija06.html,2023,2023-03-24,OKC,LAL,@,"L, 111-116",,38:17,3,10,0,2,3,3,2,3,5,2,1,0,1,0,9
Jalen Williams,https://www.basketball-reference.com/players/w/willija06.html,2023,2023-03-26,OKC,POR,@,"W, 118-112",,37:05,9,14,2,2,3,3,1,4,5,4,2,0,1,1,23
Jalen Williams,https://www.basketball-reference.com/players/w/willija06.html,2023,2023-03-28,OKC,CHO,,"L, 134-137",,33:31,11,16,1,2,8,9,1,2,3,4,4,0,1,4,31
Jalen Williams,https://www.basketball-reference.com/players/w/willija06.html,2023,2023-03-29,OKC,DET,,"W, 107-106",,37:00,11,19,1,1,4,4,3,5,8,6,0,1,4,3,27
Jalen Williams,https://www.basketball-reference.com/players/w/willija06.html,2023,2023-03-31,OKC,IND,@,"L, 117-121",,29:30,6,10,0,3,2,2,0,6,6,6,2,0,2,5,14
Jalen Williams,https://www.basketball-reference.com/players/w/willija06.html,2023,2023-04-02,OKC,PHO,,"L, 118-128",,34:43,5,12,1,3,1,1,2,1,3,2,3,0,3,3,12
Jalen Williams,https://www.basketball-reference.com/players/w/willija06.html,2023,2023-04-04,OKC,GSW,@,"L, 125-136",,32:31,7,14,2,3,3,3,2,2,4,2,1,0,1,1,19
Jalen Williams,https://www.basketball-reference.com/players/w/willija06.html,2023,2023-04-06,OKC,UTA,@,"W, 114-98",,28:03,4,10,1,4,0,0,0,1,1,5,0,0,2,3,9
Jalen Williams,https://www.basketball-reference.com/players/w/willija06.html,2023,2023-04-09,OKC,MEM,,"W, 115-100",,,,,,,,,,,,,,,,,
Jaylin Williams,https://www.basketball-reference.com/players/w/willija07.html,2023,2022-10-19,OKC,MIN,@,"L, 108-115",,,,,,,,,,,,,,,,,
Jaylin Williams,https://www.basketball-reference.com/players/w/willija07.html,2023,2022-10-22,OKC,DEN,@,"L, 117-122",,,,,,,,,,,,,,,,,
Jaylin Williams,https://www.basketball-reference.com/players/w/willija07.html,2023,2022-10-23,OKC,MIN,,"L, 106-116",,07:37,2,4,0,0,0,1,3,3,6,2,0,0,0,2,4
Jaylin Williams,https://www.basketball-reference.com/players/w/willija07.html,2023,2022-10-25,OKC,LAC,,"W, 108-94",,,,,,,,,,,,,,,,,
Jaylin Williams,https://www.basketball-reference.com/players/w/willija07.html,2023,2022-10-27,OKC,LAC,,"W, 118-110",,,,,,,,,,,,,,,,,
Jaylin Williams,https://www.basketball-reference.com/players/w/willija07.html,2023,2022-10-29,OKC,DAL,@,"W, 117-111 (OT)",,,,,,,,,,,,,,,,,
Jaylin Williams,https://www.basketball-reference.com/players/w/willija07.html,2023,,,,,,,,,,,,,,,,,,,,,,
Jaylin Williams,https://www.basketball-reference.com/players/w/willija07.html,2023,2022-11-01,OKC,ORL,,"W, 116-108",,,,,,,,,,,,,,,,,
Jaylin Williams,https://www.basketball-reference.com/players/w/willija07.html,2023,2022-11-03,OKC,DEN,,"L, 110-122",,,,,,,,,,,,,,,,,
Jaylin Williams,https://www.basketball-reference.com/players/w/willija07.html,2023,2022-11-05,OKC,MIL,@,"L, 94-108",,05:08,1,3,0,1,0,0,1,0,1,0,1,0,0,0,2
Jaylin Williams,https://www.basketball-reference.com/players/w/willija07.html,2023,2022-11-07,OKC,DET,@,"L, 103-112",,,,,,,,,,,,,,,,,
Jaylin Williams,https://www.basketball-reference.com/players/w/willija07.html,2023,2022-11-09,OKC,MIL,,"L, 132-136 (2OT)",,,,,,,,,,,,,,,,,
Jaylin Williams,https://www.basketball-reference.com/players/w/willija07.html,2023,2022-11-11,OKC,TOR,,"W, 132-113",,,,,,,,,,,,,,,,,
Jaylin Williams,https://www.basketball-reference.com/players/w/willija07.html,2023,2022-11-13,OKC,NYK,@,"W, 145-135",,,,,,,,,,,,,,,,,
Jaylin Williams,https://www.basketball-reference.com/players/w/willija07.html,2023,2022-11-14,OKC,BOS,@,"L, 122-126",,08:11,1,2,0,1,0,0,1,2,3,0,0,0,0,1,2
Jaylin Williams,https://www.basketball-reference.com/players/w/willija07.html,2023,2022-11-16,OKC,WAS,@,"W, 121-120",,06:00,0,1,0,0,0,0,0,0,0,1,0,0,1,1,0
Jaylin Williams,https://www.basketball-reference.com/players/w/willija07.html,2023,2022-11-18,OKC,MEM,@,"L, 110-121",,08:00,1,1,0,0,4,5,0,0,0,0,0,0,1,2,6
Jaylin Williams,https://www.basketball-reference.com/players/w/willija07.html,2023,2022-11-21,OKC,NYK,,"L, 119-129",,,,,,,,,,,,,,,,,
Jaylin Williams,https://www.basketball-reference.com/players/w/willija07.html,2023,2022-11-23,OKC,DEN,,"L, 126-131 (OT)",,,,,,,,,,,,,,,,,
Jaylin Williams,https://www.basketball-reference.com/players/w/willija07.html,2023,2022-11-25,OKC,CHI,,"W, 123-119 (OT)",,,,,,,,,,,,,,,,,
Jaylin Williams,https://www.basketball-reference.com/players/w/willija07.html,2023,2022-11-26,OKC,HOU,@,"L, 105-118",,,,,,,,,,,,,,,,,
Jaylin Williams,https://www.basketball-reference.com/players/w/willija07.html,2023,2022-11-28,OKC,NOP,@,"L, 101-105",,,,,,,,,,,,,,,,,
Jaylin Williams,https://www.basketball-reference.com/players/w/willija07.html,2023,2022-11-30,OKC,SAS,,"W, 119-111",,,,,,,,,,,,,,,,,
Jaylin Williams,https://www.basketball-reference.com/players/w/willija07.html,2023,2022-12-03,OKC,MIN,@,"W, 135-128",,,,,,,,,,,,,,,,,
Jaylin Williams,https://www.basketball-reference.com/players/w/willija07.html,2023,2022-12-05,OKC,ATL,@,"W, 121-114",,,,,,,,,,,,,,,,,
Jaylin Williams,https://www.basketball-reference.com/players/w/willija07.html,2023,2022-12-07,OKC,MEM,@,"L, 102-123",,10:45,0,3,0,1,0,0,1,1,2,2,1,0,0,1,0
Jaylin Williams,https://www.basketball-reference.com/players/w/willija07.html,2023,2022-12-10,OKC,CLE,@,"L, 102-110",,,,,,,,,,,,,,,,,
Jaylin Williams,https://www.basketball-reference.com/players/w/willija07.html,2023,2022-12-12,OKC,DAL,@,"L, 114-121",,,,,,,,,,,,,,,,,
Jaylin Williams,https://www.basketball-reference.com/players/w/willija07.html,2023,2022-12-14,OKC,MIA,,"L, 108-110",,,,,,,,,,,,,,,,,
Jaylin Williams,https://www.basketball-reference.com/players/w/willija07.html,2023,2022-12-16,OKC,MIN,,"L, 110-112",,,,,,,,,,,,,,,,,
Jaylin Williams,https://www.basketball-reference.com/players/w/willija07.html,2023,2022-12-17,OKC,MEM,,"W, 115-109",,15:01,3,4,1,2,0,0,0,4,4,2,1,0,0,3,7
Jaylin Williams,https://www.basketball-reference.com/players/w/willija07.html,2023,2022-12-19,OKC,POR,,"W, 123-121",,,,,,,,,,,,,,,,,
Jaylin Williams,https://www.basketball-reference.com/players/w/willija07.html,2023,2022-12-21,OKC,POR,,"W, 101-98",,,,,,,,,,,,,,,,,
Jaylin Williams,https://www.basketball-reference.com/players/w/willija07.html,2023,2022-12-23,OKC,NOP,,"L, 125-128 (OT)",,,,,,,,,,,,,,,,,
Jaylin Williams,https://www.basketball-reference.com/players/w/willija07.html,2023,2022-12-27,OKC,SAS,,"W, 130-114",,,,,,,,,,,,,,,,,
Jaylin Williams,https://www.basketball-reference.com/players/w/willija07.html,2023,2022-12-29,OKC,CHO,@,"L, 113-121",,24:19,0,5,0,1,0,0,2,8,10,1,0,1,2,5,0
Jaylin Williams,https://www.basketball-reference.com/players/w/willija07.html,2023,2022-12-31,OKC,PHI,,"L, 96-115",,17:48,0,2,0,2,1,2,0,4,4,1,0,0,1,3,1
Jaylin Williams,https://www.basketball-reference.com/players/w/willija07.html,2023,2023-01-03,OKC,BOS,,"W, 150-117",,16:06,3,6,2,3,0,0,1,6,7,3,2,0,1,4,8
Jaylin Williams,https://www.basketball-reference.com/players/w/willija07.html,2023,2023-01-04,OKC,ORL,@,"L, 115-126",,11:35,1,4,0,1,1,2,0,2,2,0,0,0,0,1,3
Jaylin Williams,https://www.basketball-reference.com/players/w/willija07.html,2023,2023-01-06,OKC,WAS,,"W, 127-110",,,,,,,,,,,,,,,,,
Jaylin Williams,https://www.basketball-reference.com/players/w/willija07.html,2023,2023-01-08,OKC,DAL,,"W, 120-109",,,,,,,,,,,,,,,,,
Jaylin Williams,https://www.basketball-reference.com/players/w/willija07.html,2023,2023-01-10,OKC,MIA,@,"L, 111-112",,,,,,,,,,,,,,,,,
Jaylin Williams,https://www.basketball-reference.com/players/w/willija07.html,2023,2023-01-12,OKC,PHI,@,"W, 133-114",,18:17,5,7,1,1,0,0,0,5,5,2,0,0,1,5,11
Jaylin Williams,https://www.basketball-reference.com/players/w/willija07.html,2023,2023-01-13,OKC,CHI,@,"W, 124-110",,,,,,,,,,,,,,,,,
Jaylin Williams,https://www.basketball-reference.com/players/w/willija07.html,2023,2023-01-15,OKC,BRK,@,"W, 112-102",,11:31,3,7,0,1,0,0,2,5,7,1,0,0,1,2,6
Jaylin Williams,https://www.basketball-reference.com/players/w/willija07.html,2023,2023-01-18,OKC,IND,,"W, 126-106",,16:30,2,2,1,1,0,0,0,0,0,1,0,0,5,3,5
Jaylin Williams,https://www.basketball-reference.com/players/w/willija07.html,2023,2023-01-20,OKC,SAC,@,"L, 113-118",,24:49,2,6,0,1,0,1,0,6,6,2,0,0,1,1,4
Jaylin Williams,https://www.basketball-reference.com/players/w/willija07.html,2023,2023-01-22,OKC,DEN,@,"W, 101-99",,07:01,0,0,0,0,0,0,0,2,2,0,0,0,0,0,0
Jaylin Williams,https://www.basketball-reference.com/players/w/willija07.html,2023,2023-01-25,OKC,ATL,,"L, 132-137",,,,,,,,,,,,,,,,,
Jaylin Williams,https://www.basketball-reference.com/players/w/willija07.html,2023,2023-01-27,OKC,CLE,,"W, 112-100",,18:55,3,5,2,2,0,0,1,5,6,2,0,0,0,0,8
Jaylin Williams,https://www.basketball-reference.com/players/w/willija07.html,2023,2023-01-30,OKC,GSW,,"L, 120-128",,17:48,5,9,2,3,0,0,2,6,8,3,1,0,0,1,12
Jaylin Williams,https://www.basketball-reference.com/players/w/willija07.html,2023,2023-02-01,OKC,HOU,@,"L, 106-112",,12:28,2,5,1,3,2,4,1,3,4,1,0,1,0,2,7
Jaylin Williams,https://www.basketball-reference.com/players/w/willija07.html,2023,2023-02-04,OKC,HOU,,"W, 153-121",,24:42,3,4,2,2,0,0,2,4,6,1,0,1,1,1,8
Jaylin Williams,https://www.basketball-reference.com/players/w/willija07.html,2023,2023-02-06,OKC,GSW,@,"L, 114-141",,20:38,2,4,1,2,0,0,1,4,5,0,0,0,0,0,5
Jaylin Williams,https://www.basketball-reference.com/players/w/willija07.html,2023,2023-02-07,OKC,LAL,@,"W, 133-130",,30:40,4,6,2,2,4,4,1,6,7,7,2,0,0,1,14
Jaylin Williams,https://www.basketball-reference.com/players/w/willija07.html,2023,2023-02-10,OKC,POR,@,"W, 138-129",,18:09,4,5,1,2,2,2,1,1,2,1,0,0,0,3,11
Jaylin Williams,https://www.basketball-reference.com/players/w/willija07.html,2023,2023-02-13,OKC,NOP,,"L, 100-103",,15:56,0,3,0,3,0,0,0,1,1,2,0,1,0,2,0
Jaylin Williams,https://www.basketball-reference.com/players/w/willija07.html,2023,2023-02-15,OKC,HOU,,"W, 133-96",,25:32,3,9,2,5,0,0,1,15,16,0,2,0,1,3,8
Jaylin Williams,https://www.basketball-reference.com/players/w/willija07.html,2023,2023-02-23,OKC,UTA,@,"L, 119-120 (OT)",,26:34,4,7,3,4,0,0,1,5,6,0,0,1,1,2,11
Jaylin Williams,https://www.basketball-reference.com/players/w/willija07.html,2023,2023-02-24,OKC,PHO,@,"L, 115-124",,26:47,3,6,2,4,2,4,0,5,5,5,1,0,1,1,10
Jaylin Williams,https://www.basketball-reference.com/players/w/willija07.html,2023,2023-02-26,OKC,SAC,,"L, 115-124",,13:23,1,3,1,2,2,2,1,2,3,2,0,0,1,3,5
Jaylin Williams,https://www.basketball-reference.com/players/w/willija07.html,2023,2023-02-28,OKC,SAC,,"L, 117-123",,17:19,3,8,0,3,0,0,0,3,3,0,0,0,0,2,6
Jaylin Williams,https://www.basketball-reference.com/players/w/willija07.html,2023,2023-03-01,OKC,LAL,,"L, 117-123",,25:24,1,7,0,3,2,2,3,9,12,2,1,1,2,2,4
Jaylin Williams,https://www.basketball-reference.com/players/w/willija07.html,2023,2023-03-03,OKC,UTA,,"W, 130-103",,31:20,1,6,1,4,0,0,1,8,9,1,0,2,1,5,3
Jaylin Williams,https://www.basketball-reference.com/players/w/willija07.html,2023,2023-03-05,OKC,UTA,,"W, 129-119",,19:33,1,4,0,3,0,0,0,2,2,1,0,0,1,5,2
Jaylin Williams,https://www.basketball-reference.com/players/w/willija07.html,2023,2023-03-07,OKC,GSW,,"W, 137-128",,27:05,6,10,3,5,0,0,3,3,6,2,1,0,1,3,15
Jaylin Williams,https://www.basketball-reference.com/players/w/willija07.html,2023,2023-03-08,OKC,PHO,@,"L, 101-132",,17:40,0,2,0,2,2,2,0,3,3,3,0,0,1,2,2
Jaylin Williams,https://www.basketball-reference.com/players/w/willija07.html,2023,2023-03-11,OKC,NOP,@,"W, 110-96",,19:26,3,5,2,3,1,2,0,3,3,0,0,1,1,3,9
Jaylin Williams,https://www.basketball-reference.com/players/w/willija07.html,2023,2023-03-12,OKC,SAS,@,"W, 102-90",,25:41,3,6,1,2,2,2,0,5,5,2,4,1,0,4,9
Jaylin Williams,https://www.basketball-reference.com/players/w/willija07.html,2023,2023-03-14,OKC,BRK,,"W, 121-107",,18:16,2,5,1,2,2,2,2,5,7,2,2,0,1,5,7
Jaylin Williams,https://www.basketball-reference.com/players/w/willija07.html,2023,2023-03-16,OKC,TOR,@,"L, 111-128",,14:02,2,7,1,3,0,0,0,3,3,0,0,0,0,2,5
Jaylin Williams,https://www.basketball-reference.com/players/w/willija07.html,2023,2023-03-19,OKC,PHO,,"W, 124-120",,20:47,2,3,2,3,4,6,0,6,6,0,0,1,0,2,10
Jaylin Williams,https://www.basketball-reference.com/players/w/willija07.html,2023,2023-03-21,OKC,LAC,@,"W, 101-100",,10:47,2,4,2,3,0,0,0,2,2,1,0,0,0,4,6
Jaylin Williams,https://www.basketball-reference.com/players/w/willija07.html,2023,2023-03-23,OKC,LAC,@,"L, 105-127",,25:49,3,7,1,4,1,2,0,9,9,4,2,0,3,2,8
Jaylin Williams,https://www.basketball-reference.com/players/w/willija07.html,2023,2023-03-24,OKC,LAL,@,"L, 111-116",,26:48,2,7,1,5,0,0,0,3,3,1,1,1,1,4,5
Jaylin Williams,https://www.basketball-reference.com/players/w/willija07.html,2023,2023-03-26,OKC,POR,@,"W, 118-112",,26:53,3,8,0,3,1,2,2,4,6,2,0,0,1,3,7
Jaylin Williams,https://www.basketball-reference.com/players/w/willija07.html,2023,2023-03-28,OKC,CHO,,"L, 134-137",,18:13,1,4,0,2,1,1,1,5,6,4,0,0,0,2,3
Jaylin Williams,https://www.basketball-reference.com/players/w/willija07.html,2023,2023-03-29,OKC,DET,,"W, 107-106",,32:08,2,3,2,3,1,2,1,5,6,2,2,0,1,2,7
Jaylin Williams,https://www.basketball-reference.com/players/w/willija07.html,2023,2023-03-31,OKC,IND,@,"L, 117-121",,15:27,0,0,0,0,0,0,1,2,3,0,1,0,1,1,0
Jaylin Williams,https://www.basketball-reference.com/players/w/willija07.html,2023,2023-04-02,OKC,PHO,,"L, 118-128",,20:12,2,3,1,2,2,2,2,6,8,2,1,0,1,2,7
Jaylin Williams,https://www.basketball-reference.com/players/w/willija07.html,2023,2023-04-04,OKC,GSW,@,"L, 125-136",,18:34,1,4,1,3,1,2,3,2,5,3,1,0,1,1,4
Jaylin Williams,https://www.basketball-reference.com/players/w/willija07.html,2023,2023-04-06,OKC,UTA,@,"W, 114-98",,22:40,4,8,3,5,0,0,2,4,6,2,1,0,1,2,11
Jaylin Williams,https://www.basketball-reference.com/players/w/willija07.html,2023,2023-04-09,OKC,MEM,,"W, 115-100",,,,,,,,,,,,,,,,,
Paolo Banchero,https://www.basketball-reference.com/players/b/banchpa01.html,2023,2022-10-19,ORL,DET,@,"L, 109-113",,35:20,11,18,0,0,5,7,2,7,9,5,0,2,4,5,27
Paolo Banchero,https://www.basketball-reference.com/players/b/banchpa01.html,2023,2022-10-21,ORL,ATL,@,"L, 98-108",,33:38,6,18,1,6,7,8,2,10,12,2,1,3,4,1,20
Paolo Banchero,https://www.basketball-reference.com/players/b/banchpa01.html,2023,2022-10-22,ORL,BOS,,"L, 120-126",,33:13,6,19,2,7,9,11,1,4,5,3,0,1,2,1,23
Paolo Banchero,https://www.basketball-reference.com/players/b/banchpa01.html,2023,2022-10-24,ORL,NYK,@,"L, 102-115",,33:35,6,13,0,3,9,11,0,4,4,2,2,0,1,3,21
Paolo Banchero,https://www.basketball-reference.com/players/b/banchpa01.html,2023,2022-10-26,ORL,CLE,@,"L, 92-103",,36:59,10,19,3,5,6,8,1,7,8,4,1,2,3,2,29
Paolo Banchero,https://www.basketball-reference.com/players/b/banchpa01.html,2023,2022-10-28,ORL,CHO,,"W, 113-93",,27:11,8,14,2,4,3,7,2,10,12,7,0,0,2,0,21
Paolo Banchero,https://www.basketball-reference.com/players/b/banchpa01.html,2023,2022-10-30,ORL,DAL,@,"L, 105-114",,32:23,6,20,1,6,5,8,0,3,3,4,0,0,2,5,18
Paolo Banchero,https://www.basketball-reference.com/players/b/banchpa01.html,2023,,,,,,,,,,,,,,,,,,,,,,
Paolo Banchero,https://www.basketball-reference.com/players/b/banchpa01.html,2023,2022-11-01,ORL,OKC,@,"L, 108-116",,37:26,6,13,0,1,3,3,0,8,8,2,1,0,4,0,15
Paolo Banchero,https://www.basketball-reference.com/players/b/banchpa01.html,2023,2022-11-03,ORL,GSW,,"W, 130-129",,36:06,8,17,0,4,6,9,0,8,8,3,1,1,5,3,22
Paolo Banchero,https://www.basketball-reference.com/players/b/banchpa01.html,2023,2022-11-05,ORL,SAC,,"L, 123-126 (OT)",,39:51,14,26,0,3,5,5,1,15,16,4,0,1,1,2,33
Paolo Banchero,https://www.basketball-reference.com/players/b/banchpa01.html,2023,2022-11-07,ORL,HOU,,"L, 127-134",,35:29,8,16,2,4,12,14,0,6,6,4,2,0,5,4,30
Paolo Banchero,https://www.basketball-reference.com/players/b/banchpa01.html,2023,2022-11-09,ORL,DAL,,"W, 94-87",,,,,,,,,,,,,,,,,
Paolo Banchero,https://www.basketball-reference.com/players/b/banchpa01.html,2023,2022-11-11,ORL,PHO,,"W, 114-97",,,,,,,,,,,,,,,,,
Paolo Banchero,https://www.basketball-reference.com/players/b/banchpa01.html,2023,2022-11-14,ORL,CHO,,"L, 105-112",,,,,,,,,,,,,,,,,
Paolo Banchero,https://www.basketball-reference.com/players/b/banchpa01.html,2023,2022-11-16,ORL,MIN,,"L, 108-126",,,,,,,,,,,,,,,,,
Paolo Banchero,https://www.basketball-reference.com/players/b/banchpa01.html,2023,2022-11-18,ORL,CHI,@,"W, 108-107",,,,,,,,,,,,,,,,,
Paolo Banchero,https://www.basketball-reference.com/players/b/banchpa01.html,2023,2022-11-19,ORL,IND,@,"L, 113-114",,,,,,,,,,,,,,,,,
Paolo Banchero,https://www.basketball-reference.com/players/b/banchpa01.html,2023,2022-11-21,ORL,IND,@,"L, 102-123",,,,,,,,,,,,,,,,,
Paolo Banchero,https://www.basketball-reference.com/players/b/banchpa01.html,2023,2022-11-25,ORL,PHI,,"L, 99-107",,35:44,5,12,1,3,8,11,2,2,4,3,1,0,4,1,19
Paolo Banchero,https://www.basketball-reference.com/players/b/banchpa01.html,2023,2022-11-27,ORL,PHI,,"L, 103-133",,31:14,7,17,1,4,3,6,0,1,1,1,0,0,0,3,18
Paolo Banchero,https://www.basketball-reference.com/players/b/banchpa01.html,2023,2022-11-28,ORL,BRK,@,"L, 102-109",,38:45,9,17,1,1,5,10,2,2,4,5,2,0,5,3,24
Paolo Banchero,https://www.basketball-reference.com/players/b/banchpa01.html,2023,2022-11-30,ORL,ATL,,"L, 108-125",,34:48,6,14,1,4,7,9,0,2,2,5,0,0,3,2,20
Paolo Banchero,https://www.basketball-reference.com/players/b/banchpa01.html,2023,2022-12-02,ORL,CLE,@,"L, 96-107",,37:28,10,17,0,2,2,4,3,2,5,4,1,0,2,0,22
Paolo Banchero,https://www.basketball-reference.com/players/b/banchpa01.html,2023,2022-12-03,ORL,TOR,@,"L, 108-121",,26:53,2,8,1,5,4,6,2,1,3,3,1,0,2,2,9
Paolo Banchero,https://www.basketball-reference.com/players/b/banchpa01.html,2023,2022-12-05,ORL,MIL,,"L, 102-109",,32:33,4,16,0,3,12,15,5,7,12,7,1,1,4,2,20
Paolo Banchero,https://www.basketball-reference.com/players/b/banchpa01.html,2023,2022-12-07,ORL,LAC,,"W, 116-111 (OT)",,38:19,5,13,0,2,13,14,1,4,5,2,2,0,2,3,23
Paolo Banchero,https://www.basketball-reference.com/players/b/banchpa01.html,2023,2022-12-09,ORL,TOR,,"W, 113-109",,38:10,8,11,1,3,6,7,0,6,6,4,0,1,3,3,23
Paolo Banchero,https://www.basketball-reference.com/players/b/banchpa01.html,2023,2022-12-11,ORL,TOR,,"W, 111-99",,36:36,6,14,2,5,6,8,4,8,12,5,1,1,4,1,20
Paolo Banchero,https://www.basketball-reference.com/players/b/banchpa01.html,2023,2022-12-14,ORL,ATL,,"W, 135-124",,33:35,6,16,2,7,6,7,2,4,6,6,2,1,2,4,20
Paolo Banchero,https://www.basketball-reference.com/players/b/banchpa01.html,2023,2022-12-16,ORL,BOS,@,"W, 117-109",,37:00,5,13,3,6,7,8,1,4,5,5,1,0,3,5,20
Paolo Banchero,https://www.basketball-reference.com/players/b/banchpa01.html,2023,2022-12-18,ORL,BOS,@,"W, 95-92",,33:55,9,21,6,7,7,9,0,6,6,3,2,0,4,2,31
Paolo Banchero,https://www.basketball-reference.com/players/b/banchpa01.html,2023,2022-12-19,ORL,ATL,@,"L, 125-126",,34:53,7,15,1,4,3,4,0,4,4,7,1,2,3,1,18
Paolo Banchero,https://www.basketball-reference.com/players/b/banchpa01.html,2023,2022-12-21,ORL,HOU,@,"W, 116-110",,32:07,9,20,1,4,4,8,0,13,13,3,2,0,5,2,23
Paolo Banchero,https://www.basketball-reference.com/players/b/banchpa01.html,2023,2022-12-23,ORL,SAS,,"W, 133-113",,29:15,7,15,3,6,1,1,0,6,6,4,0,0,2,0,18
Paolo Banchero,https://www.basketball-reference.com/players/b/banchpa01.html,2023,2022-12-27,ORL,LAL,,"L, 110-129",,22:21,1,6,0,2,2,4,1,4,5,3,1,0,2,5,4
Paolo Banchero,https://www.basketball-reference.com/players/b/banchpa01.html,2023,2022-12-28,ORL,DET,@,"L, 101-121",,32:06,4,12,0,1,7,8,1,4,5,2,1,1,2,5,15
Paolo Banchero,https://www.basketball-reference.com/players/b/banchpa01.html,2023,2022-12-30,ORL,WAS,,"L, 100-119",,37:35,7,24,1,5,6,7,1,4,5,4,0,0,5,3,21
Paolo Banchero,https://www.basketball-reference.com/players/b/banchpa01.html,2023,2023-01-04,ORL,OKC,,"W, 126-115",,35:48,8,17,2,5,7,9,1,7,8,7,1,0,3,3,25
Paolo Banchero,https://www.basketball-reference.com/players/b/banchpa01.html,2023,2023-01-05,ORL,MEM,,"L, 115-123",,35:46,10,20,2,7,8,9,3,6,9,3,1,0,1,3,30
Paolo Banchero,https://www.basketball-reference.com/players/b/banchpa01.html,2023,2023-01-07,ORL,GSW,@,"W, 115-101",,31:18,9,20,4,9,3,4,1,4,5,3,1,0,2,1,25
Paolo Banchero,https://www.basketball-reference.com/players/b/banchpa01.html,2023,2023-01-09,ORL,SAC,@,"L, 111-136",,32:15,5,11,2,7,5,8,0,8,8,4,3,0,1,0,17
Paolo Banchero,https://www.basketball-reference.com/players/b/banchpa01.html,2023,2023-01-10,ORL,POR,@,"W, 109-106",,37:36,5,16,1,5,8,10,0,10,10,2,3,1,5,2,19
Paolo Banchero,https://www.basketball-reference.com/players/b/banchpa01.html,2023,2023-01-13,ORL,UTA,@,"L, 108-112",,31:10,8,16,1,5,2,4,1,3,4,3,2,0,4,6,19
Paolo Banchero,https://www.basketball-reference.com/players/b/banchpa01.html,2023,2023-01-15,ORL,DEN,@,"L, 116-119",,32:53,5,9,2,3,6,6,0,2,2,4,1,1,2,3,18
Paolo Banchero,https://www.basketball-reference.com/players/b/banchpa01.html,2023,2023-01-20,ORL,NOP,,"W, 123-110",,24:38,2,7,0,2,7,8,1,5,6,2,1,0,3,1,11
Paolo Banchero,https://www.basketball-reference.com/players/b/banchpa01.html,2023,2023-01-21,ORL,WAS,@,"L, 118-138",,28:23,5,12,1,4,4,6,1,0,1,4,0,0,0,1,15
Paolo Banchero,https://www.basketball-reference.com/players/b/banchpa01.html,2023,2023-01-23,ORL,BOS,,"W, 113-98",,35:45,7,13,3,5,6,9,0,5,5,2,0,0,1,0,23
Paolo Banchero,https://www.basketball-reference.com/players/b/banchpa01.html,2023,2023-01-25,ORL,IND,,"W, 126-120",,35:38,6,14,2,6,9,10,1,2,3,4,2,1,4,4,23
Paolo Banchero,https://www.basketball-reference.com/players/b/banchpa01.html,2023,2023-01-27,ORL,MIA,@,"L, 105-110",,35:42,4,14,1,6,10,13,0,5,5,1,1,0,5,3,19
Paolo Banchero,https://www.basketball-reference.com/players/b/banchpa01.html,2023,2023-01-28,ORL,CHI,,"L, 109-128",,24:45,3,14,0,4,3,4,2,5,7,3,1,0,1,2,9
Paolo Banchero,https://www.basketball-reference.com/players/b/banchpa01.html,2023,2023-01-30,ORL,PHI,@,"W, 119-109",,36:36,11,22,3,5,4,5,0,9,9,3,1,1,2,0,29
Paolo Banchero,https://www.basketball-reference.com/players/b/banchpa01.html,2023,2023-02-01,ORL,PHI,@,"L, 94-105",,35:35,5,18,0,6,3,6,2,7,9,3,1,1,1,3,13
Paolo Banchero,https://www.basketball-reference.com/players/b/banchpa01.html,2023,2023-02-03,ORL,MIN,@,"W, 127-120",,33:21,3,16,0,2,5,9,2,6,8,4,1,0,4,3,11
Paolo Banchero,https://www.basketball-reference.com/players/b/banchpa01.html,2023,2023-02-05,ORL,CHO,@,"W, 119-113",,34:31,6,20,0,4,10,11,2,8,10,5,1,0,1,0,22
Paolo Banchero,https://www.basketball-reference.com/players/b/banchpa01.html,2023,2023-02-07,ORL,NYK,,"L, 98-102",,34:08,6,15,0,3,4,8,1,7,8,5,1,0,1,2,16
Paolo Banchero,https://www.basketball-reference.com/players/b/banchpa01.html,2023,2023-02-09,ORL,DEN,,"W, 115-104",,33:04,5,12,1,2,0,2,2,8,10,2,0,0,2,2,11
Paolo Banchero,https://www.basketball-reference.com/players/b/banchpa01.html,2023,2023-02-11,ORL,MIA,,"L, 103-107 (OT)",,33:46,6,16,0,4,4,4,5,8,13,1,0,0,3,4,16
Paolo Banchero,https://www.basketball-reference.com/players/b/banchpa01.html,2023,2023-02-13,ORL,CHI,@,"W, 100-91",,35:27,8,18,0,4,6,7,2,2,4,3,0,3,2,1,22
Paolo Banchero,https://www.basketball-reference.com/players/b/banchpa01.html,2023,2023-02-14,ORL,TOR,@,"L, 113-123",,31:54,5,13,0,2,3,4,0,1,1,3,0,0,3,1,13
Paolo Banchero,https://www.basketball-reference.com/players/b/banchpa01.html,2023,2023-02-23,ORL,DET,,"W, 108-106",,31:50,4,13,0,1,3,5,1,5,6,6,0,0,2,1,11
Paolo Banchero,https://www.basketball-reference.com/players/b/banchpa01.html,2023,2023-02-25,ORL,IND,,"L, 108-121",,32:50,6,12,0,2,7,9,1,5,6,0,1,1,2,2,19
Paolo Banchero,https://www.basketball-reference.com/players/b/banchpa01.html,2023,2023-02-27,ORL,NOP,@,"W, 101-93",,34:16,10,18,0,3,9,11,1,7,8,4,1,0,2,1,29
Paolo Banchero,https://www.basketball-reference.com/players/b/banchpa01.html,2023,2023-03-01,ORL,MIL,@,"L, 117-139",,31:24,4,13,0,2,1,2,0,7,7,5,0,2,4,3,9
Paolo Banchero,https://www.basketball-reference.com/players/b/banchpa01.html,2023,2023-03-03,ORL,CHO,@,"W, 117-106",,35:35,13,26,2,6,3,4,1,5,6,5,1,1,3,2,31
Paolo Banchero,https://www.basketball-reference.com/players/b/banchpa01.html,2023,2023-03-05,ORL,POR,,"L, 119-122",,33:26,9,18,1,4,7,10,1,4,5,2,1,1,3,4,26
Paolo Banchero,https://www.basketball-reference.com/players/b/banchpa01.html,2023,2023-03-07,ORL,MIL,,"L, 123-134",,32:54,7,18,2,5,4,8,1,3,4,3,0,0,3,4,20
Paolo Banchero,https://www.basketball-reference.com/players/b/banchpa01.html,2023,2023-03-09,ORL,UTA,,"L, 124-131",,33:30,8,17,3,4,7,11,2,6,8,2,0,1,2,2,26
Paolo Banchero,https://www.basketball-reference.com/players/b/banchpa01.html,2023,2023-03-11,ORL,MIA,,"W, 126-114 (OT)",,42:42,5,14,1,3,6,6,2,8,10,9,0,0,3,1,17
Paolo Banchero,https://www.basketball-reference.com/players/b/banchpa01.html,2023,2023-03-14,ORL,SAS,@,"L, 114-132",,31:47,11,21,2,4,3,5,0,6,6,0,0,1,3,1,27
Paolo Banchero,https://www.basketball-reference.com/players/b/banchpa01.html,2023,2023-03-16,ORL,PHO,@,"L, 113-116",,33:30,7,15,1,4,3,4,0,8,8,3,2,0,5,1,18
Paolo Banchero,https://www.basketball-reference.com/players/b/banchpa01.html,2023,2023-03-18,ORL,LAC,@,"W, 113-108",,36:24,4,11,0,3,4,9,1,5,6,6,1,1,4,1,12
Paolo Banchero,https://www.basketball-reference.com/players/b/banchpa01.html,2023,2023-03-19,ORL,LAL,@,"L, 105-111",,35:34,8,20,1,4,4,4,1,5,6,3,0,0,1,5,21
Paolo Banchero,https://www.basketball-reference.com/players/b/banchpa01.html,2023,2023-03-21,ORL,WAS,,"W, 122-112",,36:45,6,9,0,0,6,6,2,7,9,8,1,0,2,2,18
Paolo Banchero,https://www.basketball-reference.com/players/b/banchpa01.html,2023,2023-03-23,ORL,NYK,,"W, 111-106",,34:09,7,17,2,4,5,6,0,6,6,4,2,2,3,3,21
Paolo Banchero,https://www.basketball-reference.com/players/b/banchpa01.html,2023,2023-03-26,ORL,BRK,,"W, 119-106",,29:11,4,13,1,1,2,4,2,7,9,4,0,0,2,1,11
Paolo Banchero,https://www.basketball-reference.com/players/b/banchpa01.html,2023,2023-03-28,ORL,MEM,@,"L, 108-113",,28:52,9,18,3,7,3,6,1,10,11,5,0,1,4,2,24
Paolo Banchero,https://www.basketball-reference.com/players/b/banchpa01.html,2023,2023-03-31,ORL,WAS,@,"W, 116-109",,33:45,8,17,1,3,13,14,2,10,12,6,0,3,2,3,30
Paolo Banchero,https://www.basketball-reference.com/players/b/banchpa01.html,2023,2023-04-02,ORL,DET,,"W, 128-102",,29:18,4,9,2,4,4,11,1,8,9,3,0,0,4,1,14
Paolo Banchero,https://www.basketball-reference.com/players/b/banchpa01.html,2023,2023-04-04,ORL,CLE,,"L, 113-117",,37:36,7,16,2,4,4,6,3,7,10,4,1,0,5,2,20
Paolo Banchero,https://www.basketball-reference.com/players/b/banchpa01.html,2023,2023-04-06,ORL,CLE,,"L, 94-118",,,,,,,,,,,,,,,,,
Paolo Banchero,https://www.basketball-reference.com/players/b/banchpa01.html,2023,2023-04-07,ORL,BRK,@,"L, 84-101",,,,,,,,,,,,,,,,,
Paolo Banchero,https://www.basketball-reference.com/players/b/banchpa01.html,2023,2023-04-09,ORL,MIA,@,"L, 110-123",,,,,,,,,,,,,,,,,
Kevon Harris,https://www.basketball-reference.com/players/h/harrike01.html,2023,2022-10-19,ORL,DET,@,"L, 109-113",,,,,,,,,,,,,,,,,
Kevon Harris,https://www.basketball-reference.com/players/h/harrike01.html,2023,2022-10-21,ORL,ATL,@,"L, 98-108",,00:37,0,0,0,0,0,0,0,1,1,0,0,0,0,0,0
Kevon Harris,https://www.basketball-reference.com/players/h/harrike01.html,2023,2022-10-22,ORL,BOS,,"L, 120-126",,18:45,1,4,0,1,1,2,0,3,3,1,1,0,1,2,3
Kevon Harris,https://www.basketball-reference.com/players/h/harrike01.html,2023,2022-10-24,ORL,NYK,@,"L, 102-115",,,,,,,,,,,,,,,,,
Kevon Harris,https://www.basketball-reference.com/players/h/harrike01.html,2023,2022-10-26,ORL,CLE,@,"L, 92-103",,22:14,0,3,0,1,0,0,0,3,3,0,1,0,2,3,0
Kevon Harris,https://www.basketball-reference.com/players/h/harrike01.html,2023,2022-10-28,ORL,CHO,,"W, 113-93",,05:31,1,2,0,1,0,0,0,0,0,2,0,0,1,0,2
Kevon Harris,https://www.basketball-reference.com/players/h/harrike01.html,2023,2022-10-30,ORL,DAL,@,"L, 105-114",,17:04,3,4,2,3,4,5,1,2,3,1,0,0,2,3,12
Kevon Harris,https://www.basketball-reference.com/players/h/harrike01.html,2023,,,,,,,,,,,,,,,,,,,,,,
Kevon Harris,https://www.basketball-reference.com/players/h/harrike01.html,2023,2022-11-01,ORL,OKC,@,"L, 108-116",,06:14,0,2,0,0,0,0,0,1,1,0,0,0,0,1,0
Kevon Harris,https://www.basketball-reference.com/players/h/harrike01.html,2023,2022-11-03,ORL,GSW,,"W, 130-129",,20:50,4,7,2,3,2,3,4,1,5,0,1,0,1,2,12
Kevon Harris,https://www.basketball-reference.com/players/h/harrike01.html,2023,2022-11-05,ORL,SAC,,"L, 123-126 (OT)",,16:04,1,4,0,2,2,2,1,2,3,0,0,0,0,1,4
Kevon Harris,https://www.basketball-reference.com/players/h/harrike01.html,2023,2022-11-07,ORL,HOU,,"L, 127-134",,15:08,0,5,0,0,2,2,2,0,2,1,1,0,1,4,2
Kevon Harris,https://www.basketball-reference.com/players/h/harrike01.html,2023,2022-11-09,ORL,DAL,,"W, 94-87",,,,,,,,,,,,,,,,,
Kevon Harris,https://www.basketball-reference.com/players/h/harrike01.html,2023,2022-11-11,ORL,PHO,,"W, 114-97",,,,,,,,,,,,,,,,,
Kevon Harris,https://www.basketball-reference.com/players/h/harrike01.html,2023,2022-11-14,ORL,CHO,,"L, 105-112",,11:05,1,2,1,1,0,0,2,1,3,0,0,0,0,1,3
Kevon Harris,https://www.basketball-reference.com/players/h/harrike01.html,2023,2022-11-16,ORL,MIN,,"L, 108-126",,06:11,2,2,0,0,5,5,1,0,1,1,0,0,0,0,9
Kevon Harris,https://www.basketball-reference.com/players/h/harrike01.html,2023,2022-11-18,ORL,CHI,@,"W, 108-107",,,,,,,,,,,,,,,,,
Kevon Harris,https://www.basketball-reference.com/players/h/harrike01.html,2023,2022-11-19,ORL,IND,@,"L, 113-114",,03:44,0,1,0,0,0,0,0,2,2,0,0,0,0,0,0
Kevon Harris,https://www.basketball-reference.com/players/h/harrike01.html,2023,2022-11-21,ORL,IND,@,"L, 102-123",,13:52,1,4,0,1,0,0,4,2,6,1,1,1,2,1,2
Kevon Harris,https://www.basketball-reference.com/players/h/harrike01.html,2023,2022-11-25,ORL,PHI,,"L, 99-107",,,,,,,,,,,,,,,,,
Kevon Harris,https://www.basketball-reference.com/players/h/harrike01.html,2023,2022-11-27,ORL,PHI,,"L, 103-133",,,,,,,,,,,,,,,,,
Kevon Harris,https://www.basketball-reference.com/players/h/harrike01.html,2023,2022-11-28,ORL,BRK,@,"L, 102-109",,15:32,1,5,0,2,2,3,1,1,2,0,1,0,2,2,4
Kevon Harris,https://www.basketball-reference.com/players/h/harrike01.html,2023,2022-11-30,ORL,ATL,,"L, 108-125",,13:13,4,4,0,0,1,1,1,0,1,0,1,0,2,2,9
Kevon Harris,https://www.basketball-reference.com/players/h/harrike01.html,2023,2022-12-02,ORL,CLE,@,"L, 96-107",,06:41,1,2,0,1,1,1,0,1,1,0,0,0,0,0,3
Kevon Harris,https://www.basketball-reference.com/players/h/harrike01.html,2023,2022-12-03,ORL,TOR,@,"L, 108-121",,20:58,2,4,1,1,0,0,1,2,3,2,0,0,0,1,5
Kevon Harris,https://www.basketball-reference.com/players/h/harrike01.html,2023,2022-12-05,ORL,MIL,,"L, 102-109",,,,,,,,,,,,,,,,,
Kevon Harris,https://www.basketball-reference.com/players/h/harrike01.html,2023,2022-12-07,ORL,LAC,,"W, 116-111 (OT)",,09:37,0,1,0,0,2,2,1,0,1,1,1,0,0,1,2
Kevon Harris,https://www.basketball-reference.com/players/h/harrike01.html,2023,2022-12-09,ORL,TOR,,"W, 113-109",,07:24,0,1,0,1,0,0,0,2,2,0,0,0,0,0,0
Kevon Harris,https://www.basketball-reference.com/players/h/harrike01.html,2023,2022-12-11,ORL,TOR,,"W, 111-99",,16:00,2,7,2,4,0,0,1,0,1,0,0,0,1,1,6
Kevon Harris,https://www.basketball-reference.com/players/h/harrike01.html,2023,2022-12-14,ORL,ATL,,"W, 135-124",,03:52,0,0,0,0,0,0,0,0,0,0,0,0,0,1,0
Kevon Harris,https://www.basketball-reference.com/players/h/harrike01.html,2023,2022-12-16,ORL,BOS,@,"W, 117-109",,05:18,2,2,1,1,0,0,0,1,1,0,1,0,0,1,5
Kevon Harris,https://www.basketball-reference.com/players/h/harrike01.html,2023,2022-12-18,ORL,BOS,@,"W, 95-92",,18:33,0,1,0,1,0,0,1,1,2,0,0,0,0,3,0
Kevon Harris,https://www.basketball-reference.com/players/h/harrike01.html,2023,2022-12-19,ORL,ATL,@,"L, 125-126",,08:37,0,0,0,0,0,0,0,0,0,0,0,1,0,3,0
Kevon Harris,https://www.basketball-reference.com/players/h/harrike01.html,2023,2022-12-21,ORL,HOU,@,"W, 116-110",,15:59,2,3,2,2,0,0,0,2,2,1,2,1,1,0,6
Kevon Harris,https://www.basketball-reference.com/players/h/harrike01.html,2023,2022-12-23,ORL,SAS,,"W, 133-113",,,,,,,,,,,,,,,,,
Kevon Harris,https://www.basketball-reference.com/players/h/harrike01.html,2023,2022-12-27,ORL,LAL,,"L, 110-129",,,,,,,,,,,,,,,,,
Kevon Harris,https://www.basketball-reference.com/players/h/harrike01.html,2023,2022-12-28,ORL,DET,@,"L, 101-121",,,,,,,,,,,,,,,,,
Kevon Harris,https://www.basketball-reference.com/players/h/harrike01.html,2023,2022-12-30,ORL,WAS,,"L, 100-119",,29:13,4,6,0,2,0,1,1,2,3,1,1,0,0,2,8
Kevon Harris,https://www.basketball-reference.com/players/h/harrike01.html,2023,2023-01-04,ORL,OKC,,"W, 126-115",,,,,,,,,,,,,,,,,
Kevon Harris,https://www.basketball-reference.com/players/h/harrike01.html,2023,2023-01-05,ORL,MEM,,"L, 115-123",,,,,,,,,,,,,,,,,
Kevon Harris,https://www.basketball-reference.com/players/h/harrike01.html,2023,2023-01-07,ORL,GSW,@,"W, 115-101",,,,,,,,,,,,,,,,,
Kevon Harris,https://www.basketball-reference.com/players/h/harrike01.html,2023,2023-01-09,ORL,SAC,@,"L, 111-136",,,,,,,,,,,,,,,,,
Kevon Harris,https://www.basketball-reference.com/players/h/harrike01.html,2023,2023-01-10,ORL,POR,@,"W, 109-106",,,,,,,,,,,,,,,,,
Kevon Harris,https://www.basketball-reference.com/players/h/harrike01.html,2023,2023-01-13,ORL,UTA,@,"L, 108-112",,,,,,,,,,,,,,,,,
Kevon Harris,https://www.basketball-reference.com/players/h/harrike01.html,2023,2023-01-15,ORL,DEN,@,"L, 116-119",,,,,,,,,,,,,,,,,
Kevon Harris,https://www.basketball-reference.com/players/h/harrike01.html,2023,2023-01-20,ORL,NOP,,"W, 123-110",,,,,,,,,,,,,,,,,
Kevon Harris,https://www.basketball-reference.com/players/h/harrike01.html,2023,2023-01-21,ORL,WAS,@,"L, 118-138",,,,,,,,,,,,,,,,,
Kevon Harris,https://www.basketball-reference.com/players/h/harrike01.html,2023,2023-01-23,ORL,BOS,,"W, 113-98",,,,,,,,,,,,,,,,,
Kevon Harris,https://www.basketball-reference.com/players/h/harrike01.html,2023,2023-01-25,ORL,IND,,"W, 126-120",,,,,,,,,,,,,,,,,
Kevon Harris,https://www.basketball-reference.com/players/h/harrike01.html,2023,2023-01-27,ORL,MIA,@,"L, 105-110",,,,,,,,,,,,,,,,,
Kevon Harris,https://www.basketball-reference.com/players/h/harrike01.html,2023,2023-01-28,ORL,CHI,,"L, 109-128",,,,,,,,,,,,,,,,,
Kevon Harris,https://www.basketball-reference.com/players/h/harrike01.html,2023,2023-01-30,ORL,PHI,@,"W, 119-109",,,,,,,,,,,,,,,,,
Kevon Harris,https://www.basketball-reference.com/players/h/harrike01.html,2023,2023-02-01,ORL,PHI,@,"L, 94-105",,,,,,,,,,,,,,,,,
Kevon Harris,https://www.basketball-reference.com/players/h/harrike01.html,2023,2023-02-03,ORL,MIN,@,"W, 127-120",,07:45,0,1,0,0,0,0,1,0,1,0,1,0,0,1,0
Kevon Harris,https://www.basketball-reference.com/players/h/harrike01.html,2023,2023-02-05,ORL,CHO,@,"W, 119-113",,,,,,,,,,,,,,,,,
Kevon Harris,https://www.basketball-reference.com/players/h/harrike01.html,2023,2023-02-07,ORL,NYK,,"L, 98-102",,,,,,,,,,,,,,,,,
Kevon Harris,https://www.basketball-reference.com/players/h/harrike01.html,2023,2023-02-09,ORL,DEN,,"W, 115-104",,,,,,,,,,,,,,,,,
Kevon Harris,https://www.basketball-reference.com/players/h/harrike01.html,2023,2023-02-11,ORL,MIA,,"L, 103-107 (OT)",,,,,,,,,,,,,,,,,
Kevon Harris,https://www.basketball-reference.com/players/h/harrike01.html,2023,2023-02-13,ORL,CHI,@,"W, 100-91",,,,,,,,,,,,,,,,,
Kevon Harris,https://www.basketball-reference.com/players/h/harrike01.html,2023,2023-02-14,ORL,TOR,@,"L, 113-123",,,,,,,,,,,,,,,,,
Kevon Harris,https://www.basketball-reference.com/players/h/harrike01.html,2023,2023-02-23,ORL,DET,,"W, 108-106",,,,,,,,,,,,,,,,,
Kevon Harris,https://www.basketball-reference.com/players/h/harrike01.html,2023,2023-02-25,ORL,IND,,"L, 108-121",,,,,,,,,,,,,,,,,
Kevon Harris,https://www.basketball-reference.com/players/h/harrike01.html,2023,2023-02-27,ORL,NOP,@,"W, 101-93",,,,,,,,,,,,,,,,,
Kevon Harris,https://www.basketball-reference.com/players/h/harrike01.html,2023,2023-03-01,ORL,MIL,@,"L, 117-139",,,,,,,,,,,,,,,,,
Kevon Harris,https://www.basketball-reference.com/players/h/harrike01.html,2023,2023-03-03,ORL,CHO,@,"W, 117-106",,,,,,,,,,,,,,,,,
Kevon Harris,https://www.basketball-reference.com/players/h/harrike01.html,2023,2023-03-05,ORL,POR,,"L, 119-122",,,,,,,,,,,,,,,,,
Kevon Harris,https://www.basketball-reference.com/players/h/harrike01.html,2023,2023-03-07,ORL,MIL,,"L, 123-134",,,,,,,,,,,,,,,,,
Kevon Harris,https://www.basketball-reference.com/players/h/harrike01.html,2023,2023-03-09,ORL,UTA,,"L, 124-131",,,,,,,,,,,,,,,,,
Kevon Harris,https://www.basketball-reference.com/players/h/harrike01.html,2023,2023-03-11,ORL,MIA,,"W, 126-114 (OT)",,,,,,,,,,,,,,,,,
Kevon Harris,https://www.basketball-reference.com/players/h/harrike01.html,2023,2023-03-14,ORL,SAS,@,"L, 114-132",,06:45,0,0,0,0,0,0,0,0,0,1,0,0,0,1,0
Kevon Harris,https://www.basketball-reference.com/players/h/harrike01.html,2023,2023-03-16,ORL,PHO,@,"L, 113-116",,,,,,,,,,,,,,,,,
Kevon Harris,https://www.basketball-reference.com/players/h/harrike01.html,2023,2023-03-18,ORL,LAC,@,"W, 113-108",,08:13,1,1,0,0,0,0,1,1,2,0,2,0,0,3,2
Kevon Harris,https://www.basketball-reference.com/players/h/harrike01.html,2023,2023-03-19,ORL,LAL,@,"L, 105-111",,15:42,1,5,0,2,0,0,0,2,2,0,1,0,0,2,2
Kevon Harris,https://www.basketball-reference.com/players/h/harrike01.html,2023,2023-03-21,ORL,WAS,,"W, 122-112",,15:50,0,0,0,0,0,0,1,1,2,0,0,1,0,2,0
Kevon Harris,https://www.basketball-reference.com/players/h/harrike01.html,2023,2023-03-23,ORL,NYK,,"W, 111-106",,,,,,,,,,,,,,,,,
Kevon Harris,https://www.basketball-reference.com/players/h/harrike01.html,2023,2023-03-26,ORL,BRK,,"W, 119-106",,,,,,,,,,,,,,,,,
Kevon Harris,https://www.basketball-reference.com/players/h/harrike01.html,2023,2023-03-28,ORL,MEM,@,"L, 108-113",,,,,,,,,,,,,,,,,
Kevon Harris,https://www.basketball-reference.com/players/h/harrike01.html,2023,2023-03-31,ORL,WAS,@,"W, 116-109",,,,,,,,,,,,,,,,,
Kevon Harris,https://www.basketball-reference.com/players/h/harrike01.html,2023,2023-04-02,ORL,DET,,"W, 128-102",,,,,,,,,,,,,,,,,
Kevon Harris,https://www.basketball-reference.com/players/h/harrike01.html,2023,2023-04-04,ORL,CLE,,"L, 113-117",,,,,,,,,,,,,,,,,
Kevon Harris,https://www.basketball-reference.com/players/h/harrike01.html,2023,2023-04-06,ORL,CLE,,"L, 94-118",,24:21,3,6,0,3,2,3,0,0,0,1,1,0,3,2,8
Kevon Harris,https://www.basketball-reference.com/players/h/harrike01.html,2023,2023-04-07,ORL,BRK,@,"L, 84-101",,23:19,3,6,1,3,3,4,0,3,3,0,0,1,2,4,10
Kevon Harris,https://www.basketball-reference.com/players/h/harrike01.html,2023,2023-04-09,ORL,MIA,@,"L, 110-123",,26:46,7,12,4,7,4,7,3,5,8,2,0,0,0,3,22
Caleb Houstan,https://www.basketball-reference.com/players/h/houstca01.html,2023,2022-10-19,ORL,DET,@,"L, 109-113",,21:55,0,3,0,2,0,0,0,3,3,0,0,1,0,3,0
Caleb Houstan,https://www.basketball-reference.com/players/h/houstca01.html,2023,2022-10-21,ORL,ATL,@,"L, 98-108",,,,,,,,,,,,,,,,,
Caleb Houstan,https://www.basketball-reference.com/players/h/houstca01.html,2023,2022-10-22,ORL,BOS,,"L, 120-126",,,,,,,,,,,,,,,,,
Caleb Houstan,https://www.basketball-reference.com/players/h/houstca01.html,2023,2022-10-24,ORL,NYK,@,"L, 102-115",,21:05,2,4,1,2,2,2,0,3,3,0,0,0,1,0,7
Caleb Houstan,https://www.basketball-reference.com/players/h/houstca01.html,2023,2022-10-26,ORL,CLE,@,"L, 92-103",,15:05,1,1,0,0,0,0,0,0,0,0,1,0,0,4,2
Caleb Houstan,https://www.basketball-reference.com/players/h/houstca01.html,2023,2022-10-28,ORL,CHO,,"W, 113-93",,24:02,1,6,1,6,0,0,0,3,3,2,0,0,2,4,3
Caleb Houstan,https://www.basketball-reference.com/players/h/houstca01.html,2023,2022-10-30,ORL,DAL,@,"L, 105-114",,,,,,,,,,,,,,,,,
Caleb Houstan,https://www.basketball-reference.com/players/h/houstca01.html,2023,,,,,,,,,,,,,,,,,,,,,,
Caleb Houstan,https://www.basketball-reference.com/players/h/houstca01.html,2023,2022-11-01,ORL,OKC,@,"L, 108-116",,14:52,1,5,1,3,0,0,0,1,1,1,0,0,0,0,3
Caleb Houstan,https://www.basketball-reference.com/players/h/houstca01.html,2023,2022-11-03,ORL,GSW,,"W, 130-129",,04:52,0,1,0,1,2,2,1,0,1,0,1,0,0,1,2
Caleb Houstan,https://www.basketball-reference.com/players/h/houstca01.html,2023,2022-11-05,ORL,SAC,,"L, 123-126 (OT)",,,,,,,,,,,,,,,,,
Caleb Houstan,https://www.basketball-reference.com/players/h/houstca01.html,2023,2022-11-07,ORL,HOU,,"L, 127-134",,09:15,0,0,0,0,0,0,1,0,1,0,0,0,0,0,0
Caleb Houstan,https://www.basketball-reference.com/players/h/houstca01.html,2023,2022-11-09,ORL,DAL,,"W, 94-87",,26:25,3,5,1,2,1,2,1,1,2,1,0,0,0,1,8
Caleb Houstan,https://www.basketball-reference.com/players/h/houstca01.html,2023,2022-11-11,ORL,PHO,,"W, 114-97",,19:16,1,1,1,1,0,0,0,2,2,0,0,0,1,0,3
Caleb Houstan,https://www.basketball-reference.com/players/h/houstca01.html,2023,2022-11-14,ORL,CHO,,"L, 105-112",,15:20,2,5,2,5,0,0,2,2,4,1,0,0,0,1,6
Caleb Houstan,https://www.basketball-reference.com/players/h/houstca01.html,2023,2022-11-16,ORL,MIN,,"L, 108-126",,22:19,1,3,1,3,0,0,0,4,4,0,0,0,0,0,3
Caleb Houstan,https://www.basketball-reference.com/players/h/houstca01.html,2023,2022-11-18,ORL,CHI,@,"W, 108-107",,,,,,,,,,,,,,,,,
Caleb Houstan,https://www.basketball-reference.com/players/h/houstca01.html,2023,2022-11-19,ORL,IND,@,"L, 113-114",,18:31,0,4,0,1,2,2,1,1,2,1,0,0,0,4,2
Caleb Houstan,https://www.basketball-reference.com/players/h/houstca01.html,2023,2022-11-21,ORL,IND,@,"L, 102-123",,12:37,1,1,1,1,1,2,1,0,1,1,0,0,1,3,4
Caleb Houstan,https://www.basketball-reference.com/players/h/houstca01.html,2023,2022-11-25,ORL,PHI,,"L, 99-107",,14:05,3,6,1,4,0,0,2,0,2,2,0,0,0,2,7
Caleb Houstan,https://www.basketball-reference.com/players/h/houstca01.html,2023,2022-11-27,ORL,PHI,,"L, 103-133",,26:09,4,8,4,8,0,0,0,1,1,3,1,0,0,2,12
Caleb Houstan,https://www.basketball-reference.com/players/h/houstca01.html,2023,2022-11-28,ORL,BRK,@,"L, 102-109",,30:52,1,4,1,3,0,0,1,6,7,1,1,0,0,2,3
Caleb Houstan,https://www.basketball-reference.com/players/h/houstca01.html,2023,2022-11-30,ORL,ATL,,"L, 108-125",,15:21,2,3,1,2,0,0,0,5,5,1,0,1,0,0,5
Caleb Houstan,https://www.basketball-reference.com/players/h/houstca01.html,2023,2022-12-02,ORL,CLE,@,"L, 96-107",,19:08,1,3,1,3,0,0,0,2,2,0,0,0,0,1,3
Caleb Houstan,https://www.basketball-reference.com/players/h/houstca01.html,2023,2022-12-03,ORL,TOR,@,"L, 108-121",,24:40,3,9,2,5,0,0,1,3,4,2,0,0,0,4,8
Caleb Houstan,https://www.basketball-reference.com/players/h/houstca01.html,2023,2022-12-05,ORL,MIL,,"L, 102-109",,23:40,1,6,1,4,0,0,3,2,5,0,0,0,0,3,3
Caleb Houstan,https://www.basketball-reference.com/players/h/houstca01.html,2023,2022-12-07,ORL,LAC,,"W, 116-111 (OT)",,12:09,1,2,0,1,3,3,1,1,2,0,0,0,1,1,5
Caleb Houstan,https://www.basketball-reference.com/players/h/houstca01.html,2023,2022-12-09,ORL,TOR,,"W, 113-109",,,,,,,,,,,,,,,,,
Caleb Houstan,https://www.basketball-reference.com/players/h/houstca01.html,2023,2022-12-11,ORL,TOR,,"W, 111-99",,,,,,,,,,,,,,,,,
Caleb Houstan,https://www.basketball-reference.com/players/h/houstca01.html,2023,2022-12-14,ORL,ATL,,"W, 135-124",,,,,,,,,,,,,,,,,
Caleb Houstan,https://www.basketball-reference.com/players/h/houstca01.html,2023,2022-12-16,ORL,BOS,@,"W, 117-109",,,,,,,,,,,,,,,,,
Caleb Houstan,https://www.basketball-reference.com/players/h/houstca01.html,2023,2022-12-18,ORL,BOS,@,"W, 95-92",,,,,,,,,,,,,,,,,
Caleb Houstan,https://www.basketball-reference.com/players/h/houstca01.html,2023,2022-12-19,ORL,ATL,@,"L, 125-126",,,,,,,,,,,,,,,,,
Caleb Houstan,https://www.basketball-reference.com/players/h/houstca01.html,2023,2022-12-21,ORL,HOU,@,"W, 116-110",,,,,,,,,,,,,,,,,
Caleb Houstan,https://www.basketball-reference.com/players/h/houstca01.html,2023,2022-12-23,ORL,SAS,,"W, 133-113",,05:31,1,2,1,2,0,0,0,0,0,0,0,0,0,1,3
Caleb Houstan,https://www.basketball-reference.com/players/h/houstca01.html,2023,2022-12-27,ORL,LAL,,"L, 110-129",,08:48,1,1,1,1,0,0,0,1,1,0,0,0,0,0,3
Caleb Houstan,https://www.basketball-reference.com/players/h/houstca01.html,2023,2022-12-28,ORL,DET,@,"L, 101-121",,10:02,1,3,0,2,0,0,1,1,2,0,0,0,1,2,2
Caleb Houstan,https://www.basketball-reference.com/players/h/houstca01.html,2023,2022-12-30,ORL,WAS,,"L, 100-119",,28:03,3,5,2,4,0,0,1,1,2,0,0,1,2,1,8
Caleb Houstan,https://www.basketball-reference.com/players/h/houstca01.html,2023,2023-01-04,ORL,OKC,,"W, 126-115",,28:21,4,9,3,7,0,0,3,2,5,1,1,0,1,2,11
Caleb Houstan,https://www.basketball-reference.com/players/h/houstca01.html,2023,2023-01-05,ORL,MEM,,"L, 115-123",,12:00,1,1,1,1,0,0,0,2,2,0,0,0,0,0,3
Caleb Houstan,https://www.basketball-reference.com/players/h/houstca01.html,2023,2023-01-07,ORL,GSW,@,"W, 115-101",,02:11,0,1,0,1,0,0,0,0,0,0,0,0,0,0,0
Caleb Houstan,https://www.basketball-reference.com/players/h/houstca01.html,2023,2023-01-09,ORL,SAC,@,"L, 111-136",,06:32,0,2,0,1,0,0,1,1,2,1,0,0,0,0,0
Caleb Houstan,https://www.basketball-reference.com/players/h/houstca01.html,2023,2023-01-10,ORL,POR,@,"W, 109-106",,02:33,0,1,0,1,0,0,0,0,0,0,0,0,0,1,0
Caleb Houstan,https://www.basketball-reference.com/players/h/houstca01.html,2023,2023-01-13,ORL,UTA,@,"L, 108-112",,,,,,,,,,,,,,,,,
Caleb Houstan,https://www.basketball-reference.com/players/h/houstca01.html,2023,2023-01-15,ORL,DEN,@,"L, 116-119",,,,,,,,,,,,,,,,,
Caleb Houstan,https://www.basketball-reference.com/players/h/houstca01.html,2023,2023-01-20,ORL,NOP,,"W, 123-110",,,,,,,,,,,,,,,,,
Caleb Houstan,https://www.basketball-reference.com/players/h/houstca01.html,2023,2023-01-21,ORL,WAS,@,"L, 118-138",,,,,,,,,,,,,,,,,
Caleb Houstan,https://www.basketball-reference.com/players/h/houstca01.html,2023,2023-01-23,ORL,BOS,,"W, 113-98",,,,,,,,,,,,,,,,,
Caleb Houstan,https://www.basketball-reference.com/players/h/houstca01.html,2023,2023-01-25,ORL,IND,,"W, 126-120",,,,,,,,,,,,,,,,,
Caleb Houstan,https://www.basketball-reference.com/players/h/houstca01.html,2023,2023-01-27,ORL,MIA,@,"L, 105-110",,,,,,,,,,,,,,,,,
Caleb Houstan,https://www.basketball-reference.com/players/h/houstca01.html,2023,2023-01-28,ORL,CHI,,"L, 109-128",,,,,,,,,,,,,,,,,
Caleb Houstan,https://www.basketball-reference.com/players/h/houstca01.html,2023,2023-01-30,ORL,PHI,@,"W, 119-109",,,,,,,,,,,,,,,,,
Caleb Houstan,https://www.basketball-reference.com/players/h/houstca01.html,2023,2023-02-01,ORL,PHI,@,"L, 94-105",,,,,,,,,,,,,,,,,
Caleb Houstan,https://www.basketball-reference.com/players/h/houstca01.html,2023,2023-02-03,ORL,MIN,@,"W, 127-120",,,,,,,,,,,,,,,,,
Caleb Houstan,https://www.basketball-reference.com/players/h/houstca01.html,2023,2023-02-05,ORL,CHO,@,"W, 119-113",,12:04,3,4,2,2,0,0,1,1,2,0,0,0,2,2,8
Caleb Houstan,https://www.basketball-reference.com/players/h/houstca01.html,2023,2023-02-07,ORL,NYK,,"L, 98-102",,,,,,,,,,,,,,,,,
Caleb Houstan,https://www.basketball-reference.com/players/h/houstca01.html,2023,2023-02-09,ORL,DEN,,"W, 115-104",,16:17,3,4,1,2,0,0,2,0,2,0,1,0,0,1,7
Caleb Houstan,https://www.basketball-reference.com/players/h/houstca01.html,2023,2023-02-11,ORL,MIA,,"L, 103-107 (OT)",,,,,,,,,,,,,,,,,
Caleb Houstan,https://www.basketball-reference.com/players/h/houstca01.html,2023,2023-02-13,ORL,CHI,@,"W, 100-91",,13:01,2,5,1,2,0,0,0,2,2,0,0,0,0,2,5
Caleb Houstan,https://www.basketball-reference.com/players/h/houstca01.html,2023,2023-02-14,ORL,TOR,@,"L, 113-123",,11:49,2,4,1,2,0,0,0,1,1,0,1,0,0,1,5
Caleb Houstan,https://www.basketball-reference.com/players/h/houstca01.html,2023,2023-02-23,ORL,DET,,"W, 108-106",,,,,,,,,,,,,,,,,
Caleb Houstan,https://www.basketball-reference.com/players/h/houstca01.html,2023,2023-02-25,ORL,IND,,"L, 108-121",,,,,,,,,,,,,,,,,
Caleb Houstan,https://www.basketball-reference.com/players/h/houstca01.html,2023,2023-02-27,ORL,NOP,@,"W, 101-93",,,,,,,,,,,,,,,,,
Caleb Houstan,https://www.basketball-reference.com/players/h/houstca01.html,2023,2023-03-01,ORL,MIL,@,"L, 117-139",,04:28,0,1,0,1,0,0,0,1,1,1,0,0,0,0,0
Caleb Houstan,https://www.basketball-reference.com/players/h/houstca01.html,2023,2023-03-03,ORL,CHO,@,"W, 117-106",,08:44,1,3,1,3,0,0,0,0,0,0,0,0,0,1,3
Caleb Houstan,https://www.basketball-reference.com/players/h/houstca01.html,2023,2023-03-05,ORL,POR,,"L, 119-122",,15:37,1,3,1,2,0,0,2,0,2,0,0,0,0,3,3
Caleb Houstan,https://www.basketball-reference.com/players/h/houstca01.html,2023,2023-03-07,ORL,MIL,,"L, 123-134",,22:15,1,4,1,4,0,0,0,3,3,0,0,0,0,0,3
Caleb Houstan,https://www.basketball-reference.com/players/h/houstca01.html,2023,2023-03-09,ORL,UTA,,"L, 124-131",,,,,,,,,,,,,,,,,
Caleb Houstan,https://www.basketball-reference.com/players/h/houstca01.html,2023,2023-03-11,ORL,MIA,,"W, 126-114 (OT)",,00:32,0,0,0,0,0,0,0,0,0,0,0,0,0,0,0
Caleb Houstan,https://www.basketball-reference.com/players/h/houstca01.html,2023,2023-03-14,ORL,SAS,@,"L, 114-132",,01:46,0,0,0,0,0,0,0,0,0,0,0,0,0,0,0
Caleb Houstan,https://www.basketball-reference.com/players/h/houstca01.html,2023,2023-03-16,ORL,PHO,@,"L, 113-116",,,,,,,,,,,,,,,,,
Caleb Houstan,https://www.basketball-reference.com/players/h/houstca01.html,2023,2023-03-18,ORL,LAC,@,"W, 113-108",,15:50,0,1,0,1,0,0,0,2,2,0,1,0,0,2,0
Caleb Houstan,https://www.basketball-reference.com/players/h/houstca01.html,2023,2023-03-19,ORL,LAL,@,"L, 105-111",,14:13,0,2,0,2,0,0,2,0,2,0,0,0,1,2,0
Caleb Houstan,https://www.basketball-reference.com/players/h/houstca01.html,2023,2023-03-21,ORL,WAS,,"W, 122-112",,14:06,0,1,0,1,0,0,0,1,1,1,0,0,0,3,0
Caleb Houstan,https://www.basketball-reference.com/players/h/houstca01.html,2023,2023-03-23,ORL,NYK,,"W, 111-106",,24:50,3,7,2,5,0,0,2,3,5,1,0,2,2,1,8
Caleb Houstan,https://www.basketball-reference.com/players/h/houstca01.html,2023,2023-03-26,ORL,BRK,,"W, 119-106",,22:17,0,5,0,5,0,0,1,1,2,1,0,1,1,0,0
Caleb Houstan,https://www.basketball-reference.com/players/h/houstca01.html,2023,2023-03-28,ORL,MEM,@,"L, 108-113",,08:44,0,3,0,3,0,0,0,0,0,0,0,0,0,0,0
Caleb Houstan,https://www.basketball-reference.com/players/h/houstca01.html,2023,2023-03-31,ORL,WAS,@,"W, 116-109",,14:15,0,2,0,2,0,0,0,1,1,2,0,0,0,0,0
Caleb Houstan,https://www.basketball-reference.com/players/h/houstca01.html,2023,2023-04-02,ORL,DET,,"W, 128-102",,05:39,0,1,0,1,0,0,0,0,0,2,0,0,0,0,0
Caleb Houstan,https://www.basketball-reference.com/players/h/houstca01.html,2023,2023-04-04,ORL,CLE,,"L, 113-117",,,,,,,,,,,,,,,,,
Caleb Houstan,https://www.basketball-reference.com/players/h/houstca01.html,2023,2023-04-06,ORL,CLE,,"L, 94-118",,30:13,3,9,2,7,0,0,1,1,2,2,1,0,1,0,8
Caleb Houstan,https://www.basketball-reference.com/players/h/houstca01.html,2023,2023-04-07,ORL,BRK,@,"L, 84-101",,25:56,1,3,1,3,0,0,2,0,2,1,1,1,1,0,3
Caleb Houstan,https://www.basketball-reference.com/players/h/houstca01.html,2023,2023-04-09,ORL,MIA,@,"L, 110-123",,33:55,6,15,5,11,4,5,0,0,0,1,2,0,0,2,21
Julian Champagnie,https://www.basketball-reference.com/players/c/champju02.html,2023,2022-10-18,PHI,BOS,@,"L, 117-126",,,,,,,,,,,,,,,,,
Julian Champagnie,https://www.basketball-reference.com/players/c/champju02.html,2023,2022-10-20,PHI,MIL,,"L, 88-90",,,,,,,,,,,,,,,,,
Julian Champagnie,https://www.basketball-reference.com/players/c/champju02.html,2023,2022-10-22,PHI,SAS,,"L, 105-114",,,,,,,,,,,,,,,,,
Julian Champagnie,https://www.basketball-reference.com/players/c/champju02.html,2023,2022-10-24,PHI,IND,,"W, 120-106",,,,,,,,,,,,,,,,,
Julian Champagnie,https://www.basketball-reference.com/players/c/champju02.html,2023,2022-10-26,PHI,TOR,@,"L, 109-119",,,,,,,,,,,,,,,,,
Julian Champagnie,https://www.basketball-reference.com/players/c/champju02.html,2023,2022-10-28,PHI,TOR,@,"W, 112-90",,,,,,,,,,,,,,,,,
Julian Champagnie,https://www.basketball-reference.com/players/c/champju02.html,2023,2022-10-29,PHI,CHI,@,"W, 114-109",,,,,,,,,,,,,,,,,
Julian Champagnie,https://www.basketball-reference.com/players/c/champju02.html,2023,2022-10-31,PHI,WAS,@,"W, 118-111",,,,,,,,,,,,,,,,,
Julian Champagnie,https://www.basketball-reference.com/players/c/champju02.html,2023,,,,,,,,,,,,,,,,,,,,,,
Julian Champagnie,https://www.basketball-reference.com/players/c/champju02.html,2023,2022-11-02,PHI,WAS,,"L, 111-121",,,,,,,,,,,,,,,,,
Julian Champagnie,https://www.basketball-reference.com/players/c/champju02.html,2023,2022-11-04,PHI,NYK,,"L, 104-106",,,,,,,,,,,,,,,,,
Julian Champagnie,https://www.basketball-reference.com/players/c/champju02.html,2023,2022-11-07,PHI,PHO,,"W, 100-88",,,,,,,,,,,,,,,,,
Julian Champagnie,https://www.basketball-reference.com/players/c/champju02.html,2023,2022-11-10,PHI,ATL,@,"L, 95-104",,,,,,,,,,,,,,,,,
Julian Champagnie,https://www.basketball-reference.com/players/c/champju02.html,2023,2022-11-12,PHI,ATL,,"W, 121-109",,,,,,,,,,,,,,,,,
Julian Champagnie,https://www.basketball-reference.com/players/c/champju02.html,2023,2022-11-13,PHI,UTA,,"W, 105-98",,,,,,,,,,,,,,,,,
Julian Champagnie,https://www.basketball-reference.com/players/c/champju02.html,2023,2022-11-18,PHI,MIL,,"W, 110-102",,,,,,,,,,,,,,,,,
Julian Champagnie,https://www.basketball-reference.com/players/c/champju02.html,2023,2022-11-19,PHI,MIN,,"L, 109-112",,,,,,,,,,,,,,,,,
Julian Champagnie,https://www.basketball-reference.com/players/c/champju02.html,2023,2022-11-22,PHI,BRK,,"W, 115-106",,01:23,0,1,0,0,0,0,0,0,0,0,0,0,0,0,0
Julian Champagnie,https://www.basketball-reference.com/players/c/champju02.html,2023,2022-11-23,PHI,CHO,@,"L, 101-107",,,,,,,,,,,,,,,,,
Julian Champagnie,https://www.basketball-reference.com/players/c/champju02.html,2023,2022-11-25,PHI,ORL,@,"W, 107-99",,,,,,,,,,,,,,,,,
Julian Champagnie,https://www.basketball-reference.com/players/c/champju02.html,2023,2022-11-27,PHI,ORL,@,"W, 133-103",,05:17,0,1,0,1,0,0,0,0,0,0,1,0,0,0,0
Julian Champagnie,https://www.basketball-reference.com/players/c/champju02.html,2023,2022-11-28,PHI,ATL,,"W, 104-101",,,,,,,,,,,,,,,,,
Julian Champagnie,https://www.basketball-reference.com/players/c/champju02.html,2023,2022-11-30,PHI,CLE,@,"L, 85-113",,,,,,,,,,,,,,,,,
Julian Champagnie,https://www.basketball-reference.com/players/c/champju02.html,2023,2022-12-02,PHI,MEM,@,"L, 109-117",,,,,,,,,,,,,,,,,
Julian Champagnie,https://www.basketball-reference.com/players/c/champju02.html,2023,2022-12-05,PHI,HOU,@,"L, 123-132 (2OT)",,,,,,,,,,,,,,,,,
Julian Champagnie,https://www.basketball-reference.com/players/c/champju02.html,2023,2022-12-09,PHI,LAL,,"W, 133-122 (OT)",,,,,,,,,,,,,,,,,
Julian Champagnie,https://www.basketball-reference.com/players/c/champju02.html,2023,2022-12-11,PHI,CHO,,"W, 131-113",,,,,,,,,,,,,,,,,
Julian Champagnie,https://www.basketball-reference.com/players/c/champju02.html,2023,2022-12-13,PHI,SAC,,"W, 123-103",,,,,,,,,,,,,,,,,
Julian Champagnie,https://www.basketball-reference.com/players/c/champju02.html,2023,2022-12-16,PHI,GSW,,"W, 118-106",,,,,,,,,,,,,,,,,
Julian Champagnie,https://www.basketball-reference.com/players/c/champju02.html,2023,2022-12-19,PHI,TOR,,"W, 104-101 (OT)",,,,,,,,,,,,,,,,,
Julian Champagnie,https://www.basketball-reference.com/players/c/champju02.html,2023,2022-12-21,PHI,DET,,"W, 113-93",,,,,,,,,,,,,,,,,
Julian Champagnie,https://www.basketball-reference.com/players/c/champju02.html,2023,2022-12-23,PHI,LAC,,"W, 119-114",,,,,,,,,,,,,,,,,
Julian Champagnie,https://www.basketball-reference.com/players/c/champju02.html,2023,2022-12-25,PHI,NYK,@,"W, 119-112",,,,,,,,,,,,,,,,,
Julian Champagnie,https://www.basketball-reference.com/players/c/champju02.html,2023,2022-12-27,PHI,WAS,@,"L, 111-116",,,,,,,,,,,,,,,,,
Julian Champagnie,https://www.basketball-reference.com/players/c/champju02.html,2023,2022-12-30,PHI,NOP,@,"L, 116-127",,,,,,,,,,,,,,,,,
Julian Champagnie,https://www.basketball-reference.com/players/c/champju02.html,2023,2022-12-31,PHI,OKC,@,"W, 115-96",,,,,,,,,,,,,,,,,
Julian Champagnie,https://www.basketball-reference.com/players/c/champju02.html,2023,2023-01-02,PHI,NOP,,"W, 120-111",,,,,,,,,,,,,,,,,
Julian Champagnie,https://www.basketball-reference.com/players/c/champju02.html,2023,2023-01-04,PHI,IND,,"W, 129-126 (OT)",,,,,,,,,,,,,,,,,
Julian Champagnie,https://www.basketball-reference.com/players/c/champju02.html,2023,2023-01-06,PHI,CHI,,"L, 112-126",,,,,,,,,,,,,,,,,
Julian Champagnie,https://www.basketball-reference.com/players/c/champju02.html,2023,2023-01-08,PHI,DET,@,"W, 123-111",,,,,,,,,,,,,,,,,
Julian Champagnie,https://www.basketball-reference.com/players/c/champju02.html,2023,2023-01-10,PHI,DET,,"W, 147-116",,,,,,,,,,,,,,,,,
Julian Champagnie,https://www.basketball-reference.com/players/c/champju02.html,2023,2023-01-12,PHI,OKC,,"L, 114-133",,,,,,,,,,,,,,,,,
Julian Champagnie,https://www.basketball-reference.com/players/c/champju02.html,2023,2023-01-14,PHI,UTA,@,"W, 118-117",,,,,,,,,,,,,,,,,
Julian Champagnie,https://www.basketball-reference.com/players/c/champju02.html,2023,2023-01-15,PHI,LAL,@,"W, 113-112",,,,,,,,,,,,,,,,,
Julian Champagnie,https://www.basketball-reference.com/players/c/champju02.html,2023,2023-01-17,PHI,LAC,@,"W, 120-110",,,,,,,,,,,,,,,,,
Julian Champagnie,https://www.basketball-reference.com/players/c/champju02.html,2023,2023-01-19,PHI,POR,@,"W, 105-95",,,,,,,,,,,,,,,,,
Julian Champagnie,https://www.basketball-reference.com/players/c/champju02.html,2023,2023-01-21,PHI,SAC,@,"W, 129-127",,,,,,,,,,,,,,,,,
Julian Champagnie,https://www.basketball-reference.com/players/c/champju02.html,2023,2023-01-25,PHI,BRK,,"W, 137-133",,,,,,,,,,,,,,,,,
Julian Champagnie,https://www.basketball-reference.com/players/c/champju02.html,2023,2023-01-28,PHI,DEN,,"W, 126-119",,,,,,,,,,,,,,,,,
Julian Champagnie,https://www.basketball-reference.com/players/c/champju02.html,2023,2023-01-30,PHI,ORL,,"L, 109-119",,,,,,,,,,,,,,,,,
Julian Champagnie,https://www.basketball-reference.com/players/c/champju02.html,2023,2023-02-01,PHI,ORL,,"W, 105-94",,,,,,,,,,,,,,,,,
Julian Champagnie,https://www.basketball-reference.com/players/c/champju02.html,2023,2023-02-03,PHI,SAS,@,"W, 137-125",,,,,,,,,,,,,,,,,
Julian Champagnie,https://www.basketball-reference.com/players/c/champju02.html,2023,2023-02-05,PHI,NYK,@,"L, 97-108",,,,,,,,,,,,,,,,,
Julian Champagnie,https://www.basketball-reference.com/players/c/champju02.html,2023,2023-02-08,PHI,BOS,@,"L, 99-106",,,,,,,,,,,,,,,,,
Julian Champagnie,https://www.basketball-reference.com/players/c/champju02.html,2023,2023-02-10,PHI,NYK,,"W, 119-108",,,,,,,,,,,,,,,,,
Julian Champagnie,https://www.basketball-reference.com/players/c/champju02.html,2023,2023-02-11,PHI,BRK,@,"W, 101-98",,,,,,,,,,,,,,,,,
Julian Champagnie,https://www.basketball-reference.com/players/c/champju02.html,2023,2023-02-13,PHI,HOU,,"W, 123-104",,,,,,,,,,,,,,,,,
Julian Champagnie,https://www.basketball-reference.com/players/c/champju02.html,2023,2023-02-23,SAS,DAL,@,"L, 116-142",,,,,,,,,,,,,,,,,
Julian Champagnie,https://www.basketball-reference.com/players/c/champju02.html,2023,2023-02-25,SAS,UTA,@,"L, 102-118",,,,,,,,,,,,,,,,,
Julian Champagnie,https://www.basketball-reference.com/players/c/champju02.html,2023,2023-02-28,SAS,UTA,@,"W, 102-94",,,,,,,,,,,,,,,,,
Julian Champagnie,https://www.basketball-reference.com/players/c/champju02.html,2023,2023-03-02,SAS,IND,,"W, 110-99",,,,,,,,,,,,,,,,,
Julian Champagnie,https://www.basketball-reference.com/players/c/champju02.html,2023,2023-03-04,SAS,HOU,,"L, 110-122",,11:34,2,5,2,5,0,0,1,2,3,0,0,0,0,1,6
Julian Champagnie,https://www.basketball-reference.com/players/c/champju02.html,2023,2023-03-05,SAS,HOU,@,"L, 110-142",,11:58,3,4,1,2,0,0,0,2,2,1,0,0,0,0,7
Julian Champagnie,https://www.basketball-reference.com/players/c/champju02.html,2023,2023-03-10,SAS,DEN,,"W, 128-120",,,,,,,,,,,,,,,,,
Julian Champagnie,https://www.basketball-reference.com/players/c/champju02.html,2023,2023-03-12,SAS,OKC,,"L, 90-102",,,,,,,,,,,,,,,,,
Julian Champagnie,https://www.basketball-reference.com/players/c/champju02.html,2023,2023-03-14,SAS,ORL,,"W, 132-114",,07:25,1,2,1,2,0,0,0,2,2,1,0,0,1,0,3
Julian Champagnie,https://www.basketball-reference.com/players/c/champju02.html,2023,2023-03-15,SAS,DAL,,"L, 128-137 (OT)",,,,,,,,,,,,,,,,,
Julian Champagnie,https://www.basketball-reference.com/players/c/champju02.html,2023,2023-03-17,SAS,MEM,,"L, 120-126 (OT)",,,,,,,,,,,,,,,,,
Julian Champagnie,https://www.basketball-reference.com/players/c/champju02.html,2023,2023-03-19,SAS,ATL,,"W, 126-118",,18:15,4,8,3,6,0,0,1,2,3,0,0,0,1,3,11
Julian Champagnie,https://www.basketball-reference.com/players/c/champju02.html,2023,2023-03-21,SAS,NOP,@,"L, 84-119",,18:20,2,5,2,5,0,0,0,6,6,0,0,1,1,3,6
Julian Champagnie,https://www.basketball-reference.com/players/c/champju02.html,2023,2023-03-22,SAS,MIL,@,"L, 94-130",,27:43,3,9,2,5,0,0,0,2,2,0,0,1,0,2,8
Julian Champagnie,https://www.basketball-reference.com/players/c/champju02.html,2023,2023-03-24,SAS,WAS,@,"L, 124-136",,18:10,5,8,1,4,1,1,0,3,3,0,0,2,0,2,12
Julian Champagnie,https://www.basketball-reference.com/players/c/champju02.html,2023,2023-03-26,SAS,BOS,@,"L, 93-137",,09:00,1,2,0,1,0,0,0,1,1,0,0,0,0,1,2
Julian Champagnie,https://www.basketball-reference.com/players/c/champju02.html,2023,2023-03-29,SAS,UTA,,"L, 117-128",,25:13,1,6,0,3,0,0,1,1,2,1,0,0,2,3,2
Julian Champagnie,https://www.basketball-reference.com/players/c/champju02.html,2023,2023-03-31,SAS,GSW,@,"L, 115-130",,19:36,3,8,2,6,0,0,3,2,5,1,2,0,0,2,8
Julian Champagnie,https://www.basketball-reference.com/players/c/champju02.html,2023,2023-04-02,SAS,SAC,@,"W, 142-134 (OT)",,28:13,9,14,4,7,4,5,0,6,6,0,1,0,2,2,26
Julian Champagnie,https://www.basketball-reference.com/players/c/champju02.html,2023,2023-04-04,SAS,PHO,@,"L, 94-115",,27:33,4,11,2,7,0,0,1,5,6,1,0,1,0,2,10
Julian Champagnie,https://www.basketball-reference.com/players/c/champju02.html,2023,2023-04-06,SAS,POR,,"W, 129-127",,25:29,8,14,5,9,3,4,2,3,5,1,2,0,2,2,24
Julian Champagnie,https://www.basketball-reference.com/players/c/champju02.html,2023,2023-04-08,SAS,MIN,,"L, 131-151",,31:51,8,16,5,9,3,3,0,4,4,1,0,0,2,3,24
Julian Champagnie,https://www.basketball-reference.com/players/c/champju02.html,2023,2023-04-09,SAS,DAL,@,"W, 138-117",,33:08,5,16,3,10,3,4,1,9,10,3,0,0,0,0,16
Michael Foster Jr.,https://www.basketball-reference.com/players/f/fostemi02.html,2023,2022-10-18,PHI,BOS,@,"L, 117-126",,,,,,,,,,,,,,,,,
Michael Foster Jr.,https://www.basketball-reference.com/players/f/fostemi02.html,2023,2022-10-20,PHI,MIL,,"L, 88-90",,,,,,,,,,,,,,,,,
Michael Foster Jr.,https://www.basketball-reference.com/players/f/fostemi02.html,2023,2022-10-22,PHI,SAS,,"L, 105-114",,,,,,,,,,,,,,,,,
Michael Foster Jr.,https://www.basketball-reference.com/players/f/fostemi02.html,2023,2022-10-24,PHI,IND,,"W, 120-106",,,,,,,,,,,,,,,,,
Michael Foster Jr.,https://www.basketball-reference.com/players/f/fostemi02.html,2023,2022-10-26,PHI,TOR,@,"L, 109-119",,,,,,,,,,,,,,,,,
Michael Foster Jr.,https://www.basketball-reference.com/players/f/fostemi02.html,2023,2022-10-28,PHI,TOR,@,"W, 112-90",,,,,,,,,,,,,,,,,
Michael Foster Jr.,https://www.basketball-reference.com/players/f/fostemi02.html,2023,2022-10-29,PHI,CHI,@,"W, 114-109",,,,,,,,,,,,,,,,,
Michael Foster Jr.,https://www.basketball-reference.com/players/f/fostemi02.html,2023,2022-10-31,PHI,WAS,@,"W, 118-111",,,,,,,,,,,,,,,,,
Michael Foster Jr.,https://www.basketball-reference.com/players/f/fostemi02.html,2023,,,,,,,,,,,,,,,,,,,,,,
Michael Foster Jr.,https://www.basketball-reference.com/players/f/fostemi02.html,2023,2022-11-02,PHI,WAS,,"L, 111-121",,,,,,,,,,,,,,,,,
Michael Foster Jr.,https://www.basketball-reference.com/players/f/fostemi02.html,2023,2022-11-04,PHI,NYK,,"L, 104-106",,,,,,,,,,,,,,,,,
Michael Foster Jr.,https://www.basketball-reference.com/players/f/fostemi02.html,2023,2022-11-07,PHI,PHO,,"W, 100-88",,,,,,,,,,,,,,,,,
Michael Foster Jr.,https://www.basketball-reference.com/players/f/fostemi02.html,2023,2022-11-10,PHI,ATL,@,"L, 95-104",,,,,,,,,,,,,,,,,
Michael Foster Jr.,https://www.basketball-reference.com/players/f/fostemi02.html,2023,2022-11-12,PHI,ATL,,"W, 121-109",,,,,,,,,,,,,,,,,
Michael Foster Jr.,https://www.basketball-reference.com/players/f/fostemi02.html,2023,2022-11-13,PHI,UTA,,"W, 105-98",,,,,,,,,,,,,,,,,
Michael Foster Jr.,https://www.basketball-reference.com/players/f/fostemi02.html,2023,2022-11-18,PHI,MIL,,"W, 110-102",,,,,,,,,,,,,,,,,
Michael Foster Jr.,https://www.basketball-reference.com/players/f/fostemi02.html,2023,2022-11-19,PHI,MIN,,"L, 109-112",,,,,,,,,,,,,,,,,
Michael Foster Jr.,https://www.basketball-reference.com/players/f/fostemi02.html,2023,2022-11-22,PHI,BRK,,"W, 115-106",,01:02,0,0,0,0,0,0,0,0,0,0,0,0,0,0,0
Jalen McDaniels,https://www.basketball-reference.com/players/m/mcdanja01.html,2023,2022-10-19,CHO,SAS,@,"W, 129-102",,23:20,2,5,1,2,0,0,0,5,5,2,1,1,0,0,5
Jalen McDaniels,https://www.basketball-reference.com/players/m/mcdanja01.html,2023,2022-10-21,CHO,NOP,,"L, 112-124",,26:30,5,7,4,4,0,0,0,5,5,2,0,1,1,4,14
Jalen McDaniels,https://www.basketball-reference.com/players/m/mcdanja01.html,2023,2022-10-23,CHO,ATL,@,"W, 126-109",,20:21,3,6,1,3,2,2,1,4,5,3,0,1,1,3,9
Jalen McDaniels,https://www.basketball-reference.com/players/m/mcdanja01.html,2023,2022-10-26,CHO,NYK,@,"L, 131-134 (OT)",,22:48,6,10,3,3,2,2,1,5,6,2,1,1,1,4,17
Jalen McDaniels,https://www.basketball-reference.com/players/m/mcdanja01.html,2023,2022-10-28,CHO,ORL,@,"L, 93-113",,22:05,1,7,0,2,4,4,1,6,7,2,1,0,1,3,6
Jalen McDaniels,https://www.basketball-reference.com/players/m/mcdanja01.html,2023,2022-10-29,CHO,GSW,,"W, 120-113 (OT)",,32:29,4,10,2,5,2,2,2,9,11,2,0,0,2,1,12
Jalen McDaniels,https://www.basketball-reference.com/players/m/mcdanja01.html,2023,2022-10-31,CHO,SAC,,"L, 108-115",,27:02,5,11,3,4,0,0,1,0,1,4,2,0,2,5,13
Jalen McDaniels,https://www.basketball-reference.com/players/m/mcdanja01.html,2023,,,,,,,,,,,,,,,,,,,,,,
Jalen McDaniels,https://www.basketball-reference.com/players/m/mcdanja01.html,2023,2022-11-02,CHO,CHI,@,"L, 88-106",,35:38,5,18,0,5,1,2,3,3,6,2,5,2,2,2,11
Jalen McDaniels,https://www.basketball-reference.com/players/m/mcdanja01.html,2023,2022-11-04,CHO,MEM,@,"L, 99-130",,21:28,1,5,0,4,2,2,0,1,1,2,1,0,2,2,4
Jalen McDaniels,https://www.basketball-reference.com/players/m/mcdanja01.html,2023,2022-11-05,CHO,BRK,,"L, 94-98",,27:46,3,7,0,3,0,0,2,4,6,3,1,0,2,2,6
Jalen McDaniels,https://www.basketball-reference.com/players/m/mcdanja01.html,2023,2022-11-07,CHO,WAS,,"L, 100-108",,27:23,4,9,1,4,0,1,2,5,7,1,3,2,1,3,9
Jalen McDaniels,https://www.basketball-reference.com/players/m/mcdanja01.html,2023,2022-11-09,CHO,POR,,"L, 95-105",,20:27,3,7,1,3,0,0,2,1,3,1,1,0,0,2,7
Jalen McDaniels,https://www.basketball-reference.com/players/m/mcdanja01.html,2023,2022-11-10,CHO,MIA,@,"L, 112-117 (OT)",,34:10,6,10,3,5,1,2,1,3,4,4,0,0,3,4,16
Jalen McDaniels,https://www.basketball-reference.com/players/m/mcdanja01.html,2023,2022-11-12,CHO,MIA,@,"L, 115-132",,27:38,3,6,1,2,2,2,0,4,4,4,0,0,1,2,9
Jalen McDaniels,https://www.basketball-reference.com/players/m/mcdanja01.html,2023,2022-11-14,CHO,ORL,@,"W, 112-105",,25:58,4,7,0,1,2,2,1,3,4,0,1,2,1,2,10
Jalen McDaniels,https://www.basketball-reference.com/players/m/mcdanja01.html,2023,2022-11-16,CHO,IND,,"L, 113-125",,20:04,1,5,0,2,1,2,1,3,4,4,2,1,3,5,3
Jalen McDaniels,https://www.basketball-reference.com/players/m/mcdanja01.html,2023,2022-11-18,CHO,CLE,@,"L, 122-132 (2OT)",,23:28,0,2,0,2,2,2,1,1,2,1,0,1,1,5,2
Jalen McDaniels,https://www.basketball-reference.com/players/m/mcdanja01.html,2023,2022-11-20,CHO,WAS,@,"L, 102-106",,21:06,3,10,2,5,0,0,1,5,6,1,0,0,1,2,8
Jalen McDaniels,https://www.basketball-reference.com/players/m/mcdanja01.html,2023,2022-11-23,CHO,PHI,,"W, 107-101",,21:07,4,8,1,4,2,3,1,2,3,1,1,0,0,1,11
Jalen McDaniels,https://www.basketball-reference.com/players/m/mcdanja01.html,2023,2022-11-25,CHO,MIN,,"W, 110-108",,31:13,3,9,0,3,2,2,0,6,6,3,0,0,1,2,8
Jalen McDaniels,https://www.basketball-reference.com/players/m/mcdanja01.html,2023,2022-11-28,CHO,BOS,@,"L, 105-140",,29:59,9,12,4,6,2,2,0,1,1,2,0,0,3,5,24
Jalen McDaniels,https://www.basketball-reference.com/players/m/mcdanja01.html,2023,2022-12-02,CHO,WAS,,"W, 117-116",,25:18,3,9,1,4,2,2,2,3,5,1,0,0,1,5,9
Jalen McDaniels,https://www.basketball-reference.com/players/m/mcdanja01.html,2023,2022-12-03,CHO,MIL,,"L, 96-105",,33:01,8,15,2,5,3,4,0,5,5,2,1,1,2,4,21
Jalen McDaniels,https://www.basketball-reference.com/players/m/mcdanja01.html,2023,2022-12-05,CHO,LAC,,"L, 117-119",,34:15,3,8,0,4,3,3,0,4,4,6,3,0,0,2,9
Jalen McDaniels,https://www.basketball-reference.com/players/m/mcdanja01.html,2023,2022-12-07,CHO,BRK,@,"L, 116-122",,35:43,8,14,1,4,2,2,0,7,7,3,1,1,1,5,19
Jalen McDaniels,https://www.basketball-reference.com/players/m/mcdanja01.html,2023,2022-12-09,CHO,NYK,,"L, 102-121",,21:26,1,5,0,2,2,2,0,4,4,3,0,0,1,4,4
Jalen McDaniels,https://www.basketball-reference.com/players/m/mcdanja01.html,2023,2022-12-11,CHO,PHI,@,"L, 113-131",,30:32,6,13,1,4,2,2,1,4,5,3,3,0,3,5,15
Jalen McDaniels,https://www.basketball-reference.com/players/m/mcdanja01.html,2023,2022-12-14,CHO,DET,,"L, 134-141 (OT)",,35:07,7,9,3,3,4,4,1,5,6,1,1,1,0,0,21
Jalen McDaniels,https://www.basketball-reference.com/players/m/mcdanja01.html,2023,2022-12-16,CHO,ATL,,"L, 106-125",,16:44,3,8,0,2,1,1,0,1,1,2,1,0,2,5,7
Jalen McDaniels,https://www.basketball-reference.com/players/m/mcdanja01.html,2023,2022-12-18,CHO,DEN,@,"L, 115-119",,19:50,5,8,2,4,2,2,1,4,5,2,1,1,1,4,14
Jalen McDaniels,https://www.basketball-reference.com/players/m/mcdanja01.html,2023,2022-12-19,CHO,SAC,@,"W, 125-119",,25:50,1,5,0,4,4,4,1,2,3,2,0,2,2,2,6
Jalen McDaniels,https://www.basketball-reference.com/players/m/mcdanja01.html,2023,2022-12-21,CHO,LAC,@,"L, 105-126",,29:23,5,15,2,4,4,4,1,8,9,0,2,0,1,3,16
Jalen McDaniels,https://www.basketball-reference.com/players/m/mcdanja01.html,2023,2022-12-23,CHO,LAL,@,"W, 134-130",,18:40,3,5,1,1,0,0,1,0,1,3,2,0,1,2,7
Jalen McDaniels,https://www.basketball-reference.com/players/m/mcdanja01.html,2023,2022-12-26,CHO,POR,@,"L, 113-124",,15:28,3,7,1,2,0,0,1,1,2,1,1,0,2,2,7
Jalen McDaniels,https://www.basketball-reference.com/players/m/mcdanja01.html,2023,2022-12-27,CHO,GSW,@,"L, 105-110",,25:55,3,6,3,6,3,4,0,7,7,3,0,0,1,3,12
Jalen McDaniels,https://www.basketball-reference.com/players/m/mcdanja01.html,2023,2022-12-29,CHO,OKC,,"W, 121-113",,22:01,5,7,2,3,0,1,0,3,3,0,0,1,0,2,12
Jalen McDaniels,https://www.basketball-reference.com/players/m/mcdanja01.html,2023,2022-12-31,CHO,BRK,,"L, 106-123",,28:03,4,8,1,5,1,1,2,4,6,3,0,0,0,3,10
Jalen McDaniels,https://www.basketball-reference.com/players/m/mcdanja01.html,2023,2023-01-02,CHO,LAL,,"L, 115-121",,31:18,4,10,0,4,2,2,1,6,7,2,3,1,2,2,10
Jalen McDaniels,https://www.basketball-reference.com/players/m/mcdanja01.html,2023,2023-01-04,CHO,MEM,,"L, 107-131",,27:24,6,11,1,5,3,4,0,7,7,0,2,2,3,1,16
Jalen McDaniels,https://www.basketball-reference.com/players/m/mcdanja01.html,2023,2023-01-06,CHO,MIL,@,"W, 138-109",,32:24,3,8,0,3,5,5,0,9,9,2,2,1,0,2,11
Jalen McDaniels,https://www.basketball-reference.com/players/m/mcdanja01.html,2023,2023-01-08,CHO,IND,@,"L, 111-116",,34:09,7,14,2,5,1,2,2,4,6,1,1,1,4,3,17
Jalen McDaniels,https://www.basketball-reference.com/players/m/mcdanja01.html,2023,2023-01-10,CHO,TOR,@,"L, 120-132",,29:16,3,7,1,2,4,6,0,7,7,2,1,1,2,5,11
Jalen McDaniels,https://www.basketball-reference.com/players/m/mcdanja01.html,2023,2023-01-12,CHO,TOR,@,"L, 114-124",,27:50,4,11,1,5,1,2,0,5,5,0,1,0,5,4,10
Jalen McDaniels,https://www.basketball-reference.com/players/m/mcdanja01.html,2023,2023-01-14,CHO,BOS,,"L, 106-122",,27:55,4,8,1,2,0,0,0,0,0,1,0,0,0,2,9
Jalen McDaniels,https://www.basketball-reference.com/players/m/mcdanja01.html,2023,2023-01-16,CHO,BOS,,"L, 118-130",,35:25,9,15,5,7,3,3,2,1,3,1,2,0,1,1,26
Jalen McDaniels,https://www.basketball-reference.com/players/m/mcdanja01.html,2023,2023-01-18,CHO,HOU,@,"W, 122-117",,34:54,6,11,0,5,0,0,0,4,4,3,5,1,2,1,12
Jalen McDaniels,https://www.basketball-reference.com/players/m/mcdanja01.html,2023,2023-01-21,CHO,ATL,@,"W, 122-118",,24:05,3,8,1,4,0,0,0,1,1,3,0,0,0,5,7
Jalen McDaniels,https://www.basketball-reference.com/players/m/mcdanja01.html,2023,2023-01-23,CHO,UTA,@,"L, 102-120",,28:06,4,9,0,2,1,2,1,8,9,3,1,1,3,4,9
Jalen McDaniels,https://www.basketball-reference.com/players/m/mcdanja01.html,2023,2023-01-24,CHO,PHO,@,"L, 97-128",,34:18,7,16,1,5,0,0,2,8,10,2,3,0,3,5,15
Jalen McDaniels,https://www.basketball-reference.com/players/m/mcdanja01.html,2023,2023-01-26,CHO,CHI,,"W, 111-96",,26:15,2,7,0,1,1,2,1,5,6,2,0,1,0,1,5
Jalen McDaniels,https://www.basketball-reference.com/players/m/mcdanja01.html,2023,2023-01-29,CHO,MIA,,"W, 122-117",,25:07,1,6,0,5,0,0,0,7,7,1,0,0,3,3,2
Jalen McDaniels,https://www.basketball-reference.com/players/m/mcdanja01.html,2023,2023-01-31,CHO,MIL,@,"L, 115-124",,24:36,5,13,3,7,2,3,1,5,6,1,1,0,2,3,15
Jalen McDaniels,https://www.basketball-reference.com/players/m/mcdanja01.html,2023,2023-02-02,CHO,CHI,@,"L, 98-114",,26:18,0,5,0,3,0,0,0,2,2,1,0,0,1,2,0
Jalen McDaniels,https://www.basketball-reference.com/players/m/mcdanja01.html,2023,2023-02-03,CHO,DET,@,"L, 112-118",,23:01,5,7,1,2,3,3,0,4,4,0,4,0,0,0,14
Jalen McDaniels,https://www.basketball-reference.com/players/m/mcdanja01.html,2023,2023-02-05,CHO,ORL,,"L, 113-119",,25:24,3,8,1,4,0,0,2,2,4,4,1,0,1,4,7
Jalen McDaniels,https://www.basketball-reference.com/players/m/mcdanja01.html,2023,2023-02-08,CHO,WAS,@,"L, 104-118",,16:35,2,7,0,2,2,2,0,3,3,1,3,1,1,0,6
Jalen McDaniels,https://www.basketball-reference.com/players/m/mcdanja01.html,2023,2023-02-10,PHI,NYK,,"W, 119-108",,,,,,,,,,,,,,,,,
Jalen McDaniels,https://www.basketball-reference.com/players/m/mcdanja01.html,2023,2023-02-11,PHI,BRK,@,"W, 101-98",,15:40,2,4,1,1,0,0,1,3,4,1,0,0,0,0,5
Jalen McDaniels,https://www.basketball-reference.com/players/m/mcdanja01.html,2023,2023-02-13,PHI,HOU,,"W, 123-104",,27:55,3,4,1,1,1,1,1,4,5,3,0,0,0,3,8
Jalen McDaniels,https://www.basketball-reference.com/players/m/mcdanja01.html,2023,2023-02-15,PHI,CLE,,"W, 118-112",,12:36,2,6,0,1,0,0,2,2,4,0,1,0,0,4,4
Jalen McDaniels,https://www.basketball-reference.com/players/m/mcdanja01.html,2023,2023-02-23,PHI,MEM,,"W, 110-105",,14:39,1,2,0,0,1,2,1,2,3,1,0,0,0,2,3
Jalen McDaniels,https://www.basketball-reference.com/players/m/mcdanja01.html,2023,2023-02-25,PHI,BOS,,"L, 107-110",,14:50,2,4,0,1,0,2,0,2,2,0,1,0,0,0,4
Jalen McDaniels,https://www.basketball-reference.com/players/m/mcdanja01.html,2023,2023-02-27,PHI,MIA,,"L, 99-101",,10:16,0,2,0,0,2,2,3,1,4,1,1,0,1,4,2
Jalen McDaniels,https://www.basketball-reference.com/players/m/mcdanja01.html,2023,2023-03-01,PHI,MIA,@,"W, 119-96",,13:24,0,3,0,1,4,4,0,1,1,2,1,0,1,0,4
Jalen McDaniels,https://www.basketball-reference.com/players/m/mcdanja01.html,2023,2023-03-02,PHI,DAL,@,"L, 126-133",,13:21,2,4,0,2,2,3,0,4,4,1,0,0,2,4,6
Jalen McDaniels,https://www.basketball-reference.com/players/m/mcdanja01.html,2023,2023-03-04,PHI,MIL,@,"W, 133-130",,19:59,2,3,1,1,3,3,1,1,2,0,0,0,0,5,8
Jalen McDaniels,https://www.basketball-reference.com/players/m/mcdanja01.html,2023,2023-03-06,PHI,IND,@,"W, 147-143",,29:48,8,13,0,2,4,4,2,6,8,0,1,0,2,5,20
Jalen McDaniels,https://www.basketball-reference.com/players/m/mcdanja01.html,2023,2023-03-07,PHI,MIN,@,"W, 117-94",,16:37,2,4,0,0,1,2,1,4,5,0,1,0,1,3,5
Jalen McDaniels,https://www.basketball-reference.com/players/m/mcdanja01.html,2023,2023-03-10,PHI,POR,,"W, 120-119",,10:11,2,4,0,0,0,0,1,2,3,0,0,0,0,5,4
Jalen McDaniels,https://www.basketball-reference.com/players/m/mcdanja01.html,2023,2023-03-12,PHI,WAS,,"W, 112-93",,07:40,2,3,0,1,2,2,0,1,1,0,0,0,0,0,6
Jalen McDaniels,https://www.basketball-reference.com/players/m/mcdanja01.html,2023,2023-03-15,PHI,CLE,@,"W, 118-109",,,,,,,,,,,,,,,,,
Jalen McDaniels,https://www.basketball-reference.com/players/m/mcdanja01.html,2023,2023-03-17,PHI,CHO,@,"W, 121-82",,,,,,,,,,,,,,,,,
Jalen McDaniels,https://www.basketball-reference.com/players/m/mcdanja01.html,2023,2023-03-18,PHI,IND,@,"W, 141-121",,15:45,3,7,0,1,1,2,0,1,1,0,0,0,0,0,7
Jalen McDaniels,https://www.basketball-reference.com/players/m/mcdanja01.html,2023,2023-03-20,PHI,CHI,,"L, 105-109 (2OT)",,08:34,0,0,0,0,0,0,0,2,2,0,0,0,0,1,0
Jalen McDaniels,https://www.basketball-reference.com/players/m/mcdanja01.html,2023,2023-03-22,PHI,CHI,@,"W, 116-91",,,,,,,,,,,,,,,,,
Jalen McDaniels,https://www.basketball-reference.com/players/m/mcdanja01.html,2023,2023-03-24,PHI,GSW,@,"L, 112-120",,,,,,,,,,,,,,,,,
Jalen McDaniels,https://www.basketball-reference.com/players/m/mcdanja01.html,2023,2023-03-25,PHI,PHO,@,"L, 105-125",,13:46,0,3,0,2,0,0,0,1,1,0,0,1,1,2,0
Jalen McDaniels,https://www.basketball-reference.com/players/m/mcdanja01.html,2023,2023-03-27,PHI,DEN,@,"L, 111-116",,21:37,6,8,1,1,1,1,1,1,2,1,1,0,1,2,14
Jalen McDaniels,https://www.basketball-reference.com/players/m/mcdanja01.html,2023,2023-03-29,PHI,DAL,,"W, 116-108",,15:29,1,4,1,2,0,0,0,2,2,1,0,0,0,2,3
Jalen McDaniels,https://www.basketball-reference.com/players/m/mcdanja01.html,2023,2023-03-31,PHI,TOR,,"W, 117-110",,20:57,3,4,1,1,0,0,0,3,3,1,1,2,1,1,7
Jalen McDaniels,https://www.basketball-reference.com/players/m/mcdanja01.html,2023,2023-04-02,PHI,MIL,@,"L, 104-117",,14:02,0,4,0,1,0,0,1,2,3,1,0,0,0,0,0
Jalen McDaniels,https://www.basketball-reference.com/players/m/mcdanja01.html,2023,2023-04-04,PHI,BOS,,"W, 103-101",,15:06,3,5,2,3,0,0,0,2,2,0,0,1,0,1,8
Jalen McDaniels,https://www.basketball-reference.com/players/m/mcdanja01.html,2023,2023-04-06,PHI,MIA,,"L, 101-129",,25:27,4,8,2,5,0,0,0,0,0,1,4,0,2,4,10
Jalen McDaniels,https://www.basketball-reference.com/players/m/mcdanja01.html,2023,2023-04-07,PHI,ATL,@,"W, 136-131 (OT)",,43:32,8,17,2,3,6,6,2,9,11,3,3,1,1,2,24
Jalen McDaniels,https://www.basketball-reference.com/players/m/mcdanja01.html,2023,2023-04-09,PHI,BRK,@,"W, 134-105",,17:56,4,7,0,0,0,0,2,1,3,2,2,0,0,1,8
John Butler,https://www.basketball-reference.com/players/b/butlejo01.html,2023,2022-10-21,POR,PHO,,"W, 113-111 (OT)",,,,,,,,,,,,,,,,,
John Butler,https://www.basketball-reference.com/players/b/butlejo01.html,2023,2022-10-23,POR,LAL,@,"W, 106-104",,,,,,,,,,,,,,,,,
John Butler,https://www.basketball-reference.com/players/b/butlejo01.html,2023,2022-10-24,POR,DEN,,"W, 135-110",,,,,,,,,,,,,,,,,
John Butler,https://www.basketball-reference.com/players/b/butlejo01.html,2023,2022-10-26,POR,MIA,,"L, 98-119",,,,,,,,,,,,,,,,,
John Butler,https://www.basketball-reference.com/players/b/butlejo01.html,2023,2022-10-28,POR,HOU,,"W, 125-111",,,,,,,,,,,,,,,,,
John Butler,https://www.basketball-reference.com/players/b/butlejo01.html,2023,,,,,,,,,,,,,,,,,,,,,,
John Butler,https://www.basketball-reference.com/players/b/butlejo01.html,2023,2022-11-02,POR,MEM,,"L, 106-111",,,,,,,,,,,,,,,,,
John Butler,https://www.basketball-reference.com/players/b/butlejo01.html,2023,2022-11-04,POR,PHO,@,"W, 108-106",,,,,,,,,,,,,,,,,
John Butler,https://www.basketball-reference.com/players/b/butlejo01.html,2023,2022-11-05,POR,PHO,@,"L, 82-102",,08:57,1,2,0,1,0,0,0,1,1,0,0,1,0,0,2
John Butler,https://www.basketball-reference.com/players/b/butlejo01.html,2023,2022-11-07,POR,MIA,@,"W, 110-107",,,,,,,,,,,,,,,,,
John Butler,https://www.basketball-reference.com/players/b/butlejo01.html,2023,2022-11-09,POR,CHO,@,"W, 105-95",,,,,,,,,,,,,,,,,
John Butler,https://www.basketball-reference.com/players/b/butlejo01.html,2023,2022-11-10,POR,NOP,@,"W, 106-95",,,,,,,,,,,,,,,,,
John Butler,https://www.basketball-reference.com/players/b/butlejo01.html,2023,2022-11-12,POR,DAL,@,"L, 112-117",,,,,,,,,,,,,,,,,
John Butler,https://www.basketball-reference.com/players/b/butlejo01.html,2023,2022-11-15,POR,SAS,,"W, 117-110",,,,,,,,,,,,,,,,,
John Butler,https://www.basketball-reference.com/players/b/butlejo01.html,2023,2022-11-17,POR,BRK,,"L, 107-109",,,,,,,,,,,,,,,,,
John Butler,https://www.basketball-reference.com/players/b/butlejo01.html,2023,2022-11-19,POR,UTA,,"L, 113-118",,,,,,,,,,,,,,,,,
John Butler,https://www.basketball-reference.com/players/b/butlejo01.html,2023,2022-11-21,POR,MIL,@,"L, 111-119",,01:23,0,0,0,0,0,0,0,0,0,0,0,0,0,0,0
John Butler,https://www.basketball-reference.com/players/b/butlejo01.html,2023,2022-11-23,POR,CLE,@,"L, 96-114",,02:42,0,1,0,1,0,0,1,0,1,1,0,0,0,0,0
John Butler,https://www.basketball-reference.com/players/b/butlejo01.html,2023,2022-11-25,POR,NYK,@,"W, 132-129 (OT)",,,,,,,,,,,,,,,,,
John Butler,https://www.basketball-reference.com/players/b/butlejo01.html,2023,2022-11-27,POR,BRK,@,"L, 97-111",,,,,,,,,,,,,,,,,
John Butler,https://www.basketball-reference.com/players/b/butlejo01.html,2023,2022-11-29,POR,LAC,,"L, 112-118",,,,,,,,,,,,,,,,,
John Butler,https://www.basketball-reference.com/players/b/butlejo01.html,2023,2022-11-30,POR,LAL,@,"L, 109-128",,02:22,0,0,0,0,0,0,0,0,0,0,0,0,0,0,0
John Butler,https://www.basketball-reference.com/players/b/butlejo01.html,2023,2022-12-03,POR,UTA,@,"W, 116-111",,,,,,,,,,,,,,,,,
John Butler,https://www.basketball-reference.com/players/b/butlejo01.html,2023,2022-12-04,POR,IND,,"W, 116-100",,,,,,,,,,,,,,,,,
John Butler,https://www.basketball-reference.com/players/b/butlejo01.html,2023,2022-12-08,POR,DEN,,"L, 120-121",,,,,,,,,,,,,,,,,
John Butler,https://www.basketball-reference.com/players/b/butlejo01.html,2023,2022-12-10,POR,MIN,,"W, 124-118",,,,,,,,,,,,,,,,,
John Butler,https://www.basketball-reference.com/players/b/butlejo01.html,2023,2022-12-12,POR,MIN,,"W, 133-112",,,,,,,,,,,,,,,,,
John Butler,https://www.basketball-reference.com/players/b/butlejo01.html,2023,2022-12-14,POR,SAS,@,"W, 128-112",,,,,,,,,,,,,,,,,
John Butler,https://www.basketball-reference.com/players/b/butlejo01.html,2023,2022-12-16,POR,DAL,@,"L, 110-130",,,,,,,,,,,,,,,,,
John Butler,https://www.basketball-reference.com/players/b/butlejo01.html,2023,2022-12-17,POR,HOU,@,"W, 107-95",,,,,,,,,,,,,,,,,
John Butler,https://www.basketball-reference.com/players/b/butlejo01.html,2023,2022-12-19,POR,OKC,@,"L, 121-123",,,,,,,,,,,,,,,,,
John Butler,https://www.basketball-reference.com/players/b/butlejo01.html,2023,2022-12-21,POR,OKC,@,"L, 98-101",,,,,,,,,,,,,,,,,
John Butler,https://www.basketball-reference.com/players/b/butlejo01.html,2023,2022-12-23,POR,DEN,@,"L, 107-120",,,,,,,,,,,,,,,,,
John Butler,https://www.basketball-reference.com/players/b/butlejo01.html,2023,2022-12-26,POR,CHO,,"W, 124-113",,,,,,,,,,,,,,,,,
John Butler,https://www.basketball-reference.com/players/b/butlejo01.html,2023,2022-12-30,POR,GSW,@,"L, 112-118",,,,,,,,,,,,,,,,,
John Butler,https://www.basketball-reference.com/players/b/butlejo01.html,2023,2023-01-02,POR,DET,,"W, 135-106",,,,,,,,,,,,,,,,,
John Butler,https://www.basketball-reference.com/players/b/butlejo01.html,2023,2023-01-04,POR,MIN,@,"L, 106-113",,,,,,,,,,,,,,,,,
John Butler,https://www.basketball-reference.com/players/b/butlejo01.html,2023,2023-01-06,POR,IND,@,"L, 99-108",,,,,,,,,,,,,,,,,
John Butler,https://www.basketball-reference.com/players/b/butlejo01.html,2023,2023-01-08,POR,TOR,@,"L, 105-117",,,,,,,,,,,,,,,,,
John Butler,https://www.basketball-reference.com/players/b/butlejo01.html,2023,2023-01-10,POR,ORL,,"L, 106-109",,,,,,,,,,,,,,,,,
John Butler,https://www.basketball-reference.com/players/b/butlejo01.html,2023,2023-01-12,POR,CLE,,"L, 113-119",,,,,,,,,,,,,,,,,
John Butler,https://www.basketball-reference.com/players/b/butlejo01.html,2023,2023-01-14,POR,DAL,,"W, 136-119",,,,,,,,,,,,,,,,,
John Butler,https://www.basketball-reference.com/players/b/butlejo01.html,2023,2023-01-15,POR,DAL,,"W, 140-123",,,,,,,,,,,,,,,,,
John Butler,https://www.basketball-reference.com/players/b/butlejo01.html,2023,2023-01-17,POR,DEN,@,"L, 113-122",,,,,,,,,,,,,,,,,
John Butler,https://www.basketball-reference.com/players/b/butlejo01.html,2023,2023-01-19,POR,PHI,,"L, 95-105",,,,,,,,,,,,,,,,,
John Butler,https://www.basketball-reference.com/players/b/butlejo01.html,2023,2023-01-22,POR,LAL,,"L, 112-121",,,,,,,,,,,,,,,,,
John Butler,https://www.basketball-reference.com/players/b/butlejo01.html,2023,2023-01-23,POR,SAS,,"W, 147-127",,01:29,0,0,0,0,0,0,0,0,0,0,0,0,0,1,0
John Butler,https://www.basketball-reference.com/players/b/butlejo01.html,2023,2023-01-25,POR,UTA,,"W, 134-124",,,,,,,,,,,,,,,,,
John Butler,https://www.basketball-reference.com/players/b/butlejo01.html,2023,2023-01-28,POR,TOR,,"L, 105-123",,01:32,0,1,0,1,0,0,0,0,0,0,0,0,0,0,0
John Butler,https://www.basketball-reference.com/players/b/butlejo01.html,2023,2023-01-30,POR,ATL,,"W, 129-125",,,,,,,,,,,,,,,,,
John Butler,https://www.basketball-reference.com/players/b/butlejo01.html,2023,2023-02-01,POR,MEM,@,"W, 122-112",,,,,,,,,,,,,,,,,
John Butler,https://www.basketball-reference.com/players/b/butlejo01.html,2023,2023-02-03,POR,WAS,@,"W, 124-116",,,,,,,,,,,,,,,,,
John Butler,https://www.basketball-reference.com/players/b/butlejo01.html,2023,2023-02-04,POR,CHI,@,"L, 121-129",,,,,,,,,,,,,,,,,
John Butler,https://www.basketball-reference.com/players/b/butlejo01.html,2023,2023-02-06,POR,MIL,,"L, 108-127",,05:22,0,0,0,0,0,0,0,0,0,0,0,0,0,1,0
John Butler,https://www.basketball-reference.com/players/b/butlejo01.html,2023,2023-02-08,POR,GSW,,"W, 125-122",,,,,,,,,,,,,,,,,
John Butler,https://www.basketball-reference.com/players/b/butlejo01.html,2023,2023-02-10,POR,OKC,,"L, 129-138",,,,,,,,,,,,,,,,,
John Butler,https://www.basketball-reference.com/players/b/butlejo01.html,2023,2023-02-13,POR,LAL,,"W, 127-115",,02:00,0,0,0,0,0,0,0,0,0,0,0,1,0,0,0
John Butler,https://www.basketball-reference.com/players/b/butlejo01.html,2023,2023-02-14,POR,WAS,,"L, 101-126",,,,,,,,,,,,,,,,,
John Butler,https://www.basketball-reference.com/players/b/butlejo01.html,2023,2023-02-23,POR,SAC,@,"L, 116-133",,04:34,0,1,0,1,0,0,0,0,0,0,1,1,0,0,0
John Butler,https://www.basketball-reference.com/players/b/butlejo01.html,2023,2023-02-26,POR,HOU,,"W, 131-114",,,,,,,,,,,,,,,,,
John Butler,https://www.basketball-reference.com/players/b/butlejo01.html,2023,2023-02-28,POR,GSW,@,"L, 105-123",,,,,,,,,,,,,,,,,
John Butler,https://www.basketball-reference.com/players/b/butlejo01.html,2023,2023-03-01,POR,NOP,,"L, 110-121",,,,,,,,,,,,,,,,,
John Butler,https://www.basketball-reference.com/players/b/butlejo01.html,2023,2023-03-03,POR,ATL,@,"L, 111-129",,,,,,,,,,,,,,,,,
John Butler,https://www.basketball-reference.com/players/b/butlejo01.html,2023,2023-03-05,POR,ORL,@,"W, 122-119",,,,,,,,,,,,,,,,,
John Butler,https://www.basketball-reference.com/players/b/butlejo01.html,2023,2023-03-06,POR,DET,@,"W, 110-104",,,,,,,,,,,,,,,,,
John Butler,https://www.basketball-reference.com/players/b/butlejo01.html,2023,2023-03-08,POR,BOS,@,"L, 93-115",,,,,,,,,,,,,,,,,
John Butler,https://www.basketball-reference.com/players/b/butlejo01.html,2023,2023-03-10,POR,PHI,@,"L, 119-120",,,,,,,,,,,,,,,,,
John Butler,https://www.basketball-reference.com/players/b/butlejo01.html,2023,2023-03-12,POR,NOP,@,"L, 110-127",,,,,,,,,,,,,,,,,
John Butler,https://www.basketball-reference.com/players/b/butlejo01.html,2023,2023-03-14,POR,NYK,,"L, 107-123",,,,,,,,,,,,,,,,,
John Butler,https://www.basketball-reference.com/players/b/butlejo01.html,2023,2023-03-17,POR,BOS,,"L, 112-126",,,,,,,,,,,,,,,,,
John Butler,https://www.basketball-reference.com/players/b/butlejo01.html,2023,2023-03-19,POR,LAC,,"L, 102-117",,,,,,,,,,,,,,,,,
John Butler,https://www.basketball-reference.com/players/b/butlejo01.html,2023,2023-03-22,POR,UTA,@,"W, 127-115",,01:39,0,0,0,0,0,0,0,0,0,0,0,0,0,1,0
John Butler,https://www.basketball-reference.com/players/b/butlejo01.html,2023,2023-03-24,POR,CHI,,"L, 96-124",,07:36,0,0,0,0,0,0,0,1,1,0,0,1,0,0,0
John Butler,https://www.basketball-reference.com/players/b/butlejo01.html,2023,2023-03-26,POR,OKC,,"L, 112-118",,,,,,,,,,,,,,,,,
John Butler,https://www.basketball-reference.com/players/b/butlejo01.html,2023,2023-03-27,POR,NOP,,"L, 90-124",,16:37,0,3,0,2,0,0,0,1,1,0,0,0,0,3,0
John Butler,https://www.basketball-reference.com/players/b/butlejo01.html,2023,2023-03-29,POR,SAC,,"L, 80-120",,26:04,1,6,0,4,1,1,0,3,3,1,2,1,0,4,3
John Butler,https://www.basketball-reference.com/players/b/butlejo01.html,2023,2023-03-31,POR,SAC,,"L, 114-138",,15:53,1,4,1,3,0,0,0,0,0,2,1,0,0,2,3
John Butler,https://www.basketball-reference.com/players/b/butlejo01.html,2023,2023-04-02,POR,MIN,@,"W, 107-105",,17:49,2,5,1,3,0,0,1,0,1,0,0,0,0,1,5
John Butler,https://www.basketball-reference.com/players/b/butlejo01.html,2023,2023-04-04,POR,MEM,@,"L, 109-119",,25:03,4,9,2,7,0,0,1,4,5,0,1,1,0,1,10
John Butler,https://www.basketball-reference.com/players/b/butlejo01.html,2023,2023-04-06,POR,SAS,@,"L, 127-129",,36:32,4,11,2,6,2,2,0,2,2,4,2,2,1,2,12
John Butler,https://www.basketball-reference.com/players/b/butlejo01.html,2023,2023-04-08,POR,LAC,@,"L, 125-136",,21:32,3,5,1,3,0,1,0,1,1,3,0,1,0,4,7
John Butler,https://www.basketball-reference.com/players/b/butlejo01.html,2023,2023-04-09,POR,GSW,,"L, 101-157",,22:01,1,5,1,3,0,0,0,1,1,0,0,0,0,2,3
Chance Comanche,https://www.basketball-reference.com/players/c/comanch01.html,2023,2023-04-09,POR,GSW,,"L, 101-157",,20:47,3,5,0,0,1,4,2,1,3,0,0,1,0,0,7
Justin Minaya,https://www.basketball-reference.com/players/m/minayju01.html,2023,2023-04-04,POR,MEM,@,"L, 109-119",,17:11,3,6,2,5,0,0,2,2,4,2,0,0,1,3,8
Justin Minaya,https://www.basketball-reference.com/players/m/minayju01.html,2023,2023-04-06,POR,SAS,@,"L, 127-129",,27:44,3,8,1,3,0,0,1,2,3,1,1,3,1,2,7
Justin Minaya,https://www.basketball-reference.com/players/m/minayju01.html,2023,2023-04-08,POR,LAC,@,"L, 125-136",,20:09,0,1,0,1,0,0,0,4,4,0,1,1,1,3,0
Justin Minaya,https://www.basketball-reference.com/players/m/minayju01.html,2023,2023-04-09,POR,GSW,,"L, 101-157",,23:47,1,8,0,3,0,1,0,4,4,1,0,1,1,1,2
Shaedon Sharpe,https://www.basketball-reference.com/players/s/sharpsh01.html,2023,2022-10-19,POR,SAC,@,"W, 115-108",,16:18,4,6,3,3,1,2,0,2,2,1,0,0,0,2,12
Shaedon Sharpe,https://www.basketball-reference.com/players/s/sharpsh01.html,2023,2022-10-21,POR,PHO,,"W, 113-111 (OT)",,11:57,0,2,0,1,0,0,0,2,2,0,0,0,1,4,0
Shaedon Sharpe,https://www.basketball-reference.com/players/s/sharpsh01.html,2023,2022-10-23,POR,LAL,@,"W, 106-104",,16:16,2,6,0,1,0,0,3,1,4,1,1,1,1,2,4
Shaedon Sharpe,https://www.basketball-reference.com/players/s/sharpsh01.html,2023,2022-10-24,POR,DEN,,"W, 135-110",,16:07,4,6,1,2,2,2,1,0,1,0,0,0,1,2,11
Shaedon Sharpe,https://www.basketball-reference.com/players/s/sharpsh01.html,2023,2022-10-26,POR,MIA,,"L, 98-119",,21:24,5,12,2,5,3,5,3,5,8,0,1,0,2,2,15
Shaedon Sharpe,https://www.basketball-reference.com/players/s/sharpsh01.html,2023,2022-10-28,POR,HOU,,"W, 125-111",,29:26,7,12,0,2,0,0,1,0,1,2,0,0,0,4,14
Shaedon Sharpe,https://www.basketball-reference.com/players/s/sharpsh01.html,2023,,,,,,,,,,,,,,,,,,,,,,
Shaedon Sharpe,https://www.basketball-reference.com/players/s/sharpsh01.html,2023,2022-11-02,POR,MEM,,"L, 106-111",,24:08,1,6,0,1,0,0,0,2,2,0,2,1,0,1,2
Shaedon Sharpe,https://www.basketball-reference.com/players/s/sharpsh01.html,2023,2022-11-04,POR,PHO,@,"W, 108-106",,27:34,4,8,2,3,0,0,0,1,1,1,0,0,0,3,10
Shaedon Sharpe,https://www.basketball-reference.com/players/s/sharpsh01.html,2023,2022-11-05,POR,PHO,@,"L, 82-102",,26:55,6,12,1,2,0,0,0,4,4,0,0,1,2,2,13
Shaedon Sharpe,https://www.basketball-reference.com/players/s/sharpsh01.html,2023,2022-11-07,POR,MIA,@,"W, 110-107",,11:59,2,2,1,1,0,0,1,0,1,0,0,0,1,0,5
Shaedon Sharpe,https://www.basketball-reference.com/players/s/sharpsh01.html,2023,2022-11-09,POR,CHO,@,"W, 105-95",,28:33,7,10,1,4,2,2,1,3,4,0,0,0,0,1,17
Shaedon Sharpe,https://www.basketball-reference.com/players/s/sharpsh01.html,2023,2022-11-10,POR,NOP,@,"W, 106-95",,,,,,,,,,,,,,,,,
Shaedon Sharpe,https://www.basketball-reference.com/players/s/sharpsh01.html,2023,2022-11-12,POR,DAL,@,"L, 112-117",,19:16,2,3,1,2,0,0,0,1,1,0,0,0,1,2,5
Shaedon Sharpe,https://www.basketball-reference.com/players/s/sharpsh01.html,2023,2022-11-15,POR,SAS,,"W, 117-110",,22:41,5,7,2,3,1,2,0,2,2,0,0,1,0,2,13
Shaedon Sharpe,https://www.basketball-reference.com/players/s/sharpsh01.html,2023,2022-11-17,POR,BRK,,"L, 107-109",,21:28,7,9,4,5,2,2,1,1,2,0,0,0,2,1,20
Shaedon Sharpe,https://www.basketball-reference.com/players/s/sharpsh01.html,2023,2022-11-19,POR,UTA,,"L, 113-118",,21:32,2,8,0,3,0,0,0,3,3,1,0,0,0,0,4
Shaedon Sharpe,https://www.basketball-reference.com/players/s/sharpsh01.html,2023,2022-11-21,POR,MIL,@,"L, 111-119",,26:52,1,9,0,4,0,0,1,3,4,2,0,0,3,1,2
Shaedon Sharpe,https://www.basketball-reference.com/players/s/sharpsh01.html,2023,2022-11-23,POR,CLE,@,"L, 96-114",,15:03,0,2,0,2,0,0,0,0,0,0,0,0,0,1,0
Shaedon Sharpe,https://www.basketball-reference.com/players/s/sharpsh01.html,2023,2022-11-25,POR,NYK,@,"W, 132-129 (OT)",,12:39,2,3,1,2,0,2,0,1,1,0,0,0,0,1,5
Shaedon Sharpe,https://www.basketball-reference.com/players/s/sharpsh01.html,2023,2022-11-27,POR,BRK,@,"L, 97-111",,14:55,0,3,0,2,0,0,0,2,2,1,0,1,0,0,0
Shaedon Sharpe,https://www.basketball-reference.com/players/s/sharpsh01.html,2023,2022-11-29,POR,LAC,,"L, 112-118",,14:08,2,7,0,0,1,2,1,0,1,1,1,0,1,0,5
Shaedon Sharpe,https://www.basketball-reference.com/players/s/sharpsh01.html,2023,2022-11-30,POR,LAL,@,"L, 109-128",,27:55,7,12,1,4,1,1,2,1,3,0,0,0,1,2,16
Shaedon Sharpe,https://www.basketball-reference.com/players/s/sharpsh01.html,2023,2022-12-03,POR,UTA,@,"W, 116-111",,17:23,3,11,0,1,0,0,1,3,4,0,1,0,0,3,6
Shaedon Sharpe,https://www.basketball-reference.com/players/s/sharpsh01.html,2023,2022-12-04,POR,IND,,"W, 116-100",,17:44,2,4,1,3,1,3,0,3,3,1,1,0,1,2,6
Shaedon Sharpe,https://www.basketball-reference.com/players/s/sharpsh01.html,2023,2022-12-08,POR,DEN,,"L, 120-121",,14:13,3,8,1,4,0,0,1,2,3,0,1,0,0,0,7
Shaedon Sharpe,https://www.basketball-reference.com/players/s/sharpsh01.html,2023,2022-12-10,POR,MIN,,"W, 124-118",,20:11,2,6,0,3,1,2,2,2,4,1,0,0,1,0,5
Shaedon Sharpe,https://www.basketball-reference.com/players/s/sharpsh01.html,2023,2022-12-12,POR,MIN,,"W, 133-112",,20:02,7,12,0,4,0,0,2,5,7,1,1,0,0,0,14
Shaedon Sharpe,https://www.basketball-reference.com/players/s/sharpsh01.html,2023,2022-12-14,POR,SAS,@,"W, 128-112",,23:25,5,7,2,4,0,0,0,1,1,0,1,0,1,3,12
Shaedon Sharpe,https://www.basketball-reference.com/players/s/sharpsh01.html,2023,2022-12-16,POR,DAL,@,"L, 110-130",,29:21,4,12,2,5,0,0,1,0,1,1,0,0,0,2,10
Shaedon Sharpe,https://www.basketball-reference.com/players/s/sharpsh01.html,2023,2022-12-17,POR,HOU,@,"W, 107-95",,20:31,2,7,0,2,0,0,2,1,3,1,1,1,1,1,4
Shaedon Sharpe,https://www.basketball-reference.com/players/s/sharpsh01.html,2023,2022-12-19,POR,OKC,@,"L, 121-123",,10:27,2,4,0,1,2,2,1,2,3,0,0,0,0,0,6
Shaedon Sharpe,https://www.basketball-reference.com/players/s/sharpsh01.html,2023,2022-12-21,POR,OKC,@,"L, 98-101",,19:20,3,5,2,3,0,0,0,1,1,0,0,0,0,0,8
Shaedon Sharpe,https://www.basketball-reference.com/players/s/sharpsh01.html,2023,2022-12-23,POR,DEN,@,"L, 107-120",,13:39,1,3,0,1,0,0,1,0,1,0,0,0,0,2,2
Shaedon Sharpe,https://www.basketball-reference.com/players/s/sharpsh01.html,2023,2022-12-26,POR,CHO,,"W, 124-113",,06:55,0,0,0,0,0,0,0,1,1,0,0,0,0,0,0
Shaedon Sharpe,https://www.basketball-reference.com/players/s/sharpsh01.html,2023,2022-12-30,POR,GSW,@,"L, 112-118",,19:24,3,4,1,2,0,0,2,1,3,0,0,0,0,1,7
Shaedon Sharpe,https://www.basketball-reference.com/players/s/sharpsh01.html,2023,2023-01-02,POR,DET,,"W, 135-106",,20:29,4,8,1,2,1,2,0,3,3,0,1,0,1,6,10
Shaedon Sharpe,https://www.basketball-reference.com/players/s/sharpsh01.html,2023,2023-01-04,POR,MIN,@,"L, 106-113",,27:54,5,7,1,2,2,3,2,2,4,1,1,0,2,4,13
Shaedon Sharpe,https://www.basketball-reference.com/players/s/sharpsh01.html,2023,2023-01-06,POR,IND,@,"L, 99-108",,19:18,1,4,1,3,1,2,0,4,4,2,1,0,3,1,4
Shaedon Sharpe,https://www.basketball-reference.com/players/s/sharpsh01.html,2023,2023-01-08,POR,TOR,@,"L, 105-117",,13:46,1,3,1,1,0,0,0,0,0,1,0,0,2,4,3
Shaedon Sharpe,https://www.basketball-reference.com/players/s/sharpsh01.html,2023,2023-01-10,POR,ORL,,"L, 106-109",,14:43,3,5,1,2,1,2,0,1,1,0,0,0,0,0,8
Shaedon Sharpe,https://www.basketball-reference.com/players/s/sharpsh01.html,2023,2023-01-12,POR,CLE,,"L, 113-119",,20:50,1,4,0,1,0,0,0,1,1,0,1,0,2,2,2
Shaedon Sharpe,https://www.basketball-reference.com/players/s/sharpsh01.html,2023,2023-01-14,POR,DAL,,"W, 136-119",,31:25,5,12,2,8,0,0,2,2,4,1,0,0,0,2,12
Shaedon Sharpe,https://www.basketball-reference.com/players/s/sharpsh01.html,2023,2023-01-15,POR,DAL,,"W, 140-123",,20:16,2,4,0,2,0,0,1,3,4,3,0,1,1,2,4
Shaedon Sharpe,https://www.basketball-reference.com/players/s/sharpsh01.html,2023,2023-01-17,POR,DEN,@,"L, 113-122",,17:35,5,7,2,4,1,1,1,1,2,0,0,0,1,3,13
Shaedon Sharpe,https://www.basketball-reference.com/players/s/sharpsh01.html,2023,2023-01-19,POR,PHI,,"L, 95-105",,20:30,1,6,0,3,0,0,1,0,1,1,0,0,0,0,2
Shaedon Sharpe,https://www.basketball-reference.com/players/s/sharpsh01.html,2023,2023-01-22,POR,LAL,,"L, 112-121",,17:25,1,6,0,4,2,2,1,1,2,0,0,0,0,1,4
Shaedon Sharpe,https://www.basketball-reference.com/players/s/sharpsh01.html,2023,2023-01-23,POR,SAS,,"W, 147-127",,27:04,8,12,3,4,0,0,0,3,3,0,1,0,1,2,19
Shaedon Sharpe,https://www.basketball-reference.com/players/s/sharpsh01.html,2023,2023-01-25,POR,UTA,,"W, 134-124",,17:34,2,3,1,1,0,0,0,2,2,0,0,1,0,3,5
Shaedon Sharpe,https://www.basketball-reference.com/players/s/sharpsh01.html,2023,2023-01-28,POR,TOR,,"L, 105-123",,19:02,2,4,0,2,2,3,0,1,1,0,1,1,0,0,6
Shaedon Sharpe,https://www.basketball-reference.com/players/s/sharpsh01.html,2023,2023-01-30,POR,ATL,,"W, 129-125",,24:27,4,9,1,4,1,2,0,4,4,1,0,1,2,4,10
Shaedon Sharpe,https://www.basketball-reference.com/players/s/sharpsh01.html,2023,2023-02-01,POR,MEM,@,"W, 122-112",,19:24,3,6,3,5,0,0,0,2,2,0,0,0,0,3,9
Shaedon Sharpe,https://www.basketball-reference.com/players/s/sharpsh01.html,2023,2023-02-03,POR,WAS,@,"W, 124-116",,20:05,2,4,1,3,0,0,1,2,3,1,0,0,0,1,5
Shaedon Sharpe,https://www.basketball-reference.com/players/s/sharpsh01.html,2023,2023-02-04,POR,CHI,@,"L, 121-129",,17:10,3,6,1,3,0,0,1,0,1,0,0,1,0,2,7
Shaedon Sharpe,https://www.basketball-reference.com/players/s/sharpsh01.html,2023,2023-02-06,POR,MIL,,"L, 108-127",,24:04,0,6,0,5,0,0,1,2,3,3,0,0,1,1,0
Shaedon Sharpe,https://www.basketball-reference.com/players/s/sharpsh01.html,2023,2023-02-08,POR,GSW,,"W, 125-122",,21:31,5,7,1,2,2,2,3,4,7,0,0,1,1,0,13
Shaedon Sharpe,https://www.basketball-reference.com/players/s/sharpsh01.html,2023,2023-02-10,POR,OKC,,"L, 129-138",,28:35,5,8,3,4,0,0,1,2,3,3,1,2,0,0,13
Shaedon Sharpe,https://www.basketball-reference.com/players/s/sharpsh01.html,2023,2023-02-13,POR,LAL,,"W, 127-115",,25:34,6,10,3,5,0,0,0,5,5,4,3,0,0,2,15
Shaedon Sharpe,https://www.basketball-reference.com/players/s/sharpsh01.html,2023,2023-02-14,POR,WAS,,"L, 101-126",,28:14,5,9,2,5,2,2,1,0,1,1,0,0,0,1,14
Shaedon Sharpe,https://www.basketball-reference.com/players/s/sharpsh01.html,2023,2023-02-23,POR,SAC,@,"L, 116-133",,22:22,4,14,1,5,0,0,1,2,3,1,1,0,2,4,9
Shaedon Sharpe,https://www.basketball-reference.com/players/s/sharpsh01.html,2023,2023-02-26,POR,HOU,,"W, 131-114",,13:23,2,5,0,2,0,0,0,0,0,0,0,1,3,0,4
Shaedon Sharpe,https://www.basketball-reference.com/players/s/sharpsh01.html,2023,2023-02-28,POR,GSW,@,"L, 105-123",,30:39,6,11,1,4,0,0,1,3,4,1,1,1,0,1,13
Shaedon Sharpe,https://www.basketball-reference.com/players/s/sharpsh01.html,2023,2023-03-01,POR,NOP,,"L, 110-121",,14:28,1,6,0,2,0,0,1,2,3,0,0,1,2,0,2
Shaedon Sharpe,https://www.basketball-reference.com/players/s/sharpsh01.html,2023,2023-03-03,POR,ATL,@,"L, 111-129",,28:07,3,8,1,5,2,2,2,2,4,4,1,0,0,2,9
Shaedon Sharpe,https://www.basketball-reference.com/players/s/sharpsh01.html,2023,2023-03-05,POR,ORL,@,"W, 122-119",,20:26,3,6,2,5,0,0,0,2,2,2,0,1,3,3,8
Shaedon Sharpe,https://www.basketball-reference.com/players/s/sharpsh01.html,2023,2023-03-06,POR,DET,@,"W, 110-104",,20:41,2,2,0,0,2,2,0,3,3,0,0,0,1,1,6
Shaedon Sharpe,https://www.basketball-reference.com/players/s/sharpsh01.html,2023,2023-03-08,POR,BOS,@,"L, 93-115",,25:26,4,8,3,6,1,3,0,1,1,1,1,0,1,2,12
Shaedon Sharpe,https://www.basketball-reference.com/players/s/sharpsh01.html,2023,2023-03-10,POR,PHI,@,"L, 119-120",,17:14,0,0,0,0,1,2,1,1,2,1,1,0,0,2,1
Shaedon Sharpe,https://www.basketball-reference.com/players/s/sharpsh01.html,2023,2023-03-12,POR,NOP,@,"L, 110-127",,21:39,5,7,2,3,2,3,1,3,4,3,0,0,4,2,14
Shaedon Sharpe,https://www.basketball-reference.com/players/s/sharpsh01.html,2023,2023-03-14,POR,NYK,,"L, 107-123",,07:28,2,5,2,4,0,0,0,1,1,0,0,1,0,1,6
Shaedon Sharpe,https://www.basketball-reference.com/players/s/sharpsh01.html,2023,2023-03-17,POR,BOS,,"L, 112-126",,16:47,3,5,0,1,1,1,0,2,2,2,0,0,0,5,7
Shaedon Sharpe,https://www.basketball-reference.com/players/s/sharpsh01.html,2023,2023-03-19,POR,LAC,,"L, 102-117",,24:05,4,6,2,4,0,0,1,0,1,1,3,1,0,1,10
Shaedon Sharpe,https://www.basketball-reference.com/players/s/sharpsh01.html,2023,2023-03-22,POR,UTA,@,"W, 127-115",,39:46,9,19,4,7,2,3,2,7,9,3,4,0,1,5,24
Shaedon Sharpe,https://www.basketball-reference.com/players/s/sharpsh01.html,2023,2023-03-24,POR,CHI,,"L, 96-124",,38:15,9,20,4,11,2,2,2,2,4,2,0,1,3,1,24
Shaedon Sharpe,https://www.basketball-reference.com/players/s/sharpsh01.html,2023,2023-03-26,POR,OKC,,"L, 112-118",,35:17,9,13,3,5,8,11,0,5,5,3,0,0,5,3,29
Shaedon Sharpe,https://www.basketball-reference.com/players/s/sharpsh01.html,2023,2023-03-27,POR,NOP,,"L, 90-124",,34:54,5,13,1,4,1,1,1,7,8,1,1,0,2,4,12
Shaedon Sharpe,https://www.basketball-reference.com/players/s/sharpsh01.html,2023,2023-03-29,POR,SAC,,"L, 80-120",,44:44,10,27,6,13,4,4,0,7,7,7,0,1,3,2,30
Shaedon Sharpe,https://www.basketball-reference.com/players/s/sharpsh01.html,2023,2023-03-31,POR,SAC,,"L, 114-138",,36:53,10,20,4,10,3,4,0,3,3,5,1,2,6,1,27
Shaedon Sharpe,https://www.basketball-reference.com/players/s/sharpsh01.html,2023,2023-04-02,POR,MIN,@,"W, 107-105",,34:36,9,19,2,7,7,9,1,5,6,6,0,0,1,3,27
Shaedon Sharpe,https://www.basketball-reference.com/players/s/sharpsh01.html,2023,2023-04-04,POR,MEM,@,"L, 109-119",,29:26,8,18,2,8,2,4,1,7,8,6,0,0,1,2,20
Shaedon Sharpe,https://www.basketball-reference.com/players/s/sharpsh01.html,2023,2023-04-06,POR,SAS,@,"L, 127-129",,,,,,,,,,,,,,,,,
Shaedon Sharpe,https://www.basketball-reference.com/players/s/sharpsh01.html,2023,2023-04-08,POR,LAC,@,"L, 125-136",,37:06,10,20,3,9,3,4,3,1,4,4,2,0,3,0,26
Shaedon Sharpe,https://www.basketball-reference.com/players/s/sharpsh01.html,2023,2023-04-09,POR,GSW,,"L, 101-157",,28:16,7,18,2,8,2,2,1,6,7,4,1,0,5,0,18
Jabari Walker,https://www.basketball-reference.com/players/w/walkeja01.html,2023,2022-10-19,POR,SAC,@,"W, 115-108",,,,,,,,,,,,,,,,,
Jabari Walker,https://www.basketball-reference.com/players/w/walkeja01.html,2023,2022-10-21,POR,PHO,,"W, 113-111 (OT)",,,,,,,,,,,,,,,,,
Jabari Walker,https://www.basketball-reference.com/players/w/walkeja01.html,2023,2022-10-23,POR,LAL,@,"W, 106-104",,,,,,,,,,,,,,,,,
Jabari Walker,https://www.basketball-reference.com/players/w/walkeja01.html,2023,2022-10-24,POR,DEN,,"W, 135-110",,04:07,1,1,0,0,0,0,0,2,2,1,0,0,0,0,2
Jabari Walker,https://www.basketball-reference.com/players/w/walkeja01.html,2023,2022-10-26,POR,MIA,,"L, 98-119",,07:48,1,1,0,0,0,0,1,2,3,2,0,0,0,0,2
Jabari Walker,https://www.basketball-reference.com/players/w/walkeja01.html,2023,2022-10-28,POR,HOU,,"W, 125-111",,00:58,0,1,0,1,0,0,0,0,0,0,0,0,0,0,0
Jabari Walker,https://www.basketball-reference.com/players/w/walkeja01.html,2023,,,,,,,,,,,,,,,,,,,,,,
Jabari Walker,https://www.basketball-reference.com/players/w/walkeja01.html,2023,2022-11-02,POR,MEM,,"L, 106-111",,,,,,,,,,,,,,,,,
Jabari Walker,https://www.basketball-reference.com/players/w/walkeja01.html,2023,2022-11-04,POR,PHO,@,"W, 108-106",,09:18,1,3,0,0,0,0,1,2,3,1,1,0,0,1,2
Jabari Walker,https://www.basketball-reference.com/players/w/walkeja01.html,2023,2022-11-05,POR,PHO,@,"L, 82-102",,15:53,1,2,0,0,1,2,0,3,3,1,0,1,0,2,3
Jabari Walker,https://www.basketball-reference.com/players/w/walkeja01.html,2023,2022-11-07,POR,MIA,@,"W, 110-107",,,,,,,,,,,,,,,,,
Jabari Walker,https://www.basketball-reference.com/players/w/walkeja01.html,2023,2022-11-09,POR,CHO,@,"W, 105-95",,17:34,2,3,1,2,0,0,1,2,3,2,0,0,1,3,5
Jabari Walker,https://www.basketball-reference.com/players/w/walkeja01.html,2023,2022-11-10,POR,NOP,@,"W, 106-95",,08:11,2,4,0,2,0,0,0,2,2,0,0,0,1,0,4
Jabari Walker,https://www.basketball-reference.com/players/w/walkeja01.html,2023,2022-11-12,POR,DAL,@,"L, 112-117",,08:01,1,2,0,0,3,4,2,2,4,1,0,0,0,0,5
Jabari Walker,https://www.basketball-reference.com/players/w/walkeja01.html,2023,2022-11-15,POR,SAS,,"W, 117-110",,,,,,,,,,,,,,,,,
Jabari Walker,https://www.basketball-reference.com/players/w/walkeja01.html,2023,2022-11-17,POR,BRK,,"L, 107-109",,,,,,,,,,,,,,,,,
Jabari Walker,https://www.basketball-reference.com/players/w/walkeja01.html,2023,2022-11-19,POR,UTA,,"L, 113-118",,,,,,,,,,,,,,,,,
Jabari Walker,https://www.basketball-reference.com/players/w/walkeja01.html,2023,2022-11-21,POR,MIL,@,"L, 111-119",,01:23,0,0,0,0,0,0,0,0,0,1,0,0,0,0,0
Jabari Walker,https://www.basketball-reference.com/players/w/walkeja01.html,2023,2022-11-23,POR,CLE,@,"L, 96-114",,02:42,0,1,0,0,0,0,0,0,0,0,0,0,0,0,0
Jabari Walker,https://www.basketball-reference.com/players/w/walkeja01.html,2023,2022-11-25,POR,NYK,@,"W, 132-129 (OT)",,,,,,,,,,,,,,,,,
Jabari Walker,https://www.basketball-reference.com/players/w/walkeja01.html,2023,2022-11-27,POR,BRK,@,"L, 97-111",,,,,,,,,,,,,,,,,
Jabari Walker,https://www.basketball-reference.com/players/w/walkeja01.html,2023,2022-11-29,POR,LAC,,"L, 112-118",,,,,,,,,,,,,,,,,
Jabari Walker,https://www.basketball-reference.com/players/w/walkeja01.html,2023,2022-11-30,POR,LAL,@,"L, 109-128",,14:29,1,4,0,1,0,0,1,4,5,0,0,0,1,4,2
Jabari Walker,https://www.basketball-reference.com/players/w/walkeja01.html,2023,2022-12-03,POR,UTA,@,"W, 116-111",,12:50,0,4,0,2,0,0,1,3,4,0,0,1,1,1,0
Jabari Walker,https://www.basketball-reference.com/players/w/walkeja01.html,2023,2022-12-04,POR,IND,,"W, 116-100",,02:09,0,0,0,0,0,0,0,0,0,0,0,0,0,0,0
Jabari Walker,https://www.basketball-reference.com/players/w/walkeja01.html,2023,2022-12-08,POR,DEN,,"L, 120-121",,,,,,,,,,,,,,,,,
Jabari Walker,https://www.basketball-reference.com/players/w/walkeja01.html,2023,2022-12-10,POR,MIN,,"W, 124-118",,,,,,,,,,,,,,,,,
Jabari Walker,https://www.basketball-reference.com/players/w/walkeja01.html,2023,2022-12-12,POR,MIN,,"W, 133-112",,06:03,1,1,1,1,0,0,0,0,0,0,0,0,0,1,3
Jabari Walker,https://www.basketball-reference.com/players/w/walkeja01.html,2023,2022-12-14,POR,SAS,@,"W, 128-112",,03:14,1,1,1,1,0,0,0,0,0,0,0,0,0,1,3
Jabari Walker,https://www.basketball-reference.com/players/w/walkeja01.html,2023,2022-12-16,POR,DAL,@,"L, 110-130",,12:00,0,3,0,1,0,0,2,1,3,1,0,0,0,1,0
Jabari Walker,https://www.basketball-reference.com/players/w/walkeja01.html,2023,2022-12-17,POR,HOU,@,"W, 107-95",,04:02,0,1,0,0,0,0,0,0,0,0,0,1,1,1,0
Jabari Walker,https://www.basketball-reference.com/players/w/walkeja01.html,2023,2022-12-19,POR,OKC,@,"L, 121-123",,,,,,,,,,,,,,,,,
Jabari Walker,https://www.basketball-reference.com/players/w/walkeja01.html,2023,2022-12-21,POR,OKC,@,"L, 98-101",,,,,,,,,,,,,,,,,
Jabari Walker,https://www.basketball-reference.com/players/w/walkeja01.html,2023,2022-12-23,POR,DEN,@,"L, 107-120",,,,,,,,,,,,,,,,,
Jabari Walker,https://www.basketball-reference.com/players/w/walkeja01.html,2023,2022-12-26,POR,CHO,,"W, 124-113",,00:24,0,0,0,0,0,0,0,0,0,0,0,0,0,0,0
Jabari Walker,https://www.basketball-reference.com/players/w/walkeja01.html,2023,2022-12-30,POR,GSW,@,"L, 112-118",,13:59,1,4,0,0,0,0,4,2,6,0,1,0,1,2,2
Jabari Walker,https://www.basketball-reference.com/players/w/walkeja01.html,2023,2023-01-02,POR,DET,,"W, 135-106",,20:06,2,3,0,1,0,0,2,4,6,1,0,1,0,2,4
Jabari Walker,https://www.basketball-reference.com/players/w/walkeja01.html,2023,2023-01-04,POR,MIN,@,"L, 106-113",,16:22,1,3,0,0,4,6,3,3,6,0,0,0,1,3,6
Jabari Walker,https://www.basketball-reference.com/players/w/walkeja01.html,2023,2023-01-06,POR,IND,@,"L, 99-108",,14:55,5,7,0,0,1,2,4,2,6,1,1,0,2,3,11
Jabari Walker,https://www.basketball-reference.com/players/w/walkeja01.html,2023,2023-01-08,POR,TOR,@,"L, 105-117",,10:05,0,0,0,0,0,0,2,1,3,1,0,1,1,1,0
Jabari Walker,https://www.basketball-reference.com/players/w/walkeja01.html,2023,2023-01-10,POR,ORL,,"L, 106-109",,07:25,0,0,0,0,0,0,0,2,2,1,0,0,0,1,0
Jabari Walker,https://www.basketball-reference.com/players/w/walkeja01.html,2023,2023-01-12,POR,CLE,,"L, 113-119",,07:49,1,3,0,1,2,2,2,1,3,0,0,0,1,2,4
Jabari Walker,https://www.basketball-reference.com/players/w/walkeja01.html,2023,2023-01-14,POR,DAL,,"W, 136-119",,13:34,0,1,0,0,0,0,1,1,2,1,0,0,0,1,0
Jabari Walker,https://www.basketball-reference.com/players/w/walkeja01.html,2023,2023-01-15,POR,DAL,,"W, 140-123",,13:15,2,6,0,3,3,5,0,0,0,1,0,0,0,4,7
Jabari Walker,https://www.basketball-reference.com/players/w/walkeja01.html,2023,2023-01-17,POR,DEN,@,"L, 113-122",,05:44,0,0,0,0,0,0,0,0,0,0,0,0,0,0,0
Jabari Walker,https://www.basketball-reference.com/players/w/walkeja01.html,2023,2023-01-19,POR,PHI,,"L, 95-105",,04:55,0,1,0,0,0,0,1,0,1,0,0,0,0,0,0
Jabari Walker,https://www.basketball-reference.com/players/w/walkeja01.html,2023,2023-01-22,POR,LAL,,"L, 112-121",,,,,,,,,,,,,,,,,
Jabari Walker,https://www.basketball-reference.com/players/w/walkeja01.html,2023,2023-01-23,POR,SAS,,"W, 147-127",,05:16,0,0,0,0,0,0,0,1,1,0,0,0,0,0,0
Jabari Walker,https://www.basketball-reference.com/players/w/walkeja01.html,2023,2023-01-25,POR,UTA,,"W, 134-124",,,,,,,,,,,,,,,,,
Jabari Walker,https://www.basketball-reference.com/players/w/walkeja01.html,2023,2023-01-28,POR,TOR,,"L, 105-123",,05:16,1,2,0,0,0,0,0,0,0,0,0,0,0,0,2
Jabari Walker,https://www.basketball-reference.com/players/w/walkeja01.html,2023,2023-01-30,POR,ATL,,"W, 129-125",,,,,,,,,,,,,,,,,
Jabari Walker,https://www.basketball-reference.com/players/w/walkeja01.html,2023,2023-02-01,POR,MEM,@,"W, 122-112",,06:01,1,3,0,0,0,0,0,1,1,0,0,0,0,0,2
Jabari Walker,https://www.basketball-reference.com/players/w/walkeja01.html,2023,2023-02-03,POR,WAS,@,"W, 124-116",,05:12,0,2,0,1,0,0,1,0,1,0,0,0,0,0,0
Jabari Walker,https://www.basketball-reference.com/players/w/walkeja01.html,2023,2023-02-04,POR,CHI,@,"L, 121-129",,,,,,,,,,,,,,,,,
Jabari Walker,https://www.basketball-reference.com/players/w/walkeja01.html,2023,2023-02-06,POR,MIL,,"L, 108-127",,05:22,2,4,1,2,1,1,0,0,0,0,0,0,0,0,6
Jabari Walker,https://www.basketball-reference.com/players/w/walkeja01.html,2023,2023-02-08,POR,GSW,,"W, 125-122",,06:45,3,3,1,1,3,3,0,2,2,0,0,0,0,0,10
Jabari Walker,https://www.basketball-reference.com/players/w/walkeja01.html,2023,2023-02-10,POR,OKC,,"L, 129-138",,13:27,5,7,0,1,0,0,1,2,3,1,0,0,1,2,10
Jabari Walker,https://www.basketball-reference.com/players/w/walkeja01.html,2023,2023-02-13,POR,LAL,,"W, 127-115",,16:33,3,7,0,2,2,2,1,2,3,2,1,0,0,1,8
Jabari Walker,https://www.basketball-reference.com/players/w/walkeja01.html,2023,2023-02-14,POR,WAS,,"L, 101-126",,11:43,1,1,0,0,1,2,1,1,2,1,0,1,2,1,3
Jabari Walker,https://www.basketball-reference.com/players/w/walkeja01.html,2023,2023-02-23,POR,SAC,@,"L, 116-133",,16:42,2,3,0,1,0,0,0,1,1,1,0,1,0,2,4
Jabari Walker,https://www.basketball-reference.com/players/w/walkeja01.html,2023,2023-02-26,POR,HOU,,"W, 131-114",,12:35,1,5,0,2,0,0,1,0,1,0,0,2,0,0,2
Jabari Walker,https://www.basketball-reference.com/players/w/walkeja01.html,2023,2023-02-28,POR,GSW,@,"L, 105-123",,03:23,0,0,0,0,0,0,0,0,0,0,0,0,0,1,0
Jabari Walker,https://www.basketball-reference.com/players/w/walkeja01.html,2023,2023-03-01,POR,NOP,,"L, 110-121",,,,,,,,,,,,,,,,,
Jabari Walker,https://www.basketball-reference.com/players/w/walkeja01.html,2023,2023-03-03,POR,ATL,@,"L, 111-129",,05:51,0,1,0,0,0,0,0,1,1,0,0,0,0,0,0
Jabari Walker,https://www.basketball-reference.com/players/w/walkeja01.html,2023,2023-03-05,POR,ORL,@,"W, 122-119",,,,,,,,,,,,,,,,,
Jabari Walker,https://www.basketball-reference.com/players/w/walkeja01.html,2023,2023-03-06,POR,DET,@,"W, 110-104",,,,,,,,,,,,,,,,,
Jabari Walker,https://www.basketball-reference.com/players/w/walkeja01.html,2023,2023-03-08,POR,BOS,@,"L, 93-115",,05:47,1,2,1,2,0,0,0,1,1,1,0,0,1,0,3
Jabari Walker,https://www.basketball-reference.com/players/w/walkeja01.html,2023,2023-03-10,POR,PHI,@,"L, 119-120",,,,,,,,,,,,,,,,,
Jabari Walker,https://www.basketball-reference.com/players/w/walkeja01.html,2023,2023-03-12,POR,NOP,@,"L, 110-127",,12:00,1,4,1,1,2,2,2,2,4,0,1,1,1,0,5
Jabari Walker,https://www.basketball-reference.com/players/w/walkeja01.html,2023,2023-03-14,POR,NYK,,"L, 107-123",,01:50,1,1,0,0,0,0,0,0,0,0,0,0,0,0,2
Jabari Walker,https://www.basketball-reference.com/players/w/walkeja01.html,2023,2023-03-17,POR,BOS,,"L, 112-126",,07:49,0,2,0,0,0,0,1,3,4,0,0,0,3,1,0
Jabari Walker,https://www.basketball-reference.com/players/w/walkeja01.html,2023,2023-03-19,POR,LAC,,"L, 102-117",,,,,,,,,,,,,,,,,
Jabari Walker,https://www.basketball-reference.com/players/w/walkeja01.html,2023,2023-03-22,POR,UTA,@,"W, 127-115",,,,,,,,,,,,,,,,,
Jabari Walker,https://www.basketball-reference.com/players/w/walkeja01.html,2023,2023-03-24,POR,CHI,,"L, 96-124",,23:11,6,13,0,1,2,2,1,2,3,1,1,0,1,4,14
Jabari Walker,https://www.basketball-reference.com/players/w/walkeja01.html,2023,2023-03-26,POR,OKC,,"L, 112-118",,14:37,0,2,0,1,2,2,2,0,2,0,1,1,0,2,2
Jabari Walker,https://www.basketball-reference.com/players/w/walkeja01.html,2023,2023-03-27,POR,NOP,,"L, 90-124",,24:49,3,9,0,1,1,1,1,2,3,0,1,0,0,1,7
Jabari Walker,https://www.basketball-reference.com/players/w/walkeja01.html,2023,2023-03-29,POR,SAC,,"L, 80-120",,27:29,5,9,1,3,1,1,0,5,5,1,0,0,0,2,12
Jabari Walker,https://www.basketball-reference.com/players/w/walkeja01.html,2023,2023-03-31,POR,SAC,,"L, 114-138",,19:57,5,12,4,6,0,0,1,1,2,3,0,1,2,2,14
Jabari Walker,https://www.basketball-reference.com/players/w/walkeja01.html,2023,2023-04-02,POR,MIN,@,"W, 107-105",,19:24,2,11,1,4,0,0,2,5,7,3,1,0,0,4,5
Jabari Walker,https://www.basketball-reference.com/players/w/walkeja01.html,2023,2023-04-04,POR,MEM,@,"L, 109-119",,20:19,6,11,3,5,1,2,1,5,6,1,0,0,2,4,16
Jabari Walker,https://www.basketball-reference.com/players/w/walkeja01.html,2023,2023-04-06,POR,SAS,@,"L, 127-129",,25:58,4,12,0,2,0,0,2,1,3,2,1,1,2,5,8
Jabari Walker,https://www.basketball-reference.com/players/w/walkeja01.html,2023,2023-04-08,POR,LAC,@,"L, 125-136",,21:53,2,6,0,2,3,4,2,3,5,1,0,0,1,3,7
Jabari Walker,https://www.basketball-reference.com/players/w/walkeja01.html,2023,2023-04-09,POR,GSW,,"L, 101-157",,20:44,4,6,0,2,1,2,0,3,3,0,0,0,2,0,9
Jeenathan Williams,https://www.basketball-reference.com/players/w/willije02.html,2023,2023-04-02,POR,MIN,@,"W, 107-105",,13:24,3,6,1,1,0,0,4,1,5,0,0,0,1,3,7
Jeenathan Williams,https://www.basketball-reference.com/players/w/willije02.html,2023,2023-04-04,POR,MEM,@,"L, 109-119",,28:55,2,6,0,3,0,0,0,1,1,3,3,2,0,1,4
Jeenathan Williams,https://www.basketball-reference.com/players/w/willije02.html,2023,2023-04-06,POR,SAS,@,"L, 127-129",,31:56,8,10,0,1,0,0,2,2,4,4,0,0,1,6,16
Jeenathan Williams,https://www.basketball-reference.com/players/w/willije02.html,2023,2023-04-08,POR,LAC,@,"L, 125-136",,21:18,4,5,1,1,0,1,1,0,1,0,0,0,1,2,9
Jeenathan Williams,https://www.basketball-reference.com/players/w/willije02.html,2023,2023-04-09,POR,GSW,,"L, 101-157",,31:01,7,12,1,2,2,2,3,1,4,3,0,0,1,1,17
Kessler Edwards,https://www.basketball-reference.com/players/e/edwarke02.html,2023,2022-10-19,BRK,NOP,,"L, 108-130",,03:52,1,3,1,2,0,0,0,2,2,2,1,0,0,0,3
Kessler Edwards,https://www.basketball-reference.com/players/e/edwarke02.html,2023,2022-10-21,BRK,TOR,,"W, 109-105",,,,,,,,,,,,,,,,,
Kessler Edwards,https://www.basketball-reference.com/players/e/edwarke02.html,2023,2022-10-24,BRK,MEM,@,"L, 124-134",,,,,,,,,,,,,,,,,
Kessler Edwards,https://www.basketball-reference.com/players/e/edwarke02.html,2023,2022-10-26,BRK,MIL,@,"L, 99-110",,00:58,0,0,0,0,0,0,0,0,0,0,0,0,0,0,0
Kessler Edwards,https://www.basketball-reference.com/players/e/edwarke02.html,2023,2022-10-27,BRK,DAL,,"L, 125-129 (OT)",,,,,,,,,,,,,,,,,
Kessler Edwards,https://www.basketball-reference.com/players/e/edwarke02.html,2023,2022-10-29,BRK,IND,,"L, 116-125",,,,,,,,,,,,,,,,,
Kessler Edwards,https://www.basketball-reference.com/players/e/edwarke02.html,2023,2022-10-31,BRK,IND,,"W, 116-109",,,,,,,,,,,,,,,,,
Kessler Edwards,https://www.basketball-reference.com/players/e/edwarke02.html,2023,,,,,,,,,,,,,,,,,,,,,,
Kessler Edwards,https://www.basketball-reference.com/players/e/edwarke02.html,2023,2022-11-01,BRK,CHI,,"L, 99-108",,00:49,0,0,0,0,0,0,0,0,0,0,0,0,0,0,0
Kessler Edwards,https://www.basketball-reference.com/players/e/edwarke02.html,2023,2022-11-04,BRK,WAS,@,"W, 128-86",,,,,,,,,,,,,,,,,
Kessler Edwards,https://www.basketball-reference.com/players/e/edwarke02.html,2023,2022-11-05,BRK,CHO,@,"W, 98-94",,,,,,,,,,,,,,,,,
Kessler Edwards,https://www.basketball-reference.com/players/e/edwarke02.html,2023,2022-11-07,BRK,DAL,@,"L, 94-96",,,,,,,,,,,,,,,,,
Kessler Edwards,https://www.basketball-reference.com/players/e/edwarke02.html,2023,2022-11-09,BRK,NYK,,"W, 112-85",,04:36,0,1,0,1,0,0,0,0,0,0,0,0,0,0,0
Kessler Edwards,https://www.basketball-reference.com/players/e/edwarke02.html,2023,2022-11-12,BRK,LAC,@,"W, 110-95",,01:55,0,1,0,0,0,0,0,0,0,0,0,0,0,0,0
Kessler Edwards,https://www.basketball-reference.com/players/e/edwarke02.html,2023,2022-11-13,BRK,LAL,@,"L, 103-116",,03:39,0,0,0,0,0,0,0,0,0,0,0,0,0,0,0
Kessler Edwards,https://www.basketball-reference.com/players/e/edwarke02.html,2023,2022-11-15,BRK,SAC,@,"L, 121-153",,12:00,2,4,1,3,1,2,2,1,3,0,1,1,0,1,6
Kessler Edwards,https://www.basketball-reference.com/players/e/edwarke02.html,2023,2022-11-17,BRK,POR,@,"W, 109-107",,,,,,,,,,,,,,,,,
Kessler Edwards,https://www.basketball-reference.com/players/e/edwarke02.html,2023,2022-11-20,BRK,MEM,,"W, 127-115",,01:48,0,0,0,0,0,0,0,0,0,0,0,0,1,0,0
Kessler Edwards,https://www.basketball-reference.com/players/e/edwarke02.html,2023,2022-11-22,BRK,PHI,@,"L, 106-115",,03:08,0,1,0,0,0,0,0,0,0,0,0,0,0,0,0
Kessler Edwards,https://www.basketball-reference.com/players/e/edwarke02.html,2023,2022-11-23,BRK,TOR,@,"W, 112-98",,03:54,0,1,0,1,0,0,0,0,0,0,0,0,0,0,0
Kessler Edwards,https://www.basketball-reference.com/players/e/edwarke02.html,2023,2022-11-25,BRK,IND,@,"L, 117-128",,00:58,0,1,0,0,0,0,0,0,0,0,0,0,0,0,0
Kessler Edwards,https://www.basketball-reference.com/players/e/edwarke02.html,2023,2022-11-27,BRK,POR,,"W, 111-97",,,,,,,,,,,,,,,,,
Kessler Edwards,https://www.basketball-reference.com/players/e/edwarke02.html,2023,2022-11-28,BRK,ORL,,"W, 109-102",,,,,,,,,,,,,,,,,
Kessler Edwards,https://www.basketball-reference.com/players/e/edwarke02.html,2023,2022-11-30,BRK,WAS,,"W, 113-107",,,,,,,,,,,,,,,,,
Kessler Edwards,https://www.basketball-reference.com/players/e/edwarke02.html,2023,2022-12-02,BRK,TOR,,"W, 114-105",,,,,,,,,,,,,,,,,
Kessler Edwards,https://www.basketball-reference.com/players/e/edwarke02.html,2023,2022-12-04,BRK,BOS,,"L, 92-103",,01:43,0,1,0,0,0,0,0,0,0,0,0,0,0,0,0
Kessler Edwards,https://www.basketball-reference.com/players/e/edwarke02.html,2023,2022-12-07,BRK,CHO,,"W, 122-116",,,,,,,,,,,,,,,,,
Kessler Edwards,https://www.basketball-reference.com/players/e/edwarke02.html,2023,2022-12-09,BRK,ATL,,"W, 120-116",,,,,,,,,,,,,,,,,
Kessler Edwards,https://www.basketball-reference.com/players/e/edwarke02.html,2023,2022-12-10,BRK,IND,@,"W, 136-133",,34:37,3,9,0,4,0,0,4,5,9,0,1,0,3,2,6
Kessler Edwards,https://www.basketball-reference.com/players/e/edwarke02.html,2023,2022-12-12,BRK,WAS,@,"W, 112-100",,,,,,,,,,,,,,,,,
Kessler Edwards,https://www.basketball-reference.com/players/e/edwarke02.html,2023,2022-12-16,BRK,TOR,@,"W, 119-116",,,,,,,,,,,,,,,,,
Kessler Edwards,https://www.basketball-reference.com/players/e/edwarke02.html,2023,2022-12-18,BRK,DET,@,"W, 124-121",,,,,,,,,,,,,,,,,
Kessler Edwards,https://www.basketball-reference.com/players/e/edwarke02.html,2023,2022-12-21,BRK,GSW,,"W, 143-113",,,,,,,,,,,,,,,,,
Kessler Edwards,https://www.basketball-reference.com/players/e/edwarke02.html,2023,2022-12-23,BRK,MIL,,"W, 118-100",,,,,,,,,,,,,,,,,
Kessler Edwards,https://www.basketball-reference.com/players/e/edwarke02.html,2023,2022-12-26,BRK,CLE,@,"W, 125-117",,,,,,,,,,,,,,,,,
Kessler Edwards,https://www.basketball-reference.com/players/e/edwarke02.html,2023,2022-12-28,BRK,ATL,@,"W, 108-107",,,,,,,,,,,,,,,,,
Kessler Edwards,https://www.basketball-reference.com/players/e/edwarke02.html,2023,2022-12-31,BRK,CHO,@,"W, 123-106",,,,,,,,,,,,,,,,,
Kessler Edwards,https://www.basketball-reference.com/players/e/edwarke02.html,2023,2023-01-02,BRK,SAS,,"W, 139-103",,,,,,,,,,,,,,,,,
Kessler Edwards,https://www.basketball-reference.com/players/e/edwarke02.html,2023,2023-01-04,BRK,CHI,@,"L, 112-121",,,,,,,,,,,,,,,,,
Kessler Edwards,https://www.basketball-reference.com/players/e/edwarke02.html,2023,2023-01-06,BRK,NOP,@,"W, 108-102",,,,,,,,,,,,,,,,,
Kessler Edwards,https://www.basketball-reference.com/players/e/edwarke02.html,2023,2023-01-08,BRK,MIA,@,"W, 102-101",,,,,,,,,,,,,,,,,
Kessler Edwards,https://www.basketball-reference.com/players/e/edwarke02.html,2023,2023-01-12,BRK,BOS,,"L, 98-109",,,,,,,,,,,,,,,,,
Kessler Edwards,https://www.basketball-reference.com/players/e/edwarke02.html,2023,2023-01-15,BRK,OKC,,"L, 102-112",,,,,,,,,,,,,,,,,
Kessler Edwards,https://www.basketball-reference.com/players/e/edwarke02.html,2023,2023-01-17,BRK,SAS,@,"L, 98-106",,,,,,,,,,,,,,,,,
Kessler Edwards,https://www.basketball-reference.com/players/e/edwarke02.html,2023,2023-01-19,BRK,PHO,@,"L, 112-117",,,,,,,,,,,,,,,,,
Kessler Edwards,https://www.basketball-reference.com/players/e/edwarke02.html,2023,2023-01-20,BRK,UTA,@,"W, 117-106",,,,,,,,,,,,,,,,,
Kessler Edwards,https://www.basketball-reference.com/players/e/edwarke02.html,2023,2023-01-22,BRK,GSW,@,"W, 120-116",,,,,,,,,,,,,,,,,
Kessler Edwards,https://www.basketball-reference.com/players/e/edwarke02.html,2023,2023-01-25,BRK,PHI,@,"L, 133-137",,,,,,,,,,,,,,,,,
Kessler Edwards,https://www.basketball-reference.com/players/e/edwarke02.html,2023,2023-01-26,BRK,DET,,"L, 122-130",,,,,,,,,,,,,,,,,
Kessler Edwards,https://www.basketball-reference.com/players/e/edwarke02.html,2023,2023-01-28,BRK,NYK,,"W, 122-115",,,,,,,,,,,,,,,,,
Kessler Edwards,https://www.basketball-reference.com/players/e/edwarke02.html,2023,2023-01-30,BRK,LAL,,"W, 121-104",,,,,,,,,,,,,,,,,
Kessler Edwards,https://www.basketball-reference.com/players/e/edwarke02.html,2023,2023-02-01,BRK,BOS,@,"L, 96-139",,,,,,,,,,,,,,,,,
Kessler Edwards,https://www.basketball-reference.com/players/e/edwarke02.html,2023,2023-02-04,BRK,WAS,,"W, 125-123",,,,,,,,,,,,,,,,,
Kessler Edwards,https://www.basketball-reference.com/players/e/edwarke02.html,2023,2023-02-06,BRK,LAC,,"L, 116-124",,05:32,0,2,0,1,0,0,0,0,0,0,0,0,0,0,0
Kessler Edwards,https://www.basketball-reference.com/players/e/edwarke02.html,2023,2023-02-07,BRK,PHO,,"L, 112-116",,,,,,,,,,,,,,,,,
Kessler Edwards,https://www.basketball-reference.com/players/e/edwarke02.html,2023,2023-02-08,SAC,HOU,@,"W, 130-128",,,,,,,,,,,,,,,,,
Kessler Edwards,https://www.basketball-reference.com/players/e/edwarke02.html,2023,2023-02-10,SAC,DAL,,"L, 114-122",,,,,,,,,,,,,,,,,
Kessler Edwards,https://www.basketball-reference.com/players/e/edwarke02.html,2023,2023-02-11,SAC,DAL,,"W, 133-128 (OT)",,,,,,,,,,,,,,,,,
Kessler Edwards,https://www.basketball-reference.com/players/e/edwarke02.html,2023,2023-02-14,SAC,PHO,@,"L, 109-120",,10:11,0,1,0,1,0,0,0,1,1,2,0,0,0,0,0
Kessler Edwards,https://www.basketball-reference.com/players/e/edwarke02.html,2023,2023-02-23,SAC,POR,,"W, 133-116",,03:55,0,3,0,1,0,0,1,0,1,0,0,0,0,0,0
Kessler Edwards,https://www.basketball-reference.com/players/e/edwarke02.html,2023,2023-02-24,SAC,LAC,@,"W, 176-175 (2OT)",,,,,,,,,,,,,,,,,
Kessler Edwards,https://www.basketball-reference.com/players/e/edwarke02.html,2023,2023-02-26,SAC,OKC,@,"W, 124-115",,,,,,,,,,,,,,,,,
Kessler Edwards,https://www.basketball-reference.com/players/e/edwarke02.html,2023,2023-02-28,SAC,OKC,@,"W, 123-117",,,,,,,,,,,,,,,,,
Kessler Edwards,https://www.basketball-reference.com/players/e/edwarke02.html,2023,2023-03-03,SAC,LAC,,"W, 128-127",,,,,,,,,,,,,,,,,
Kessler Edwards,https://www.basketball-reference.com/players/e/edwarke02.html,2023,2023-03-04,SAC,MIN,,"L, 134-138",,14:08,1,2,1,1,0,0,0,3,3,1,1,0,0,1,3
Kessler Edwards,https://www.basketball-reference.com/players/e/edwarke02.html,2023,2023-03-06,SAC,NOP,,"W, 123-108",,00:00,0,0,0,0,0,0,0,0,0,0,0,0,0,0,0
Kessler Edwards,https://www.basketball-reference.com/players/e/edwarke02.html,2023,2023-03-09,SAC,NYK,,"W, 122-117",,00:16,0,0,0,0,0,0,0,0,0,0,0,0,0,0,0
Kessler Edwards,https://www.basketball-reference.com/players/e/edwarke02.html,2023,2023-03-11,SAC,PHO,@,"W, 128-119",,25:45,4,6,2,4,2,2,1,6,7,1,1,0,2,5,12
Kessler Edwards,https://www.basketball-reference.com/players/e/edwarke02.html,2023,2023-03-13,SAC,MIL,,"L, 124-133",,17:47,0,3,0,2,0,0,0,1,1,0,0,0,0,1,0
Kessler Edwards,https://www.basketball-reference.com/players/e/edwarke02.html,2023,2023-03-15,SAC,CHI,@,"W, 117-114",,17:55,1,5,1,4,1,2,1,2,3,0,0,0,0,2,4
Kessler Edwards,https://www.basketball-reference.com/players/e/edwarke02.html,2023,2023-03-16,SAC,BRK,@,"W, 101-96",,23:35,4,6,2,4,0,0,2,1,3,1,0,0,2,4,10
Kessler Edwards,https://www.basketball-reference.com/players/e/edwarke02.html,2023,2023-03-18,SAC,WAS,@,"W, 132-118",,18:57,3,3,2,2,1,2,1,1,2,1,0,0,0,3,9
Kessler Edwards,https://www.basketball-reference.com/players/e/edwarke02.html,2023,2023-03-20,SAC,UTA,@,"L, 120-128",,19:07,2,4,0,2,2,2,1,0,1,2,0,1,1,2,6
Kessler Edwards,https://www.basketball-reference.com/players/e/edwarke02.html,2023,2023-03-21,SAC,BOS,,"L, 109-132",,19:46,3,5,2,4,0,0,3,0,3,1,0,1,0,3,8
Kessler Edwards,https://www.basketball-reference.com/players/e/edwarke02.html,2023,2023-03-24,SAC,PHO,,"W, 135-127",,10:56,1,2,0,1,0,0,0,0,0,1,1,1,0,3,2
Kessler Edwards,https://www.basketball-reference.com/players/e/edwarke02.html,2023,2023-03-25,SAC,UTA,,"W, 121-113",,13:26,1,2,0,0,2,2,0,3,3,3,1,0,1,1,4
Kessler Edwards,https://www.basketball-reference.com/players/e/edwarke02.html,2023,2023-03-27,SAC,MIN,,"L, 115-119",,05:48,1,2,0,1,0,0,0,0,0,0,0,1,0,0,2
Kessler Edwards,https://www.basketball-reference.com/players/e/edwarke02.html,2023,2023-03-29,SAC,POR,@,"W, 120-80",,11:20,1,2,1,2,0,0,1,2,3,1,0,0,1,0,3
Kessler Edwards,https://www.basketball-reference.com/players/e/edwarke02.html,2023,2023-03-31,SAC,POR,@,"W, 138-114",,17:55,4,7,2,4,0,0,0,0,0,2,2,1,1,1,10
Kessler Edwards,https://www.basketball-reference.com/players/e/edwarke02.html,2023,2023-04-02,SAC,SAS,,"L, 134-142 (OT)",,22:11,2,7,1,5,1,1,2,4,6,1,2,0,0,5,6
Kessler Edwards,https://www.basketball-reference.com/players/e/edwarke02.html,2023,2023-04-04,SAC,NOP,@,"W, 121-103",,11:07,0,2,0,2,0,0,0,5,5,1,0,0,1,2,0
Kessler Edwards,https://www.basketball-reference.com/players/e/edwarke02.html,2023,2023-04-05,SAC,DAL,@,"L, 119-123",,09:47,0,2,0,1,0,0,2,0,2,1,1,0,0,0,0
Kessler Edwards,https://www.basketball-reference.com/players/e/edwarke02.html,2023,2023-04-07,SAC,GSW,,"L, 97-119",,22:35,2,3,1,1,1,2,1,1,2,2,2,0,0,0,6
Kessler Edwards,https://www.basketball-reference.com/players/e/edwarke02.html,2023,2023-04-09,SAC,DEN,@,"L, 95-109",,09:46,0,2,0,1,0,0,1,0,1,0,0,0,0,4,0
Keon Ellis,https://www.basketball-reference.com/players/e/elliske01.html,2023,2022-10-19,SAC,POR,,"L, 108-115",,,,,,,,,,,,,,,,,
Keon Ellis,https://www.basketball-reference.com/players/e/elliske01.html,2023,2022-10-22,SAC,LAC,,"L, 109-111",,,,,,,,,,,,,,,,,
Keon Ellis,https://www.basketball-reference.com/players/e/elliske01.html,2023,2022-10-23,SAC,GSW,@,"L, 125-130",,,,,,,,,,,,,,,,,
Keon Ellis,https://www.basketball-reference.com/players/e/elliske01.html,2023,2022-10-27,SAC,MEM,,"L, 110-125",,,,,,,,,,,,,,,,,
Keon Ellis,https://www.basketball-reference.com/players/e/elliske01.html,2023,2022-10-29,SAC,MIA,,"W, 119-113",,,,,,,,,,,,,,,,,
Keon Ellis,https://www.basketball-reference.com/players/e/elliske01.html,2023,2022-10-31,SAC,CHO,@,"W, 115-108",,,,,,,,,,,,,,,,,
Keon Ellis,https://www.basketball-reference.com/players/e/elliske01.html,2023,,,,,,,,,,,,,,,,,,,,,,
Keon Ellis,https://www.basketball-reference.com/players/e/elliske01.html,2023,2022-11-02,SAC,MIA,@,"L, 107-110",,,,,,,,,,,,,,,,,
Keon Ellis,https://www.basketball-reference.com/players/e/elliske01.html,2023,2022-11-05,SAC,ORL,@,"W, 126-123 (OT)",,,,,,,,,,,,,,,,,
Keon Ellis,https://www.basketball-reference.com/players/e/elliske01.html,2023,2022-11-07,SAC,GSW,@,"L, 113-116",,,,,,,,,,,,,,,,,
Keon Ellis,https://www.basketball-reference.com/players/e/elliske01.html,2023,2022-11-09,SAC,CLE,,"W, 127-120",,,,,,,,,,,,,,,,,
Keon Ellis,https://www.basketball-reference.com/players/e/elliske01.html,2023,2022-11-11,SAC,LAL,@,"W, 120-114",,,,,,,,,,,,,,,,,
Keon Ellis,https://www.basketball-reference.com/players/e/elliske01.html,2023,2022-11-13,SAC,GSW,,"W, 122-115",,,,,,,,,,,,,,,,,
Keon Ellis,https://www.basketball-reference.com/players/e/elliske01.html,2023,2022-11-15,SAC,BRK,,"W, 153-121",,,,,,,,,,,,,,,,,
Keon Ellis,https://www.basketball-reference.com/players/e/elliske01.html,2023,2022-11-17,SAC,SAS,,"W, 130-112",,01:37,0,0,0,0,0,0,0,0,0,0,0,0,0,1,0
Keon Ellis,https://www.basketball-reference.com/players/e/elliske01.html,2023,2022-11-20,SAC,DET,,"W, 137-129",,,,,,,,,,,,,,,,,
Keon Ellis,https://www.basketball-reference.com/players/e/elliske01.html,2023,2022-11-22,SAC,MEM,@,"W, 113-109",,,,,,,,,,,,,,,,,
Keon Ellis,https://www.basketball-reference.com/players/e/elliske01.html,2023,2022-11-23,SAC,ATL,@,"L, 106-115",,,,,,,,,,,,,,,,,
Keon Ellis,https://www.basketball-reference.com/players/e/elliske01.html,2023,2022-11-25,SAC,BOS,@,"L, 104-122",,,,,,,,,,,,,,,,,
Keon Ellis,https://www.basketball-reference.com/players/e/elliske01.html,2023,2022-11-28,SAC,PHO,,"L, 117-122",,,,,,,,,,,,,,,,,
Keon Ellis,https://www.basketball-reference.com/players/e/elliske01.html,2023,2022-11-30,SAC,IND,,"W, 137-114",,,,,,,,,,,,,,,,,
Keon Ellis,https://www.basketball-reference.com/players/e/elliske01.html,2023,2022-12-03,SAC,LAC,@,"W, 123-96",,,,,,,,,,,,,,,,,
Keon Ellis,https://www.basketball-reference.com/players/e/elliske01.html,2023,2022-12-04,SAC,CHI,,"W, 110-101",,,,,,,,,,,,,,,,,
Keon Ellis,https://www.basketball-reference.com/players/e/elliske01.html,2023,2022-12-07,SAC,MIL,@,"L, 113-126",,01:18,0,0,0,0,0,0,0,1,1,0,0,0,0,0,0
Keon Ellis,https://www.basketball-reference.com/players/e/elliske01.html,2023,2022-12-09,SAC,CLE,@,"W, 106-95",,,,,,,,,,,,,,,,,
Keon Ellis,https://www.basketball-reference.com/players/e/elliske01.html,2023,2022-12-11,SAC,NYK,@,"L, 99-112",,,,,,,,,,,,,,,,,
Keon Ellis,https://www.basketball-reference.com/players/e/elliske01.html,2023,2022-12-13,SAC,PHI,@,"L, 103-123",,06:11,0,1,0,1,0,0,0,1,1,1,0,0,0,1,0
Keon Ellis,https://www.basketball-reference.com/players/e/elliske01.html,2023,2022-12-14,SAC,TOR,@,"W, 124-123",,,,,,,,,,,,,,,,,
Keon Ellis,https://www.basketball-reference.com/players/e/elliske01.html,2023,2022-12-16,SAC,DET,@,"W, 122-113",,,,,,,,,,,,,,,,,
Keon Ellis,https://www.basketball-reference.com/players/e/elliske01.html,2023,2022-12-19,SAC,CHO,,"L, 119-125",,,,,,,,,,,,,,,,,
Keon Ellis,https://www.basketball-reference.com/players/e/elliske01.html,2023,2022-12-21,SAC,LAL,,"W, 134-120",,,,,,,,,,,,,,,,,
Keon Ellis,https://www.basketball-reference.com/players/e/elliske01.html,2023,2022-12-23,SAC,WAS,,"L, 111-125",,,,,,,,,,,,,,,,,
Keon Ellis,https://www.basketball-reference.com/players/e/elliske01.html,2023,2022-12-27,SAC,DEN,,"L, 106-113",,,,,,,,,,,,,,,,,
Keon Ellis,https://www.basketball-reference.com/players/e/elliske01.html,2023,2022-12-28,SAC,DEN,,"W, 127-126",,,,,,,,,,,,,,,,,
Keon Ellis,https://www.basketball-reference.com/players/e/elliske01.html,2023,2022-12-30,SAC,UTA,,"W, 126-125",,,,,,,,,,,,,,,,,
Keon Ellis,https://www.basketball-reference.com/players/e/elliske01.html,2023,2023-01-01,SAC,MEM,@,"L, 108-118",,,,,,,,,,,,,,,,,
Keon Ellis,https://www.basketball-reference.com/players/e/elliske01.html,2023,2023-01-03,SAC,UTA,@,"W, 117-115",,,,,,,,,,,,,,,,,
Keon Ellis,https://www.basketball-reference.com/players/e/elliske01.html,2023,2023-01-04,SAC,ATL,,"L, 117-120",,,,,,,,,,,,,,,,,
Keon Ellis,https://www.basketball-reference.com/players/e/elliske01.html,2023,2023-01-07,SAC,LAL,,"L, 134-136",,,,,,,,,,,,,,,,,
Keon Ellis,https://www.basketball-reference.com/players/e/elliske01.html,2023,2023-01-09,SAC,ORL,,"W, 136-111",,,,,,,,,,,,,,,,,
Keon Ellis,https://www.basketball-reference.com/players/e/elliske01.html,2023,2023-01-11,SAC,HOU,,"W, 135-115",,01:47,1,1,1,1,0,0,0,0,0,0,0,0,0,0,3
Keon Ellis,https://www.basketball-reference.com/players/e/elliske01.html,2023,2023-01-13,SAC,HOU,,"W, 139-114",,00:20,0,0,0,0,0,0,0,0,0,0,0,0,0,0,0
Keon Ellis,https://www.basketball-reference.com/players/e/elliske01.html,2023,2023-01-15,SAC,SAS,@,"W, 132-119",,,,,,,,,,,,,,,,,
Keon Ellis,https://www.basketball-reference.com/players/e/elliske01.html,2023,2023-01-18,SAC,LAL,@,"W, 116-111",,,,,,,,,,,,,,,,,
Keon Ellis,https://www.basketball-reference.com/players/e/elliske01.html,2023,2023-01-20,SAC,OKC,,"W, 118-113",,,,,,,,,,,,,,,,,
Keon Ellis,https://www.basketball-reference.com/players/e/elliske01.html,2023,2023-01-21,SAC,PHI,,"L, 127-129",,,,,,,,,,,,,,,,,
Keon Ellis,https://www.basketball-reference.com/players/e/elliske01.html,2023,2023-01-23,SAC,MEM,,"W, 133-100",,,,,,,,,,,,,,,,,
Keon Ellis,https://www.basketball-reference.com/players/e/elliske01.html,2023,2023-01-25,SAC,TOR,,"L, 95-113",,,,,,,,,,,,,,,,,
Keon Ellis,https://www.basketball-reference.com/players/e/elliske01.html,2023,2023-01-28,SAC,MIN,@,"L, 110-117",,,,,,,,,,,,,,,,,
Keon Ellis,https://www.basketball-reference.com/players/e/elliske01.html,2023,2023-01-30,SAC,MIN,@,"W, 118-111 (OT)",,,,,,,,,,,,,,,,,
Keon Ellis,https://www.basketball-reference.com/players/e/elliske01.html,2023,2023-02-01,SAC,SAS,@,"W, 119-109",,,,,,,,,,,,,,,,,
Keon Ellis,https://www.basketball-reference.com/players/e/elliske01.html,2023,2023-02-03,SAC,IND,@,"L, 104-107",,,,,,,,,,,,,,,,,
Keon Ellis,https://www.basketball-reference.com/players/e/elliske01.html,2023,2023-02-05,SAC,NOP,@,"L, 104-136",,16:28,3,5,2,3,2,3,3,1,4,2,2,1,0,2,10
Keon Ellis,https://www.basketball-reference.com/players/e/elliske01.html,2023,2023-02-06,SAC,HOU,@,"W, 140-120",,03:15,2,2,2,2,0,0,0,1,1,0,0,0,0,0,6
Keon Ellis,https://www.basketball-reference.com/players/e/elliske01.html,2023,2023-02-08,SAC,HOU,@,"W, 130-128",,,,,,,,,,,,,,,,,
Keon Ellis,https://www.basketball-reference.com/players/e/elliske01.html,2023,2023-02-10,SAC,DAL,,"L, 114-122",,04:01,0,0,0,0,0,0,0,0,0,0,0,0,0,1,0
Keon Ellis,https://www.basketball-reference.com/players/e/elliske01.html,2023,2023-02-11,SAC,DAL,,"W, 133-128 (OT)",,,,,,,,,,,,,,,,,
Keon Ellis,https://www.basketball-reference.com/players/e/elliske01.html,2023,2023-02-14,SAC,PHO,@,"L, 109-120",,00:52,0,1,0,1,0,0,0,0,0,0,0,0,1,1,0
Keon Ellis,https://www.basketball-reference.com/players/e/elliske01.html,2023,2023-02-23,SAC,POR,,"W, 133-116",,,,,,,,,,,,,,,,,
Keon Ellis,https://www.basketball-reference.com/players/e/elliske01.html,2023,2023-02-24,SAC,LAC,@,"W, 176-175 (2OT)",,,,,,,,,,,,,,,,,
Keon Ellis,https://www.basketball-reference.com/players/e/elliske01.html,2023,2023-02-26,SAC,OKC,@,"W, 124-115",,,,,,,,,,,,,,,,,
Keon Ellis,https://www.basketball-reference.com/players/e/elliske01.html,2023,2023-02-28,SAC,OKC,@,"W, 123-117",,,,,,,,,,,,,,,,,
Keon Ellis,https://www.basketball-reference.com/players/e/elliske01.html,2023,2023-03-03,SAC,LAC,,"W, 128-127",,,,,,,,,,,,,,,,,
Keon Ellis,https://www.basketball-reference.com/players/e/elliske01.html,2023,2023-03-04,SAC,MIN,,"L, 134-138",,,,,,,,,,,,,,,,,
Keon Ellis,https://www.basketball-reference.com/players/e/elliske01.html,2023,2023-03-06,SAC,NOP,,"W, 123-108",,00:40,0,0,0,0,0,0,0,0,0,0,0,0,0,0,0
Keon Ellis,https://www.basketball-reference.com/players/e/elliske01.html,2023,2023-03-09,SAC,NYK,,"W, 122-117",,,,,,,,,,,,,,,,,
Keon Ellis,https://www.basketball-reference.com/players/e/elliske01.html,2023,2023-03-11,SAC,PHO,@,"W, 128-119",,,,,,,,,,,,,,,,,
Keon Ellis,https://www.basketball-reference.com/players/e/elliske01.html,2023,2023-03-13,SAC,MIL,,"L, 124-133",,,,,,,,,,,,,,,,,
Keon Ellis,https://www.basketball-reference.com/players/e/elliske01.html,2023,2023-03-15,SAC,CHI,@,"W, 117-114",,,,,,,,,,,,,,,,,
Keon Ellis,https://www.basketball-reference.com/players/e/elliske01.html,2023,2023-03-16,SAC,BRK,@,"W, 101-96",,,,,,,,,,,,,,,,,
Keon Ellis,https://www.basketball-reference.com/players/e/elliske01.html,2023,2023-03-18,SAC,WAS,@,"W, 132-118",,04:13,0,1,0,0,0,0,1,0,1,0,0,0,0,1,0
Keon Ellis,https://www.basketball-reference.com/players/e/elliske01.html,2023,2023-03-20,SAC,UTA,@,"L, 120-128",,04:17,1,2,1,2,0,0,0,0,0,0,1,0,0,0,3
Keon Ellis,https://www.basketball-reference.com/players/e/elliske01.html,2023,2023-03-21,SAC,BOS,,"L, 109-132",,05:04,0,0,0,0,0,0,0,0,0,1,0,0,0,2,0
Keon Ellis,https://www.basketball-reference.com/players/e/elliske01.html,2023,2023-03-24,SAC,PHO,,"W, 135-127",,,,,,,,,,,,,,,,,
Keon Ellis,https://www.basketball-reference.com/players/e/elliske01.html,2023,2023-03-25,SAC,UTA,,"W, 121-113",,,,,,,,,,,,,,,,,
Keon Ellis,https://www.basketball-reference.com/players/e/elliske01.html,2023,2023-03-27,SAC,MIN,,"L, 115-119",,,,,,,,,,,,,,,,,
Keon Ellis,https://www.basketball-reference.com/players/e/elliske01.html,2023,2023-03-29,SAC,POR,@,"W, 120-80",,,,,,,,,,,,,,,,,
Keon Ellis,https://www.basketball-reference.com/players/e/elliske01.html,2023,2023-03-31,SAC,POR,@,"W, 138-114",,,,,,,,,,,,,,,,,
Keon Ellis,https://www.basketball-reference.com/players/e/elliske01.html,2023,2023-04-02,SAC,SAS,,"L, 134-142 (OT)",,,,,,,,,,,,,,,,,
Keon Ellis,https://www.basketball-reference.com/players/e/elliske01.html,2023,2023-04-04,SAC,NOP,@,"W, 121-103",,03:01,0,0,0,0,0,0,0,0,0,1,0,0,0,1,0
Keon Ellis,https://www.basketball-reference.com/players/e/elliske01.html,2023,2023-04-05,SAC,DAL,@,"L, 119-123",,,,,,,,,,,,,,,,,
Keon Ellis,https://www.basketball-reference.com/players/e/elliske01.html,2023,2023-04-07,SAC,GSW,,"L, 97-119",,04:22,0,0,0,0,1,2,0,0,0,0,2,0,0,0,1
Keon Ellis,https://www.basketball-reference.com/players/e/elliske01.html,2023,2023-04-09,SAC,DEN,@,"L, 95-109",,13:23,0,3,0,2,1,2,0,0,0,1,0,0,0,0,1
Chima Moneke,https://www.basketball-reference.com/players/m/monekch01.html,2023,2022-10-19,SAC,POR,,"L, 108-115",,,,,,,,,,,,,,,,,
Chima Moneke,https://www.basketball-reference.com/players/m/monekch01.html,2023,2022-10-22,SAC,LAC,,"L, 109-111",,,,,,,,,,,,,,,,,
Chima Moneke,https://www.basketball-reference.com/players/m/monekch01.html,2023,2022-10-23,SAC,GSW,@,"L, 125-130",,,,,,,,,,,,,,,,,
Chima Moneke,https://www.basketball-reference.com/players/m/monekch01.html,2023,2022-10-27,SAC,MEM,,"L, 110-125",,06:18,0,1,0,0,0,2,2,0,2,1,0,0,0,2,0
Chima Moneke,https://www.basketball-reference.com/players/m/monekch01.html,2023,2022-10-29,SAC,MIA,,"W, 119-113",,,,,,,,,,,,,,,,,
Chima Moneke,https://www.basketball-reference.com/players/m/monekch01.html,2023,2022-10-31,SAC,CHO,@,"W, 115-108",,,,,,,,,,,,,,,,,
Chima Moneke,https://www.basketball-reference.com/players/m/monekch01.html,2023,,,,,,,,,,,,,,,,,,,,,,
Chima Moneke,https://www.basketball-reference.com/players/m/monekch01.html,2023,2022-11-02,SAC,MIA,@,"L, 107-110",,,,,,,,,,,,,,,,,
Chima Moneke,https://www.basketball-reference.com/players/m/monekch01.html,2023,2022-11-05,SAC,ORL,@,"W, 126-123 (OT)",,,,,,,,,,,,,,,,,
Chima Moneke,https://www.basketball-reference.com/players/m/monekch01.html,2023,2022-11-07,SAC,GSW,@,"L, 113-116",,,,,,,,,,,,,,,,,
Chima Moneke,https://www.basketball-reference.com/players/m/monekch01.html,2023,2022-11-09,SAC,CLE,,"W, 127-120",,,,,,,,,,,,,,,,,
Chima Moneke,https://www.basketball-reference.com/players/m/monekch01.html,2023,2022-11-11,SAC,LAL,@,"W, 120-114",,,,,,,,,,,,,,,,,
Chima Moneke,https://www.basketball-reference.com/players/m/monekch01.html,2023,2022-11-13,SAC,GSW,,"W, 122-115",,,,,,,,,,,,,,,,,
Chima Moneke,https://www.basketball-reference.com/players/m/monekch01.html,2023,2022-11-15,SAC,BRK,,"W, 153-121",,,,,,,,,,,,,,,,,
Chima Moneke,https://www.basketball-reference.com/players/m/monekch01.html,2023,2022-11-17,SAC,SAS,,"W, 130-112",,01:37,1,1,0,0,0,0,0,0,0,0,0,0,2,0,2
Chima Moneke,https://www.basketball-reference.com/players/m/monekch01.html,2023,2022-11-20,SAC,DET,,"W, 137-129",,,,,,,,,,,,,,,,,
Chima Moneke,https://www.basketball-reference.com/players/m/monekch01.html,2023,2022-11-22,SAC,MEM,@,"W, 113-109",,,,,,,,,,,,,,,,,
Chima Moneke,https://www.basketball-reference.com/players/m/monekch01.html,2023,2022-11-23,SAC,ATL,@,"L, 106-115",,,,,,,,,,,,,,,,,
Chima Moneke,https://www.basketball-reference.com/players/m/monekch01.html,2023,2022-11-25,SAC,BOS,@,"L, 104-122",,,,,,,,,,,,,,,,,
Chima Moneke,https://www.basketball-reference.com/players/m/monekch01.html,2023,2022-11-28,SAC,PHO,,"L, 117-122",,,,,,,,,,,,,,,,,
Chima Moneke,https://www.basketball-reference.com/players/m/monekch01.html,2023,2022-11-30,SAC,IND,,"W, 137-114",,,,,,,,,,,,,,,,,
Chima Moneke,https://www.basketball-reference.com/players/m/monekch01.html,2023,2022-12-03,SAC,LAC,@,"W, 123-96",,,,,,,,,,,,,,,,,
Chima Moneke,https://www.basketball-reference.com/players/m/monekch01.html,2023,2022-12-04,SAC,CHI,,"W, 110-101",,,,,,,,,,,,,,,,,
Chima Moneke,https://www.basketball-reference.com/players/m/monekch01.html,2023,2022-12-07,SAC,MIL,@,"L, 113-126",,,,,,,,,,,,,,,,,
Chima Moneke,https://www.basketball-reference.com/players/m/monekch01.html,2023,2022-12-09,SAC,CLE,@,"W, 106-95",,,,,,,,,,,,,,,,,
Chima Moneke,https://www.basketball-reference.com/players/m/monekch01.html,2023,2022-12-11,SAC,NYK,@,"L, 99-112",,,,,,,,,,,,,,,,,
Chima Moneke,https://www.basketball-reference.com/players/m/monekch01.html,2023,2022-12-13,SAC,PHI,@,"L, 103-123",,,,,,,,,,,,,,,,,
Chima Moneke,https://www.basketball-reference.com/players/m/monekch01.html,2023,2022-12-14,SAC,TOR,@,"W, 124-123",,,,,,,,,,,,,,,,,
Chima Moneke,https://www.basketball-reference.com/players/m/monekch01.html,2023,2022-12-16,SAC,DET,@,"W, 122-113",,,,,,,,,,,,,,,,,
Chima Moneke,https://www.basketball-reference.com/players/m/monekch01.html,2023,2022-12-19,SAC,CHO,,"L, 119-125",,,,,,,,,,,,,,,,,
Chima Moneke,https://www.basketball-reference.com/players/m/monekch01.html,2023,2022-12-21,SAC,LAL,,"W, 134-120",,,,,,,,,,,,,,,,,
Chima Moneke,https://www.basketball-reference.com/players/m/monekch01.html,2023,2022-12-23,SAC,WAS,,"L, 111-125",,,,,,,,,,,,,,,,,
Chima Moneke,https://www.basketball-reference.com/players/m/monekch01.html,2023,2022-12-27,SAC,DEN,,"L, 106-113",,,,,,,,,,,,,,,,,
Chima Moneke,https://www.basketball-reference.com/players/m/monekch01.html,2023,2022-12-28,SAC,DEN,,"W, 127-126",,,,,,,,,,,,,,,,,
Chima Moneke,https://www.basketball-reference.com/players/m/monekch01.html,2023,2022-12-30,SAC,UTA,,"W, 126-125",,,,,,,,,,,,,,,,,
Chima Moneke,https://www.basketball-reference.com/players/m/monekch01.html,2023,2023-01-01,SAC,MEM,@,"L, 108-118",,,,,,,,,,,,,,,,,
Chima Moneke,https://www.basketball-reference.com/players/m/monekch01.html,2023,2023-01-03,SAC,UTA,@,"W, 117-115",,,,,,,,,,,,,,,,,
Chima Moneke,https://www.basketball-reference.com/players/m/monekch01.html,2023,2023-01-04,SAC,ATL,,"L, 117-120",,,,,,,,,,,,,,,,,
Keegan Murray,https://www.basketball-reference.com/players/m/murrake02.html,2023,2022-10-19,SAC,POR,,"L, 108-115",,,,,,,,,,,,,,,,,
Keegan Murray,https://www.basketball-reference.com/players/m/murrake02.html,2023,2022-10-22,SAC,LAC,,"L, 109-111",,32:48,7,10,3,6,2,2,1,4,5,2,0,2,2,3,19
Keegan Murray,https://www.basketball-reference.com/players/m/murrake02.html,2023,2022-10-23,SAC,GSW,@,"L, 125-130",,38:26,6,14,4,10,0,0,1,3,4,0,1,0,2,2,16
Keegan Murray,https://www.basketball-reference.com/players/m/murrake02.html,2023,2022-10-27,SAC,MEM,,"L, 110-125",,39:13,7,15,3,8,1,1,3,3,6,0,0,0,2,1,18
Keegan Murray,https://www.basketball-reference.com/players/m/murrake02.html,2023,2022-10-29,SAC,MIA,,"W, 119-113",,35:48,8,13,3,7,3,4,0,1,1,3,0,2,5,4,22
Keegan Murray,https://www.basketball-reference.com/players/m/murrake02.html,2023,2022-10-31,SAC,CHO,@,"W, 115-108",,31:56,5,15,2,7,0,0,1,3,4,2,1,1,1,1,12
Keegan Murray,https://www.basketball-reference.com/players/m/murrake02.html,2023,,,,,,,,,,,,,,,,,,,,,,
Keegan Murray,https://www.basketball-reference.com/players/m/murrake02.html,2023,2022-11-02,SAC,MIA,@,"L, 107-110",,27:16,3,7,1,5,0,0,0,4,4,3,1,2,2,1,7
Keegan Murray,https://www.basketball-reference.com/players/m/murrake02.html,2023,2022-11-05,SAC,ORL,@,"W, 126-123 (OT)",,24:16,1,6,1,4,0,0,0,2,2,0,1,0,1,1,3
Keegan Murray,https://www.basketball-reference.com/players/m/murrake02.html,2023,2022-11-07,SAC,GSW,@,"L, 113-116",,26:58,2,7,1,4,1,2,2,5,7,2,2,0,0,4,6
Keegan Murray,https://www.basketball-reference.com/players/m/murrake02.html,2023,2022-11-09,SAC,CLE,,"W, 127-120",,32:56,5,10,4,7,0,0,0,3,3,1,2,1,1,4,14
Keegan Murray,https://www.basketball-reference.com/players/m/murrake02.html,2023,2022-11-11,SAC,LAL,@,"W, 120-114",,25:41,1,4,0,3,0,0,0,1,1,0,1,1,1,3,2
Keegan Murray,https://www.basketball-reference.com/players/m/murrake02.html,2023,2022-11-13,SAC,GSW,,"W, 122-115",,36:36,8,15,5,9,0,0,0,4,4,0,3,0,2,4,21
Keegan Murray,https://www.basketball-reference.com/players/m/murrake02.html,2023,2022-11-15,SAC,BRK,,"W, 153-121",,12:18,2,6,0,2,0,0,0,3,3,0,0,0,0,0,4
Keegan Murray,https://www.basketball-reference.com/players/m/murrake02.html,2023,2022-11-17,SAC,SAS,,"W, 130-112",,,,,,,,,,,,,,,,,
Keegan Murray,https://www.basketball-reference.com/players/m/murrake02.html,2023,2022-11-20,SAC,DET,,"W, 137-129",,34:41,4,10,1,6,4,5,0,2,2,1,0,0,2,0,13
Keegan Murray,https://www.basketball-reference.com/players/m/murrake02.html,2023,2022-11-22,SAC,MEM,@,"W, 113-109",,23:43,1,8,0,4,0,0,1,2,3,2,0,0,0,2,2
Keegan Murray,https://www.basketball-reference.com/players/m/murrake02.html,2023,2022-11-23,SAC,ATL,@,"L, 106-115",,20:49,0,5,0,3,4,4,1,3,4,0,0,0,2,2,4
Keegan Murray,https://www.basketball-reference.com/players/m/murrake02.html,2023,2022-11-25,SAC,BOS,@,"L, 104-122",,22:43,1,8,1,6,0,0,3,7,10,0,1,1,1,2,3
Keegan Murray,https://www.basketball-reference.com/players/m/murrake02.html,2023,2022-11-28,SAC,PHO,,"L, 117-122",,22:46,5,11,1,1,0,0,1,1,2,1,0,1,3,2,11
Keegan Murray,https://www.basketball-reference.com/players/m/murrake02.html,2023,2022-11-30,SAC,IND,,"W, 137-114",,26:17,4,12,2,9,4,4,2,4,6,0,0,0,3,2,14
Keegan Murray,https://www.basketball-reference.com/players/m/murrake02.html,2023,2022-12-03,SAC,LAC,@,"W, 123-96",,28:02,8,15,3,8,4,5,1,6,7,1,2,0,1,2,23
Keegan Murray,https://www.basketball-reference.com/players/m/murrake02.html,2023,2022-12-04,SAC,CHI,,"W, 110-101",,23:52,4,7,3,5,0,0,1,3,4,0,0,1,0,1,11
Keegan Murray,https://www.basketball-reference.com/players/m/murrake02.html,2023,2022-12-07,SAC,MIL,@,"L, 113-126",,27:07,6,10,3,6,0,0,1,3,4,1,1,2,0,2,15
Keegan Murray,https://www.basketball-reference.com/players/m/murrake02.html,2023,2022-12-09,SAC,CLE,@,"W, 106-95",,30:29,6,8,6,8,0,0,0,2,2,0,1,1,0,4,18
Keegan Murray,https://www.basketball-reference.com/players/m/murrake02.html,2023,2022-12-11,SAC,NYK,@,"L, 99-112",,34:54,6,15,3,8,3,4,2,5,7,0,0,0,1,3,18
Keegan Murray,https://www.basketball-reference.com/players/m/murrake02.html,2023,2022-12-13,SAC,PHI,@,"L, 103-123",,20:44,1,5,1,4,0,0,0,2,2,1,1,1,1,3,3
Keegan Murray,https://www.basketball-reference.com/players/m/murrake02.html,2023,2022-12-14,SAC,TOR,@,"W, 124-123",,32:23,4,12,2,8,0,0,1,3,4,0,1,1,0,1,10
Keegan Murray,https://www.basketball-reference.com/players/m/murrake02.html,2023,2022-12-16,SAC,DET,@,"W, 122-113",,35:01,7,13,4,6,2,2,0,2,2,0,0,0,1,2,20
Keegan Murray,https://www.basketball-reference.com/players/m/murrake02.html,2023,2022-12-19,SAC,CHO,,"L, 119-125",,31:02,4,9,3,5,0,2,0,1,1,0,1,1,0,4,11
Keegan Murray,https://www.basketball-reference.com/players/m/murrake02.html,2023,2022-12-21,SAC,LAL,,"W, 134-120",,34:45,7,17,6,12,3,4,0,3,3,1,1,0,1,2,23
Keegan Murray,https://www.basketball-reference.com/players/m/murrake02.html,2023,2022-12-23,SAC,WAS,,"L, 111-125",,22:26,1,8,1,4,0,0,2,2,4,1,1,0,0,1,3
Keegan Murray,https://www.basketball-reference.com/players/m/murrake02.html,2023,2022-12-27,SAC,DEN,,"L, 106-113",,31:19,4,6,2,4,1,2,0,2,2,1,2,1,0,0,11
Keegan Murray,https://www.basketball-reference.com/players/m/murrake02.html,2023,2022-12-28,SAC,DEN,,"W, 127-126",,20:35,2,7,1,5,0,0,1,1,2,1,0,0,0,0,5
Keegan Murray,https://www.basketball-reference.com/players/m/murrake02.html,2023,2022-12-30,SAC,UTA,,"W, 126-125",,27:22,3,5,1,1,0,1,1,4,5,2,2,0,0,1,7
Keegan Murray,https://www.basketball-reference.com/players/m/murrake02.html,2023,2023-01-01,SAC,MEM,@,"L, 108-118",,27:44,4,12,2,6,0,0,3,0,3,1,2,0,0,2,10
Keegan Murray,https://www.basketball-reference.com/players/m/murrake02.html,2023,2023-01-03,SAC,UTA,@,"W, 117-115",,37:21,6,12,3,7,1,1,2,3,5,1,0,1,1,3,16
Keegan Murray,https://www.basketball-reference.com/players/m/murrake02.html,2023,2023-01-04,SAC,ATL,,"L, 117-120",,26:25,3,7,2,3,0,0,3,4,7,1,1,2,0,3,8
Keegan Murray,https://www.basketball-reference.com/players/m/murrake02.html,2023,2023-01-07,SAC,LAL,,"L, 134-136",,29:25,6,8,4,5,0,0,0,0,0,1,2,0,1,2,16
Keegan Murray,https://www.basketball-reference.com/players/m/murrake02.html,2023,2023-01-09,SAC,ORL,,"W, 136-111",,26:15,5,7,5,6,0,0,1,2,3,3,1,0,0,2,15
Keegan Murray,https://www.basketball-reference.com/players/m/murrake02.html,2023,2023-01-11,SAC,HOU,,"W, 135-115",,34:08,5,14,4,11,2,2,1,5,6,2,0,0,0,3,16
Keegan Murray,https://www.basketball-reference.com/players/m/murrake02.html,2023,2023-01-13,SAC,HOU,,"W, 139-114",,20:02,3,8,1,5,1,1,1,2,3,1,1,1,2,5,8
Keegan Murray,https://www.basketball-reference.com/players/m/murrake02.html,2023,2023-01-15,SAC,SAS,@,"W, 132-119",,27:44,4,9,3,7,1,2,1,4,5,2,1,0,0,1,12
Keegan Murray,https://www.basketball-reference.com/players/m/murrake02.html,2023,2023-01-18,SAC,LAL,@,"W, 116-111",,36:49,3,6,2,4,2,2,3,7,10,0,0,0,0,3,10
Keegan Murray,https://www.basketball-reference.com/players/m/murrake02.html,2023,2023-01-20,SAC,OKC,,"W, 118-113",,37:20,10,12,5,7,4,4,3,11,14,1,0,0,2,1,29
Keegan Murray,https://www.basketball-reference.com/players/m/murrake02.html,2023,2023-01-21,SAC,PHI,,"L, 127-129",,41:26,4,9,3,8,2,2,1,3,4,1,0,1,0,2,13
Keegan Murray,https://www.basketball-reference.com/players/m/murrake02.html,2023,2023-01-23,SAC,MEM,,"W, 133-100",,33:55,7,11,5,7,1,1,1,8,9,0,0,1,1,0,20
Keegan Murray,https://www.basketball-reference.com/players/m/murrake02.html,2023,2023-01-25,SAC,TOR,,"L, 95-113",,33:16,6,10,4,7,0,0,0,3,3,4,0,0,0,2,16
Keegan Murray,https://www.basketball-reference.com/players/m/murrake02.html,2023,2023-01-28,SAC,MIN,@,"L, 110-117",,32:17,3,8,2,6,0,0,2,2,4,0,0,0,0,4,8
Keegan Murray,https://www.basketball-reference.com/players/m/murrake02.html,2023,2023-01-30,SAC,MIN,@,"W, 118-111 (OT)",,38:33,5,12,3,8,0,0,6,7,13,1,1,0,0,1,13
Keegan Murray,https://www.basketball-reference.com/players/m/murrake02.html,2023,2023-02-01,SAC,SAS,@,"W, 119-109",,27:17,0,8,0,6,2,4,1,6,7,2,0,0,0,2,2
Keegan Murray,https://www.basketball-reference.com/players/m/murrake02.html,2023,2023-02-03,SAC,IND,@,"L, 104-107",,24:40,1,6,1,4,0,0,0,7,7,1,0,1,2,1,3
Keegan Murray,https://www.basketball-reference.com/players/m/murrake02.html,2023,2023-02-05,SAC,NOP,@,"L, 104-136",,25:48,1,7,0,6,0,0,1,3,4,1,0,0,2,0,2
Keegan Murray,https://www.basketball-reference.com/players/m/murrake02.html,2023,2023-02-06,SAC,HOU,@,"W, 140-120",,32:33,11,17,8,12,0,0,0,6,6,1,2,0,1,2,30
Keegan Murray,https://www.basketball-reference.com/players/m/murrake02.html,2023,2023-02-08,SAC,HOU,@,"W, 130-128",,32:18,4,9,2,4,0,0,3,3,6,0,2,0,1,0,10
Keegan Murray,https://www.basketball-reference.com/players/m/murrake02.html,2023,2023-02-10,SAC,DAL,,"L, 114-122",,35:21,6,10,4,5,0,0,0,3,3,0,0,2,1,0,16
Keegan Murray,https://www.basketball-reference.com/players/m/murrake02.html,2023,2023-02-11,SAC,DAL,,"W, 133-128 (OT)",,28:20,1,5,1,5,2,2,1,5,6,3,1,0,0,0,5
Keegan Murray,https://www.basketball-reference.com/players/m/murrake02.html,2023,2023-02-14,SAC,PHO,@,"L, 109-120",,20:30,2,7,2,6,0,0,1,4,5,6,0,1,0,2,6
Keegan Murray,https://www.basketball-reference.com/players/m/murrake02.html,2023,2023-02-23,SAC,POR,,"W, 133-116",,25:20,4,7,2,5,0,0,1,1,2,1,0,2,0,1,10
Keegan Murray,https://www.basketball-reference.com/players/m/murrake02.html,2023,2023-02-24,SAC,LAC,@,"W, 176-175 (2OT)",,42:49,7,12,1,4,0,0,0,3,3,2,2,1,0,1,15
Keegan Murray,https://www.basketball-reference.com/players/m/murrake02.html,2023,2023-02-26,SAC,OKC,@,"W, 124-115",,31:43,7,15,4,9,2,2,4,2,6,2,3,0,0,2,20
Keegan Murray,https://www.basketball-reference.com/players/m/murrake02.html,2023,2023-02-28,SAC,OKC,@,"W, 123-117",,36:22,5,10,3,7,0,0,1,9,10,4,1,0,0,1,13
Keegan Murray,https://www.basketball-reference.com/players/m/murrake02.html,2023,2023-03-03,SAC,LAC,,"W, 128-127",,32:39,5,10,4,9,0,0,2,3,5,0,1,0,0,3,14
Keegan Murray,https://www.basketball-reference.com/players/m/murrake02.html,2023,2023-03-04,SAC,MIN,,"L, 134-138",,19:58,0,2,0,2,0,0,2,1,3,2,0,0,1,2,0
Keegan Murray,https://www.basketball-reference.com/players/m/murrake02.html,2023,2023-03-06,SAC,NOP,,"W, 123-108",,36:50,5,12,2,8,1,1,0,3,3,2,2,0,0,1,13
Keegan Murray,https://www.basketball-reference.com/players/m/murrake02.html,2023,2023-03-09,SAC,NYK,,"W, 122-117",,25:48,4,8,2,5,1,2,1,5,6,2,2,1,0,3,11
Keegan Murray,https://www.basketball-reference.com/players/m/murrake02.html,2023,2023-03-11,SAC,PHO,@,"W, 128-119",,15:15,0,3,0,3,0,0,0,0,0,1,0,1,0,3,0
Keegan Murray,https://www.basketball-reference.com/players/m/murrake02.html,2023,2023-03-13,SAC,MIL,,"L, 124-133",,22:10,2,7,1,4,2,2,0,2,2,0,0,0,1,4,7
Keegan Murray,https://www.basketball-reference.com/players/m/murrake02.html,2023,2023-03-15,SAC,CHI,@,"W, 117-114",,29:36,2,7,2,7,3,4,1,9,10,1,0,1,3,1,9
Keegan Murray,https://www.basketball-reference.com/players/m/murrake02.html,2023,2023-03-16,SAC,BRK,@,"W, 101-96",,31:26,4,8,3,6,0,0,0,4,4,0,1,0,1,4,11
Keegan Murray,https://www.basketball-reference.com/players/m/murrake02.html,2023,2023-03-18,SAC,WAS,@,"W, 132-118",,35:07,7,15,5,10,0,2,0,5,5,2,2,1,0,1,19
Keegan Murray,https://www.basketball-reference.com/players/m/murrake02.html,2023,2023-03-20,SAC,UTA,@,"L, 120-128",,31:32,8,16,6,14,0,0,2,4,6,1,1,1,0,0,22
Keegan Murray,https://www.basketball-reference.com/players/m/murrake02.html,2023,2023-03-21,SAC,BOS,,"L, 109-132",,39:08,6,14,3,10,0,0,0,5,5,2,1,0,2,5,15
Keegan Murray,https://www.basketball-reference.com/players/m/murrake02.html,2023,2023-03-24,SAC,PHO,,"W, 135-127",,27:44,5,7,3,4,0,0,1,3,4,2,0,0,0,4,13
Keegan Murray,https://www.basketball-reference.com/players/m/murrake02.html,2023,2023-03-25,SAC,UTA,,"W, 121-113",,37:06,8,15,6,12,0,2,0,2,2,2,1,0,0,2,22
Keegan Murray,https://www.basketball-reference.com/players/m/murrake02.html,2023,2023-03-27,SAC,MIN,,"L, 115-119",,27:54,1,8,1,6,0,0,2,4,6,0,1,0,0,3,3
Keegan Murray,https://www.basketball-reference.com/players/m/murrake02.html,2023,2023-03-29,SAC,POR,@,"W, 120-80",,22:05,5,10,3,7,0,0,3,2,5,1,0,0,1,2,13
Keegan Murray,https://www.basketball-reference.com/players/m/murrake02.html,2023,2023-03-31,SAC,POR,@,"W, 138-114",,27:13,8,14,4,7,0,0,1,2,3,3,1,3,0,4,20
Keegan Murray,https://www.basketball-reference.com/players/m/murrake02.html,2023,2023-04-02,SAC,SAS,,"L, 134-142 (OT)",,35:13,7,10,2,4,2,2,2,2,4,1,1,0,1,3,18
Keegan Murray,https://www.basketball-reference.com/players/m/murrake02.html,2023,2023-04-04,SAC,NOP,@,"W, 121-103",,34:44,7,12,7,10,0,0,3,3,6,1,0,1,1,2,21
Keegan Murray,https://www.basketball-reference.com/players/m/murrake02.html,2023,2023-04-05,SAC,DAL,@,"L, 119-123",,30:02,4,8,2,5,1,1,0,9,9,2,0,0,0,3,11
Keegan Murray,https://www.basketball-reference.com/players/m/murrake02.html,2023,2023-04-07,SAC,GSW,,"L, 97-119",,33:33,4,13,1,5,0,0,2,2,4,3,0,1,0,0,9
Keegan Murray,https://www.basketball-reference.com/players/m/murrake02.html,2023,2023-04-09,SAC,DEN,@,"L, 95-109",,25:48,6,12,2,8,0,0,0,5,5,2,1,0,0,2,14
Dominick Barlow,https://www.basketball-reference.com/players/b/barlodo01.html,2023,2022-10-19,SAS,CHO,,"L, 102-129",,,,,,,,,,,,,,,,,
Dominick Barlow,https://www.basketball-reference.com/players/b/barlodo01.html,2023,2022-10-21,SAS,IND,@,"W, 137-134",,,,,,,,,,,,,,,,,
Dominick Barlow,https://www.basketball-reference.com/players/b/barlodo01.html,2023,2022-10-22,SAS,PHI,@,"W, 114-105",,,,,,,,,,,,,,,,,
Dominick Barlow,https://www.basketball-reference.com/players/b/barlodo01.html,2023,2022-10-24,SAS,MIN,@,"W, 115-106",,,,,,,,,,,,,,,,,
Dominick Barlow,https://www.basketball-reference.com/players/b/barlodo01.html,2023,2022-10-26,SAS,MIN,@,"L, 122-134",,,,,,,,,,,,,,,,,
Dominick Barlow,https://www.basketball-reference.com/players/b/barlodo01.html,2023,2022-10-28,SAS,CHI,,"W, 129-124",,,,,,,,,,,,,,,,,
Dominick Barlow,https://www.basketball-reference.com/players/b/barlodo01.html,2023,2022-10-30,SAS,MIN,,"W, 107-98",,,,,,,,,,,,,,,,,
Dominick Barlow,https://www.basketball-reference.com/players/b/barlodo01.html,2023,,,,,,,,,,,,,,,,,,,,,,
Dominick Barlow,https://www.basketball-reference.com/players/b/barlodo01.html,2023,2022-11-02,SAS,TOR,,"L, 100-143",,09:52,1,3,0,2,0,0,0,1,1,3,0,0,0,2,2
Dominick Barlow,https://www.basketball-reference.com/players/b/barlodo01.html,2023,2022-11-04,SAS,LAC,,"L, 106-113",,,,,,,,,,,,,,,,,
Dominick Barlow,https://www.basketball-reference.com/players/b/barlodo01.html,2023,2022-11-05,SAS,DEN,@,"L, 101-126",,,,,,,,,,,,,,,,,
Dominick Barlow,https://www.basketball-reference.com/players/b/barlodo01.html,2023,2022-11-07,SAS,DEN,,"L, 109-115",,,,,,,,,,,,,,,,,
Dominick Barlow,https://www.basketball-reference.com/players/b/barlodo01.html,2023,2022-11-09,SAS,MEM,,"L, 122-124 (OT)",,,,,,,,,,,,,,,,,
Dominick Barlow,https://www.basketball-reference.com/players/b/barlodo01.html,2023,2022-11-11,SAS,MIL,,"W, 111-93",,,,,,,,,,,,,,,,,
Dominick Barlow,https://www.basketball-reference.com/players/b/barlodo01.html,2023,2022-11-14,SAS,GSW,@,"L, 95-132",,,,,,,,,,,,,,,,,
Dominick Barlow,https://www.basketball-reference.com/players/b/barlodo01.html,2023,2022-11-15,SAS,POR,@,"L, 110-117",,,,,,,,,,,,,,,,,
Dominick Barlow,https://www.basketball-reference.com/players/b/barlodo01.html,2023,2022-11-17,SAS,SAC,@,"L, 112-130",,,,,,,,,,,,,,,,,
Dominick Barlow,https://www.basketball-reference.com/players/b/barlodo01.html,2023,2022-11-19,SAS,LAC,@,"L, 97-119",,06:49,1,1,0,0,4,4,1,0,1,0,0,0,0,0,6
Dominick Barlow,https://www.basketball-reference.com/players/b/barlodo01.html,2023,2022-11-20,SAS,LAL,@,"L, 92-123",,05:39,0,2,0,1,0,0,1,0,1,0,1,0,0,1,0
Dominick Barlow,https://www.basketball-reference.com/players/b/barlodo01.html,2023,2022-11-23,SAS,NOP,,"L, 110-129",,,,,,,,,,,,,,,,,
Dominick Barlow,https://www.basketball-reference.com/players/b/barlodo01.html,2023,2022-11-25,SAS,LAL,,"L, 94-105",,,,,,,,,,,,,,,,,
Dominick Barlow,https://www.basketball-reference.com/players/b/barlodo01.html,2023,2022-11-26,SAS,LAL,,"L, 138-143",,,,,,,,,,,,,,,,,
Dominick Barlow,https://www.basketball-reference.com/players/b/barlodo01.html,2023,2022-11-30,SAS,OKC,@,"L, 111-119",,,,,,,,,,,,,,,,,
Dominick Barlow,https://www.basketball-reference.com/players/b/barlodo01.html,2023,2022-12-02,SAS,NOP,,"L, 99-117",,,,,,,,,,,,,,,,,
Dominick Barlow,https://www.basketball-reference.com/players/b/barlodo01.html,2023,2022-12-04,SAS,PHO,,"L, 95-133",,,,,,,,,,,,,,,,,
Dominick Barlow,https://www.basketball-reference.com/players/b/barlodo01.html,2023,2022-12-08,SAS,HOU,,"W, 118-109",,,,,,,,,,,,,,,,,
Dominick Barlow,https://www.basketball-reference.com/players/b/barlodo01.html,2023,2022-12-10,SAS,MIA,@,"W, 115-111",,,,,,,,,,,,,,,,,
Dominick Barlow,https://www.basketball-reference.com/players/b/barlodo01.html,2023,2022-12-12,SAS,CLE,,"W, 112-111",,,,,,,,,,,,,,,,,
Dominick Barlow,https://www.basketball-reference.com/players/b/barlodo01.html,2023,2022-12-14,SAS,POR,,"L, 112-128",,03:14,1,1,0,0,0,0,0,0,0,0,0,0,0,0,2
Dominick Barlow,https://www.basketball-reference.com/players/b/barlodo01.html,2023,2022-12-17,SAS,MIA,,"L, 101-111",,,,,,,,,,,,,,,,,
Dominick Barlow,https://www.basketball-reference.com/players/b/barlodo01.html,2023,2022-12-19,SAS,HOU,@,"W, 124-105",,,,,,,,,,,,,,,,,
Dominick Barlow,https://www.basketball-reference.com/players/b/barlodo01.html,2023,2022-12-22,SAS,NOP,@,"L, 117-126",,,,,,,,,,,,,,,,,
Dominick Barlow,https://www.basketball-reference.com/players/b/barlodo01.html,2023,2022-12-23,SAS,ORL,@,"L, 113-133",,,,,,,,,,,,,,,,,
Dominick Barlow,https://www.basketball-reference.com/players/b/barlodo01.html,2023,2022-12-26,SAS,UTA,,"W, 126-122",,,,,,,,,,,,,,,,,
Dominick Barlow,https://www.basketball-reference.com/players/b/barlodo01.html,2023,2022-12-27,SAS,OKC,@,"L, 114-130",,,,,,,,,,,,,,,,,
Dominick Barlow,https://www.basketball-reference.com/players/b/barlodo01.html,2023,2022-12-29,SAS,NYK,,"W, 122-115",,,,,,,,,,,,,,,,,
Dominick Barlow,https://www.basketball-reference.com/players/b/barlodo01.html,2023,2022-12-31,SAS,DAL,,"L, 125-126",,,,,,,,,,,,,,,,,
Dominick Barlow,https://www.basketball-reference.com/players/b/barlodo01.html,2023,2023-01-02,SAS,BRK,@,"L, 103-139",,,,,,,,,,,,,,,,,
Dominick Barlow,https://www.basketball-reference.com/players/b/barlodo01.html,2023,2023-01-04,SAS,NYK,@,"L, 114-117",,,,,,,,,,,,,,,,,
Dominick Barlow,https://www.basketball-reference.com/players/b/barlodo01.html,2023,2023-01-06,SAS,DET,,"W, 121-109",,,,,,,,,,,,,,,,,
Dominick Barlow,https://www.basketball-reference.com/players/b/barlodo01.html,2023,2023-01-07,SAS,BOS,,"L, 116-121",,,,,,,,,,,,,,,,,
Dominick Barlow,https://www.basketball-reference.com/players/b/barlodo01.html,2023,2023-01-09,SAS,MEM,@,"L, 113-121",,,,,,,,,,,,,,,,,
Dominick Barlow,https://www.basketball-reference.com/players/b/barlodo01.html,2023,2023-01-11,SAS,MEM,@,"L, 129-135",,,,,,,,,,,,,,,,,
Dominick Barlow,https://www.basketball-reference.com/players/b/barlodo01.html,2023,2023-01-13,SAS,GSW,,"L, 113-144",,,,,,,,,,,,,,,,,
Dominick Barlow,https://www.basketball-reference.com/players/b/barlodo01.html,2023,2023-01-15,SAS,SAC,,"L, 119-132",,,,,,,,,,,,,,,,,
Dominick Barlow,https://www.basketball-reference.com/players/b/barlodo01.html,2023,2023-01-17,SAS,BRK,,"W, 106-98",,,,,,,,,,,,,,,,,
Dominick Barlow,https://www.basketball-reference.com/players/b/barlodo01.html,2023,2023-01-20,SAS,LAC,,"L, 126-131",,,,,,,,,,,,,,,,,
Dominick Barlow,https://www.basketball-reference.com/players/b/barlodo01.html,2023,2023-01-23,SAS,POR,@,"L, 127-147",,,,,,,,,,,,,,,,,
Dominick Barlow,https://www.basketball-reference.com/players/b/barlodo01.html,2023,2023-01-25,SAS,LAL,@,"L, 104-113",,,,,,,,,,,,,,,,,
Dominick Barlow,https://www.basketball-reference.com/players/b/barlodo01.html,2023,2023-01-26,SAS,LAC,@,"L, 100-138",,,,,,,,,,,,,,,,,
Dominick Barlow,https://www.basketball-reference.com/players/b/barlodo01.html,2023,2023-01-28,SAS,PHO,,"L, 118-128 (OT)",,,,,,,,,,,,,,,,,
Dominick Barlow,https://www.basketball-reference.com/players/b/barlodo01.html,2023,2023-01-30,SAS,WAS,,"L, 106-127",,,,,,,,,,,,,,,,,
Dominick Barlow,https://www.basketball-reference.com/players/b/barlodo01.html,2023,2023-02-01,SAS,SAC,,"L, 109-119",,,,,,,,,,,,,,,,,
Dominick Barlow,https://www.basketball-reference.com/players/b/barlodo01.html,2023,2023-02-03,SAS,PHI,,"L, 125-137",,07:09,2,3,0,1,0,0,0,3,3,1,0,0,1,3,4
Dominick Barlow,https://www.basketball-reference.com/players/b/barlodo01.html,2023,2023-02-06,SAS,CHI,@,"L, 104-128",,05:33,1,2,0,0,2,2,1,0,1,0,0,0,0,1,4
Dominick Barlow,https://www.basketball-reference.com/players/b/barlodo01.html,2023,2023-02-08,SAS,TOR,@,"L, 98-112",,,,,,,,,,,,,,,,,
Dominick Barlow,https://www.basketball-reference.com/players/b/barlodo01.html,2023,2023-02-10,SAS,DET,@,"L, 131-138 (2OT)",,14:51,1,3,0,0,1,2,3,3,6,1,1,0,1,4,3
Dominick Barlow,https://www.basketball-reference.com/players/b/barlodo01.html,2023,2023-02-11,SAS,ATL,@,"L, 106-125",,18:56,3,5,0,0,2,2,2,1,3,1,0,0,3,2,8
Dominick Barlow,https://www.basketball-reference.com/players/b/barlodo01.html,2023,2023-02-13,SAS,CLE,@,"L, 109-117",,17:14,2,3,0,0,0,0,2,2,4,1,0,1,1,3,4
Dominick Barlow,https://www.basketball-reference.com/players/b/barlodo01.html,2023,2023-02-15,SAS,CHO,@,"L, 110-120",,05:53,1,2,0,0,0,0,3,0,3,0,0,1,0,2,2
Dominick Barlow,https://www.basketball-reference.com/players/b/barlodo01.html,2023,2023-02-23,SAS,DAL,@,"L, 116-142",,16:08,1,1,0,0,0,0,1,4,5,0,0,0,0,3,2
Dominick Barlow,https://www.basketball-reference.com/players/b/barlodo01.html,2023,2023-02-25,SAS,UTA,@,"L, 102-118",,,,,,,,,,,,,,,,,
Dominick Barlow,https://www.basketball-reference.com/players/b/barlodo01.html,2023,2023-02-28,SAS,UTA,@,"W, 102-94",,,,,,,,,,,,,,,,,
Dominick Barlow,https://www.basketball-reference.com/players/b/barlodo01.html,2023,2023-03-02,SAS,IND,,"W, 110-99",,04:14,0,0,0,0,0,0,1,0,1,1,0,1,0,0,0
Dominick Barlow,https://www.basketball-reference.com/players/b/barlodo01.html,2023,2023-03-04,SAS,HOU,,"L, 110-122",,15:04,0,0,0,0,0,0,0,4,4,0,0,1,1,2,0
Dominick Barlow,https://www.basketball-reference.com/players/b/barlodo01.html,2023,2023-03-05,SAS,HOU,@,"L, 110-142",,23:13,3,7,0,0,1,3,4,0,4,1,1,0,1,2,7
Dominick Barlow,https://www.basketball-reference.com/players/b/barlodo01.html,2023,2023-03-10,SAS,DEN,,"W, 128-120",,,,,,,,,,,,,,,,,
Dominick Barlow,https://www.basketball-reference.com/players/b/barlodo01.html,2023,2023-03-12,SAS,OKC,,"L, 90-102",,,,,,,,,,,,,,,,,
Dominick Barlow,https://www.basketball-reference.com/players/b/barlodo01.html,2023,2023-03-14,SAS,ORL,,"W, 132-114",,11:07,2,2,0,0,0,0,1,1,2,0,0,1,0,2,4
Dominick Barlow,https://www.basketball-reference.com/players/b/barlodo01.html,2023,2023-03-15,SAS,DAL,,"L, 128-137 (OT)",,21:33,3,5,0,0,0,0,0,4,4,1,2,1,2,3,6
Dominick Barlow,https://www.basketball-reference.com/players/b/barlodo01.html,2023,2023-03-17,SAS,MEM,,"L, 120-126 (OT)",,12:14,0,2,0,0,0,0,1,2,3,0,0,1,0,1,0
Dominick Barlow,https://www.basketball-reference.com/players/b/barlodo01.html,2023,2023-03-19,SAS,ATL,,"W, 126-118",,,,,,,,,,,,,,,,,
Dominick Barlow,https://www.basketball-reference.com/players/b/barlodo01.html,2023,2023-03-21,SAS,NOP,@,"L, 84-119",,19:21,0,5,0,0,0,2,1,2,3,1,0,2,1,2,0
Dominick Barlow,https://www.basketball-reference.com/players/b/barlodo01.html,2023,2023-03-22,SAS,MIL,@,"L, 94-130",,11:38,1,1,0,0,0,0,2,0,2,0,1,0,0,2,2
Dominick Barlow,https://www.basketball-reference.com/players/b/barlodo01.html,2023,2023-03-24,SAS,WAS,@,"L, 124-136",,19:57,2,3,0,0,0,0,0,4,4,1,0,2,0,5,4
Dominick Barlow,https://www.basketball-reference.com/players/b/barlodo01.html,2023,2023-03-26,SAS,BOS,@,"L, 93-137",,06:50,0,0,0,0,0,0,0,0,0,0,0,0,0,2,0
Dominick Barlow,https://www.basketball-reference.com/players/b/barlodo01.html,2023,2023-03-29,SAS,UTA,,"L, 117-128",,12:20,2,2,0,0,0,0,2,2,4,0,0,0,1,1,4
Dominick Barlow,https://www.basketball-reference.com/players/b/barlodo01.html,2023,2023-03-31,SAS,GSW,@,"L, 115-130",,11:02,1,2,0,0,0,0,2,0,2,0,0,2,0,0,2
Dominick Barlow,https://www.basketball-reference.com/players/b/barlodo01.html,2023,2023-04-02,SAS,SAC,@,"W, 142-134 (OT)",,29:51,5,8,0,0,2,2,5,5,10,5,1,2,1,3,12
Dominick Barlow,https://www.basketball-reference.com/players/b/barlodo01.html,2023,2023-04-04,SAS,PHO,@,"L, 94-115",,20:37,1,2,0,0,0,0,4,1,5,2,1,2,1,2,2
Dominick Barlow,https://www.basketball-reference.com/players/b/barlodo01.html,2023,2023-04-06,SAS,POR,,"W, 129-127",,15:21,2,4,0,0,1,1,1,1,2,1,0,0,0,1,5
Dominick Barlow,https://www.basketball-reference.com/players/b/barlodo01.html,2023,2023-04-08,SAS,MIN,,"L, 131-151",,27:54,2,6,0,0,0,0,2,3,5,3,1,1,1,2,4
Dominick Barlow,https://www.basketball-reference.com/players/b/barlodo01.html,2023,2023-04-09,SAS,DAL,@,"W, 138-117",,34:00,8,11,0,0,5,7,6,13,19,1,1,1,0,5,21
Malaki Branham,https://www.basketball-reference.com/players/b/branhma01.html,2023,2022-10-19,SAS,CHO,,"L, 102-129",,,,,,,,,,,,,,,,,
Malaki Branham,https://www.basketball-reference.com/players/b/branhma01.html,2023,2022-10-21,SAS,IND,@,"W, 137-134",,,,,,,,,,,,,,,,,
Malaki Branham,https://www.basketball-reference.com/players/b/branhma01.html,2023,2022-10-22,SAS,PHI,@,"W, 114-105",,,,,,,,,,,,,,,,,
Malaki Branham,https://www.basketball-reference.com/players/b/branhma01.html,2023,2022-10-24,SAS,MIN,@,"W, 115-106",,,,,,,,,,,,,,,,,
Malaki Branham,https://www.basketball-reference.com/players/b/branhma01.html,2023,2022-10-26,SAS,MIN,@,"L, 122-134",,,,,,,,,,,,,,,,,
Malaki Branham,https://www.basketball-reference.com/players/b/branhma01.html,2023,2022-10-28,SAS,CHI,,"W, 129-124",,,,,,,,,,,,,,,,,
Malaki Branham,https://www.basketball-reference.com/players/b/branhma01.html,2023,2022-10-30,SAS,MIN,,"W, 107-98",,19:00,1,7,1,4,2,2,1,1,2,2,0,0,0,1,5
Malaki Branham,https://www.basketball-reference.com/players/b/branhma01.html,2023,,,,,,,,,,,,,,,,,,,,,,
Malaki Branham,https://www.basketball-reference.com/players/b/branhma01.html,2023,2022-11-02,SAS,TOR,,"L, 100-143",,22:42,4,11,2,6,3,4,1,1,2,3,0,0,1,1,13
Malaki Branham,https://www.basketball-reference.com/players/b/branhma01.html,2023,2022-11-04,SAS,LAC,,"L, 106-113",,13:55,1,3,0,1,0,0,0,3,3,1,0,0,0,1,2
Malaki Branham,https://www.basketball-reference.com/players/b/branhma01.html,2023,2022-11-05,SAS,DEN,@,"L, 101-126",,22:37,2,7,0,4,0,0,0,2,2,2,1,0,2,0,4
Malaki Branham,https://www.basketball-reference.com/players/b/branhma01.html,2023,2022-11-07,SAS,DEN,,"L, 109-115",,,,,,,,,,,,,,,,,
Malaki Branham,https://www.basketball-reference.com/players/b/branhma01.html,2023,2022-11-09,SAS,MEM,,"L, 122-124 (OT)",,,,,,,,,,,,,,,,,
Malaki Branham,https://www.basketball-reference.com/players/b/branhma01.html,2023,2022-11-11,SAS,MIL,,"W, 111-93",,,,,,,,,,,,,,,,,
Malaki Branham,https://www.basketball-reference.com/players/b/branhma01.html,2023,2022-11-14,SAS,GSW,@,"L, 95-132",,,,,,,,,,,,,,,,,
Malaki Branham,https://www.basketball-reference.com/players/b/branhma01.html,2023,2022-11-15,SAS,POR,@,"L, 110-117",,,,,,,,,,,,,,,,,
Malaki Branham,https://www.basketball-reference.com/players/b/branhma01.html,2023,2022-11-17,SAS,SAC,@,"L, 112-130",,,,,,,,,,,,,,,,,
Malaki Branham,https://www.basketball-reference.com/players/b/branhma01.html,2023,2022-11-19,SAS,LAC,@,"L, 97-119",,09:36,1,2,1,2,0,0,0,1,1,1,0,0,0,1,3
Malaki Branham,https://www.basketball-reference.com/players/b/branhma01.html,2023,2022-11-20,SAS,LAL,@,"L, 92-123",,05:39,0,4,0,3,0,0,0,0,0,0,0,0,2,0,0
Malaki Branham,https://www.basketball-reference.com/players/b/branhma01.html,2023,2022-11-23,SAS,NOP,,"L, 110-129",,,,,,,,,,,,,,,,,
Malaki Branham,https://www.basketball-reference.com/players/b/branhma01.html,2023,2022-11-25,SAS,LAL,,"L, 94-105",,13:42,1,3,1,2,0,0,0,2,2,1,0,0,1,0,3
Malaki Branham,https://www.basketball-reference.com/players/b/branhma01.html,2023,2022-11-26,SAS,LAL,,"L, 138-143",,16:57,3,4,2,3,0,0,0,1,1,2,0,0,1,1,8
Malaki Branham,https://www.basketball-reference.com/players/b/branhma01.html,2023,2022-11-30,SAS,OKC,@,"L, 111-119",,19:23,3,6,0,3,1,2,0,0,0,3,1,0,0,4,7
Malaki Branham,https://www.basketball-reference.com/players/b/branhma01.html,2023,2022-12-02,SAS,NOP,,"L, 99-117",,19:57,2,8,1,4,0,0,0,4,4,3,0,1,3,2,5
Malaki Branham,https://www.basketball-reference.com/players/b/branhma01.html,2023,2022-12-04,SAS,PHO,,"L, 95-133",,24:52,3,9,0,3,2,2,0,1,1,2,0,1,1,3,8
Malaki Branham,https://www.basketball-reference.com/players/b/branhma01.html,2023,2022-12-08,SAS,HOU,,"W, 118-109",,24:37,2,7,1,4,0,0,1,2,3,1,0,0,0,0,5
Malaki Branham,https://www.basketball-reference.com/players/b/branhma01.html,2023,2022-12-10,SAS,MIA,@,"W, 115-111",,14:28,1,3,0,1,0,0,0,1,1,1,0,0,0,2,2
Malaki Branham,https://www.basketball-reference.com/players/b/branhma01.html,2023,2022-12-12,SAS,CLE,,"W, 112-111",,,,,,,,,,,,,,,,,
Malaki Branham,https://www.basketball-reference.com/players/b/branhma01.html,2023,2022-12-14,SAS,POR,,"L, 112-128",,07:35,1,4,1,4,0,0,0,0,0,1,0,0,0,0,3
Malaki Branham,https://www.basketball-reference.com/players/b/branhma01.html,2023,2022-12-17,SAS,MIA,,"L, 101-111",,19:59,4,5,3,4,1,1,0,0,0,0,2,0,0,0,12
Malaki Branham,https://www.basketball-reference.com/players/b/branhma01.html,2023,2022-12-19,SAS,HOU,@,"W, 124-105",,21:31,6,8,2,4,0,0,0,3,3,3,2,0,4,3,14
Malaki Branham,https://www.basketball-reference.com/players/b/branhma01.html,2023,2022-12-22,SAS,NOP,@,"L, 117-126",,21:10,4,6,1,3,0,0,0,0,0,0,0,0,1,2,9
Malaki Branham,https://www.basketball-reference.com/players/b/branhma01.html,2023,2022-12-23,SAS,ORL,@,"L, 113-133",,17:17,4,5,1,1,0,0,1,1,2,3,0,1,1,2,9
Malaki Branham,https://www.basketball-reference.com/players/b/branhma01.html,2023,2022-12-26,SAS,UTA,,"W, 126-122",,25:51,7,11,2,4,4,4,1,1,2,2,1,0,2,2,20
Malaki Branham,https://www.basketball-reference.com/players/b/branhma01.html,2023,2022-12-27,SAS,OKC,@,"L, 114-130",,22:31,2,5,1,2,0,0,0,2,2,1,1,0,1,2,5
Malaki Branham,https://www.basketball-reference.com/players/b/branhma01.html,2023,2022-12-29,SAS,NYK,,"W, 122-115",,19:12,1,7,1,4,1,2,0,1,1,1,1,0,0,0,4
Malaki Branham,https://www.basketball-reference.com/players/b/branhma01.html,2023,2022-12-31,SAS,DAL,,"L, 125-126",,21:13,3,6,0,2,0,0,1,0,1,1,0,0,1,0,6
Malaki Branham,https://www.basketball-reference.com/players/b/branhma01.html,2023,2023-01-02,SAS,BRK,@,"L, 103-139",,25:39,4,10,1,4,0,0,0,2,2,3,0,0,3,1,9
Malaki Branham,https://www.basketball-reference.com/players/b/branhma01.html,2023,2023-01-04,SAS,NYK,@,"L, 114-117",,22:51,1,7,0,3,0,0,0,5,5,1,0,0,1,2,2
Malaki Branham,https://www.basketball-reference.com/players/b/branhma01.html,2023,2023-01-06,SAS,DET,,"W, 121-109",,26:03,4,8,2,3,4,6,0,2,2,3,1,0,1,0,14
Malaki Branham,https://www.basketball-reference.com/players/b/branhma01.html,2023,2023-01-07,SAS,BOS,,"L, 116-121",,19:38,5,10,0,3,0,0,0,2,2,3,2,0,0,1,10
Malaki Branham,https://www.basketball-reference.com/players/b/branhma01.html,2023,2023-01-09,SAS,MEM,@,"L, 113-121",,24:44,5,11,2,5,0,0,0,2,2,1,0,0,3,0,12
Malaki Branham,https://www.basketball-reference.com/players/b/branhma01.html,2023,2023-01-11,SAS,MEM,@,"L, 129-135",,18:21,2,5,0,2,0,0,0,1,1,2,0,1,2,1,4
Malaki Branham,https://www.basketball-reference.com/players/b/branhma01.html,2023,2023-01-13,SAS,GSW,,"L, 113-144",,21:47,4,8,2,4,2,2,0,2,2,2,0,0,1,4,12
Malaki Branham,https://www.basketball-reference.com/players/b/branhma01.html,2023,2023-01-15,SAS,SAC,,"L, 119-132",,21:51,2,6,1,5,0,0,0,1,1,0,0,0,2,2,5
Malaki Branham,https://www.basketball-reference.com/players/b/branhma01.html,2023,2023-01-17,SAS,BRK,,"W, 106-98",,19:35,2,10,0,5,0,0,0,4,4,2,1,0,0,2,4
Malaki Branham,https://www.basketball-reference.com/players/b/branhma01.html,2023,2023-01-20,SAS,LAC,,"L, 126-131",,17:49,4,6,1,1,0,0,2,1,3,3,0,0,1,1,9
Malaki Branham,https://www.basketball-reference.com/players/b/branhma01.html,2023,2023-01-23,SAS,POR,@,"L, 127-147",,22:51,4,9,1,4,0,0,0,0,0,4,1,0,0,1,9
Malaki Branham,https://www.basketball-reference.com/players/b/branhma01.html,2023,2023-01-25,SAS,LAL,@,"L, 104-113",,19:03,4,9,1,4,2,3,0,0,0,0,0,0,0,2,11
Malaki Branham,https://www.basketball-reference.com/players/b/branhma01.html,2023,2023-01-26,SAS,LAC,@,"L, 100-138",,26:00,2,6,1,2,0,0,1,1,2,3,1,0,0,1,5
Malaki Branham,https://www.basketball-reference.com/players/b/branhma01.html,2023,2023-01-28,SAS,PHO,,"L, 118-128 (OT)",,20:59,2,8,0,3,1,1,1,0,1,1,2,0,1,2,5
Malaki Branham,https://www.basketball-reference.com/players/b/branhma01.html,2023,2023-01-30,SAS,WAS,,"L, 106-127",,17:50,2,6,0,3,2,2,0,5,5,2,1,0,1,4,6
Malaki Branham,https://www.basketball-reference.com/players/b/branhma01.html,2023,2023-02-01,SAS,SAC,,"L, 109-119",,32:17,9,13,3,5,1,2,0,1,1,5,0,0,0,2,22
Malaki Branham,https://www.basketball-reference.com/players/b/branhma01.html,2023,2023-02-03,SAS,PHI,,"L, 125-137",,34:51,11,16,2,5,2,2,0,2,2,3,1,0,2,2,26
Malaki Branham,https://www.basketball-reference.com/players/b/branhma01.html,2023,2023-02-06,SAS,CHI,@,"L, 104-128",,32:23,6,18,3,8,0,0,0,5,5,4,0,0,1,4,15
Malaki Branham,https://www.basketball-reference.com/players/b/branhma01.html,2023,2023-02-08,SAS,TOR,@,"L, 98-112",,28:36,2,8,0,3,0,0,1,4,5,3,0,1,0,4,4
Malaki Branham,https://www.basketball-reference.com/players/b/branhma01.html,2023,2023-02-10,SAS,DET,@,"L, 131-138 (2OT)",,42:43,8,17,4,8,7,10,1,4,5,2,2,0,3,3,27
Malaki Branham,https://www.basketball-reference.com/players/b/branhma01.html,2023,2023-02-11,SAS,ATL,@,"L, 106-125",,28:02,4,15,2,8,0,0,2,4,6,1,0,0,0,2,10
Malaki Branham,https://www.basketball-reference.com/players/b/branhma01.html,2023,2023-02-13,SAS,CLE,@,"L, 109-117",,28:51,8,11,2,3,0,0,0,1,1,2,2,0,1,4,18
Malaki Branham,https://www.basketball-reference.com/players/b/branhma01.html,2023,2023-02-15,SAS,CHO,@,"L, 110-120",,32:43,10,14,3,6,0,0,1,5,6,3,1,1,3,2,23
Malaki Branham,https://www.basketball-reference.com/players/b/branhma01.html,2023,2023-02-23,SAS,DAL,@,"L, 116-142",,35:22,9,17,2,5,3,3,1,1,2,5,0,0,4,3,23
Malaki Branham,https://www.basketball-reference.com/players/b/branhma01.html,2023,2023-02-25,SAS,UTA,@,"L, 102-118",,30:51,6,16,1,5,0,0,3,3,6,1,0,1,0,3,13
Malaki Branham,https://www.basketball-reference.com/players/b/branhma01.html,2023,2023-02-28,SAS,UTA,@,"W, 102-94",,21:15,2,5,0,1,0,0,1,2,3,1,1,0,2,2,4
Malaki Branham,https://www.basketball-reference.com/players/b/branhma01.html,2023,2023-03-02,SAS,IND,,"W, 110-99",,24:20,4,10,0,2,0,0,0,6,6,4,1,0,2,1,8
Malaki Branham,https://www.basketball-reference.com/players/b/branhma01.html,2023,2023-03-04,SAS,HOU,,"L, 110-122",,,,,,,,,,,,,,,,,
Malaki Branham,https://www.basketball-reference.com/players/b/branhma01.html,2023,2023-03-05,SAS,HOU,@,"L, 110-142",,29:01,5,8,1,1,2,2,0,7,7,2,1,0,1,1,13
Malaki Branham,https://www.basketball-reference.com/players/b/branhma01.html,2023,2023-03-10,SAS,DEN,,"W, 128-120",,25:35,2,7,0,2,0,0,1,3,4,3,1,0,2,5,4
Malaki Branham,https://www.basketball-reference.com/players/b/branhma01.html,2023,2023-03-12,SAS,OKC,,"L, 90-102",,06:19,0,3,0,3,0,0,0,2,2,1,0,0,1,0,0
Malaki Branham,https://www.basketball-reference.com/players/b/branhma01.html,2023,2023-03-14,SAS,ORL,,"W, 132-114",,,,,,,,,,,,,,,,,
Malaki Branham,https://www.basketball-reference.com/players/b/branhma01.html,2023,2023-03-15,SAS,DAL,,"L, 128-137 (OT)",,29:29,8,12,2,3,2,2,0,5,5,2,0,0,2,4,20
Malaki Branham,https://www.basketball-reference.com/players/b/branhma01.html,2023,2023-03-17,SAS,MEM,,"L, 120-126 (OT)",,38:50,6,16,4,9,2,2,3,3,6,2,1,0,3,2,18
Malaki Branham,https://www.basketball-reference.com/players/b/branhma01.html,2023,2023-03-19,SAS,ATL,,"W, 126-118",,26:12,3,10,1,3,0,0,1,3,4,2,0,0,1,2,7
Malaki Branham,https://www.basketball-reference.com/players/b/branhma01.html,2023,2023-03-21,SAS,NOP,@,"L, 84-119",,26:40,2,11,1,7,0,0,1,3,4,1,0,0,1,1,5
Malaki Branham,https://www.basketball-reference.com/players/b/branhma01.html,2023,2023-03-22,SAS,MIL,@,"L, 94-130",,24:55,2,7,0,3,0,0,0,4,4,3,0,0,4,1,4
Malaki Branham,https://www.basketball-reference.com/players/b/branhma01.html,2023,2023-03-24,SAS,WAS,@,"L, 124-136",,29:02,7,15,1,6,0,0,1,4,5,0,0,0,0,3,15
Malaki Branham,https://www.basketball-reference.com/players/b/branhma01.html,2023,2023-03-26,SAS,BOS,@,"L, 93-137",,24:03,7,13,1,3,0,0,0,3,3,1,0,0,0,1,15
Malaki Branham,https://www.basketball-reference.com/players/b/branhma01.html,2023,2023-03-29,SAS,UTA,,"L, 117-128",,27:00,7,12,2,4,5,7,0,2,2,2,1,0,0,1,21
Malaki Branham,https://www.basketball-reference.com/players/b/branhma01.html,2023,2023-03-31,SAS,GSW,@,"L, 115-130",,28:16,8,21,3,7,0,0,0,7,7,2,1,0,2,4,19
Malaki Branham,https://www.basketball-reference.com/players/b/branhma01.html,2023,2023-04-02,SAS,SAC,@,"W, 142-134 (OT)",,30:46,7,12,1,5,0,0,0,2,2,5,1,0,2,3,15
Malaki Branham,https://www.basketball-reference.com/players/b/branhma01.html,2023,2023-04-04,SAS,PHO,@,"L, 94-115",,29:34,8,17,3,7,2,2,0,3,3,2,1,0,0,1,21
Malaki Branham,https://www.basketball-reference.com/players/b/branhma01.html,2023,2023-04-06,SAS,POR,,"W, 129-127",,23:19,1,12,0,5,0,0,0,3,3,0,0,0,0,0,2
Malaki Branham,https://www.basketball-reference.com/players/b/branhma01.html,2023,2023-04-08,SAS,MIN,,"L, 131-151",,25:37,6,10,0,2,5,5,0,4,4,1,0,0,0,2,17
Malaki Branham,https://www.basketball-reference.com/players/b/branhma01.html,2023,2023-04-09,SAS,DAL,@,"W, 138-117",,23:57,8,15,2,7,2,2,1,2,3,0,0,0,2,1,20
Devonte' Graham,https://www.basketball-reference.com/players/g/grahade01.html,2023,2022-10-19,NOP,BRK,@,"W, 130-108",,15:02,0,3,0,1,0,0,0,0,0,2,0,0,0,0,0
Devonte' Graham,https://www.basketball-reference.com/players/g/grahade01.html,2023,2022-10-21,NOP,CHO,@,"W, 124-112",,11:24,1,4,1,4,1,2,0,1,1,1,0,0,0,0,4
Devonte' Graham,https://www.basketball-reference.com/players/g/grahade01.html,2023,2022-10-23,NOP,UTA,,"L, 121-122 (OT)",,14:55,1,2,1,1,0,0,0,1,1,2,1,1,1,1,3
Devonte' Graham,https://www.basketball-reference.com/players/g/grahade01.html,2023,2022-10-25,NOP,DAL,,"W, 113-111",,27:01,4,10,4,8,2,4,0,1,1,3,0,0,0,2,14
Devonte' Graham,https://www.basketball-reference.com/players/g/grahade01.html,2023,2022-10-28,NOP,PHO,@,"L, 111-124",,28:03,3,7,3,6,2,2,0,3,3,2,2,0,1,2,11
Devonte' Graham,https://www.basketball-reference.com/players/g/grahade01.html,2023,2022-10-30,NOP,LAC,@,"W, 112-91",,23:33,3,6,3,6,0,0,1,3,4,6,1,0,0,1,9
Devonte' Graham,https://www.basketball-reference.com/players/g/grahade01.html,2023,,,,,,,,,,,,,,,,,,,,,,
Devonte' Graham,https://www.basketball-reference.com/players/g/grahade01.html,2023,2022-11-02,NOP,LAL,@,"L, 117-120 (OT)",,18:20,2,3,0,1,0,0,0,1,1,2,0,0,3,1,4
Devonte' Graham,https://www.basketball-reference.com/players/g/grahade01.html,2023,2022-11-04,NOP,GSW,,"W, 114-105",,09:24,0,1,0,1,0,0,0,1,1,4,0,0,0,1,0
Devonte' Graham,https://www.basketball-reference.com/players/g/grahade01.html,2023,2022-11-05,NOP,ATL,@,"L, 121-124 (OT)",,11:01,0,1,0,1,0,0,0,0,0,1,0,0,1,2,0
Devonte' Graham,https://www.basketball-reference.com/players/g/grahade01.html,2023,2022-11-07,NOP,IND,@,"L, 122-129",,20:22,3,9,3,8,2,2,0,2,2,4,0,0,0,0,11
Devonte' Graham,https://www.basketball-reference.com/players/g/grahade01.html,2023,2022-11-09,NOP,CHI,@,"W, 115-111",,16:22,1,2,1,2,0,0,0,1,1,2,1,2,0,1,3
Devonte' Graham,https://www.basketball-reference.com/players/g/grahade01.html,2023,2022-11-10,NOP,POR,,"L, 95-106",,07:58,0,1,0,1,0,0,0,0,0,1,0,0,0,0,0
Devonte' Graham,https://www.basketball-reference.com/players/g/grahade01.html,2023,2022-11-12,NOP,HOU,,"W, 119-106",,09:19,2,4,1,2,0,0,0,0,0,1,2,0,0,0,5
Devonte' Graham,https://www.basketball-reference.com/players/g/grahade01.html,2023,2022-11-15,NOP,MEM,,"W, 113-102",,09:29,0,1,0,1,1,2,0,1,1,2,0,0,0,0,1
Devonte' Graham,https://www.basketball-reference.com/players/g/grahade01.html,2023,2022-11-16,NOP,CHI,,"W, 124-110",,08:21,2,3,2,3,0,0,1,0,1,1,0,0,1,0,6
Devonte' Graham,https://www.basketball-reference.com/players/g/grahade01.html,2023,2022-11-18,NOP,BOS,,"L, 109-117",,08:22,1,2,1,2,0,0,0,0,0,0,0,0,0,0,3
Devonte' Graham,https://www.basketball-reference.com/players/g/grahade01.html,2023,2022-11-21,NOP,GSW,,"W, 128-83",,22:02,6,11,6,11,1,1,0,5,5,4,1,0,1,1,19
Devonte' Graham,https://www.basketball-reference.com/players/g/grahade01.html,2023,2022-11-23,NOP,SAS,@,"W, 129-110",,27:48,7,13,6,11,1,1,0,4,4,0,1,1,1,2,21
Devonte' Graham,https://www.basketball-reference.com/players/g/grahade01.html,2023,2022-11-25,NOP,MEM,@,"L, 111-132",,14:17,1,3,1,3,2,3,0,2,2,3,1,1,1,0,5
Devonte' Graham,https://www.basketball-reference.com/players/g/grahade01.html,2023,2022-11-28,NOP,OKC,,"W, 105-101",,17:31,1,6,1,5,2,2,1,0,1,3,1,0,1,0,5
Devonte' Graham,https://www.basketball-reference.com/players/g/grahade01.html,2023,2022-11-30,NOP,TOR,,"W, 126-108",,20:09,0,6,0,5,2,2,0,1,1,2,0,0,1,1,2
Devonte' Graham,https://www.basketball-reference.com/players/g/grahade01.html,2023,2022-12-02,NOP,SAS,@,"W, 117-99",,15:53,1,5,1,4,0,0,0,1,1,0,1,1,1,3,3
Devonte' Graham,https://www.basketball-reference.com/players/g/grahade01.html,2023,2022-12-04,NOP,DEN,,"W, 121-106",,13:45,1,4,1,4,2,2,2,1,3,5,0,0,1,1,5
Devonte' Graham,https://www.basketball-reference.com/players/g/grahade01.html,2023,2022-12-07,NOP,DET,,"W, 104-98",,12:15,1,6,0,4,1,1,1,2,3,0,1,1,0,1,3
Devonte' Graham,https://www.basketball-reference.com/players/g/grahade01.html,2023,2022-12-09,NOP,PHO,,"W, 128-117",,14:55,1,2,1,2,2,2,0,1,1,4,0,0,1,0,5
Devonte' Graham,https://www.basketball-reference.com/players/g/grahade01.html,2023,2022-12-11,NOP,PHO,,"W, 129-124 (OT)",,09:07,2,4,0,2,0,0,0,0,0,0,0,0,1,1,4
Devonte' Graham,https://www.basketball-reference.com/players/g/grahade01.html,2023,2022-12-13,NOP,UTA,@,"L, 100-121",,05:48,1,2,0,1,0,0,0,0,0,1,1,0,0,0,2
Devonte' Graham,https://www.basketball-reference.com/players/g/grahade01.html,2023,2022-12-15,NOP,UTA,@,"L, 129-132 (OT)",,20:01,2,5,1,3,3,4,1,2,3,3,0,0,2,1,8
Devonte' Graham,https://www.basketball-reference.com/players/g/grahade01.html,2023,2022-12-17,NOP,PHO,@,"L, 114-118",,08:01,1,3,0,2,1,1,0,3,3,1,0,0,0,2,3
Devonte' Graham,https://www.basketball-reference.com/players/g/grahade01.html,2023,2022-12-19,NOP,MIL,,"L, 119-128",,07:06,0,1,0,1,0,0,0,0,0,0,0,0,0,0,0
Devonte' Graham,https://www.basketball-reference.com/players/g/grahade01.html,2023,2022-12-22,NOP,SAS,,"W, 126-117",,08:50,1,2,1,2,3,4,1,0,1,1,0,0,0,0,6
Devonte' Graham,https://www.basketball-reference.com/players/g/grahade01.html,2023,2022-12-23,NOP,OKC,@,"W, 128-125 (OT)",,18:18,3,6,1,4,2,2,1,1,2,5,1,0,1,1,9
Devonte' Graham,https://www.basketball-reference.com/players/g/grahade01.html,2023,2022-12-26,NOP,IND,,"W, 113-93",,19:55,3,8,3,7,2,2,1,2,3,4,0,0,0,0,11
Devonte' Graham,https://www.basketball-reference.com/players/g/grahade01.html,2023,2022-12-28,NOP,MIN,,"W, 119-118",,15:47,0,3,0,2,0,0,1,3,4,1,0,1,0,1,0
Devonte' Graham,https://www.basketball-reference.com/players/g/grahade01.html,2023,2022-12-30,NOP,PHI,,"W, 127-116",,17:12,1,3,1,3,0,1,0,1,1,2,0,0,0,0,3
Devonte' Graham,https://www.basketball-reference.com/players/g/grahade01.html,2023,2022-12-31,NOP,MEM,@,"L, 101-116",,17:20,1,3,1,3,0,0,0,1,1,1,0,0,1,1,3
Devonte' Graham,https://www.basketball-reference.com/players/g/grahade01.html,2023,2023-01-02,NOP,PHI,@,"L, 111-120",,12:30,0,3,0,3,2,2,1,2,3,5,0,0,0,2,2
Devonte' Graham,https://www.basketball-reference.com/players/g/grahade01.html,2023,2023-01-04,NOP,HOU,,"W, 119-108",,12:43,0,4,0,3,0,0,0,0,0,1,0,0,0,0,0
Devonte' Graham,https://www.basketball-reference.com/players/g/grahade01.html,2023,2023-01-06,NOP,BRK,,"L, 102-108",,12:10,1,3,0,1,0,0,0,2,2,0,2,0,1,1,2
Devonte' Graham,https://www.basketball-reference.com/players/g/grahade01.html,2023,2023-01-07,NOP,DAL,@,"L, 117-127",,15:33,2,7,0,4,0,2,0,0,0,3,2,0,0,0,4
Devonte' Graham,https://www.basketball-reference.com/players/g/grahade01.html,2023,2023-01-09,NOP,WAS,@,"W, 132-112",,17:31,3,5,2,4,3,4,0,1,1,6,1,1,0,2,11
Devonte' Graham,https://www.basketball-reference.com/players/g/grahade01.html,2023,2023-01-11,NOP,BOS,@,"L, 114-125",,20:45,1,3,0,2,0,0,0,2,2,3,1,0,0,0,2
Devonte' Graham,https://www.basketball-reference.com/players/g/grahade01.html,2023,2023-01-13,NOP,DET,@,"W, 116-110",,13:55,1,6,1,5,0,0,0,1,1,3,0,0,1,2,3
Devonte' Graham,https://www.basketball-reference.com/players/g/grahade01.html,2023,2023-01-16,NOP,CLE,@,"L, 103-113",,14:03,1,4,1,4,3,3,0,1,1,3,0,0,0,3,6
Devonte' Graham,https://www.basketball-reference.com/players/g/grahade01.html,2023,2023-01-18,NOP,MIA,,"L, 98-124",,19:50,2,3,2,2,0,2,0,3,3,3,0,0,1,3,6
Devonte' Graham,https://www.basketball-reference.com/players/g/grahade01.html,2023,2023-01-20,NOP,ORL,@,"L, 110-123",,12:36,1,4,1,3,0,0,0,0,0,1,0,0,0,0,3
Devonte' Graham,https://www.basketball-reference.com/players/g/grahade01.html,2023,2023-01-22,NOP,MIA,@,"L, 96-100",,16:47,2,6,2,6,1,2,0,2,2,3,5,0,1,0,7
Devonte' Graham,https://www.basketball-reference.com/players/g/grahade01.html,2023,2023-01-24,NOP,DEN,,"L, 98-99",,18:48,0,3,0,3,1,2,0,0,0,2,0,0,1,0,1
Devonte' Graham,https://www.basketball-reference.com/players/g/grahade01.html,2023,2023-01-25,NOP,MIN,,"L, 102-111",,16:01,4,4,4,4,0,0,0,1,1,2,1,0,0,1,12
Devonte' Graham,https://www.basketball-reference.com/players/g/grahade01.html,2023,2023-01-28,NOP,WAS,,"L, 103-113",,17:03,3,6,3,6,0,0,0,0,0,1,1,0,1,2,9
Devonte' Graham,https://www.basketball-reference.com/players/g/grahade01.html,2023,2023-01-29,NOP,MIL,@,"L, 110-135",,17:46,3,5,2,4,2,2,0,0,0,3,1,0,1,2,10
Devonte' Graham,https://www.basketball-reference.com/players/g/grahade01.html,2023,2023-01-31,NOP,DEN,@,"L, 113-122",,12:42,2,5,1,4,0,0,0,0,0,0,1,1,0,1,5
Devonte' Graham,https://www.basketball-reference.com/players/g/grahade01.html,2023,2023-02-02,NOP,DAL,@,"L, 106-111",,,,,,,,,,,,,,,,,
Devonte' Graham,https://www.basketball-reference.com/players/g/grahade01.html,2023,2023-02-04,NOP,LAL,,"W, 131-126",,,,,,,,,,,,,,,,,
Devonte' Graham,https://www.basketball-reference.com/players/g/grahade01.html,2023,2023-02-05,NOP,SAC,,"W, 136-104",,15:21,2,5,2,5,0,0,0,0,0,3,0,0,0,2,6
Devonte' Graham,https://www.basketball-reference.com/players/g/grahade01.html,2023,2023-02-07,NOP,ATL,,"W, 116-107",,,,,,,,,,,,,,,,,
Devonte' Graham,https://www.basketball-reference.com/players/g/grahade01.html,2023,2023-02-10,SAS,DET,@,"L, 131-138 (2OT)",,36:37,9,22,6,16,7,7,1,2,3,3,0,0,0,1,31
Devonte' Graham,https://www.basketball-reference.com/players/g/grahade01.html,2023,2023-02-11,SAS,ATL,@,"L, 106-125",,23:43,3,8,3,7,0,0,0,2,2,4,2,2,1,0,9
Devonte' Graham,https://www.basketball-reference.com/players/g/grahade01.html,2023,2023-02-13,SAS,CLE,@,"L, 109-117",,28:59,5,14,2,8,0,1,1,0,1,8,2,0,1,2,12
Devonte' Graham,https://www.basketball-reference.com/players/g/grahade01.html,2023,2023-02-15,SAS,CHO,@,"L, 110-120",,21:44,3,12,1,8,3,4,2,2,4,4,1,0,2,1,10
Devonte' Graham,https://www.basketball-reference.com/players/g/grahade01.html,2023,2023-02-23,SAS,DAL,@,"L, 116-142",,28:26,2,6,2,5,4,6,0,1,1,5,0,1,1,2,10
Devonte' Graham,https://www.basketball-reference.com/players/g/grahade01.html,2023,2023-02-25,SAS,UTA,@,"L, 102-118",,29:02,3,11,3,8,1,2,1,3,4,4,0,1,0,2,10
Devonte' Graham,https://www.basketball-reference.com/players/g/grahade01.html,2023,2023-02-28,SAS,UTA,@,"W, 102-94",,24:16,3,8,1,4,5,6,0,1,1,3,0,0,1,1,12
Devonte' Graham,https://www.basketball-reference.com/players/g/grahade01.html,2023,2023-03-02,SAS,IND,,"W, 110-99",,32:11,5,10,5,10,3,3,0,6,6,4,1,0,2,2,18
Devonte' Graham,https://www.basketball-reference.com/players/g/grahade01.html,2023,2023-03-04,SAS,HOU,,"L, 110-122",,28:40,7,15,7,12,7,7,0,2,2,4,0,0,2,4,28
Devonte' Graham,https://www.basketball-reference.com/players/g/grahade01.html,2023,2023-03-05,SAS,HOU,@,"L, 110-142",,23:41,4,10,3,9,3,4,1,1,2,4,0,0,0,1,14
Devonte' Graham,https://www.basketball-reference.com/players/g/grahade01.html,2023,2023-03-10,SAS,DEN,,"W, 128-120",,,,,,,,,,,,,,,,,
Devonte' Graham,https://www.basketball-reference.com/players/g/grahade01.html,2023,2023-03-12,SAS,OKC,,"L, 90-102",,31:47,8,16,4,11,0,0,0,3,3,3,1,1,5,1,20
Devonte' Graham,https://www.basketball-reference.com/players/g/grahade01.html,2023,2023-03-14,SAS,ORL,,"W, 132-114",,24:55,4,7,1,3,6,7,0,4,4,9,1,0,2,1,15
Devonte' Graham,https://www.basketball-reference.com/players/g/grahade01.html,2023,2023-03-15,SAS,DAL,,"L, 128-137 (OT)",,32:55,4,8,4,7,1,3,0,3,3,5,1,0,0,3,13
Devonte' Graham,https://www.basketball-reference.com/players/g/grahade01.html,2023,2023-03-17,SAS,MEM,,"L, 120-126 (OT)",,,,,,,,,,,,,,,,,
Devonte' Graham,https://www.basketball-reference.com/players/g/grahade01.html,2023,2023-03-19,SAS,ATL,,"W, 126-118",,,,,,,,,,,,,,,,,
Devonte' Graham,https://www.basketball-reference.com/players/g/grahade01.html,2023,2023-03-21,SAS,NOP,@,"L, 84-119",,24:03,4,12,3,9,4,7,1,1,2,1,0,0,2,2,15
Devonte' Graham,https://www.basketball-reference.com/players/g/grahade01.html,2023,2023-03-22,SAS,MIL,@,"L, 94-130",,,,,,,,,,,,,,,,,
Devonte' Graham,https://www.basketball-reference.com/players/g/grahade01.html,2023,2023-03-24,SAS,WAS,@,"L, 124-136",,21:14,2,8,1,6,0,0,0,1,1,5,1,0,1,0,5
Devonte' Graham,https://www.basketball-reference.com/players/g/grahade01.html,2023,2023-03-26,SAS,BOS,@,"L, 93-137",,22:06,0,5,0,3,2,2,0,3,3,2,2,0,2,3,2
Devonte' Graham,https://www.basketball-reference.com/players/g/grahade01.html,2023,2023-03-29,SAS,UTA,,"L, 117-128",,24:08,5,10,3,7,4,4,0,4,4,6,0,1,2,0,17
Devonte' Graham,https://www.basketball-reference.com/players/g/grahade01.html,2023,2023-03-31,SAS,GSW,@,"L, 115-130",,23:16,1,4,1,4,3,5,0,1,1,3,0,0,0,3,6
Devonte' Graham,https://www.basketball-reference.com/players/g/grahade01.html,2023,2023-04-02,SAS,SAC,@,"W, 142-134 (OT)",,18:35,1,6,1,6,0,2,0,2,2,1,1,0,0,0,3
Devonte' Graham,https://www.basketball-reference.com/players/g/grahade01.html,2023,2023-04-04,SAS,PHO,@,"L, 94-115",,27:04,3,8,2,5,1,2,0,1,1,2,2,0,2,2,9
Devonte' Graham,https://www.basketball-reference.com/players/g/grahade01.html,2023,2023-04-06,SAS,POR,,"W, 129-127",,,,,,,,,,,,,,,,,
Devonte' Graham,https://www.basketball-reference.com/players/g/grahade01.html,2023,2023-04-08,SAS,MIN,,"L, 131-151",,,,,,,,,,,,,,,,,
Devonte' Graham,https://www.basketball-reference.com/players/g/grahade01.html,2023,2023-04-09,SAS,DAL,@,"W, 138-117",,,,,,,,,,,,,,,,,
Jordan Hall,https://www.basketball-reference.com/players/h/halljo02.html,2023,2022-10-19,SAS,CHO,,"L, 102-129",,,,,,,,,,,,,,,,,
Jordan Hall,https://www.basketball-reference.com/players/h/halljo02.html,2023,2022-10-21,SAS,IND,@,"W, 137-134",,,,,,,,,,,,,,,,,
Jordan Hall,https://www.basketball-reference.com/players/h/halljo02.html,2023,2022-10-22,SAS,PHI,@,"W, 114-105",,,,,,,,,,,,,,,,,
Jordan Hall,https://www.basketball-reference.com/players/h/halljo02.html,2023,2022-10-24,SAS,MIN,@,"W, 115-106",,,,,,,,,,,,,,,,,
Jordan Hall,https://www.basketball-reference.com/players/h/halljo02.html,2023,,,,,,,,,,,,,,,,,,,,,,
Jordan Hall,https://www.basketball-reference.com/players/h/halljo02.html,2023,2022-11-02,SAS,TOR,,"L, 100-143",,20:51,1,4,1,3,0,0,0,1,1,2,0,0,2,0,3
Jordan Hall,https://www.basketball-reference.com/players/h/halljo02.html,2023,2022-11-04,SAS,LAC,,"L, 106-113",,,,,,,,,,,,,,,,,
Jordan Hall,https://www.basketball-reference.com/players/h/halljo02.html,2023,2022-11-05,SAS,DEN,@,"L, 101-126",,04:49,0,1,0,1,0,0,0,0,0,0,0,0,0,1,0
Jordan Hall,https://www.basketball-reference.com/players/h/halljo02.html,2023,2022-11-07,SAS,DEN,,"L, 109-115",,,,,,,,,,,,,,,,,
Jordan Hall,https://www.basketball-reference.com/players/h/halljo02.html,2023,2022-11-09,SAS,MEM,,"L, 122-124 (OT)",,,,,,,,,,,,,,,,,
Jordan Hall,https://www.basketball-reference.com/players/h/halljo02.html,2023,2022-11-11,SAS,MIL,,"W, 111-93",,01:39,0,0,0,0,0,0,0,0,0,1,0,0,0,0,0
Jordan Hall,https://www.basketball-reference.com/players/h/halljo02.html,2023,2022-11-14,SAS,GSW,@,"L, 95-132",,16:03,3,7,0,2,0,0,1,2,3,3,1,0,2,3,6
Jordan Hall,https://www.basketball-reference.com/players/h/halljo02.html,2023,2022-11-15,SAS,POR,@,"L, 110-117",,,,,,,,,,,,,,,,,
Jordan Hall,https://www.basketball-reference.com/players/h/halljo02.html,2023,2022-11-17,SAS,SAC,@,"L, 112-130",,15:41,1,3,1,2,2,2,2,3,5,2,0,0,2,2,5
Jordan Hall,https://www.basketball-reference.com/players/h/halljo02.html,2023,2022-11-19,SAS,LAC,@,"L, 97-119",,09:36,0,3,0,2,5,6,0,1,1,1,0,0,1,0,5
Jordan Hall,https://www.basketball-reference.com/players/h/halljo02.html,2023,2022-11-20,SAS,LAL,@,"L, 92-123",,05:39,1,5,0,3,0,0,0,2,2,1,0,0,0,0,2
Jordan Hall,https://www.basketball-reference.com/players/h/halljo02.html,2023,2022-11-23,SAS,NOP,,"L, 110-129",,06:45,3,4,1,1,0,1,0,0,0,1,0,0,0,0,7
Jordan Hall,https://www.basketball-reference.com/players/h/halljo02.html,2023,2022-11-25,SAS,LAL,,"L, 94-105",,01:37,0,1,0,1,0,0,0,0,0,0,0,0,0,0,0
Jordan Hall,https://www.basketball-reference.com/players/h/halljo02.html,2023,2022-11-26,SAS,LAL,,"L, 138-143",,,,,,,,,,,,,,,,,
Blake Wesley,https://www.basketball-reference.com/players/w/weslebl01.html,2023,2022-10-19,SAS,CHO,,"L, 102-129",,,,,,,,,,,,,,,,,
Blake Wesley,https://www.basketball-reference.com/players/w/weslebl01.html,2023,2022-10-21,SAS,IND,@,"W, 137-134",,,,,,,,,,,,,,,,,
Blake Wesley,https://www.basketball-reference.com/players/w/weslebl01.html,2023,2022-10-22,SAS,PHI,@,"W, 114-105",,,,,,,,,,,,,,,,,
Blake Wesley,https://www.basketball-reference.com/players/w/weslebl01.html,2023,2022-10-24,SAS,MIN,@,"W, 115-106",,,,,,,,,,,,,,,,,
Blake Wesley,https://www.basketball-reference.com/players/w/weslebl01.html,2023,2022-10-26,SAS,MIN,@,"L, 122-134",,,,,,,,,,,,,,,,,
Blake Wesley,https://www.basketball-reference.com/players/w/weslebl01.html,2023,2022-10-28,SAS,CHI,,"W, 129-124",,15:15,4,6,2,3,0,0,0,0,0,4,0,0,1,3,10
Blake Wesley,https://www.basketball-reference.com/players/w/weslebl01.html,2023,2022-10-30,SAS,MIN,,"W, 107-98",,08:14,2,3,0,0,2,4,1,1,2,0,0,0,1,0,6
Blake Wesley,https://www.basketball-reference.com/players/w/weslebl01.html,2023,,,,,,,,,,,,,,,,,,,,,,
Blake Wesley,https://www.basketball-reference.com/players/w/weslebl01.html,2023,2022-11-02,SAS,TOR,,"L, 100-143",,,,,,,,,,,,,,,,,
Blake Wesley,https://www.basketball-reference.com/players/w/weslebl01.html,2023,2022-11-04,SAS,LAC,,"L, 106-113",,,,,,,,,,,,,,,,,
Blake Wesley,https://www.basketball-reference.com/players/w/weslebl01.html,2023,2022-11-05,SAS,DEN,@,"L, 101-126",,,,,,,,,,,,,,,,,
Blake Wesley,https://www.basketball-reference.com/players/w/weslebl01.html,2023,2022-11-07,SAS,DEN,,"L, 109-115",,,,,,,,,,,,,,,,,
Blake Wesley,https://www.basketball-reference.com/players/w/weslebl01.html,2023,2022-11-09,SAS,MEM,,"L, 122-124 (OT)",,,,,,,,,,,,,,,,,
Blake Wesley,https://www.basketball-reference.com/players/w/weslebl01.html,2023,2022-11-11,SAS,MIL,,"W, 111-93",,,,,,,,,,,,,,,,,
Blake Wesley,https://www.basketball-reference.com/players/w/weslebl01.html,2023,2022-11-14,SAS,GSW,@,"L, 95-132",,,,,,,,,,,,,,,,,
Blake Wesley,https://www.basketball-reference.com/players/w/weslebl01.html,2023,2022-11-15,SAS,POR,@,"L, 110-117",,,,,,,,,,,,,,,,,
Blake Wesley,https://www.basketball-reference.com/players/w/weslebl01.html,2023,2022-11-17,SAS,SAC,@,"L, 112-130",,,,,,,,,,,,,,,,,
Blake Wesley,https://www.basketball-reference.com/players/w/weslebl01.html,2023,2022-11-19,SAS,LAC,@,"L, 97-119",,,,,,,,,,,,,,,,,
Blake Wesley,https://www.basketball-reference.com/players/w/weslebl01.html,2023,2022-11-20,SAS,LAL,@,"L, 92-123",,,,,,,,,,,,,,,,,
Blake Wesley,https://www.basketball-reference.com/players/w/weslebl01.html,2023,2022-11-23,SAS,NOP,,"L, 110-129",,,,,,,,,,,,,,,,,
Blake Wesley,https://www.basketball-reference.com/players/w/weslebl01.html,2023,2022-11-25,SAS,LAL,,"L, 94-105",,,,,,,,,,,,,,,,,
Blake Wesley,https://www.basketball-reference.com/players/w/weslebl01.html,2023,2022-11-26,SAS,LAL,,"L, 138-143",,,,,,,,,,,,,,,,,
Blake Wesley,https://www.basketball-reference.com/players/w/weslebl01.html,2023,2022-11-30,SAS,OKC,@,"L, 111-119",,,,,,,,,,,,,,,,,
Blake Wesley,https://www.basketball-reference.com/players/w/weslebl01.html,2023,2022-12-02,SAS,NOP,,"L, 99-117",,,,,,,,,,,,,,,,,
Blake Wesley,https://www.basketball-reference.com/players/w/weslebl01.html,2023,2022-12-04,SAS,PHO,,"L, 95-133",,,,,,,,,,,,,,,,,
Blake Wesley,https://www.basketball-reference.com/players/w/weslebl01.html,2023,2022-12-08,SAS,HOU,,"W, 118-109",,,,,,,,,,,,,,,,,
Blake Wesley,https://www.basketball-reference.com/players/w/weslebl01.html,2023,2022-12-10,SAS,MIA,@,"W, 115-111",,,,,,,,,,,,,,,,,
Blake Wesley,https://www.basketball-reference.com/players/w/weslebl01.html,2023,2022-12-12,SAS,CLE,,"W, 112-111",,,,,,,,,,,,,,,,,
Blake Wesley,https://www.basketball-reference.com/players/w/weslebl01.html,2023,2022-12-14,SAS,POR,,"L, 112-128",,,,,,,,,,,,,,,,,
Blake Wesley,https://www.basketball-reference.com/players/w/weslebl01.html,2023,2022-12-17,SAS,MIA,,"L, 101-111",,,,,,,,,,,,,,,,,
Blake Wesley,https://www.basketball-reference.com/players/w/weslebl01.html,2023,2022-12-19,SAS,HOU,@,"W, 124-105",,,,,,,,,,,,,,,,,
Blake Wesley,https://www.basketball-reference.com/players/w/weslebl01.html,2023,2022-12-22,SAS,NOP,@,"L, 117-126",,,,,,,,,,,,,,,,,
Blake Wesley,https://www.basketball-reference.com/players/w/weslebl01.html,2023,2022-12-23,SAS,ORL,@,"L, 113-133",,,,,,,,,,,,,,,,,
Blake Wesley,https://www.basketball-reference.com/players/w/weslebl01.html,2023,2022-12-26,SAS,UTA,,"W, 126-122",,,,,,,,,,,,,,,,,
Blake Wesley,https://www.basketball-reference.com/players/w/weslebl01.html,2023,2022-12-27,SAS,OKC,@,"L, 114-130",,,,,,,,,,,,,,,,,
Blake Wesley,https://www.basketball-reference.com/players/w/weslebl01.html,2023,2022-12-29,SAS,NYK,,"W, 122-115",,,,,,,,,,,,,,,,,
Blake Wesley,https://www.basketball-reference.com/players/w/weslebl01.html,2023,2022-12-31,SAS,DAL,,"L, 125-126",,,,,,,,,,,,,,,,,
Blake Wesley,https://www.basketball-reference.com/players/w/weslebl01.html,2023,2023-01-02,SAS,BRK,@,"L, 103-139",,,,,,,,,,,,,,,,,
Blake Wesley,https://www.basketball-reference.com/players/w/weslebl01.html,2023,2023-01-04,SAS,NYK,@,"L, 114-117",,,,,,,,,,,,,,,,,
Blake Wesley,https://www.basketball-reference.com/players/w/weslebl01.html,2023,2023-01-06,SAS,DET,,"W, 121-109",,,,,,,,,,,,,,,,,
Blake Wesley,https://www.basketball-reference.com/players/w/weslebl01.html,2023,2023-01-07,SAS,BOS,,"L, 116-121",,,,,,,,,,,,,,,,,
Blake Wesley,https://www.basketball-reference.com/players/w/weslebl01.html,2023,2023-01-09,SAS,MEM,@,"L, 113-121",,,,,,,,,,,,,,,,,
Blake Wesley,https://www.basketball-reference.com/players/w/weslebl01.html,2023,2023-01-11,SAS,MEM,@,"L, 129-135",,,,,,,,,,,,,,,,,
Blake Wesley,https://www.basketball-reference.com/players/w/weslebl01.html,2023,2023-01-13,SAS,GSW,,"L, 113-144",,06:47,1,2,0,0,0,0,0,1,1,0,0,0,2,1,2
Blake Wesley,https://www.basketball-reference.com/players/w/weslebl01.html,2023,2023-01-15,SAS,SAC,,"L, 119-132",,08:59,2,3,1,1,0,0,0,1,1,1,0,0,0,3,5
Blake Wesley,https://www.basketball-reference.com/players/w/weslebl01.html,2023,2023-01-17,SAS,BRK,,"W, 106-98",,,,,,,,,,,,,,,,,
Blake Wesley,https://www.basketball-reference.com/players/w/weslebl01.html,2023,2023-01-20,SAS,LAC,,"L, 126-131",,,,,,,,,,,,,,,,,
Blake Wesley,https://www.basketball-reference.com/players/w/weslebl01.html,2023,2023-01-23,SAS,POR,@,"L, 127-147",,,,,,,,,,,,,,,,,
Blake Wesley,https://www.basketball-reference.com/players/w/weslebl01.html,2023,2023-01-25,SAS,LAL,@,"L, 104-113",,,,,,,,,,,,,,,,,
Blake Wesley,https://www.basketball-reference.com/players/w/weslebl01.html,2023,2023-01-26,SAS,LAC,@,"L, 100-138",,21:14,2,5,0,2,2,4,0,2,2,2,1,0,1,3,6
Blake Wesley,https://www.basketball-reference.com/players/w/weslebl01.html,2023,2023-01-28,SAS,PHO,,"L, 118-128 (OT)",,04:05,0,2,0,0,0,0,1,1,2,0,0,0,1,1,0
Blake Wesley,https://www.basketball-reference.com/players/w/weslebl01.html,2023,2023-01-30,SAS,WAS,,"L, 106-127",,07:08,0,2,0,1,0,0,0,0,0,0,0,1,1,1,0
Blake Wesley,https://www.basketball-reference.com/players/w/weslebl01.html,2023,2023-02-01,SAS,SAC,,"L, 109-119",,04:11,0,2,0,1,0,0,0,0,0,0,0,0,1,0,0
Blake Wesley,https://www.basketball-reference.com/players/w/weslebl01.html,2023,2023-02-03,SAS,PHI,,"L, 125-137",,17:46,4,7,1,1,0,0,0,0,0,2,0,0,2,4,9
Blake Wesley,https://www.basketball-reference.com/players/w/weslebl01.html,2023,2023-02-06,SAS,CHI,@,"L, 104-128",,22:16,2,6,1,1,0,0,0,5,5,1,1,0,2,1,5
Blake Wesley,https://www.basketball-reference.com/players/w/weslebl01.html,2023,2023-02-08,SAS,TOR,@,"L, 98-112",,14:08,3,7,1,2,0,0,0,0,0,4,1,0,2,0,7
Blake Wesley,https://www.basketball-reference.com/players/w/weslebl01.html,2023,2023-02-10,SAS,DET,@,"L, 131-138 (2OT)",,24:10,1,5,1,2,0,0,0,3,3,2,0,0,4,3,3
Blake Wesley,https://www.basketball-reference.com/players/w/weslebl01.html,2023,2023-02-11,SAS,ATL,@,"L, 106-125",,06:12,0,2,0,1,0,0,0,1,1,1,0,0,0,1,0
Blake Wesley,https://www.basketball-reference.com/players/w/weslebl01.html,2023,2023-02-13,SAS,CLE,@,"L, 109-117",,19:36,4,10,0,2,1,1,0,3,3,2,1,0,2,3,9
Blake Wesley,https://www.basketball-reference.com/players/w/weslebl01.html,2023,2023-02-15,SAS,CHO,@,"L, 110-120",,15:51,0,4,0,2,1,2,0,0,0,1,1,0,0,4,1
Blake Wesley,https://www.basketball-reference.com/players/w/weslebl01.html,2023,2023-02-23,SAS,DAL,@,"L, 116-142",,20:57,3,8,2,2,1,2,1,2,3,2,1,0,3,5,9
Blake Wesley,https://www.basketball-reference.com/players/w/weslebl01.html,2023,2023-02-25,SAS,UTA,@,"L, 102-118",,19:45,1,4,0,0,2,2,0,3,3,4,1,0,1,0,4
Blake Wesley,https://www.basketball-reference.com/players/w/weslebl01.html,2023,2023-02-28,SAS,UTA,@,"W, 102-94",,21:29,3,5,2,2,1,2,1,5,6,2,3,0,2,2,9
Blake Wesley,https://www.basketball-reference.com/players/w/weslebl01.html,2023,2023-03-02,SAS,IND,,"W, 110-99",,17:23,3,6,1,1,1,2,0,3,3,1,0,0,2,2,8
Blake Wesley,https://www.basketball-reference.com/players/w/weslebl01.html,2023,2023-03-04,SAS,HOU,,"L, 110-122",,22:57,0,6,0,2,2,2,0,2,2,1,0,0,2,1,2
Blake Wesley,https://www.basketball-reference.com/players/w/weslebl01.html,2023,2023-03-05,SAS,HOU,@,"L, 110-142",,19:01,3,6,1,1,0,0,0,2,2,2,0,0,3,2,7
Blake Wesley,https://www.basketball-reference.com/players/w/weslebl01.html,2023,2023-03-10,SAS,DEN,,"W, 128-120",,,,,,,,,,,,,,,,,
Blake Wesley,https://www.basketball-reference.com/players/w/weslebl01.html,2023,2023-03-12,SAS,OKC,,"L, 90-102",,30:20,1,12,0,4,0,0,1,3,4,6,0,1,2,3,2
Blake Wesley,https://www.basketball-reference.com/players/w/weslebl01.html,2023,2023-03-14,SAS,ORL,,"W, 132-114",,23:05,3,8,2,5,0,0,0,2,2,7,0,0,2,2,8
Blake Wesley,https://www.basketball-reference.com/players/w/weslebl01.html,2023,2023-03-15,SAS,DAL,,"L, 128-137 (OT)",,23:08,4,10,0,0,3,5,4,2,6,4,3,0,2,1,11
Blake Wesley,https://www.basketball-reference.com/players/w/weslebl01.html,2023,2023-03-17,SAS,MEM,,"L, 120-126 (OT)",,20:46,1,4,0,1,2,4,0,2,2,5,1,2,1,2,4
Blake Wesley,https://www.basketball-reference.com/players/w/weslebl01.html,2023,2023-03-19,SAS,ATL,,"W, 126-118",,18:08,2,5,1,1,1,2,0,0,0,1,0,0,1,3,6
Blake Wesley,https://www.basketball-reference.com/players/w/weslebl01.html,2023,2023-03-21,SAS,NOP,@,"L, 84-119",,18:35,1,7,0,1,0,0,0,0,0,3,3,0,3,1,2
Blake Wesley,https://www.basketball-reference.com/players/w/weslebl01.html,2023,2023-03-22,SAS,MIL,@,"L, 94-130",,27:46,2,12,0,2,2,3,1,4,5,6,0,0,2,2,6
Blake Wesley,https://www.basketball-reference.com/players/w/weslebl01.html,2023,2023-03-24,SAS,WAS,@,"L, 124-136",,18:29,0,6,0,1,0,0,1,2,3,9,0,0,2,1,0
Blake Wesley,https://www.basketball-reference.com/players/w/weslebl01.html,2023,2023-03-26,SAS,BOS,@,"L, 93-137",,06:19,1,2,0,0,1,1,0,0,0,0,0,0,1,0,3
Blake Wesley,https://www.basketball-reference.com/players/w/weslebl01.html,2023,2023-03-29,SAS,UTA,,"L, 117-128",,19:10,0,4,0,1,3,4,0,2,2,3,2,0,2,2,3
Blake Wesley,https://www.basketball-reference.com/players/w/weslebl01.html,2023,2023-03-31,SAS,GSW,@,"L, 115-130",,21:31,3,6,0,2,1,2,0,0,0,4,1,0,1,2,7
Blake Wesley,https://www.basketball-reference.com/players/w/weslebl01.html,2023,2023-04-02,SAS,SAC,@,"W, 142-134 (OT)",,16:23,2,7,0,1,0,0,1,3,4,2,1,0,4,2,4
Blake Wesley,https://www.basketball-reference.com/players/w/weslebl01.html,2023,2023-04-04,SAS,PHO,@,"L, 94-115",,24:32,0,8,0,1,0,0,0,2,2,2,1,0,1,1,0
Blake Wesley,https://www.basketball-reference.com/players/w/weslebl01.html,2023,2023-04-06,SAS,POR,,"W, 129-127",,16:42,1,3,0,0,0,0,0,2,2,1,1,0,2,0,2
Blake Wesley,https://www.basketball-reference.com/players/w/weslebl01.html,2023,2023-04-08,SAS,MIN,,"L, 131-151",,34:08,6,9,2,2,0,2,0,5,5,4,2,1,3,1,14
Blake Wesley,https://www.basketball-reference.com/players/w/weslebl01.html,2023,2023-04-09,SAS,DAL,@,"W, 138-117",,32:38,4,11,2,3,0,0,0,6,6,9,0,0,3,4,10
Ron Harper Jr.,https://www.basketball-reference.com/players/h/harpero02.html,2023,2022-10-19,TOR,CLE,,"W, 108-105",,,,,,,,,,,,,,,,,
Ron Harper Jr.,https://www.basketball-reference.com/players/h/harpero02.html,2023,2022-10-21,TOR,BRK,@,"L, 105-109",,,,,,,,,,,,,,,,,
Ron Harper Jr.,https://www.basketball-reference.com/players/h/harpero02.html,2023,2022-10-22,TOR,MIA,@,"L, 109-112",,,,,,,,,,,,,,,,,
Ron Harper Jr.,https://www.basketball-reference.com/players/h/harpero02.html,2023,2022-10-24,TOR,MIA,@,"W, 98-90",,,,,,,,,,,,,,,,,
Ron Harper Jr.,https://www.basketball-reference.com/players/h/harpero02.html,2023,2022-10-26,TOR,PHI,,"W, 119-109",,,,,,,,,,,,,,,,,
Ron Harper Jr.,https://www.basketball-reference.com/players/h/harpero02.html,2023,2022-10-28,TOR,PHI,,"L, 90-112",,,,,,,,,,,,,,,,,
Ron Harper Jr.,https://www.basketball-reference.com/players/h/harpero02.html,2023,2022-10-31,TOR,ATL,,"W, 139-109",,03:09,0,1,0,1,0,0,0,0,0,0,0,0,0,0,0
Ron Harper Jr.,https://www.basketball-reference.com/players/h/harpero02.html,2023,,,,,,,,,,,,,,,,,,,,,,
Ron Harper Jr.,https://www.basketball-reference.com/players/h/harpero02.html,2023,2022-11-02,TOR,SAS,@,"W, 143-100",,,,,,,,,,,,,,,,,
Ron Harper Jr.,https://www.basketball-reference.com/players/h/harpero02.html,2023,2022-11-04,TOR,DAL,@,"L, 110-111",,,,,,,,,,,,,,,,,
Ron Harper Jr.,https://www.basketball-reference.com/players/h/harpero02.html,2023,2022-11-06,TOR,CHI,,"W, 113-104",,,,,,,,,,,,,,,,,
Ron Harper Jr.,https://www.basketball-reference.com/players/h/harpero02.html,2023,2022-11-07,TOR,CHI,@,"L, 97-111",,,,,,,,,,,,,,,,,
Ron Harper Jr.,https://www.basketball-reference.com/players/h/harpero02.html,2023,2022-11-09,TOR,HOU,,"W, 116-109",,,,,,,,,,,,,,,,,
Ron Harper Jr.,https://www.basketball-reference.com/players/h/harpero02.html,2023,2022-11-11,TOR,OKC,@,"L, 113-132",,,,,,,,,,,,,,,,,
Ron Harper Jr.,https://www.basketball-reference.com/players/h/harpero02.html,2023,2022-11-12,TOR,IND,@,"L, 104-118",,,,,,,,,,,,,,,,,
Ron Harper Jr.,https://www.basketball-reference.com/players/h/harpero02.html,2023,2022-11-14,TOR,DET,@,"W, 115-111",,,,,,,,,,,,,,,,,
Ron Harper Jr.,https://www.basketball-reference.com/players/h/harpero02.html,2023,2022-11-16,TOR,MIA,,"W, 112-104",,,,,,,,,,,,,,,,,
Ron Harper Jr.,https://www.basketball-reference.com/players/h/harpero02.html,2023,2022-11-19,TOR,ATL,@,"L, 122-124 (OT)",,,,,,,,,,,,,,,,,
Ron Harper Jr.,https://www.basketball-reference.com/players/h/harpero02.html,2023,2022-11-23,TOR,BRK,,"L, 98-112",,04:40,2,3,2,2,0,0,0,1,1,0,0,0,0,0,6
Ron Harper Jr.,https://www.basketball-reference.com/players/h/harpero02.html,2023,2022-11-26,TOR,DAL,,"W, 105-100",,,,,,,,,,,,,,,,,
Ron Harper Jr.,https://www.basketball-reference.com/players/h/harpero02.html,2023,2022-11-28,TOR,CLE,,"W, 100-88",,,,,,,,,,,,,,,,,
Ron Harper Jr.,https://www.basketball-reference.com/players/h/harpero02.html,2023,2022-11-30,TOR,NOP,@,"L, 108-126",,,,,,,,,,,,,,,,,
Ron Harper Jr.,https://www.basketball-reference.com/players/h/harpero02.html,2023,2022-12-02,TOR,BRK,@,"L, 105-114",,,,,,,,,,,,,,,,,
Ron Harper Jr.,https://www.basketball-reference.com/players/h/harpero02.html,2023,2022-12-03,TOR,ORL,,"W, 121-108",,,,,,,,,,,,,,,,,
Ron Harper Jr.,https://www.basketball-reference.com/players/h/harpero02.html,2023,2022-12-05,TOR,BOS,,"L, 110-116",,,,,,,,,,,,,,,,,
Ron Harper Jr.,https://www.basketball-reference.com/players/h/harpero02.html,2023,2022-12-07,TOR,LAL,,"W, 126-113",,,,,,,,,,,,,,,,,
Ron Harper Jr.,https://www.basketball-reference.com/players/h/harpero02.html,2023,2022-12-09,TOR,ORL,@,"L, 109-113",,,,,,,,,,,,,,,,,
Ron Harper Jr.,https://www.basketball-reference.com/players/h/harpero02.html,2023,2022-12-11,TOR,ORL,@,"L, 99-111",,,,,,,,,,,,,,,,,
Ron Harper Jr.,https://www.basketball-reference.com/players/h/harpero02.html,2023,2022-12-14,TOR,SAC,,"L, 123-124",,,,,,,,,,,,,,,,,
Ron Harper Jr.,https://www.basketball-reference.com/players/h/harpero02.html,2023,2022-12-16,TOR,BRK,,"L, 116-119",,,,,,,,,,,,,,,,,
Ron Harper Jr.,https://www.basketball-reference.com/players/h/harpero02.html,2023,2022-12-18,TOR,GSW,,"L, 110-126",,,,,,,,,,,,,,,,,
Ron Harper Jr.,https://www.basketball-reference.com/players/h/harpero02.html,2023,2022-12-19,TOR,PHI,@,"L, 101-104 (OT)",,,,,,,,,,,,,,,,,
Ron Harper Jr.,https://www.basketball-reference.com/players/h/harpero02.html,2023,2022-12-21,TOR,NYK,@,"W, 113-106",,,,,,,,,,,,,,,,,
Ron Harper Jr.,https://www.basketball-reference.com/players/h/harpero02.html,2023,2022-12-23,TOR,CLE,@,"W, 118-107",,,,,,,,,,,,,,,,,
Ron Harper Jr.,https://www.basketball-reference.com/players/h/harpero02.html,2023,2022-12-27,TOR,LAC,,"L, 113-124",,,,,,,,,,,,,,,,,
Ron Harper Jr.,https://www.basketball-reference.com/players/h/harpero02.html,2023,2022-12-29,TOR,MEM,,"L, 106-119",,,,,,,,,,,,,,,,,
Ron Harper Jr.,https://www.basketball-reference.com/players/h/harpero02.html,2023,2022-12-30,TOR,PHO,,"W, 113-104",,,,,,,,,,,,,,,,,
Ron Harper Jr.,https://www.basketball-reference.com/players/h/harpero02.html,2023,2023-01-02,TOR,IND,@,"L, 114-122",,,,,,,,,,,,,,,,,
Ron Harper Jr.,https://www.basketball-reference.com/players/h/harpero02.html,2023,2023-01-04,TOR,MIL,,"L, 101-104 (OT)",,,,,,,,,,,,,,,,,
Ron Harper Jr.,https://www.basketball-reference.com/players/h/harpero02.html,2023,2023-01-06,TOR,NYK,,"L, 108-112",,,,,,,,,,,,,,,,,
Ron Harper Jr.,https://www.basketball-reference.com/players/h/harpero02.html,2023,2023-01-08,TOR,POR,,"W, 117-105",,,,,,,,,,,,,,,,,
Ron Harper Jr.,https://www.basketball-reference.com/players/h/harpero02.html,2023,2023-01-10,TOR,CHO,,"W, 132-120",,,,,,,,,,,,,,,,,
Ron Harper Jr.,https://www.basketball-reference.com/players/h/harpero02.html,2023,2023-01-12,TOR,CHO,,"W, 124-114",,,,,,,,,,,,,,,,,
Ron Harper Jr.,https://www.basketball-reference.com/players/h/harpero02.html,2023,2023-01-14,TOR,ATL,,"L, 103-114",,,,,,,,,,,,,,,,,
Ron Harper Jr.,https://www.basketball-reference.com/players/h/harpero02.html,2023,2023-01-16,TOR,NYK,@,"W, 123-121 (OT)",,,,,,,,,,,,,,,,,
Ron Harper Jr.,https://www.basketball-reference.com/players/h/harpero02.html,2023,2023-01-17,TOR,MIL,@,"L, 122-130",,,,,,,,,,,,,,,,,
Ron Harper Jr.,https://www.basketball-reference.com/players/h/harpero02.html,2023,2023-01-19,TOR,MIN,@,"L, 126-128",,,,,,,,,,,,,,,,,
Ron Harper Jr.,https://www.basketball-reference.com/players/h/harpero02.html,2023,2023-01-21,TOR,BOS,,"L, 104-106",,,,,,,,,,,,,,,,,
Ron Harper Jr.,https://www.basketball-reference.com/players/h/harpero02.html,2023,2023-01-22,TOR,NYK,,"W, 125-116",,,,,,,,,,,,,,,,,
Ron Harper Jr.,https://www.basketball-reference.com/players/h/harpero02.html,2023,2023-01-25,TOR,SAC,@,"W, 113-95",,,,,,,,,,,,,,,,,
Ron Harper Jr.,https://www.basketball-reference.com/players/h/harpero02.html,2023,2023-01-27,TOR,GSW,@,"L, 117-129",,,,,,,,,,,,,,,,,
Ron Harper Jr.,https://www.basketball-reference.com/players/h/harpero02.html,2023,2023-01-28,TOR,POR,@,"W, 123-105",,01:32,1,1,0,0,0,0,1,0,1,0,0,0,0,0,2
Ron Harper Jr.,https://www.basketball-reference.com/players/h/harpero02.html,2023,2023-01-30,TOR,PHO,@,"L, 106-114",,,,,,,,,,,,,,,,,
Ron Harper Jr.,https://www.basketball-reference.com/players/h/harpero02.html,2023,2023-02-01,TOR,UTA,@,"L, 128-131",,,,,,,,,,,,,,,,,
Ron Harper Jr.,https://www.basketball-reference.com/players/h/harpero02.html,2023,2023-02-03,TOR,HOU,@,"W, 117-111",,,,,,,,,,,,,,,,,
Ron Harper Jr.,https://www.basketball-reference.com/players/h/harpero02.html,2023,2023-02-05,TOR,MEM,@,"W, 106-103",,,,,,,,,,,,,,,,,
Ron Harper Jr.,https://www.basketball-reference.com/players/h/harpero02.html,2023,2023-02-08,TOR,SAS,,"W, 112-98",,,,,,,,,,,,,,,,,
Ron Harper Jr.,https://www.basketball-reference.com/players/h/harpero02.html,2023,2023-02-10,TOR,UTA,,"L, 116-122",,,,,,,,,,,,,,,,,
Ron Harper Jr.,https://www.basketball-reference.com/players/h/harpero02.html,2023,2023-02-12,TOR,DET,,"W, 119-118",,,,,,,,,,,,,,,,,
Ron Harper Jr.,https://www.basketball-reference.com/players/h/harpero02.html,2023,2023-02-14,TOR,ORL,,"W, 123-113",,,,,,,,,,,,,,,,,
Ron Harper Jr.,https://www.basketball-reference.com/players/h/harpero02.html,2023,2023-02-23,TOR,NOP,,"W, 115-110",,,,,,,,,,,,,,,,,
Ron Harper Jr.,https://www.basketball-reference.com/players/h/harpero02.html,2023,2023-02-25,TOR,DET,@,"W, 95-91",,,,,,,,,,,,,,,,,
Ron Harper Jr.,https://www.basketball-reference.com/players/h/harpero02.html,2023,2023-02-26,TOR,CLE,@,"L, 93-118",,04:42,1,2,0,1,0,0,0,0,0,0,0,0,0,0,2
Ron Harper Jr.,https://www.basketball-reference.com/players/h/harpero02.html,2023,2023-02-28,TOR,CHI,,"W, 104-98",,,,,,,,,,,,,,,,,
Ron Harper Jr.,https://www.basketball-reference.com/players/h/harpero02.html,2023,2023-03-02,TOR,WAS,@,"L, 108-119",,,,,,,,,,,,,,,,,
Ron Harper Jr.,https://www.basketball-reference.com/players/h/harpero02.html,2023,2023-03-04,TOR,WAS,@,"W, 116-109 (OT)",,,,,,,,,,,,,,,,,
Ron Harper Jr.,https://www.basketball-reference.com/players/h/harpero02.html,2023,2023-03-06,TOR,DEN,@,"L, 113-118",,,,,,,,,,,,,,,,,
Ron Harper Jr.,https://www.basketball-reference.com/players/h/harpero02.html,2023,2023-03-08,TOR,LAC,@,"L, 100-108",,,,,,,,,,,,,,,,,
Ron Harper Jr.,https://www.basketball-reference.com/players/h/harpero02.html,2023,2023-03-10,TOR,LAL,@,"L, 112-122",,,,,,,,,,,,,,,,,
Ron Harper Jr.,https://www.basketball-reference.com/players/h/harpero02.html,2023,2023-03-14,TOR,DEN,,"W, 125-110",,,,,,,,,,,,,,,,,
Ron Harper Jr.,https://www.basketball-reference.com/players/h/harpero02.html,2023,2023-03-16,TOR,OKC,,"W, 128-111",,,,,,,,,,,,,,,,,
Ron Harper Jr.,https://www.basketball-reference.com/players/h/harpero02.html,2023,2023-03-18,TOR,MIN,,"W, 122-107",,,,,,,,,,,,,,,,,
Ron Harper Jr.,https://www.basketball-reference.com/players/h/harpero02.html,2023,2023-03-19,TOR,MIL,@,"L, 111-118",,,,,,,,,,,,,,,,,
Ron Harper Jr.,https://www.basketball-reference.com/players/h/harpero02.html,2023,2023-03-22,TOR,IND,,"L, 114-118",,,,,,,,,,,,,,,,,
Ron Harper Jr.,https://www.basketball-reference.com/players/h/harpero02.html,2023,2023-03-24,TOR,DET,,"W, 118-97",,,,,,,,,,,,,,,,,
Ron Harper Jr.,https://www.basketball-reference.com/players/h/harpero02.html,2023,2023-03-26,TOR,WAS,,"W, 114-104",,02:12,0,1,0,1,0,0,0,0,0,0,0,0,0,0,0
Ron Harper Jr.,https://www.basketball-reference.com/players/h/harpero02.html,2023,2023-03-28,TOR,MIA,,"W, 106-92",,,,,,,,,,,,,,,,,
Ron Harper Jr.,https://www.basketball-reference.com/players/h/harpero02.html,2023,2023-03-31,TOR,PHI,@,"L, 110-117",,,,,,,,,,,,,,,,,
Ron Harper Jr.,https://www.basketball-reference.com/players/h/harpero02.html,2023,2023-04-02,TOR,CHO,@,"W, 128-108",,01:38,0,0,0,0,0,0,1,0,1,0,0,0,0,0,0
Ron Harper Jr.,https://www.basketball-reference.com/players/h/harpero02.html,2023,2023-04-04,TOR,CHO,@,"W, 120-100",,03:42,0,1,0,0,0,0,0,0,0,2,0,1,0,1,0
Ron Harper Jr.,https://www.basketball-reference.com/players/h/harpero02.html,2023,2023-04-05,TOR,BOS,@,"L, 93-97",,,,,,,,,,,,,,,,,
Ron Harper Jr.,https://www.basketball-reference.com/players/h/harpero02.html,2023,2023-04-07,TOR,BOS,@,"L, 102-121",,03:32,0,1,0,1,0,0,0,0,0,1,0,0,0,0,0
Ron Harper Jr.,https://www.basketball-reference.com/players/h/harpero02.html,2023,2023-04-09,TOR,MIL,,"W, 121-105",,22:23,4,6,1,3,1,1,1,3,4,1,0,0,0,2,10
Christian Koloko,https://www.basketball-reference.com/players/k/kolokch01.html,2023,2022-10-19,TOR,CLE,,"W, 108-105",,15:22,1,4,0,0,1,2,2,4,6,0,0,1,1,2,3
Christian Koloko,https://www.basketball-reference.com/players/k/kolokch01.html,2023,2022-10-21,TOR,BRK,@,"L, 105-109",,19:45,0,2,0,0,1,2,2,0,2,0,0,1,0,5,1
Christian Koloko,https://www.basketball-reference.com/players/k/kolokch01.html,2023,2022-10-22,TOR,MIA,@,"L, 109-112",,12:18,0,0,0,0,1,2,0,2,2,0,0,0,0,0,1
Christian Koloko,https://www.basketball-reference.com/players/k/kolokch01.html,2023,2022-10-24,TOR,MIA,@,"W, 98-90",,17:37,1,2,0,0,0,0,0,2,2,2,0,1,0,5,2
Christian Koloko,https://www.basketball-reference.com/players/k/kolokch01.html,2023,2022-10-26,TOR,PHI,,"W, 119-109",,11:17,2,2,0,0,0,0,1,3,4,0,1,1,0,4,4
Christian Koloko,https://www.basketball-reference.com/players/k/kolokch01.html,2023,2022-10-28,TOR,PHI,,"L, 90-112",,10:02,1,1,0,0,1,2,2,0,2,1,2,0,0,1,3
Christian Koloko,https://www.basketball-reference.com/players/k/kolokch01.html,2023,2022-10-31,TOR,ATL,,"W, 139-109",,21:27,4,7,0,0,1,3,2,3,5,0,0,3,2,4,9
Christian Koloko,https://www.basketball-reference.com/players/k/kolokch01.html,2023,,,,,,,,,,,,,,,,,,,,,,
Christian Koloko,https://www.basketball-reference.com/players/k/kolokch01.html,2023,2022-11-02,TOR,SAS,@,"W, 143-100",,23:11,1,4,0,0,0,0,1,5,6,0,0,1,1,2,2
Christian Koloko,https://www.basketball-reference.com/players/k/kolokch01.html,2023,2022-11-04,TOR,DAL,@,"L, 110-111",,11:49,1,2,0,1,0,0,2,0,2,0,0,1,2,4,2
Christian Koloko,https://www.basketball-reference.com/players/k/kolokch01.html,2023,2022-11-06,TOR,CHI,,"W, 113-104",,31:01,4,8,0,1,3,4,2,5,7,2,0,6,1,3,11
Christian Koloko,https://www.basketball-reference.com/players/k/kolokch01.html,2023,2022-11-07,TOR,CHI,@,"L, 97-111",,21:03,2,8,0,1,1,2,1,2,3,1,0,1,2,4,5
Christian Koloko,https://www.basketball-reference.com/players/k/kolokch01.html,2023,2022-11-09,TOR,HOU,,"W, 116-109",,14:24,1,4,0,0,3,3,1,0,1,0,0,1,0,5,5
Christian Koloko,https://www.basketball-reference.com/players/k/kolokch01.html,2023,2022-11-11,TOR,OKC,@,"L, 113-132",,23:58,1,4,0,0,0,0,3,1,4,1,1,0,1,3,2
Christian Koloko,https://www.basketball-reference.com/players/k/kolokch01.html,2023,2022-11-12,TOR,IND,@,"L, 104-118",,05:33,1,1,0,0,0,0,1,1,2,0,0,0,0,0,2
Christian Koloko,https://www.basketball-reference.com/players/k/kolokch01.html,2023,2022-11-14,TOR,DET,@,"W, 115-111",,16:58,2,2,0,0,4,4,2,0,2,1,0,1,1,2,8
Christian Koloko,https://www.basketball-reference.com/players/k/kolokch01.html,2023,2022-11-16,TOR,MIA,,"W, 112-104",,13:00,2,2,0,0,0,0,1,0,1,0,0,1,0,3,4
Christian Koloko,https://www.basketball-reference.com/players/k/kolokch01.html,2023,2022-11-19,TOR,ATL,@,"L, 122-124 (OT)",,30:18,2,4,0,1,3,6,7,4,11,1,0,4,0,5,7
Christian Koloko,https://www.basketball-reference.com/players/k/kolokch01.html,2023,2022-11-23,TOR,BRK,,"L, 98-112",,17:48,1,3,0,0,2,4,4,1,5,0,0,1,1,2,4
Christian Koloko,https://www.basketball-reference.com/players/k/kolokch01.html,2023,2022-11-26,TOR,DAL,,"W, 105-100",,04:58,0,1,0,0,0,0,1,0,1,0,0,0,0,3,0
Christian Koloko,https://www.basketball-reference.com/players/k/kolokch01.html,2023,2022-11-28,TOR,CLE,,"W, 100-88",,07:09,0,0,0,0,2,2,0,1,1,0,0,0,0,2,2
Christian Koloko,https://www.basketball-reference.com/players/k/kolokch01.html,2023,2022-11-30,TOR,NOP,@,"L, 108-126",,17:33,3,3,0,0,0,0,0,2,2,0,0,2,0,1,6
Christian Koloko,https://www.basketball-reference.com/players/k/kolokch01.html,2023,2022-12-02,TOR,BRK,@,"L, 105-114",,22:25,2,8,0,2,1,1,4,5,9,0,1,1,1,0,5
Christian Koloko,https://www.basketball-reference.com/players/k/kolokch01.html,2023,2022-12-03,TOR,ORL,,"W, 121-108",,18:03,3,5,0,0,0,0,2,3,5,0,0,1,0,3,6
Christian Koloko,https://www.basketball-reference.com/players/k/kolokch01.html,2023,2022-12-05,TOR,BOS,,"L, 110-116",,22:06,1,1,0,0,3,4,1,2,3,2,0,1,1,3,5
Christian Koloko,https://www.basketball-reference.com/players/k/kolokch01.html,2023,2022-12-07,TOR,LAL,,"W, 126-113",,21:38,0,3,0,1,1,2,2,2,4,0,1,4,0,6,1
Christian Koloko,https://www.basketball-reference.com/players/k/kolokch01.html,2023,2022-12-09,TOR,ORL,@,"L, 109-113",,12:34,0,1,0,0,0,0,0,0,0,1,0,1,0,1,0
Christian Koloko,https://www.basketball-reference.com/players/k/kolokch01.html,2023,2022-12-11,TOR,ORL,@,"L, 99-111",,06:35,1,1,0,0,0,0,0,1,1,0,1,2,0,3,2
Christian Koloko,https://www.basketball-reference.com/players/k/kolokch01.html,2023,2022-12-14,TOR,SAC,,"L, 123-124",,13:01,2,4,0,0,0,0,3,1,4,1,1,1,0,0,4
Christian Koloko,https://www.basketball-reference.com/players/k/kolokch01.html,2023,2022-12-16,TOR,BRK,,"L, 116-119",,20:42,1,4,0,0,2,2,2,1,3,2,0,0,0,2,4
Christian Koloko,https://www.basketball-reference.com/players/k/kolokch01.html,2023,2022-12-18,TOR,GSW,,"L, 110-126",,20:05,1,1,0,0,1,2,1,2,3,0,0,1,2,4,3
Christian Koloko,https://www.basketball-reference.com/players/k/kolokch01.html,2023,2022-12-19,TOR,PHI,@,"L, 101-104 (OT)",,,,,,,,,,,,,,,,,
Christian Koloko,https://www.basketball-reference.com/players/k/kolokch01.html,2023,2022-12-21,TOR,NYK,@,"W, 113-106",,05:30,0,1,0,0,0,0,0,1,1,0,0,1,0,0,0
Christian Koloko,https://www.basketball-reference.com/players/k/kolokch01.html,2023,2022-12-23,TOR,CLE,@,"W, 118-107",,,,,,,,,,,,,,,,,
Christian Koloko,https://www.basketball-reference.com/players/k/kolokch01.html,2023,2022-12-27,TOR,LAC,,"L, 113-124",,09:19,1,1,0,0,2,2,3,0,3,0,1,0,0,1,4
Christian Koloko,https://www.basketball-reference.com/players/k/kolokch01.html,2023,2022-12-29,TOR,MEM,,"L, 106-119",,12:37,2,3,0,0,0,0,1,1,2,1,0,2,1,1,4
Christian Koloko,https://www.basketball-reference.com/players/k/kolokch01.html,2023,2022-12-30,TOR,PHO,,"W, 113-104",,21:17,3,3,1,1,1,2,1,3,4,0,1,0,0,5,8
Christian Koloko,https://www.basketball-reference.com/players/k/kolokch01.html,2023,2023-01-02,TOR,IND,@,"L, 114-122",,10:55,1,1,0,0,0,0,2,2,4,0,0,2,0,3,2
Christian Koloko,https://www.basketball-reference.com/players/k/kolokch01.html,2023,2023-01-04,TOR,MIL,,"L, 101-104 (OT)",,,,,,,,,,,,,,,,,
Christian Koloko,https://www.basketball-reference.com/players/k/kolokch01.html,2023,2023-01-06,TOR,NYK,,"L, 108-112",,12:47,2,2,0,0,0,0,1,2,3,0,0,1,0,3,4
Christian Koloko,https://www.basketball-reference.com/players/k/kolokch01.html,2023,2023-01-08,TOR,POR,,"W, 117-105",,13:18,4,5,0,0,0,0,2,2,4,2,0,0,0,5,8
Christian Koloko,https://www.basketball-reference.com/players/k/kolokch01.html,2023,2023-01-10,TOR,CHO,,"W, 132-120",,21:05,3,7,0,0,0,0,6,2,8,2,0,1,1,2,6
Christian Koloko,https://www.basketball-reference.com/players/k/kolokch01.html,2023,2023-01-12,TOR,CHO,,"W, 124-114",,06:14,1,2,0,0,1,2,1,0,1,0,0,0,0,3,3
Christian Koloko,https://www.basketball-reference.com/players/k/kolokch01.html,2023,2023-01-14,TOR,ATL,,"L, 103-114",,07:09,0,1,0,1,0,0,0,2,2,0,0,0,0,0,0
Christian Koloko,https://www.basketball-reference.com/players/k/kolokch01.html,2023,2023-01-16,TOR,NYK,@,"W, 123-121 (OT)",,,,,,,,,,,,,,,,,
Christian Koloko,https://www.basketball-reference.com/players/k/kolokch01.html,2023,2023-01-17,TOR,MIL,@,"L, 122-130",,,,,,,,,,,,,,,,,
Christian Koloko,https://www.basketball-reference.com/players/k/kolokch01.html,2023,2023-01-19,TOR,MIN,@,"L, 126-128",,,,,,,,,,,,,,,,,
Christian Koloko,https://www.basketball-reference.com/players/k/kolokch01.html,2023,2023-01-21,TOR,BOS,,"L, 104-106",,,,,,,,,,,,,,,,,
Christian Koloko,https://www.basketball-reference.com/players/k/kolokch01.html,2023,2023-01-22,TOR,NYK,,"W, 125-116",,,,,,,,,,,,,,,,,
Christian Koloko,https://www.basketball-reference.com/players/k/kolokch01.html,2023,2023-01-25,TOR,SAC,@,"W, 113-95",,,,,,,,,,,,,,,,,
Christian Koloko,https://www.basketball-reference.com/players/k/kolokch01.html,2023,2023-01-27,TOR,GSW,@,"L, 117-129",,,,,,,,,,,,,,,,,
Christian Koloko,https://www.basketball-reference.com/players/k/kolokch01.html,2023,2023-01-28,TOR,POR,@,"W, 123-105",,01:32,1,1,0,0,0,0,0,1,1,0,0,0,0,0,2
Christian Koloko,https://www.basketball-reference.com/players/k/kolokch01.html,2023,2023-01-30,TOR,PHO,@,"L, 106-114",,02:25,0,0,0,0,0,0,0,0,0,0,0,0,0,0,0
Christian Koloko,https://www.basketball-reference.com/players/k/kolokch01.html,2023,2023-02-01,TOR,UTA,@,"L, 128-131",,08:54,1,4,0,0,0,0,2,0,2,0,1,0,0,1,2
Christian Koloko,https://www.basketball-reference.com/players/k/kolokch01.html,2023,2023-02-03,TOR,HOU,@,"W, 117-111",,16:34,0,0,0,0,0,0,1,6,7,2,2,2,0,4,0
Christian Koloko,https://www.basketball-reference.com/players/k/kolokch01.html,2023,2023-02-05,TOR,MEM,@,"W, 106-103",,,,,,,,,,,,,,,,,
Christian Koloko,https://www.basketball-reference.com/players/k/kolokch01.html,2023,2023-02-08,TOR,SAS,,"W, 112-98",,04:54,1,2,0,0,0,0,0,1,1,0,0,1,0,0,2
Christian Koloko,https://www.basketball-reference.com/players/k/kolokch01.html,2023,2023-02-10,TOR,UTA,,"L, 116-122",,,,,,,,,,,,,,,,,
Christian Koloko,https://www.basketball-reference.com/players/k/kolokch01.html,2023,2023-02-12,TOR,DET,,"W, 119-118",,,,,,,,,,,,,,,,,
Christian Koloko,https://www.basketball-reference.com/players/k/kolokch01.html,2023,2023-02-14,TOR,ORL,,"W, 123-113",,,,,,,,,,,,,,,,,
Christian Koloko,https://www.basketball-reference.com/players/k/kolokch01.html,2023,2023-02-23,TOR,NOP,,"W, 115-110",,,,,,,,,,,,,,,,,
Christian Koloko,https://www.basketball-reference.com/players/k/kolokch01.html,2023,2023-02-25,TOR,DET,@,"W, 95-91",,,,,,,,,,,,,,,,,
Christian Koloko,https://www.basketball-reference.com/players/k/kolokch01.html,2023,2023-02-26,TOR,CLE,@,"L, 93-118",,04:42,0,1,0,0,0,0,1,0,1,0,0,0,0,1,0
Christian Koloko,https://www.basketball-reference.com/players/k/kolokch01.html,2023,2023-02-28,TOR,CHI,,"W, 104-98",,,,,,,,,,,,,,,,,
Christian Koloko,https://www.basketball-reference.com/players/k/kolokch01.html,2023,2023-03-02,TOR,WAS,@,"L, 108-119",,,,,,,,,,,,,,,,,
Christian Koloko,https://www.basketball-reference.com/players/k/kolokch01.html,2023,2023-03-04,TOR,WAS,@,"W, 116-109 (OT)",,,,,,,,,,,,,,,,,
Christian Koloko,https://www.basketball-reference.com/players/k/kolokch01.html,2023,2023-03-06,TOR,DEN,@,"L, 113-118",,,,,,,,,,,,,,,,,
Christian Koloko,https://www.basketball-reference.com/players/k/kolokch01.html,2023,2023-03-08,TOR,LAC,@,"L, 100-108",,,,,,,,,,,,,,,,,
Christian Koloko,https://www.basketball-reference.com/players/k/kolokch01.html,2023,2023-03-10,TOR,LAL,@,"L, 112-122",,,,,,,,,,,,,,,,,
Christian Koloko,https://www.basketball-reference.com/players/k/kolokch01.html,2023,2023-03-14,TOR,DEN,,"W, 125-110",,01:21,0,0,0,0,0,0,0,0,0,0,0,0,0,0,0
Christian Koloko,https://www.basketball-reference.com/players/k/kolokch01.html,2023,2023-03-16,TOR,OKC,,"W, 128-111",,12:15,0,0,0,0,0,0,1,2,3,1,0,1,0,1,0
Christian Koloko,https://www.basketball-reference.com/players/k/kolokch01.html,2023,2023-03-18,TOR,MIN,,"W, 122-107",,08:48,0,2,0,0,0,0,0,0,0,0,1,0,0,2,0
Christian Koloko,https://www.basketball-reference.com/players/k/kolokch01.html,2023,2023-03-19,TOR,MIL,@,"L, 111-118",,,,,,,,,,,,,,,,,
Christian Koloko,https://www.basketball-reference.com/players/k/kolokch01.html,2023,2023-03-22,TOR,IND,,"L, 114-118",,10:16,0,1,0,1,0,0,1,3,4,1,0,1,0,2,0
Christian Koloko,https://www.basketball-reference.com/players/k/kolokch01.html,2023,2023-03-24,TOR,DET,,"W, 118-97",,19:48,2,5,0,0,1,2,3,0,3,2,2,4,0,5,5
Christian Koloko,https://www.basketball-reference.com/players/k/kolokch01.html,2023,2023-03-26,TOR,WAS,,"W, 114-104",,15:19,0,2,0,0,0,0,1,0,1,0,3,1,0,1,0
Christian Koloko,https://www.basketball-reference.com/players/k/kolokch01.html,2023,2023-03-28,TOR,MIA,,"W, 106-92",,,,,,,,,,,,,,,,,
Christian Koloko,https://www.basketball-reference.com/players/k/kolokch01.html,2023,2023-03-31,TOR,PHI,@,"L, 110-117",,07:27,2,3,0,0,0,0,1,0,1,0,0,0,0,1,4
Christian Koloko,https://www.basketball-reference.com/players/k/kolokch01.html,2023,2023-04-02,TOR,CHO,@,"W, 128-108",,15:46,3,6,0,1,0,0,3,0,3,0,0,1,0,2,6
Christian Koloko,https://www.basketball-reference.com/players/k/kolokch01.html,2023,2023-04-04,TOR,CHO,@,"W, 120-100",,11:19,0,0,0,0,0,2,2,1,3,0,0,1,1,1,0
Christian Koloko,https://www.basketball-reference.com/players/k/kolokch01.html,2023,2023-04-05,TOR,BOS,@,"L, 93-97",,05:36,0,0,0,0,0,0,0,1,1,0,0,0,1,0,0
Christian Koloko,https://www.basketball-reference.com/players/k/kolokch01.html,2023,2023-04-07,TOR,BOS,@,"L, 102-121",,06:23,1,1,0,0,0,0,1,0,1,2,0,0,0,0,2
Christian Koloko,https://www.basketball-reference.com/players/k/kolokch01.html,2023,2023-04-09,TOR,MIL,,"W, 121-105",,24:42,3,4,0,1,1,2,0,4,4,3,2,0,0,2,7
Ochai Agbaji,https://www.basketball-reference.com/players/a/agbajoc01.html,2023,2022-10-19,UTA,DEN,,"W, 123-102",,00:55,0,0,0,0,0,0,0,0,0,0,0,0,0,0,0
Ochai Agbaji,https://www.basketball-reference.com/players/a/agbajoc01.html,2023,2022-10-21,UTA,MIN,@,"W, 132-126 (OT)",,,,,,,,,,,,,,,,,
Ochai Agbaji,https://www.basketball-reference.com/players/a/agbajoc01.html,2023,2022-10-23,UTA,NOP,@,"W, 122-121 (OT)",,,,,,,,,,,,,,,,,
Ochai Agbaji,https://www.basketball-reference.com/players/a/agbajoc01.html,2023,2022-10-24,UTA,HOU,@,"L, 108-114",,,,,,,,,,,,,,,,,
Ochai Agbaji,https://www.basketball-reference.com/players/a/agbajoc01.html,2023,2022-10-26,UTA,HOU,,"W, 109-101",,,,,,,,,,,,,,,,,
Ochai Agbaji,https://www.basketball-reference.com/players/a/agbajoc01.html,2023,2022-10-28,UTA,DEN,@,"L, 101-117",,19:00,4,7,0,3,1,2,0,1,1,0,0,0,0,2,9
Ochai Agbaji,https://www.basketball-reference.com/players/a/agbajoc01.html,2023,2022-10-29,UTA,MEM,,"W, 124-123",,17:45,2,6,0,2,3,5,3,1,4,1,0,0,0,0,7
Ochai Agbaji,https://www.basketball-reference.com/players/a/agbajoc01.html,2023,2022-10-31,UTA,MEM,,"W, 121-105",,21:09,2,6,0,1,0,0,1,2,3,0,0,0,0,3,4
Ochai Agbaji,https://www.basketball-reference.com/players/a/agbajoc01.html,2023,,,,,,,,,,,,,,,,,,,,,,
Ochai Agbaji,https://www.basketball-reference.com/players/a/agbajoc01.html,2023,2022-11-02,UTA,DAL,@,"L, 100-103",,,,,,,,,,,,,,,,,
Ochai Agbaji,https://www.basketball-reference.com/players/a/agbajoc01.html,2023,2022-11-04,UTA,LAL,@,"W, 130-116",,01:17,0,0,0,0,0,0,0,0,0,0,0,0,0,0,0
Ochai Agbaji,https://www.basketball-reference.com/players/a/agbajoc01.html,2023,2022-11-06,UTA,LAC,@,"W, 110-102",,,,,,,,,,,,,,,,,
Ochai Agbaji,https://www.basketball-reference.com/players/a/agbajoc01.html,2023,2022-11-07,UTA,LAL,,"W, 139-116",,06:29,0,0,0,0,0,0,0,2,2,0,0,0,0,1,0
Ochai Agbaji,https://www.basketball-reference.com/players/a/agbajoc01.html,2023,2022-11-09,UTA,ATL,@,"W, 125-119",,,,,,,,,,,,,,,,,
Ochai Agbaji,https://www.basketball-reference.com/players/a/agbajoc01.html,2023,2022-11-12,UTA,WAS,@,"L, 112-121",,,,,,,,,,,,,,,,,
Ochai Agbaji,https://www.basketball-reference.com/players/a/agbajoc01.html,2023,2022-11-13,UTA,PHI,@,"L, 98-105",,,,,,,,,,,,,,,,,
Ochai Agbaji,https://www.basketball-reference.com/players/a/agbajoc01.html,2023,2022-11-15,UTA,NYK,,"L, 111-118",,,,,,,,,,,,,,,,,
Ochai Agbaji,https://www.basketball-reference.com/players/a/agbajoc01.html,2023,2022-11-18,UTA,PHO,,"W, 134-133",,,,,,,,,,,,,,,,,
Ochai Agbaji,https://www.basketball-reference.com/players/a/agbajoc01.html,2023,2022-11-19,UTA,POR,@,"W, 118-113",,,,,,,,,,,,,,,,,
Ochai Agbaji,https://www.basketball-reference.com/players/a/agbajoc01.html,2023,2022-11-21,UTA,LAC,@,"L, 114-121",,,,,,,,,,,,,,,,,
Ochai Agbaji,https://www.basketball-reference.com/players/a/agbajoc01.html,2023,2022-11-23,UTA,DET,,"L, 116-125",,,,,,,,,,,,,,,,,
Ochai Agbaji,https://www.basketball-reference.com/players/a/agbajoc01.html,2023,2022-11-25,UTA,GSW,@,"L, 118-129",,,,,,,,,,,,,,,,,
Ochai Agbaji,https://www.basketball-reference.com/players/a/agbajoc01.html,2023,2022-11-26,UTA,PHO,@,"L, 112-113",,,,,,,,,,,,,,,,,
Ochai Agbaji,https://www.basketball-reference.com/players/a/agbajoc01.html,2023,2022-11-28,UTA,CHI,,"L, 107-114",,,,,,,,,,,,,,,,,
Ochai Agbaji,https://www.basketball-reference.com/players/a/agbajoc01.html,2023,2022-11-30,UTA,LAC,,"W, 125-112",,01:51,0,0,0,0,0,0,0,0,0,0,0,0,0,1,0
Ochai Agbaji,https://www.basketball-reference.com/players/a/agbajoc01.html,2023,2022-12-02,UTA,IND,,"W, 139-119",,03:29,2,2,1,1,0,0,0,0,0,0,1,0,0,1,5
Ochai Agbaji,https://www.basketball-reference.com/players/a/agbajoc01.html,2023,2022-12-03,UTA,POR,,"L, 111-116",,,,,,,,,,,,,,,,,
Ochai Agbaji,https://www.basketball-reference.com/players/a/agbajoc01.html,2023,2022-12-07,UTA,GSW,,"W, 124-123",,00:24,0,0,0,0,0,0,0,0,0,0,0,0,0,0,0
Ochai Agbaji,https://www.basketball-reference.com/players/a/agbajoc01.html,2023,2022-12-09,UTA,MIN,,"L, 108-118",,12:00,2,2,1,1,0,0,1,2,3,0,0,0,0,1,5
Ochai Agbaji,https://www.basketball-reference.com/players/a/agbajoc01.html,2023,2022-12-10,UTA,DEN,@,"L, 110-115",,19:36,2,8,2,5,0,0,1,1,2,0,0,0,0,2,6
Ochai Agbaji,https://www.basketball-reference.com/players/a/agbajoc01.html,2023,2022-12-13,UTA,NOP,,"W, 121-100",,03:50,0,1,0,1,0,0,0,0,0,0,0,0,0,1,0
Ochai Agbaji,https://www.basketball-reference.com/players/a/agbajoc01.html,2023,2022-12-15,UTA,NOP,,"W, 132-129 (OT)",,,,,,,,,,,,,,,,,
Ochai Agbaji,https://www.basketball-reference.com/players/a/agbajoc01.html,2023,2022-12-17,UTA,MIL,@,"L, 97-123",,07:21,2,5,0,3,0,2,0,1,1,1,0,0,0,0,4
Ochai Agbaji,https://www.basketball-reference.com/players/a/agbajoc01.html,2023,2022-12-19,UTA,CLE,@,"L, 99-122",,06:15,0,2,0,1,0,0,0,0,0,1,0,0,0,1,0
Ochai Agbaji,https://www.basketball-reference.com/players/a/agbajoc01.html,2023,2022-12-20,UTA,DET,@,"W, 126-111",,02:39,1,2,1,2,0,0,0,0,0,0,0,0,0,0,3
Ochai Agbaji,https://www.basketball-reference.com/players/a/agbajoc01.html,2023,2022-12-22,UTA,WAS,,"W, 120-112",,02:46,0,1,0,1,0,0,0,1,1,0,0,0,0,0,0
Ochai Agbaji,https://www.basketball-reference.com/players/a/agbajoc01.html,2023,2022-12-26,UTA,SAS,@,"L, 122-126",,,,,,,,,,,,,,,,,
Ochai Agbaji,https://www.basketball-reference.com/players/a/agbajoc01.html,2023,2022-12-28,UTA,GSW,@,"L, 107-112",,,,,,,,,,,,,,,,,
Ochai Agbaji,https://www.basketball-reference.com/players/a/agbajoc01.html,2023,2022-12-30,UTA,SAC,@,"L, 125-126",,,,,,,,,,,,,,,,,
Ochai Agbaji,https://www.basketball-reference.com/players/a/agbajoc01.html,2023,2022-12-31,UTA,MIA,,"L, 123-126",,,,,,,,,,,,,,,,,
Ochai Agbaji,https://www.basketball-reference.com/players/a/agbajoc01.html,2023,2023-01-03,UTA,SAC,,"L, 115-117",,07:05,0,2,0,2,0,0,0,0,0,0,0,0,1,0,0
Ochai Agbaji,https://www.basketball-reference.com/players/a/agbajoc01.html,2023,2023-01-05,UTA,HOU,@,"W, 131-114",,17:40,4,5,3,4,0,0,0,1,1,0,0,0,0,4,11
Ochai Agbaji,https://www.basketball-reference.com/players/a/agbajoc01.html,2023,2023-01-07,UTA,CHI,@,"L, 118-126",,21:09,7,7,4,4,1,1,1,0,1,1,0,0,0,2,19
Ochai Agbaji,https://www.basketball-reference.com/players/a/agbajoc01.html,2023,2023-01-08,UTA,MEM,@,"L, 118-123",,21:19,0,2,0,2,0,0,1,2,3,0,0,0,1,0,0
Ochai Agbaji,https://www.basketball-reference.com/players/a/agbajoc01.html,2023,2023-01-10,UTA,CLE,,"W, 116-114",,17:57,1,4,0,2,0,0,1,3,4,2,0,0,0,3,2
Ochai Agbaji,https://www.basketball-reference.com/players/a/agbajoc01.html,2023,2023-01-13,UTA,ORL,,"W, 112-108",,25:59,1,4,1,3,0,0,2,3,5,2,0,2,0,1,3
Ochai Agbaji,https://www.basketball-reference.com/players/a/agbajoc01.html,2023,2023-01-14,UTA,PHI,,"L, 117-118",,20:41,1,3,0,0,1,2,0,1,1,1,1,0,1,3,3
Ochai Agbaji,https://www.basketball-reference.com/players/a/agbajoc01.html,2023,2023-01-16,UTA,MIN,@,"W, 126-125",,31:16,6,8,3,4,2,2,1,1,2,0,0,1,1,1,17
Ochai Agbaji,https://www.basketball-reference.com/players/a/agbajoc01.html,2023,2023-01-18,UTA,LAC,,"W, 126-103",,20:48,2,2,0,0,0,0,1,2,3,1,0,1,1,4,4
Ochai Agbaji,https://www.basketball-reference.com/players/a/agbajoc01.html,2023,2023-01-20,UTA,BRK,,"L, 106-117",,12:39,0,0,0,0,0,0,0,1,1,0,0,0,0,0,0
Ochai Agbaji,https://www.basketball-reference.com/players/a/agbajoc01.html,2023,2023-01-23,UTA,CHO,,"W, 120-102",,20:10,3,7,2,5,0,0,0,4,4,2,1,0,1,3,8
Ochai Agbaji,https://www.basketball-reference.com/players/a/agbajoc01.html,2023,2023-01-25,UTA,POR,@,"L, 124-134",,11:35,0,1,0,1,0,0,2,0,2,2,0,0,0,0,0
Ochai Agbaji,https://www.basketball-reference.com/players/a/agbajoc01.html,2023,2023-01-28,UTA,DAL,,"W, 108-100",,17:38,1,3,0,2,2,2,2,1,3,0,0,0,3,4,4
Ochai Agbaji,https://www.basketball-reference.com/players/a/agbajoc01.html,2023,2023-02-01,UTA,TOR,,"W, 131-128",,16:40,2,3,2,3,0,0,2,0,2,0,1,0,0,0,6
Ochai Agbaji,https://www.basketball-reference.com/players/a/agbajoc01.html,2023,2023-02-03,UTA,ATL,,"L, 108-115",,24:00,4,6,3,5,0,0,0,2,2,0,0,0,0,3,11
Ochai Agbaji,https://www.basketball-reference.com/players/a/agbajoc01.html,2023,2023-02-06,UTA,DAL,,"L, 111-124",,13:28,1,3,1,3,0,0,0,0,0,0,0,0,0,1,3
Ochai Agbaji,https://www.basketball-reference.com/players/a/agbajoc01.html,2023,2023-02-08,UTA,MIN,,"L, 118-143",,24:20,0,4,0,2,0,0,2,2,4,1,0,0,0,1,0
Ochai Agbaji,https://www.basketball-reference.com/players/a/agbajoc01.html,2023,2023-02-10,UTA,TOR,@,"W, 122-116",,18:50,2,3,1,2,0,0,0,1,1,0,0,0,0,5,5
Ochai Agbaji,https://www.basketball-reference.com/players/a/agbajoc01.html,2023,2023-02-11,UTA,NYK,@,"L, 120-126",,19:01,2,2,1,1,0,0,0,1,1,1,0,0,0,1,5
Ochai Agbaji,https://www.basketball-reference.com/players/a/agbajoc01.html,2023,2023-02-13,UTA,IND,@,"W, 123-117",,29:24,3,7,2,4,0,0,2,2,4,1,0,0,1,1,8
Ochai Agbaji,https://www.basketball-reference.com/players/a/agbajoc01.html,2023,2023-02-15,UTA,MEM,@,"L, 111-117",,38:43,7,12,3,8,0,0,1,0,1,1,1,0,1,2,17
Ochai Agbaji,https://www.basketball-reference.com/players/a/agbajoc01.html,2023,2023-02-23,UTA,OKC,,"W, 120-119 (OT)",,21:57,4,11,3,8,1,2,3,1,4,3,1,0,2,4,12
Ochai Agbaji,https://www.basketball-reference.com/players/a/agbajoc01.html,2023,2023-02-25,UTA,SAS,,"W, 118-102",,31:00,4,8,2,5,4,4,0,3,3,1,0,1,0,0,14
Ochai Agbaji,https://www.basketball-reference.com/players/a/agbajoc01.html,2023,2023-02-28,UTA,SAS,,"L, 94-102",,18:32,3,8,3,7,0,0,0,1,1,1,1,1,1,0,9
Ochai Agbaji,https://www.basketball-reference.com/players/a/agbajoc01.html,2023,2023-03-03,UTA,OKC,@,"L, 103-130",,28:24,3,11,2,9,0,0,0,3,3,2,1,0,2,4,8
Ochai Agbaji,https://www.basketball-reference.com/players/a/agbajoc01.html,2023,2023-03-05,UTA,OKC,@,"L, 119-129",,30:43,4,10,1,6,5,5,0,1,1,2,2,0,0,1,14
Ochai Agbaji,https://www.basketball-reference.com/players/a/agbajoc01.html,2023,2023-03-07,UTA,DAL,@,"L, 116-120",,25:54,2,11,1,6,1,2,0,1,1,2,0,0,2,4,6
Ochai Agbaji,https://www.basketball-reference.com/players/a/agbajoc01.html,2023,2023-03-09,UTA,ORL,@,"W, 131-124",,31:24,5,10,4,8,0,0,0,2,2,0,0,1,2,3,14
Ochai Agbaji,https://www.basketball-reference.com/players/a/agbajoc01.html,2023,2023-03-11,UTA,CHO,@,"W, 119-111",,33:51,3,10,2,7,2,2,2,1,3,1,1,0,0,1,10
Ochai Agbaji,https://www.basketball-reference.com/players/a/agbajoc01.html,2023,2023-03-13,UTA,MIA,@,"L, 115-119",,29:03,6,11,1,5,1,2,3,1,4,1,1,0,2,3,14
Ochai Agbaji,https://www.basketball-reference.com/players/a/agbajoc01.html,2023,2023-03-18,UTA,BOS,,"W, 118-117",,36:24,6,11,4,8,0,0,0,1,1,3,0,0,0,1,16
Ochai Agbaji,https://www.basketball-reference.com/players/a/agbajoc01.html,2023,2023-03-20,UTA,SAC,,"W, 128-120",,33:12,8,14,6,10,5,5,1,4,5,3,0,1,1,3,27
Ochai Agbaji,https://www.basketball-reference.com/players/a/agbajoc01.html,2023,2023-03-22,UTA,POR,,"L, 115-127",,32:08,2,7,2,4,1,2,0,3,3,3,1,0,1,3,7
Ochai Agbaji,https://www.basketball-reference.com/players/a/agbajoc01.html,2023,2023-03-24,UTA,MIL,,"L, 116-144",,25:24,1,8,0,4,4,5,2,0,2,2,1,0,1,2,6
Ochai Agbaji,https://www.basketball-reference.com/players/a/agbajoc01.html,2023,2023-03-25,UTA,SAC,@,"L, 113-121",,36:01,8,15,3,7,1,2,1,2,3,4,0,3,1,0,20
Ochai Agbaji,https://www.basketball-reference.com/players/a/agbajoc01.html,2023,2023-03-27,UTA,PHO,,"L, 103-117",,24:25,3,8,3,7,0,0,1,3,4,1,0,0,4,5,9
Ochai Agbaji,https://www.basketball-reference.com/players/a/agbajoc01.html,2023,2023-03-29,UTA,SAS,@,"W, 128-117",,24:30,2,7,2,6,4,4,0,1,1,3,0,2,1,1,10
Ochai Agbaji,https://www.basketball-reference.com/players/a/agbajoc01.html,2023,2023-03-31,UTA,BOS,@,"L, 114-122",,29:43,4,12,2,6,2,2,2,5,7,2,0,0,2,3,12
Ochai Agbaji,https://www.basketball-reference.com/players/a/agbajoc01.html,2023,2023-04-02,UTA,BRK,@,"L, 110-111",,28:47,6,13,2,7,5,5,2,0,2,1,0,0,0,1,19
Ochai Agbaji,https://www.basketball-reference.com/players/a/agbajoc01.html,2023,2023-04-04,UTA,LAL,,"L, 133-135 (OT)",,38:09,7,15,4,8,4,4,1,3,4,3,0,2,1,0,22
Ochai Agbaji,https://www.basketball-reference.com/players/a/agbajoc01.html,2023,2023-04-06,UTA,OKC,,"L, 98-114",,30:39,6,18,0,8,1,2,0,1,1,0,0,0,1,5,13
Ochai Agbaji,https://www.basketball-reference.com/players/a/agbajoc01.html,2023,2023-04-08,UTA,DEN,,"W, 118-114",,35:08,10,25,3,11,5,5,1,2,3,3,1,0,4,1,28
Ochai Agbaji,https://www.basketball-reference.com/players/a/agbajoc01.html,2023,2023-04-09,UTA,LAL,@,"L, 117-128",,26:41,4,13,0,3,0,0,0,1,1,8,1,0,2,2,8
Simone Fontecchio,https://www.basketball-reference.com/players/f/fontesi01.html,2023,2022-10-19,UTA,DEN,,"W, 123-102",,00:55,0,0,0,0,0,0,0,0,0,0,0,0,0,0,0
Simone Fontecchio,https://www.basketball-reference.com/players/f/fontesi01.html,2023,2022-10-21,UTA,MIN,@,"W, 132-126 (OT)",,,,,,,,,,,,,,,,,
Simone Fontecchio,https://www.basketball-reference.com/players/f/fontesi01.html,2023,2022-10-23,UTA,NOP,@,"W, 122-121 (OT)",,00:09,0,0,0,0,0,0,0,0,0,0,0,0,0,0,0
Simone Fontecchio,https://www.basketball-reference.com/players/f/fontesi01.html,2023,2022-10-24,UTA,HOU,@,"L, 108-114",,15:44,5,9,3,5,0,0,2,1,3,0,0,0,2,4,13
Simone Fontecchio,https://www.basketball-reference.com/players/f/fontesi01.html,2023,2022-10-26,UTA,HOU,,"W, 109-101",,06:01,0,2,0,2,0,0,0,1,1,0,0,0,0,0,0
Simone Fontecchio,https://www.basketball-reference.com/players/f/fontesi01.html,2023,2022-10-28,UTA,DEN,@,"L, 101-117",,,,,,,,,,,,,,,,,
Simone Fontecchio,https://www.basketball-reference.com/players/f/fontesi01.html,2023,2022-10-29,UTA,MEM,,"W, 124-123",,,,,,,,,,,,,,,,,
Simone Fontecchio,https://www.basketball-reference.com/players/f/fontesi01.html,2023,2022-10-31,UTA,MEM,,"W, 121-105",,,,,,,,,,,,,,,,,
Simone Fontecchio,https://www.basketball-reference.com/players/f/fontesi01.html,2023,,,,,,,,,,,,,,,,,,,,,,
Simone Fontecchio,https://www.basketball-reference.com/players/f/fontesi01.html,2023,2022-11-02,UTA,DAL,@,"L, 100-103",,,,,,,,,,,,,,,,,
Simone Fontecchio,https://www.basketball-reference.com/players/f/fontesi01.html,2023,2022-11-04,UTA,LAL,@,"W, 130-116",,01:17,0,1,0,1,0,0,0,1,1,0,0,0,0,0,0
Simone Fontecchio,https://www.basketball-reference.com/players/f/fontesi01.html,2023,2022-11-06,UTA,LAC,@,"W, 110-102",,,,,,,,,,,,,,,,,
Simone Fontecchio,https://www.basketball-reference.com/players/f/fontesi01.html,2023,2022-11-07,UTA,LAL,,"W, 139-116",,05:02,1,4,0,3,0,0,0,1,1,0,1,0,1,1,2
Simone Fontecchio,https://www.basketball-reference.com/players/f/fontesi01.html,2023,2022-11-09,UTA,ATL,@,"W, 125-119",,,,,,,,,,,,,,,,,
Simone Fontecchio,https://www.basketball-reference.com/players/f/fontesi01.html,2023,2022-11-12,UTA,WAS,@,"L, 112-121",,02:28,0,0,0,0,0,0,0,0,0,0,0,0,0,0,0
Simone Fontecchio,https://www.basketball-reference.com/players/f/fontesi01.html,2023,2022-11-13,UTA,PHI,@,"L, 98-105",,,,,,,,,,,,,,,,,
Simone Fontecchio,https://www.basketball-reference.com/players/f/fontesi01.html,2023,2022-11-15,UTA,NYK,,"L, 111-118",,16:47,3,6,3,5,0,0,2,2,4,2,0,1,1,0,9
Simone Fontecchio,https://www.basketball-reference.com/players/f/fontesi01.html,2023,2022-11-18,UTA,PHO,,"W, 134-133",,09:32,1,1,1,1,1,2,0,1,1,0,0,1,0,1,4
Simone Fontecchio,https://www.basketball-reference.com/players/f/fontesi01.html,2023,2022-11-19,UTA,POR,@,"W, 118-113",,12:08,1,5,1,4,0,0,0,0,0,1,1,0,0,1,3
Simone Fontecchio,https://www.basketball-reference.com/players/f/fontesi01.html,2023,2022-11-21,UTA,LAC,@,"L, 114-121",,06:53,1,4,0,3,0,0,0,1,1,0,0,1,0,0,2
Simone Fontecchio,https://www.basketball-reference.com/players/f/fontesi01.html,2023,2022-11-23,UTA,DET,,"L, 116-125",,11:35,2,5,2,3,4,5,0,2,2,0,0,0,1,1,10
Simone Fontecchio,https://www.basketball-reference.com/players/f/fontesi01.html,2023,2022-11-25,UTA,GSW,@,"L, 118-129",,,,,,,,,,,,,,,,,
Simone Fontecchio,https://www.basketball-reference.com/players/f/fontesi01.html,2023,2022-11-26,UTA,PHO,@,"L, 112-113",,,,,,,,,,,,,,,,,
Simone Fontecchio,https://www.basketball-reference.com/players/f/fontesi01.html,2023,2022-11-28,UTA,CHI,,"L, 107-114",,,,,,,,,,,,,,,,,
Simone Fontecchio,https://www.basketball-reference.com/players/f/fontesi01.html,2023,2022-11-30,UTA,LAC,,"W, 125-112",,11:02,1,3,1,2,0,0,1,0,1,1,0,0,0,0,3
Simone Fontecchio,https://www.basketball-reference.com/players/f/fontesi01.html,2023,2022-12-02,UTA,IND,,"W, 139-119",,21:19,3,5,3,4,0,0,0,1,1,1,0,0,2,3,9
Simone Fontecchio,https://www.basketball-reference.com/players/f/fontesi01.html,2023,2022-12-03,UTA,POR,,"L, 111-116",,12:05,1,4,0,2,1,2,2,0,2,1,0,0,1,2,3
Simone Fontecchio,https://www.basketball-reference.com/players/f/fontesi01.html,2023,2022-12-07,UTA,GSW,,"W, 124-123",,19:33,6,10,3,6,3,5,2,1,3,1,0,1,1,1,18
Simone Fontecchio,https://www.basketball-reference.com/players/f/fontesi01.html,2023,2022-12-09,UTA,MIN,,"L, 108-118",,,,,,,,,,,,,,,,,
Simone Fontecchio,https://www.basketball-reference.com/players/f/fontesi01.html,2023,2022-12-10,UTA,DEN,@,"L, 110-115",,,,,,,,,,,,,,,,,
Simone Fontecchio,https://www.basketball-reference.com/players/f/fontesi01.html,2023,2022-12-13,UTA,NOP,,"W, 121-100",,,,,,,,,,,,,,,,,
Simone Fontecchio,https://www.basketball-reference.com/players/f/fontesi01.html,2023,2022-12-15,UTA,NOP,,"W, 132-129 (OT)",,,,,,,,,,,,,,,,,
Simone Fontecchio,https://www.basketball-reference.com/players/f/fontesi01.html,2023,2022-12-17,UTA,MIL,@,"L, 97-123",,14:52,1,4,0,3,0,0,1,2,3,1,0,0,1,0,2
Simone Fontecchio,https://www.basketball-reference.com/players/f/fontesi01.html,2023,2022-12-19,UTA,CLE,@,"L, 99-122",,10:19,1,4,1,3,0,0,0,0,0,0,1,0,0,0,3
Simone Fontecchio,https://www.basketball-reference.com/players/f/fontesi01.html,2023,2022-12-20,UTA,DET,@,"W, 126-111",,05:04,0,1,0,1,0,0,0,0,0,0,0,0,0,1,0
Simone Fontecchio,https://www.basketball-reference.com/players/f/fontesi01.html,2023,2022-12-22,UTA,WAS,,"W, 120-112",,02:46,0,2,0,2,0,0,0,0,0,0,0,1,0,1,0
Simone Fontecchio,https://www.basketball-reference.com/players/f/fontesi01.html,2023,2022-12-26,UTA,SAS,@,"L, 122-126",,04:54,0,2,0,1,0,0,0,0,0,0,0,0,0,2,0
Simone Fontecchio,https://www.basketball-reference.com/players/f/fontesi01.html,2023,2022-12-28,UTA,GSW,@,"L, 107-112",,,,,,,,,,,,,,,,,
Simone Fontecchio,https://www.basketball-reference.com/players/f/fontesi01.html,2023,2022-12-30,UTA,SAC,@,"L, 125-126",,,,,,,,,,,,,,,,,
Simone Fontecchio,https://www.basketball-reference.com/players/f/fontesi01.html,2023,2022-12-31,UTA,MIA,,"L, 123-126",,,,,,,,,,,,,,,,,
Simone Fontecchio,https://www.basketball-reference.com/players/f/fontesi01.html,2023,2023-01-03,UTA,SAC,,"L, 115-117",,,,,,,,,,,,,,,,,
Simone Fontecchio,https://www.basketball-reference.com/players/f/fontesi01.html,2023,2023-01-05,UTA,HOU,@,"W, 131-114",,,,,,,,,,,,,,,,,
Simone Fontecchio,https://www.basketball-reference.com/players/f/fontesi01.html,2023,2023-01-07,UTA,CHI,@,"L, 118-126",,,,,,,,,,,,,,,,,
Simone Fontecchio,https://www.basketball-reference.com/players/f/fontesi01.html,2023,2023-01-08,UTA,MEM,@,"L, 118-123",,,,,,,,,,,,,,,,,
Simone Fontecchio,https://www.basketball-reference.com/players/f/fontesi01.html,2023,2023-01-10,UTA,CLE,,"W, 116-114",,05:08,0,0,0,0,0,0,0,1,1,0,0,0,1,1,0
Simone Fontecchio,https://www.basketball-reference.com/players/f/fontesi01.html,2023,2023-01-13,UTA,ORL,,"W, 112-108",,,,,,,,,,,,,,,,,
Simone Fontecchio,https://www.basketball-reference.com/players/f/fontesi01.html,2023,2023-01-14,UTA,PHI,,"L, 117-118",,07:46,1,3,1,3,0,0,0,0,0,0,0,0,1,2,3
Simone Fontecchio,https://www.basketball-reference.com/players/f/fontesi01.html,2023,2023-01-16,UTA,MIN,@,"W, 126-125",,,,,,,,,,,,,,,,,
Simone Fontecchio,https://www.basketball-reference.com/players/f/fontesi01.html,2023,2023-01-18,UTA,LAC,,"W, 126-103",,02:54,1,3,1,2,0,0,0,1,1,0,0,0,0,0,3
Simone Fontecchio,https://www.basketball-reference.com/players/f/fontesi01.html,2023,2023-01-20,UTA,BRK,,"L, 106-117",,,,,,,,,,,,,,,,,
Simone Fontecchio,https://www.basketball-reference.com/players/f/fontesi01.html,2023,2023-01-23,UTA,CHO,,"W, 120-102",,04:17,1,1,1,1,0,0,1,1,2,0,0,0,2,1,3
Simone Fontecchio,https://www.basketball-reference.com/players/f/fontesi01.html,2023,2023-01-25,UTA,POR,@,"L, 124-134",,00:53,0,0,0,0,0,0,0,0,0,0,0,0,0,0,0
Simone Fontecchio,https://www.basketball-reference.com/players/f/fontesi01.html,2023,2023-01-28,UTA,DAL,,"W, 108-100",,,,,,,,,,,,,,,,,
Simone Fontecchio,https://www.basketball-reference.com/players/f/fontesi01.html,2023,2023-02-01,UTA,TOR,,"W, 131-128",,,,,,,,,,,,,,,,,
Simone Fontecchio,https://www.basketball-reference.com/players/f/fontesi01.html,2023,2023-02-03,UTA,ATL,,"L, 108-115",,,,,,,,,,,,,,,,,
Simone Fontecchio,https://www.basketball-reference.com/players/f/fontesi01.html,2023,2023-02-06,UTA,DAL,,"L, 111-124",,,,,,,,,,,,,,,,,
Simone Fontecchio,https://www.basketball-reference.com/players/f/fontesi01.html,2023,2023-02-08,UTA,MIN,,"L, 118-143",,23:37,4,11,1,7,0,0,1,0,1,2,0,0,1,0,9
Simone Fontecchio,https://www.basketball-reference.com/players/f/fontesi01.html,2023,2023-02-10,UTA,TOR,@,"W, 122-116",,22:13,2,6,1,3,2,2,0,2,2,2,1,0,2,2,7
Simone Fontecchio,https://www.basketball-reference.com/players/f/fontesi01.html,2023,2023-02-11,UTA,NYK,@,"L, 120-126",,04:27,0,1,0,1,0,0,0,0,0,0,0,0,0,1,0
Simone Fontecchio,https://www.basketball-reference.com/players/f/fontesi01.html,2023,2023-02-13,UTA,IND,@,"W, 123-117",,12:47,0,3,0,3,0,0,1,0,1,2,0,1,0,1,0
Simone Fontecchio,https://www.basketball-reference.com/players/f/fontesi01.html,2023,2023-02-15,UTA,MEM,@,"L, 111-117",,24:18,3,8,1,4,0,0,2,1,3,2,0,0,1,3,7
Simone Fontecchio,https://www.basketball-reference.com/players/f/fontesi01.html,2023,2023-02-23,UTA,OKC,,"W, 120-119 (OT)",,14:12,1,8,0,5,0,0,0,1,1,1,0,0,0,2,2
Simone Fontecchio,https://www.basketball-reference.com/players/f/fontesi01.html,2023,2023-02-25,UTA,SAS,,"W, 118-102",,12:57,2,4,1,2,6,6,1,0,1,1,1,0,0,1,11
Simone Fontecchio,https://www.basketball-reference.com/players/f/fontesi01.html,2023,2023-02-28,UTA,SAS,,"L, 94-102",,19:47,0,7,0,5,0,0,0,0,0,2,1,0,3,0,0
Simone Fontecchio,https://www.basketball-reference.com/players/f/fontesi01.html,2023,2023-03-03,UTA,OKC,@,"L, 103-130",,26:25,5,12,4,6,2,4,1,2,3,1,0,1,1,1,16
Simone Fontecchio,https://www.basketball-reference.com/players/f/fontesi01.html,2023,2023-03-05,UTA,OKC,@,"L, 119-129",,16:03,2,7,1,4,0,0,0,1,1,2,0,0,0,3,5
Simone Fontecchio,https://www.basketball-reference.com/players/f/fontesi01.html,2023,2023-03-07,UTA,DAL,@,"L, 116-120",,28:41,2,8,2,7,0,0,0,3,3,1,0,0,1,2,6
Simone Fontecchio,https://www.basketball-reference.com/players/f/fontesi01.html,2023,2023-03-09,UTA,ORL,@,"W, 131-124",,21:39,5,7,1,3,6,6,2,0,2,2,3,0,1,1,17
Simone Fontecchio,https://www.basketball-reference.com/players/f/fontesi01.html,2023,2023-03-11,UTA,CHO,@,"W, 119-111",,13:37,4,8,1,2,0,0,2,2,4,0,1,0,0,0,9
Simone Fontecchio,https://www.basketball-reference.com/players/f/fontesi01.html,2023,2023-03-13,UTA,MIA,@,"L, 115-119",,29:52,8,17,5,11,2,2,2,3,5,1,1,0,3,3,23
Simone Fontecchio,https://www.basketball-reference.com/players/f/fontesi01.html,2023,2023-03-18,UTA,BOS,,"W, 118-117",,15:37,2,7,2,4,2,2,0,1,1,1,0,1,0,0,8
Simone Fontecchio,https://www.basketball-reference.com/players/f/fontesi01.html,2023,2023-03-20,UTA,SAC,,"W, 128-120",,32:34,4,13,4,10,0,0,0,1,1,3,0,0,1,1,12
Simone Fontecchio,https://www.basketball-reference.com/players/f/fontesi01.html,2023,2023-03-22,UTA,POR,,"L, 115-127",,19:40,2,7,1,3,0,0,1,0,1,2,0,0,0,0,5
Simone Fontecchio,https://www.basketball-reference.com/players/f/fontesi01.html,2023,2023-03-24,UTA,MIL,,"L, 116-144",,25:22,9,16,4,7,4,4,0,2,2,0,0,0,1,2,26
Simone Fontecchio,https://www.basketball-reference.com/players/f/fontesi01.html,2023,2023-03-25,UTA,SAC,@,"L, 113-121",,28:49,2,10,1,5,0,0,0,3,3,1,0,0,2,3,5
Simone Fontecchio,https://www.basketball-reference.com/players/f/fontesi01.html,2023,2023-03-27,UTA,PHO,,"L, 103-117",,,,,,,,,,,,,,,,,
Simone Fontecchio,https://www.basketball-reference.com/players/f/fontesi01.html,2023,2023-03-29,UTA,SAS,@,"W, 128-117",,16:51,2,6,0,3,0,0,0,0,0,1,0,0,1,2,4
Simone Fontecchio,https://www.basketball-reference.com/players/f/fontesi01.html,2023,2023-03-31,UTA,BOS,@,"L, 114-122",,30:52,5,13,2,8,0,0,2,2,4,1,1,0,0,1,12
Simone Fontecchio,https://www.basketball-reference.com/players/f/fontesi01.html,2023,2023-04-02,UTA,BRK,@,"L, 110-111",,13:24,1,5,0,2,0,2,0,1,1,0,1,0,0,2,2
Simone Fontecchio,https://www.basketball-reference.com/players/f/fontesi01.html,2023,2023-04-04,UTA,LAL,,"L, 133-135 (OT)",,21:34,2,5,2,4,0,0,0,0,0,0,0,0,1,1,6
Simone Fontecchio,https://www.basketball-reference.com/players/f/fontesi01.html,2023,2023-04-06,UTA,OKC,,"L, 98-114",,25:15,4,11,1,6,2,2,2,1,3,0,1,0,3,1,11
Simone Fontecchio,https://www.basketball-reference.com/players/f/fontesi01.html,2023,2023-04-08,UTA,DEN,,"W, 118-114",,22:33,6,15,3,8,0,0,1,5,6,4,1,0,3,5,15
Simone Fontecchio,https://www.basketball-reference.com/players/f/fontesi01.html,2023,2023-04-09,UTA,LAL,@,"L, 117-128",,31:15,8,18,4,11,0,0,2,7,9,2,0,0,0,2,20
Johnny Juzang,https://www.basketball-reference.com/players/j/juzanjo01.html,2023,2022-10-19,UTA,DEN,,"W, 123-102",,,,,,,,,,,,,,,,,
Johnny Juzang,https://www.basketball-reference.com/players/j/juzanjo01.html,2023,2022-10-21,UTA,MIN,@,"W, 132-126 (OT)",,,,,,,,,,,,,,,,,
Johnny Juzang,https://www.basketball-reference.com/players/j/juzanjo01.html,2023,2022-10-23,UTA,NOP,@,"W, 122-121 (OT)",,,,,,,,,,,,,,,,,
Johnny Juzang,https://www.basketball-reference.com/players/j/juzanjo01.html,2023,2022-10-24,UTA,HOU,@,"L, 108-114",,,,,,,,,,,,,,,,,
Johnny Juzang,https://www.basketball-reference.com/players/j/juzanjo01.html,2023,2022-10-26,UTA,HOU,,"W, 109-101",,,,,,,,,,,,,,,,,
Johnny Juzang,https://www.basketball-reference.com/players/j/juzanjo01.html,2023,2022-10-28,UTA,DEN,@,"L, 101-117",,,,,,,,,,,,,,,,,
Johnny Juzang,https://www.basketball-reference.com/players/j/juzanjo01.html,2023,2022-10-29,UTA,MEM,,"W, 124-123",,,,,,,,,,,,,,,,,
Johnny Juzang,https://www.basketball-reference.com/players/j/juzanjo01.html,2023,2022-10-31,UTA,MEM,,"W, 121-105",,,,,,,,,,,,,,,,,
Johnny Juzang,https://www.basketball-reference.com/players/j/juzanjo01.html,2023,,,,,,,,,,,,,,,,,,,,,,
Johnny Juzang,https://www.basketball-reference.com/players/j/juzanjo01.html,2023,2022-11-02,UTA,DAL,@,"L, 100-103",,,,,,,,,,,,,,,,,
Johnny Juzang,https://www.basketball-reference.com/players/j/juzanjo01.html,2023,2022-11-04,UTA,LAL,@,"W, 130-116",,,,,,,,,,,,,,,,,
Johnny Juzang,https://www.basketball-reference.com/players/j/juzanjo01.html,2023,2022-11-06,UTA,LAC,@,"W, 110-102",,,,,,,,,,,,,,,,,
Johnny Juzang,https://www.basketball-reference.com/players/j/juzanjo01.html,2023,2022-11-07,UTA,LAL,,"W, 139-116",,,,,,,,,,,,,,,,,
Johnny Juzang,https://www.basketball-reference.com/players/j/juzanjo01.html,2023,2022-11-09,UTA,ATL,@,"W, 125-119",,,,,,,,,,,,,,,,,
Johnny Juzang,https://www.basketball-reference.com/players/j/juzanjo01.html,2023,2022-11-12,UTA,WAS,@,"L, 112-121",,,,,,,,,,,,,,,,,
Johnny Juzang,https://www.basketball-reference.com/players/j/juzanjo01.html,2023,2022-11-13,UTA,PHI,@,"L, 98-105",,,,,,,,,,,,,,,,,
Johnny Juzang,https://www.basketball-reference.com/players/j/juzanjo01.html,2023,2022-11-15,UTA,NYK,,"L, 111-118",,,,,,,,,,,,,,,,,
Johnny Juzang,https://www.basketball-reference.com/players/j/juzanjo01.html,2023,2022-11-18,UTA,PHO,,"W, 134-133",,,,,,,,,,,,,,,,,
Johnny Juzang,https://www.basketball-reference.com/players/j/juzanjo01.html,2023,2022-11-19,UTA,POR,@,"W, 118-113",,,,,,,,,,,,,,,,,
Johnny Juzang,https://www.basketball-reference.com/players/j/juzanjo01.html,2023,2022-11-21,UTA,LAC,@,"L, 114-121",,,,,,,,,,,,,,,,,
Johnny Juzang,https://www.basketball-reference.com/players/j/juzanjo01.html,2023,2022-11-23,UTA,DET,,"L, 116-125",,,,,,,,,,,,,,,,,
Johnny Juzang,https://www.basketball-reference.com/players/j/juzanjo01.html,2023,2022-11-25,UTA,GSW,@,"L, 118-129",,,,,,,,,,,,,,,,,
Johnny Juzang,https://www.basketball-reference.com/players/j/juzanjo01.html,2023,2022-11-26,UTA,PHO,@,"L, 112-113",,,,,,,,,,,,,,,,,
Johnny Juzang,https://www.basketball-reference.com/players/j/juzanjo01.html,2023,2022-11-28,UTA,CHI,,"L, 107-114",,,,,,,,,,,,,,,,,
Johnny Juzang,https://www.basketball-reference.com/players/j/juzanjo01.html,2023,2022-11-30,UTA,LAC,,"W, 125-112",,,,,,,,,,,,,,,,,
Johnny Juzang,https://www.basketball-reference.com/players/j/juzanjo01.html,2023,2022-12-02,UTA,IND,,"W, 139-119",,,,,,,,,,,,,,,,,
Johnny Juzang,https://www.basketball-reference.com/players/j/juzanjo01.html,2023,2022-12-03,UTA,POR,,"L, 111-116",,,,,,,,,,,,,,,,,
Johnny Juzang,https://www.basketball-reference.com/players/j/juzanjo01.html,2023,2022-12-07,UTA,GSW,,"W, 124-123",,,,,,,,,,,,,,,,,
Johnny Juzang,https://www.basketball-reference.com/players/j/juzanjo01.html,2023,2022-12-09,UTA,MIN,,"L, 108-118",,,,,,,,,,,,,,,,,
Johnny Juzang,https://www.basketball-reference.com/players/j/juzanjo01.html,2023,2022-12-10,UTA,DEN,@,"L, 110-115",,,,,,,,,,,,,,,,,
Johnny Juzang,https://www.basketball-reference.com/players/j/juzanjo01.html,2023,2022-12-13,UTA,NOP,,"W, 121-100",,,,,,,,,,,,,,,,,
Johnny Juzang,https://www.basketball-reference.com/players/j/juzanjo01.html,2023,2022-12-15,UTA,NOP,,"W, 132-129 (OT)",,,,,,,,,,,,,,,,,
Johnny Juzang,https://www.basketball-reference.com/players/j/juzanjo01.html,2023,2022-12-17,UTA,MIL,@,"L, 97-123",,,,,,,,,,,,,,,,,
Johnny Juzang,https://www.basketball-reference.com/players/j/juzanjo01.html,2023,2022-12-19,UTA,CLE,@,"L, 99-122",,,,,,,,,,,,,,,,,
Johnny Juzang,https://www.basketball-reference.com/players/j/juzanjo01.html,2023,2022-12-20,UTA,DET,@,"W, 126-111",,,,,,,,,,,,,,,,,
Johnny Juzang,https://www.basketball-reference.com/players/j/juzanjo01.html,2023,2022-12-22,UTA,WAS,,"W, 120-112",,,,,,,,,,,,,,,,,
Johnny Juzang,https://www.basketball-reference.com/players/j/juzanjo01.html,2023,2022-12-26,UTA,SAS,@,"L, 122-126",,,,,,,,,,,,,,,,,
Johnny Juzang,https://www.basketball-reference.com/players/j/juzanjo01.html,2023,2022-12-28,UTA,GSW,@,"L, 107-112",,,,,,,,,,,,,,,,,
Johnny Juzang,https://www.basketball-reference.com/players/j/juzanjo01.html,2023,2022-12-30,UTA,SAC,@,"L, 125-126",,,,,,,,,,,,,,,,,
Johnny Juzang,https://www.basketball-reference.com/players/j/juzanjo01.html,2023,2022-12-31,UTA,MIA,,"L, 123-126",,,,,,,,,,,,,,,,,
Johnny Juzang,https://www.basketball-reference.com/players/j/juzanjo01.html,2023,2023-01-03,UTA,SAC,,"L, 115-117",,,,,,,,,,,,,,,,,
Johnny Juzang,https://www.basketball-reference.com/players/j/juzanjo01.html,2023,2023-01-05,UTA,HOU,@,"W, 131-114",,,,,,,,,,,,,,,,,
Johnny Juzang,https://www.basketball-reference.com/players/j/juzanjo01.html,2023,2023-01-07,UTA,CHI,@,"L, 118-126",,,,,,,,,,,,,,,,,
Johnny Juzang,https://www.basketball-reference.com/players/j/juzanjo01.html,2023,2023-01-08,UTA,MEM,@,"L, 118-123",,,,,,,,,,,,,,,,,
Johnny Juzang,https://www.basketball-reference.com/players/j/juzanjo01.html,2023,2023-01-10,UTA,CLE,,"W, 116-114",,,,,,,,,,,,,,,,,
Johnny Juzang,https://www.basketball-reference.com/players/j/juzanjo01.html,2023,2023-01-13,UTA,ORL,,"W, 112-108",,,,,,,,,,,,,,,,,
Johnny Juzang,https://www.basketball-reference.com/players/j/juzanjo01.html,2023,2023-01-14,UTA,PHI,,"L, 117-118",,,,,,,,,,,,,,,,,
Johnny Juzang,https://www.basketball-reference.com/players/j/juzanjo01.html,2023,2023-01-16,UTA,MIN,@,"W, 126-125",,,,,,,,,,,,,,,,,
Johnny Juzang,https://www.basketball-reference.com/players/j/juzanjo01.html,2023,2023-01-18,UTA,LAC,,"W, 126-103",,,,,,,,,,,,,,,,,
Johnny Juzang,https://www.basketball-reference.com/players/j/juzanjo01.html,2023,2023-01-20,UTA,BRK,,"L, 106-117",,,,,,,,,,,,,,,,,
Johnny Juzang,https://www.basketball-reference.com/players/j/juzanjo01.html,2023,2023-01-23,UTA,CHO,,"W, 120-102",,,,,,,,,,,,,,,,,
Johnny Juzang,https://www.basketball-reference.com/players/j/juzanjo01.html,2023,2023-01-25,UTA,POR,@,"L, 124-134",,,,,,,,,,,,,,,,,
Johnny Juzang,https://www.basketball-reference.com/players/j/juzanjo01.html,2023,2023-01-28,UTA,DAL,,"W, 108-100",,,,,,,,,,,,,,,,,
Johnny Juzang,https://www.basketball-reference.com/players/j/juzanjo01.html,2023,2023-02-01,UTA,TOR,,"W, 131-128",,,,,,,,,,,,,,,,,
Johnny Juzang,https://www.basketball-reference.com/players/j/juzanjo01.html,2023,2023-02-03,UTA,ATL,,"L, 108-115",,,,,,,,,,,,,,,,,
Johnny Juzang,https://www.basketball-reference.com/players/j/juzanjo01.html,2023,2023-02-06,UTA,DAL,,"L, 111-124",,,,,,,,,,,,,,,,,
Johnny Juzang,https://www.basketball-reference.com/players/j/juzanjo01.html,2023,2023-02-08,UTA,MIN,,"L, 118-143",,,,,,,,,,,,,,,,,
Johnny Juzang,https://www.basketball-reference.com/players/j/juzanjo01.html,2023,2023-02-10,UTA,TOR,@,"W, 122-116",,,,,,,,,,,,,,,,,
Johnny Juzang,https://www.basketball-reference.com/players/j/juzanjo01.html,2023,2023-02-11,UTA,NYK,@,"L, 120-126",,,,,,,,,,,,,,,,,
Johnny Juzang,https://www.basketball-reference.com/players/j/juzanjo01.html,2023,2023-02-13,UTA,IND,@,"W, 123-117",,,,,,,,,,,,,,,,,
Johnny Juzang,https://www.basketball-reference.com/players/j/juzanjo01.html,2023,2023-02-15,UTA,MEM,@,"L, 111-117",,,,,,,,,,,,,,,,,
Johnny Juzang,https://www.basketball-reference.com/players/j/juzanjo01.html,2023,2023-02-23,UTA,OKC,,"W, 120-119 (OT)",,,,,,,,,,,,,,,,,
Johnny Juzang,https://www.basketball-reference.com/players/j/juzanjo01.html,2023,2023-02-25,UTA,SAS,,"W, 118-102",,,,,,,,,,,,,,,,,
Johnny Juzang,https://www.basketball-reference.com/players/j/juzanjo01.html,2023,2023-02-28,UTA,SAS,,"L, 94-102",,14:45,1,5,1,4,0,2,0,1,1,0,1,1,0,1,3
Johnny Juzang,https://www.basketball-reference.com/players/j/juzanjo01.html,2023,2023-03-03,UTA,OKC,@,"L, 103-130",,05:03,1,2,0,1,0,0,0,0,0,1,0,0,0,0,2
Johnny Juzang,https://www.basketball-reference.com/players/j/juzanjo01.html,2023,2023-03-05,UTA,OKC,@,"L, 119-129",,12:05,4,7,3,6,0,0,2,0,2,0,0,0,1,2,11
Johnny Juzang,https://www.basketball-reference.com/players/j/juzanjo01.html,2023,2023-03-07,UTA,DAL,@,"L, 116-120",,14:08,2,9,1,6,0,0,0,0,0,0,1,1,0,0,5
Johnny Juzang,https://www.basketball-reference.com/players/j/juzanjo01.html,2023,2023-03-09,UTA,ORL,@,"W, 131-124",,11:37,1,3,1,2,0,0,0,2,2,0,0,1,0,2,3
Johnny Juzang,https://www.basketball-reference.com/players/j/juzanjo01.html,2023,2023-03-11,UTA,CHO,@,"W, 119-111",,10:58,1,3,1,2,0,0,0,1,1,0,0,0,1,3,3
Johnny Juzang,https://www.basketball-reference.com/players/j/juzanjo01.html,2023,2023-03-13,UTA,MIA,@,"L, 115-119",,02:41,0,3,0,2,0,0,0,1,1,0,0,0,0,0,0
Johnny Juzang,https://www.basketball-reference.com/players/j/juzanjo01.html,2023,2023-03-18,UTA,BOS,,"W, 118-117",,09:28,1,4,1,3,0,0,0,4,4,1,0,0,0,1,3
Johnny Juzang,https://www.basketball-reference.com/players/j/juzanjo01.html,2023,2023-03-20,UTA,SAC,,"W, 128-120",,11:42,2,2,0,0,0,0,0,3,3,0,0,0,0,0,4
Johnny Juzang,https://www.basketball-reference.com/players/j/juzanjo01.html,2023,2023-03-22,UTA,POR,,"L, 115-127",,13:13,1,2,1,2,0,0,0,0,0,0,0,0,0,1,3
Johnny Juzang,https://www.basketball-reference.com/players/j/juzanjo01.html,2023,2023-03-24,UTA,MIL,,"L, 116-144",,19:37,3,12,2,10,2,2,0,5,5,2,0,0,0,0,10
Johnny Juzang,https://www.basketball-reference.com/players/j/juzanjo01.html,2023,2023-03-25,UTA,SAC,@,"L, 113-121",,09:33,1,5,0,3,0,0,1,1,2,0,0,0,0,0,2
Johnny Juzang,https://www.basketball-reference.com/players/j/juzanjo01.html,2023,2023-03-27,UTA,PHO,,"L, 103-117",,12:40,2,7,1,5,0,0,0,1,1,1,0,0,0,1,5
Johnny Juzang,https://www.basketball-reference.com/players/j/juzanjo01.html,2023,2023-03-29,UTA,SAS,@,"W, 128-117",,20:50,5,9,0,3,0,0,0,4,4,2,1,0,0,0,10
Johnny Juzang,https://www.basketball-reference.com/players/j/juzanjo01.html,2023,2023-03-31,UTA,BOS,@,"L, 114-122",,16:56,2,7,2,5,0,0,1,3,4,0,0,0,0,1,6
Johnny Juzang,https://www.basketball-reference.com/players/j/juzanjo01.html,2023,2023-04-02,UTA,BRK,@,"L, 110-111",,,,,,,,,,,,,,,,,
Johnny Juzang,https://www.basketball-reference.com/players/j/juzanjo01.html,2023,2023-04-04,UTA,LAL,,"L, 133-135 (OT)",,,,,,,,,,,,,,,,,
Johnny Juzang,https://www.basketball-reference.com/players/j/juzanjo01.html,2023,2023-04-06,UTA,OKC,,"L, 98-114",,15:31,3,6,1,3,0,0,1,2,3,1,1,0,1,1,7
Johnny Juzang,https://www.basketball-reference.com/players/j/juzanjo01.html,2023,2023-04-08,UTA,DEN,,"W, 118-114",,15:24,1,9,0,4,0,0,1,1,2,0,0,0,0,0,2
Johnny Juzang,https://www.basketball-reference.com/players/j/juzanjo01.html,2023,2023-04-09,UTA,LAL,@,"L, 117-128",,16:04,4,9,0,2,0,0,2,2,4,0,0,0,0,0,8
Walker Kessler,https://www.basketball-reference.com/players/k/kesslwa01.html,2023,2022-10-19,UTA,DEN,,"W, 123-102",,23:40,5,5,0,0,2,6,2,8,10,1,1,0,1,2,12
Walker Kessler,https://www.basketball-reference.com/players/k/kesslwa01.html,2023,2022-10-21,UTA,MIN,@,"W, 132-126 (OT)",,17:42,2,3,0,0,2,3,3,2,5,2,0,4,1,1,6
Walker Kessler,https://www.basketball-reference.com/players/k/kesslwa01.html,2023,2022-10-23,UTA,NOP,@,"W, 122-121 (OT)",,22:16,3,6,0,0,1,2,6,3,9,2,0,2,0,2,7
Walker Kessler,https://www.basketball-reference.com/players/k/kesslwa01.html,2023,2022-10-24,UTA,HOU,@,"L, 108-114",,08:28,0,1,0,0,0,0,0,1,1,0,1,1,2,4,0
Walker Kessler,https://www.basketball-reference.com/players/k/kesslwa01.html,2023,2022-10-26,UTA,HOU,,"W, 109-101",,11:03,0,1,0,0,4,4,0,1,1,1,0,1,1,2,4
Walker Kessler,https://www.basketball-reference.com/players/k/kesslwa01.html,2023,2022-10-28,UTA,DEN,@,"L, 101-117",,,,,,,,,,,,,,,,,
Walker Kessler,https://www.basketball-reference.com/players/k/kesslwa01.html,2023,2022-10-29,UTA,MEM,,"W, 124-123",,,,,,,,,,,,,,,,,
Walker Kessler,https://www.basketball-reference.com/players/k/kesslwa01.html,2023,2022-10-31,UTA,MEM,,"W, 121-105",,,,,,,,,,,,,,,,,
Walker Kessler,https://www.basketball-reference.com/players/k/kesslwa01.html,2023,,,,,,,,,,,,,,,,,,,,,,
Walker Kessler,https://www.basketball-reference.com/players/k/kesslwa01.html,2023,2022-11-02,UTA,DAL,@,"L, 100-103",,04:02,0,0,0,0,0,0,0,0,0,0,0,0,0,1,0
Walker Kessler,https://www.basketball-reference.com/players/k/kesslwa01.html,2023,2022-11-04,UTA,LAL,@,"W, 130-116",,10:36,4,5,0,0,0,0,3,1,4,0,0,2,0,0,8
Walker Kessler,https://www.basketball-reference.com/players/k/kesslwa01.html,2023,2022-11-06,UTA,LAC,@,"W, 110-102",,16:11,2,2,0,0,0,0,1,4,5,0,0,2,0,1,4
Walker Kessler,https://www.basketball-reference.com/players/k/kesslwa01.html,2023,2022-11-07,UTA,LAL,,"W, 139-116",,18:12,4,6,0,0,0,0,3,6,9,1,0,2,0,4,8
Walker Kessler,https://www.basketball-reference.com/players/k/kesslwa01.html,2023,2022-11-09,UTA,ATL,@,"W, 125-119",,16:20,6,6,0,0,0,1,3,3,6,1,0,3,0,2,12
Walker Kessler,https://www.basketball-reference.com/players/k/kesslwa01.html,2023,2022-11-12,UTA,WAS,@,"L, 112-121",,15:18,1,2,0,0,0,0,1,3,4,0,0,0,0,1,2
Walker Kessler,https://www.basketball-reference.com/players/k/kesslwa01.html,2023,2022-11-13,UTA,PHI,@,"L, 98-105",,11:58,1,5,0,0,0,2,5,4,9,0,0,3,2,1,2
Walker Kessler,https://www.basketball-reference.com/players/k/kesslwa01.html,2023,2022-11-15,UTA,NYK,,"L, 111-118",,17:56,4,4,0,0,0,0,3,4,7,1,1,1,2,2,8
Walker Kessler,https://www.basketball-reference.com/players/k/kesslwa01.html,2023,2022-11-18,UTA,PHO,,"W, 134-133",,20:22,0,3,0,0,1,2,2,1,3,2,1,0,0,3,1
Walker Kessler,https://www.basketball-reference.com/players/k/kesslwa01.html,2023,2022-11-19,UTA,POR,@,"W, 118-113",,10:40,3,3,0,0,0,0,2,3,5,1,0,0,0,1,6
Walker Kessler,https://www.basketball-reference.com/players/k/kesslwa01.html,2023,2022-11-21,UTA,LAC,@,"L, 114-121",,11:53,2,2,0,0,0,0,1,1,2,1,0,0,1,2,4
Walker Kessler,https://www.basketball-reference.com/players/k/kesslwa01.html,2023,2022-11-23,UTA,DET,,"L, 116-125",,21:03,2,2,0,0,1,2,2,5,7,0,0,5,2,5,5
Walker Kessler,https://www.basketball-reference.com/players/k/kesslwa01.html,2023,2022-11-25,UTA,GSW,@,"L, 118-129",,20:44,3,3,0,0,2,2,2,2,4,0,0,3,0,0,8
Walker Kessler,https://www.basketball-reference.com/players/k/kesslwa01.html,2023,2022-11-26,UTA,PHO,@,"L, 112-113",,16:48,1,1,0,0,1,2,1,3,4,0,0,0,0,2,3
Walker Kessler,https://www.basketball-reference.com/players/k/kesslwa01.html,2023,2022-11-28,UTA,CHI,,"L, 107-114",,05:21,0,0,0,0,0,0,1,2,3,0,0,1,1,0,0
Walker Kessler,https://www.basketball-reference.com/players/k/kesslwa01.html,2023,2022-11-30,UTA,LAC,,"W, 125-112",,21:52,2,3,0,0,1,3,0,4,4,0,0,4,1,3,5
Walker Kessler,https://www.basketball-reference.com/players/k/kesslwa01.html,2023,2022-12-02,UTA,IND,,"W, 139-119",,24:56,7,7,0,0,6,8,4,7,11,1,0,2,1,4,20
Walker Kessler,https://www.basketball-reference.com/players/k/kesslwa01.html,2023,2022-12-03,UTA,POR,,"L, 111-116",,16:31,4,4,0,0,0,0,2,6,8,0,0,3,0,3,8
Walker Kessler,https://www.basketball-reference.com/players/k/kesslwa01.html,2023,2022-12-07,UTA,GSW,,"W, 124-123",,23:59,5,6,0,0,0,0,4,8,12,1,0,5,1,4,10
Walker Kessler,https://www.basketball-reference.com/players/k/kesslwa01.html,2023,2022-12-09,UTA,MIN,,"L, 108-118",,21:24,3,4,0,0,0,0,3,4,7,0,1,0,1,3,6
Walker Kessler,https://www.basketball-reference.com/players/k/kesslwa01.html,2023,2022-12-10,UTA,DEN,@,"L, 110-115",,22:04,4,6,0,0,2,3,2,6,8,0,0,3,0,2,10
Walker Kessler,https://www.basketball-reference.com/players/k/kesslwa01.html,2023,2022-12-13,UTA,NOP,,"W, 121-100",,23:18,5,10,0,0,1,2,6,10,16,0,0,3,0,2,11
Walker Kessler,https://www.basketball-reference.com/players/k/kesslwa01.html,2023,2022-12-15,UTA,NOP,,"W, 132-129 (OT)",,28:19,4,4,0,0,3,4,2,6,8,1,1,3,2,5,11
Walker Kessler,https://www.basketball-reference.com/players/k/kesslwa01.html,2023,2022-12-17,UTA,MIL,@,"L, 97-123",,14:24,2,2,0,0,0,0,1,2,3,1,0,1,0,0,4
Walker Kessler,https://www.basketball-reference.com/players/k/kesslwa01.html,2023,2022-12-19,UTA,CLE,@,"L, 99-122",,25:29,5,5,0,0,1,4,2,4,6,1,1,2,1,5,11
Walker Kessler,https://www.basketball-reference.com/players/k/kesslwa01.html,2023,2022-12-20,UTA,DET,@,"W, 126-111",,27:11,5,7,0,0,0,2,4,4,8,1,0,2,1,3,10
Walker Kessler,https://www.basketball-reference.com/players/k/kesslwa01.html,2023,2022-12-22,UTA,WAS,,"W, 120-112",,32:23,5,7,0,0,2,2,5,9,14,1,0,2,1,2,12
Walker Kessler,https://www.basketball-reference.com/players/k/kesslwa01.html,2023,2022-12-26,UTA,SAS,@,"L, 122-126",,21:05,2,4,0,0,3,6,2,2,4,0,0,0,0,4,7
Walker Kessler,https://www.basketball-reference.com/players/k/kesslwa01.html,2023,2022-12-28,UTA,GSW,@,"L, 107-112",,20:09,2,4,0,0,2,4,3,3,6,1,0,3,0,1,6
Walker Kessler,https://www.basketball-reference.com/players/k/kesslwa01.html,2023,2022-12-30,UTA,SAC,@,"L, 125-126",,23:31,5,5,0,0,1,2,1,7,8,1,0,0,1,2,11
Walker Kessler,https://www.basketball-reference.com/players/k/kesslwa01.html,2023,2022-12-31,UTA,MIA,,"L, 123-126",,30:21,2,6,0,0,1,2,6,6,12,0,1,3,1,2,5
Walker Kessler,https://www.basketball-reference.com/players/k/kesslwa01.html,2023,2023-01-03,UTA,SAC,,"L, 115-117",,17:22,2,3,0,0,2,2,1,6,7,0,2,1,1,3,6
Walker Kessler,https://www.basketball-reference.com/players/k/kesslwa01.html,2023,2023-01-05,UTA,HOU,@,"W, 131-114",,17:16,4,6,0,0,0,0,2,2,4,1,1,2,0,1,8
Walker Kessler,https://www.basketball-reference.com/players/k/kesslwa01.html,2023,2023-01-07,UTA,CHI,@,"L, 118-126",,13:16,2,3,0,0,0,0,2,5,7,1,0,0,1,5,4
Walker Kessler,https://www.basketball-reference.com/players/k/kesslwa01.html,2023,2023-01-08,UTA,MEM,@,"L, 118-123",,23:28,5,7,0,0,0,0,3,8,11,1,0,6,1,1,10
Walker Kessler,https://www.basketball-reference.com/players/k/kesslwa01.html,2023,2023-01-10,UTA,CLE,,"W, 116-114",,30:23,3,9,0,0,0,0,6,5,11,2,0,1,1,4,6
Walker Kessler,https://www.basketball-reference.com/players/k/kesslwa01.html,2023,2023-01-13,UTA,ORL,,"W, 112-108",,26:51,5,6,0,0,3,6,7,2,9,0,2,7,2,3,13
Walker Kessler,https://www.basketball-reference.com/players/k/kesslwa01.html,2023,2023-01-14,UTA,PHI,,"L, 117-118",,31:48,7,7,0,0,1,1,3,9,12,0,1,2,1,1,15
Walker Kessler,https://www.basketball-reference.com/players/k/kesslwa01.html,2023,2023-01-16,UTA,MIN,@,"W, 126-125",,31:03,9,13,0,0,2,4,9,12,21,4,0,2,1,1,20
Walker Kessler,https://www.basketball-reference.com/players/k/kesslwa01.html,2023,2023-01-18,UTA,LAC,,"W, 126-103",,28:25,6,9,0,0,1,2,4,7,11,3,1,2,1,1,13
Walker Kessler,https://www.basketball-reference.com/players/k/kesslwa01.html,2023,2023-01-20,UTA,BRK,,"L, 106-117",,24:36,1,4,0,0,0,2,3,3,6,0,1,1,0,2,2
Walker Kessler,https://www.basketball-reference.com/players/k/kesslwa01.html,2023,2023-01-23,UTA,CHO,,"W, 120-102",,22:28,5,6,0,0,3,4,4,5,9,0,0,0,2,5,13
Walker Kessler,https://www.basketball-reference.com/players/k/kesslwa01.html,2023,2023-01-25,UTA,POR,@,"L, 124-134",,18:22,3,4,0,0,0,2,2,3,5,2,0,1,2,3,6
Walker Kessler,https://www.basketball-reference.com/players/k/kesslwa01.html,2023,2023-01-28,UTA,DAL,,"W, 108-100",,25:03,6,7,0,0,2,4,2,9,11,2,0,5,0,1,14
Walker Kessler,https://www.basketball-reference.com/players/k/kesslwa01.html,2023,2023-02-01,UTA,TOR,,"W, 131-128",,29:54,8,10,0,0,1,3,7,7,14,1,1,7,1,3,17
Walker Kessler,https://www.basketball-reference.com/players/k/kesslwa01.html,2023,2023-02-03,UTA,ATL,,"L, 108-115",,17:41,1,2,0,0,0,0,1,4,5,0,2,1,1,3,2
Walker Kessler,https://www.basketball-reference.com/players/k/kesslwa01.html,2023,2023-02-06,UTA,DAL,,"L, 111-124",,26:48,6,9,0,0,1,1,4,5,9,1,1,3,1,1,13
Walker Kessler,https://www.basketball-reference.com/players/k/kesslwa01.html,2023,2023-02-08,UTA,MIN,,"L, 118-143",,30:10,6,10,0,0,4,5,4,5,9,1,1,3,0,0,16
Walker Kessler,https://www.basketball-reference.com/players/k/kesslwa01.html,2023,2023-02-10,UTA,TOR,@,"W, 122-116",,32:26,10,12,0,0,3,7,4,5,9,1,0,0,0,1,23
Walker Kessler,https://www.basketball-reference.com/players/k/kesslwa01.html,2023,2023-02-11,UTA,NYK,@,"L, 120-126",,35:10,2,3,0,0,0,0,4,11,15,1,0,2,1,3,4
Walker Kessler,https://www.basketball-reference.com/players/k/kesslwa01.html,2023,2023-02-13,UTA,IND,@,"W, 123-117",,19:12,3,3,0,0,0,0,0,5,5,0,2,2,2,4,6
Walker Kessler,https://www.basketball-reference.com/players/k/kesslwa01.html,2023,2023-02-15,UTA,MEM,@,"L, 111-117",,32:32,4,8,0,0,2,3,6,8,14,0,0,3,3,2,10
Walker Kessler,https://www.basketball-reference.com/players/k/kesslwa01.html,2023,2023-02-23,UTA,OKC,,"W, 120-119 (OT)",,37:01,3,4,1,1,0,2,4,14,18,2,0,7,0,2,7
Walker Kessler,https://www.basketball-reference.com/players/k/kesslwa01.html,2023,2023-02-25,UTA,SAS,,"W, 118-102",,27:01,4,6,0,0,1,2,2,10,12,2,1,5,0,1,9
Walker Kessler,https://www.basketball-reference.com/players/k/kesslwa01.html,2023,2023-02-28,UTA,SAS,,"L, 94-102",,32:35,4,7,0,0,2,4,6,9,15,2,0,2,0,5,10
Walker Kessler,https://www.basketball-reference.com/players/k/kesslwa01.html,2023,2023-03-03,UTA,OKC,@,"L, 103-130",,25:12,5,5,0,0,0,0,3,8,11,0,0,4,1,2,10
Walker Kessler,https://www.basketball-reference.com/players/k/kesslwa01.html,2023,2023-03-05,UTA,OKC,@,"L, 119-129",,31:37,8,11,0,1,1,2,4,6,10,0,0,5,2,3,17
Walker Kessler,https://www.basketball-reference.com/players/k/kesslwa01.html,2023,2023-03-07,UTA,DAL,@,"L, 116-120",,,,,,,,,,,,,,,,,
Walker Kessler,https://www.basketball-reference.com/players/k/kesslwa01.html,2023,2023-03-09,UTA,ORL,@,"W, 131-124",,31:41,5,5,0,0,3,3,4,6,10,3,0,3,3,3,13
Walker Kessler,https://www.basketball-reference.com/players/k/kesslwa01.html,2023,2023-03-11,UTA,CHO,@,"W, 119-111",,31:47,8,10,0,0,1,2,8,8,16,1,0,3,1,2,17
Walker Kessler,https://www.basketball-reference.com/players/k/kesslwa01.html,2023,2023-03-13,UTA,MIA,@,"L, 115-119",,30:02,3,4,0,0,1,2,2,7,9,1,0,1,0,3,7
Walker Kessler,https://www.basketball-reference.com/players/k/kesslwa01.html,2023,2023-03-18,UTA,BOS,,"W, 118-117",,34:10,5,7,0,0,2,5,8,6,14,1,0,3,0,2,12
Walker Kessler,https://www.basketball-reference.com/players/k/kesslwa01.html,2023,2023-03-20,UTA,SAC,,"W, 128-120",,30:02,4,6,0,0,2,4,2,6,8,2,0,5,1,3,10
Walker Kessler,https://www.basketball-reference.com/players/k/kesslwa01.html,2023,2023-03-22,UTA,POR,,"L, 115-127",,23:44,4,6,0,0,0,3,2,3,5,1,0,3,0,1,8
Walker Kessler,https://www.basketball-reference.com/players/k/kesslwa01.html,2023,2023-03-24,UTA,MIL,,"L, 116-144",,16:42,3,6,0,0,1,2,3,5,8,2,0,2,0,4,7
Walker Kessler,https://www.basketball-reference.com/players/k/kesslwa01.html,2023,2023-03-25,UTA,SAC,@,"L, 113-121",,33:48,14,16,0,0,3,6,4,7,11,2,1,1,1,4,31
Walker Kessler,https://www.basketball-reference.com/players/k/kesslwa01.html,2023,2023-03-27,UTA,PHO,,"L, 103-117",,29:55,8,10,0,0,2,5,1,7,8,1,1,7,0,2,18
Walker Kessler,https://www.basketball-reference.com/players/k/kesslwa01.html,2023,2023-03-29,UTA,SAS,@,"W, 128-117",,20:51,4,8,0,0,1,1,3,7,10,4,0,2,1,1,9
Walker Kessler,https://www.basketball-reference.com/players/k/kesslwa01.html,2023,2023-03-31,UTA,BOS,@,"L, 114-122",,33:51,10,13,0,0,0,0,5,5,10,2,0,3,2,1,20
Walker Kessler,https://www.basketball-reference.com/players/k/kesslwa01.html,2023,2023-04-02,UTA,BRK,@,"L, 110-111",,21:36,3,5,0,1,0,2,4,4,8,0,0,0,0,1,6
Walker Kessler,https://www.basketball-reference.com/players/k/kesslwa01.html,2023,2023-04-04,UTA,LAL,,"L, 133-135 (OT)",,,,,,,,,,,,,,,,,
Walker Kessler,https://www.basketball-reference.com/players/k/kesslwa01.html,2023,2023-04-06,UTA,OKC,,"L, 98-114",,,,,,,,,,,,,,,,,
Walker Kessler,https://www.basketball-reference.com/players/k/kesslwa01.html,2023,2023-04-08,UTA,DEN,,"W, 118-114",,,,,,,,,,,,,,,,,
Walker Kessler,https://www.basketball-reference.com/players/k/kesslwa01.html,2023,2023-04-09,UTA,LAL,@,"L, 117-128",,,,,,,,,,,,,,,,,
Xavier Cooks,https://www.basketball-reference.com/players/c/cooksxa01.html,2023,2023-03-18,WAS,SAC,,"L, 118-132",,05:30,0,0,0,0,0,0,1,1,2,0,0,0,1,0,0
Xavier Cooks,https://www.basketball-reference.com/players/c/cooksxa01.html,2023,2023-03-21,WAS,ORL,@,"L, 112-122",,,,,,,,,,,,,,,,,
Xavier Cooks,https://www.basketball-reference.com/players/c/cooksxa01.html,2023,2023-03-22,WAS,DEN,,"L, 104-118",,03:39,0,0,0,0,0,0,1,0,1,0,0,0,0,0,0
Xavier Cooks,https://www.basketball-reference.com/players/c/cooksxa01.html,2023,2023-03-24,WAS,SAS,,"W, 136-124",,,,,,,,,,,,,,,,,
Xavier Cooks,https://www.basketball-reference.com/players/c/cooksxa01.html,2023,2023-03-26,WAS,TOR,@,"L, 104-114",,02:12,0,0,0,0,0,0,0,1,1,1,0,0,0,0,0
Xavier Cooks,https://www.basketball-reference.com/players/c/cooksxa01.html,2023,2023-03-28,WAS,BOS,,"W, 130-111",,02:05,1,1,0,0,0,0,0,0,0,0,0,0,1,0,2
Xavier Cooks,https://www.basketball-reference.com/players/c/cooksxa01.html,2023,2023-03-31,WAS,ORL,,"L, 109-116",,05:03,1,1,0,0,0,0,1,1,2,0,0,0,1,1,2
Xavier Cooks,https://www.basketball-reference.com/players/c/cooksxa01.html,2023,,,,,,,,,,,,,,,,,,,,,,
Xavier Cooks,https://www.basketball-reference.com/players/c/cooksxa01.html,2023,2023-04-02,WAS,NYK,@,"L, 109-118",,03:31,0,0,0,0,0,0,0,1,1,1,0,1,0,1,0
Xavier Cooks,https://www.basketball-reference.com/players/c/cooksxa01.html,2023,2023-04-04,WAS,MIL,,"L, 128-140",,26:24,4,5,0,0,0,0,0,2,2,1,0,0,2,3,8
Xavier Cooks,https://www.basketball-reference.com/players/c/cooksxa01.html,2023,2023-04-05,WAS,ATL,@,"L, 116-134",,17:13,2,5,0,0,2,2,2,4,6,3,1,1,1,3,6
Xavier Cooks,https://www.basketball-reference.com/players/c/cooksxa01.html,2023,2023-04-07,WAS,MIA,,"W, 114-108",,22:02,4,5,0,1,2,6,4,5,9,0,3,0,1,3,10
Xavier Cooks,https://www.basketball-reference.com/players/c/cooksxa01.html,2023,2023-04-09,WAS,HOU,,"L, 109-114",,38:08,5,11,0,0,0,2,7,7,14,0,2,2,1,2,10
Johnny Davis,https://www.basketball-reference.com/players/d/davisjo06.html,2023,2022-10-19,WAS,IND,@,"W, 114-107",,,,,,,,,,,,,,,,,
Johnny Davis,https://www.basketball-reference.com/players/d/davisjo06.html,2023,2022-10-21,WAS,CHI,,"W, 102-100",,,,,,,,,,,,,,,,,
Johnny Davis,https://www.basketball-reference.com/players/d/davisjo06.html,2023,2022-10-23,WAS,CLE,@,"L, 107-117 (OT)",,,,,,,,,,,,,,,,,
Johnny Davis,https://www.basketball-reference.com/players/d/davisjo06.html,2023,2022-10-25,WAS,DET,,"W, 120-99",,02:54,0,2,0,1,0,0,0,1,1,0,0,0,0,0,0
Johnny Davis,https://www.basketball-reference.com/players/d/davisjo06.html,2023,2022-10-28,WAS,IND,,"L, 117-127",,07:17,1,2,0,0,0,0,0,0,0,1,0,0,0,2,2
Johnny Davis,https://www.basketball-reference.com/players/d/davisjo06.html,2023,2022-10-30,WAS,BOS,@,"L, 94-112",,08:17,1,3,0,0,0,0,0,1,1,0,0,0,0,4,2
Johnny Davis,https://www.basketball-reference.com/players/d/davisjo06.html,2023,2022-10-31,WAS,PHI,,"L, 111-118",,04:15,0,0,0,0,0,0,0,0,0,1,0,0,0,0,0
Johnny Davis,https://www.basketball-reference.com/players/d/davisjo06.html,2023,,,,,,,,,,,,,,,,,,,,,,
Johnny Davis,https://www.basketball-reference.com/players/d/davisjo06.html,2023,2022-11-02,WAS,PHI,@,"W, 121-111",,,,,,,,,,,,,,,,,
Johnny Davis,https://www.basketball-reference.com/players/d/davisjo06.html,2023,2022-11-04,WAS,BRK,,"L, 86-128",,07:43,0,0,0,0,2,2,1,1,2,0,0,0,1,2,2
Johnny Davis,https://www.basketball-reference.com/players/d/davisjo06.html,2023,2022-11-06,WAS,MEM,@,"L, 97-103",,,,,,,,,,,,,,,,,
Johnny Davis,https://www.basketball-reference.com/players/d/davisjo06.html,2023,2022-11-07,WAS,CHO,@,"W, 108-100",,,,,,,,,,,,,,,,,
Johnny Davis,https://www.basketball-reference.com/players/d/davisjo06.html,2023,2022-11-10,WAS,DAL,,"W, 113-105",,,,,,,,,,,,,,,,,
Johnny Davis,https://www.basketball-reference.com/players/d/davisjo06.html,2023,2022-11-12,WAS,UTA,,"W, 121-112",,,,,,,,,,,,,,,,,
Johnny Davis,https://www.basketball-reference.com/players/d/davisjo06.html,2023,2022-11-13,WAS,MEM,,"W, 102-92",,,,,,,,,,,,,,,,,
Johnny Davis,https://www.basketball-reference.com/players/d/davisjo06.html,2023,2022-11-16,WAS,OKC,,"L, 120-121",,,,,,,,,,,,,,,,,
Johnny Davis,https://www.basketball-reference.com/players/d/davisjo06.html,2023,2022-11-18,WAS,MIA,,"W, 107-106 (OT)",,,,,,,,,,,,,,,,,
Johnny Davis,https://www.basketball-reference.com/players/d/davisjo06.html,2023,2022-11-20,WAS,CHO,,"W, 106-102",,04:59,0,1,0,0,0,0,0,0,0,0,0,0,0,1,0
Johnny Davis,https://www.basketball-reference.com/players/d/davisjo06.html,2023,2022-11-23,WAS,MIA,@,"L, 105-113",,05:33,0,0,0,0,0,0,0,1,1,0,0,1,0,0,0
Johnny Davis,https://www.basketball-reference.com/players/d/davisjo06.html,2023,2022-11-25,WAS,MIA,@,"L, 107-110",,,,,,,,,,,,,,,,,
Johnny Davis,https://www.basketball-reference.com/players/d/davisjo06.html,2023,2022-11-27,WAS,BOS,@,"L, 121-130",,,,,,,,,,,,,,,,,
Johnny Davis,https://www.basketball-reference.com/players/d/davisjo06.html,2023,2022-11-28,WAS,MIN,,"W, 142-127",,04:14,1,3,0,1,1,1,0,0,0,0,0,0,0,3,3
Johnny Davis,https://www.basketball-reference.com/players/d/davisjo06.html,2023,2022-11-30,WAS,BRK,@,"L, 107-113",,,,,,,,,,,,,,,,,
Johnny Davis,https://www.basketball-reference.com/players/d/davisjo06.html,2023,2022-12-02,WAS,CHO,@,"L, 116-117",,,,,,,,,,,,,,,,,
Johnny Davis,https://www.basketball-reference.com/players/d/davisjo06.html,2023,2022-12-04,WAS,LAL,,"L, 119-130",,,,,,,,,,,,,,,,,
Johnny Davis,https://www.basketball-reference.com/players/d/davisjo06.html,2023,2022-12-07,WAS,CHI,@,"L, 111-115",,,,,,,,,,,,,,,,,
Johnny Davis,https://www.basketball-reference.com/players/d/davisjo06.html,2023,2022-12-09,WAS,IND,@,"L, 111-121",,,,,,,,,,,,,,,,,
Johnny Davis,https://www.basketball-reference.com/players/d/davisjo06.html,2023,2022-12-10,WAS,LAC,,"L, 107-114",,,,,,,,,,,,,,,,,
Johnny Davis,https://www.basketball-reference.com/players/d/davisjo06.html,2023,2022-12-12,WAS,BRK,,"L, 100-112",,,,,,,,,,,,,,,,,
Johnny Davis,https://www.basketball-reference.com/players/d/davisjo06.html,2023,2022-12-14,WAS,DEN,@,"L, 128-141",,,,,,,,,,,,,,,,,
Johnny Davis,https://www.basketball-reference.com/players/d/davisjo06.html,2023,2022-12-17,WAS,LAC,@,"L, 93-102",,,,,,,,,,,,,,,,,
Johnny Davis,https://www.basketball-reference.com/players/d/davisjo06.html,2023,2022-12-18,WAS,LAL,@,"L, 117-119",,,,,,,,,,,,,,,,,
Johnny Davis,https://www.basketball-reference.com/players/d/davisjo06.html,2023,2022-12-20,WAS,PHO,@,"W, 113-110",,,,,,,,,,,,,,,,,
Johnny Davis,https://www.basketball-reference.com/players/d/davisjo06.html,2023,2022-12-22,WAS,UTA,@,"L, 112-120",,03:11,0,0,0,0,0,0,0,0,0,0,0,0,0,0,0
Johnny Davis,https://www.basketball-reference.com/players/d/davisjo06.html,2023,2022-12-23,WAS,SAC,@,"W, 125-111",,,,,,,,,,,,,,,,,
Johnny Davis,https://www.basketball-reference.com/players/d/davisjo06.html,2023,2022-12-27,WAS,PHI,,"W, 116-111",,,,,,,,,,,,,,,,,
Johnny Davis,https://www.basketball-reference.com/players/d/davisjo06.html,2023,2022-12-28,WAS,PHO,,"W, 127-102",,01:58,1,2,0,1,0,0,0,2,2,0,0,0,0,0,2
Johnny Davis,https://www.basketball-reference.com/players/d/davisjo06.html,2023,2022-12-30,WAS,ORL,@,"W, 119-100",,,,,,,,,,,,,,,,,
Johnny Davis,https://www.basketball-reference.com/players/d/davisjo06.html,2023,2023-01-01,WAS,MIL,@,"W, 118-95",,,,,,,,,,,,,,,,,
Johnny Davis,https://www.basketball-reference.com/players/d/davisjo06.html,2023,2023-01-03,WAS,MIL,@,"L, 113-123",,,,,,,,,,,,,,,,,
Johnny Davis,https://www.basketball-reference.com/players/d/davisjo06.html,2023,2023-01-06,WAS,OKC,@,"L, 110-127",,,,,,,,,,,,,,,,,
Johnny Davis,https://www.basketball-reference.com/players/d/davisjo06.html,2023,2023-01-09,WAS,NOP,,"L, 112-132",,,,,,,,,,,,,,,,,
Johnny Davis,https://www.basketball-reference.com/players/d/davisjo06.html,2023,2023-01-11,WAS,CHI,,"W, 100-97",,,,,,,,,,,,,,,,,
Johnny Davis,https://www.basketball-reference.com/players/d/davisjo06.html,2023,2023-01-13,WAS,NYK,,"L, 108-112",,,,,,,,,,,,,,,,,
Johnny Davis,https://www.basketball-reference.com/players/d/davisjo06.html,2023,2023-01-16,WAS,GSW,,"L, 118-127",,,,,,,,,,,,,,,,,
Johnny Davis,https://www.basketball-reference.com/players/d/davisjo06.html,2023,2023-01-18,WAS,NYK,@,"W, 116-105",,,,,,,,,,,,,,,,,
Johnny Davis,https://www.basketball-reference.com/players/d/davisjo06.html,2023,2023-01-21,WAS,ORL,,"W, 138-118",,,,,,,,,,,,,,,,,
Johnny Davis,https://www.basketball-reference.com/players/d/davisjo06.html,2023,2023-01-24,WAS,DAL,@,"W, 127-126",,,,,,,,,,,,,,,,,
Johnny Davis,https://www.basketball-reference.com/players/d/davisjo06.html,2023,2023-01-25,WAS,HOU,@,"W, 108-103",,,,,,,,,,,,,,,,,
Johnny Davis,https://www.basketball-reference.com/players/d/davisjo06.html,2023,2023-01-28,WAS,NOP,@,"W, 113-103",,,,,,,,,,,,,,,,,
Johnny Davis,https://www.basketball-reference.com/players/d/davisjo06.html,2023,2023-01-30,WAS,SAS,@,"W, 127-106",,,,,,,,,,,,,,,,,
Johnny Davis,https://www.basketball-reference.com/players/d/davisjo06.html,2023,2023-02-03,WAS,POR,,"L, 116-124",,,,,,,,,,,,,,,,,
Johnny Davis,https://www.basketball-reference.com/players/d/davisjo06.html,2023,2023-02-04,WAS,BRK,@,"L, 123-125",,,,,,,,,,,,,,,,,
Johnny Davis,https://www.basketball-reference.com/players/d/davisjo06.html,2023,2023-02-06,WAS,CLE,,"L, 91-114",,06:17,1,3,0,0,0,0,0,0,0,0,0,0,0,0,2
Johnny Davis,https://www.basketball-reference.com/players/d/davisjo06.html,2023,2023-02-08,WAS,CHO,,"W, 118-104",,,,,,,,,,,,,,,,,
Johnny Davis,https://www.basketball-reference.com/players/d/davisjo06.html,2023,2023-02-11,WAS,IND,,"W, 127-113",,02:54,0,1,0,0,0,0,0,1,1,0,1,0,1,1,0
Johnny Davis,https://www.basketball-reference.com/players/d/davisjo06.html,2023,2023-02-13,WAS,GSW,@,"L, 126-135",,,,,,,,,,,,,,,,,
Johnny Davis,https://www.basketball-reference.com/players/d/davisjo06.html,2023,2023-02-14,WAS,POR,@,"W, 126-101",,02:01,1,1,1,1,0,0,0,0,0,0,0,0,0,0,3
Johnny Davis,https://www.basketball-reference.com/players/d/davisjo06.html,2023,2023-02-16,WAS,MIN,@,"W, 114-106",,,,,,,,,,,,,,,,,
Johnny Davis,https://www.basketball-reference.com/players/d/davisjo06.html,2023,2023-02-24,WAS,NYK,,"L, 109-115",,,,,,,,,,,,,,,,,
Johnny Davis,https://www.basketball-reference.com/players/d/davisjo06.html,2023,2023-02-26,WAS,CHI,@,"L, 82-102",,,,,,,,,,,,,,,,,
Johnny Davis,https://www.basketball-reference.com/players/d/davisjo06.html,2023,2023-02-28,WAS,ATL,@,"W, 119-116",,,,,,,,,,,,,,,,,
Johnny Davis,https://www.basketball-reference.com/players/d/davisjo06.html,2023,2023-03-02,WAS,TOR,,"W, 119-108",,,,,,,,,,,,,,,,,
Johnny Davis,https://www.basketball-reference.com/players/d/davisjo06.html,2023,2023-03-04,WAS,TOR,,"L, 109-116 (OT)",,,,,,,,,,,,,,,,,
Johnny Davis,https://www.basketball-reference.com/players/d/davisjo06.html,2023,2023-03-05,WAS,MIL,,"L, 111-117",,,,,,,,,,,,,,,,,
Johnny Davis,https://www.basketball-reference.com/players/d/davisjo06.html,2023,2023-03-07,WAS,DET,@,"W, 119-117",,,,,,,,,,,,,,,,,
Johnny Davis,https://www.basketball-reference.com/players/d/davisjo06.html,2023,2023-03-08,WAS,ATL,,"L, 120-122",,,,,,,,,,,,,,,,,
Johnny Davis,https://www.basketball-reference.com/players/d/davisjo06.html,2023,2023-03-10,WAS,ATL,,"L, 107-114",,,,,,,,,,,,,,,,,
Johnny Davis,https://www.basketball-reference.com/players/d/davisjo06.html,2023,2023-03-12,WAS,PHI,@,"L, 93-112",,07:27,0,0,0,0,0,0,0,0,0,1,0,0,0,2,0
Johnny Davis,https://www.basketball-reference.com/players/d/davisjo06.html,2023,2023-03-14,WAS,DET,,"W, 117-97",,18:32,5,11,0,2,1,1,1,4,5,0,0,0,1,1,11
Johnny Davis,https://www.basketball-reference.com/players/d/davisjo06.html,2023,2023-03-17,WAS,CLE,@,"L, 94-117",,18:51,2,3,0,0,0,0,0,4,4,0,0,0,1,2,4
Johnny Davis,https://www.basketball-reference.com/players/d/davisjo06.html,2023,2023-03-18,WAS,SAC,,"L, 118-132",,12:52,2,5,0,2,0,3,0,0,0,0,0,1,0,0,4
Johnny Davis,https://www.basketball-reference.com/players/d/davisjo06.html,2023,2023-03-21,WAS,ORL,@,"L, 112-122",,04:01,1,2,0,1,0,0,0,0,0,1,0,0,0,0,2
Johnny Davis,https://www.basketball-reference.com/players/d/davisjo06.html,2023,2023-03-22,WAS,DEN,,"L, 104-118",,23:21,3,9,0,3,1,2,2,1,3,0,1,0,0,4,7
Johnny Davis,https://www.basketball-reference.com/players/d/davisjo06.html,2023,2023-03-24,WAS,SAS,,"W, 136-124",,14:37,1,5,0,1,0,0,0,0,0,1,0,0,1,4,2
Johnny Davis,https://www.basketball-reference.com/players/d/davisjo06.html,2023,2023-03-26,WAS,TOR,@,"L, 104-114",,29:52,5,8,3,4,2,4,1,3,4,2,1,0,1,1,15
Johnny Davis,https://www.basketball-reference.com/players/d/davisjo06.html,2023,2023-03-28,WAS,BOS,,"W, 130-111",,23:14,3,9,1,5,0,0,2,6,8,1,0,0,0,2,7
Johnny Davis,https://www.basketball-reference.com/players/d/davisjo06.html,2023,2023-03-31,WAS,ORL,,"L, 109-116",,28:21,4,15,2,10,0,0,0,3,3,1,0,2,2,3,10
Johnny Davis,https://www.basketball-reference.com/players/d/davisjo06.html,2023,2023-04-02,WAS,NYK,@,"L, 109-118",,30:13,6,11,2,6,2,4,0,6,6,3,0,0,0,3,16
Johnny Davis,https://www.basketball-reference.com/players/d/davisjo06.html,2023,2023-04-04,WAS,MIL,,"L, 128-140",,36:30,9,17,2,5,0,1,0,5,5,4,2,2,1,2,20
Johnny Davis,https://www.basketball-reference.com/players/d/davisjo06.html,2023,2023-04-05,WAS,ATL,@,"L, 116-134",,35:36,8,18,1,4,3,5,0,7,7,3,2,2,4,4,20
Johnny Davis,https://www.basketball-reference.com/players/d/davisjo06.html,2023,2023-04-07,WAS,MIA,,"W, 114-108",,37:47,7,20,2,8,0,0,0,4,4,1,1,0,2,3,16
Johnny Davis,https://www.basketball-reference.com/players/d/davisjo06.html,2023,2023-04-09,WAS,HOU,,"L, 109-114",,39:47,4,20,3,15,2,4,3,5,8,8,2,0,2,4,13
Quenton Jackson,https://www.basketball-reference.com/players/j/jacksqu01.html,2023,2023-02-11,WAS,IND,,"W, 127-113",,02:54,0,1,0,1,0,0,1,0,1,0,0,0,0,0,0
Quenton Jackson,https://www.basketball-reference.com/players/j/jacksqu01.html,2023,2023-02-13,WAS,GSW,@,"L, 126-135",,02:55,1,1,0,0,0,0,0,0,0,0,0,0,0,1,2
Quenton Jackson,https://www.basketball-reference.com/players/j/jacksqu01.html,2023,2023-02-14,WAS,POR,@,"W, 126-101",,02:01,1,1,1,1,0,0,0,0,0,1,0,0,0,0,3
Quenton Jackson,https://www.basketball-reference.com/players/j/jacksqu01.html,2023,2023-02-16,WAS,MIN,@,"W, 114-106",,,,,,,,,,,,,,,,,
Quenton Jackson,https://www.basketball-reference.com/players/j/jacksqu01.html,2023,2023-02-24,WAS,NYK,,"L, 109-115",,,,,,,,,,,,,,,,,
Quenton Jackson,https://www.basketball-reference.com/players/j/jacksqu01.html,2023,2023-02-26,WAS,CHI,@,"L, 82-102",,,,,,,,,,,,,,,,,
Quenton Jackson,https://www.basketball-reference.com/players/j/jacksqu01.html,2023,2023-02-28,WAS,ATL,@,"W, 119-116",,,,,,,,,,,,,,,,,
Quenton Jackson,https://www.basketball-reference.com/players/j/jacksqu01.html,2023,,,,,,,,,,,,,,,,,,,,,,
Quenton Jackson,https://www.basketball-reference.com/players/j/jacksqu01.html,2023,2023-03-02,WAS,TOR,,"W, 119-108",,,,,,,,,,,,,,,,,
Quenton Jackson,https://www.basketball-reference.com/players/j/jacksqu01.html,2023,2023-03-04,WAS,TOR,,"L, 109-116 (OT)",,,,,,,,,,,,,,,,,
Quenton Jackson,https://www.basketball-reference.com/players/j/jacksqu01.html,2023,2023-03-05,WAS,MIL,,"L, 111-117",,,,,,,,,,,,,,,,,
Quenton Jackson,https://www.basketball-reference.com/players/j/jacksqu01.html,2023,2023-03-07,WAS,DET,@,"W, 119-117",,,,,,,,,,,,,,,,,
Quenton Jackson,https://www.basketball-reference.com/players/j/jacksqu01.html,2023,2023-03-08,WAS,ATL,,"L, 120-122",,,,,,,,,,,,,,,,,
Quenton Jackson,https://www.basketball-reference.com/players/j/jacksqu01.html,2023,2023-03-10,WAS,ATL,,"L, 107-114",,,,,,,,,,,,,,,,,
Quenton Jackson,https://www.basketball-reference.com/players/j/jacksqu01.html,2023,2023-03-12,WAS,PHI,@,"L, 93-112",,,,,,,,,,,,,,,,,
Quenton Jackson,https://www.basketball-reference.com/players/j/jacksqu01.html,2023,2023-03-14,WAS,DET,,"W, 117-97",,,,,,,,,,,,,,,,,
Quenton Jackson,https://www.basketball-reference.com/players/j/jacksqu01.html,2023,2023-03-17,WAS,CLE,@,"L, 94-117",,,,,,,,,,,,,,,,,
Quenton Jackson,https://www.basketball-reference.com/players/j/jacksqu01.html,2023,2023-03-18,WAS,SAC,,"L, 118-132",,,,,,,,,,,,,,,,,
Quenton Jackson,https://www.basketball-reference.com/players/j/jacksqu01.html,2023,2023-03-21,WAS,ORL,@,"L, 112-122",,,,,,,,,,,,,,,,,
Quenton Jackson,https://www.basketball-reference.com/players/j/jacksqu01.html,2023,2023-03-22,WAS,DEN,,"L, 104-118",,03:39,1,3,0,1,0,0,0,0,0,0,1,0,0,0,2
Quenton Jackson,https://www.basketball-reference.com/players/j/jacksqu01.html,2023,2023-03-24,WAS,SAS,,"W, 136-124",,,,,,,,,,,,,,,,,
Quenton Jackson,https://www.basketball-reference.com/players/j/jacksqu01.html,2023,2023-03-26,WAS,TOR,@,"L, 104-114",,,,,,,,,,,,,,,,,
Quenton Jackson,https://www.basketball-reference.com/players/j/jacksqu01.html,2023,2023-03-28,WAS,BOS,,"W, 130-111",,,,,,,,,,,,,,,,,
Quenton Jackson,https://www.basketball-reference.com/players/j/jacksqu01.html,2023,2023-03-31,WAS,ORL,,"L, 109-116",,,,,,,,,,,,,,,,,
Quenton Jackson,https://www.basketball-reference.com/players/j/jacksqu01.html,2023,2023-04-02,WAS,NYK,@,"L, 109-118",,17:54,1,4,0,2,2,2,0,1,1,1,0,1,0,2,4
Quenton Jackson,https://www.basketball-reference.com/players/j/jacksqu01.html,2023,2023-04-04,WAS,MIL,,"L, 128-140",,22:48,2,5,0,1,6,6,0,1,1,4,1,0,0,0,10
Quenton Jackson,https://www.basketball-reference.com/players/j/jacksqu01.html,2023,2023-04-05,WAS,ATL,@,"L, 116-134",,27:57,4,11,0,3,2,2,1,1,2,2,0,0,1,2,10
Quenton Jackson,https://www.basketball-reference.com/players/j/jacksqu01.html,2023,2023-04-07,WAS,MIA,,"W, 114-108",,22:08,0,3,0,1,6,10,0,1,1,2,0,0,3,2,6
Quenton Jackson,https://www.basketball-reference.com/players/j/jacksqu01.html,2023,2023-04-09,WAS,HOU,,"L, 109-114",,32:19,9,13,0,2,1,2,0,2,2,5,2,0,0,3,19
